                                                                        S      1
,,5HBLS36,5HBLS36,7Hunknown,7Hunknown,32,38,7,99,15,,1.,2,2HMM,1,0.08,  G      1
15H20261001.080024,0.01,10000.,7Hunknown,7Hunknown,11,0,15H20251205.2233G      2
40;                                                                     G      3
     124       1                                                00000000D      1
     124                       4       0                               0D      2
     408       5                                                00000001D      3
     408       0               1       0                               0D      4
     408       6                                                00000001D      5
     408       0               1       0                               0D      6
     408       7                                                00000001D      7
     408       0               1       0                               0D      8
     408       8                                                00000001D      9
     408       0               1       0                               0D     10
     408       9                                                00000001D     11
     408       0               1       0                               0D     12
     408      10                                                00000001D     13
     408       0               1       0                               0D     14
     408      11                                                00000001D     15
     408       0               1       0                               0D     16
     408      12                                                00000001D     17
     408       0               1       0                               0D     18
     408      13                                                00000001D     19
     408       0               1       0                               0D     20
     408      14                                                00000001D     21
     408       0               1       0                               0D     22
     408      15                                       1        00000001D     23
     408       0               1       0                               0D     24
     308      16                                                00010200D     25
     308       0               1       0                               0D     26
     308      17                                                00010200D     27
     308       0               1       0                               0D     28
     308      18                                                00010200D     29
     308       0               1       0                               0D     30
     308      19                                                00010200D     31
     308       0               1       0                               0D     32
     308      20                                                00010200D     33
     308       0               1       0                               0D     34
     308      21                                                00010200D     35
     308       0               1       0                               0D     36
     308      22                                                00010200D     37
     308       0               1       0                               0D     38
     308      23                                                00010200D     39
     308       0               1       0                               0D     40
     308      24                                                00010200D     41
     308       0               1       0                               0D     42
     308      25                                                00010200D     43
     308       0               1       0                               0D     44
     308      26                                                00010200D     45
     308       0               1       0                               0D     46
     186      27                                                00010000D     47
     186           -3075       1       0                               0D     48
     186      28                                                00010000D     49
     186           -3075       1       0                               0D     50
     186      29                                                00010000D     51
     186           -3075       1       0                               0D     52
     186      30                                                00010000D     53
     186           -3075       1       0                               0D     54
     186      31                                                00010000D     55
     186           -3075       1       0                               0D     56
     186      32                                                00010000D     57
     186           -3075       1       0                               0D     58
     186      33                                                00010000D     59
     186           -3075       1       0                               0D     60
     186      34                                                00010000D     61
     186           -3075       1       0                               0D     62
     186      35                                                00010000D     63
     186           -3075       1       0                               0D     64
     186      36                                                00010000D     65
     186           -3075       1       0                               0D     66
     186      37                                                00010000D     67
     186           -3075       1       0                               0D     68
     514      38                                                00010000D     69
     514                       5       1                               0D     70
     514      43                                                00010000D     71
     514                       4       1                               0D     72
     514      47                                                00010000D     73
     514                       4       1                               0D     74
     514      51                                                00010000D     75
     514                       3       1                               0D     76
     514      54                                                00010000D     77
     514                       3       1                               0D     78
     514      57                                                00010000D     79
     514                       2       1                               0D     80
     514      59                                                00010000D     81
     514                       2       1                               0D     82
     514      61                                                00010000D     83
     514                       2       1                               0D     84
     514      63                                                00010000D     85
     514                       2       1                               0D     86
     514      65                                                00010000D     87
     514                       2       1                               0D     88
     514      67                                                00010000D     89
     514                       1       1                               0D     90
     510      68                                                00010000D     91
     510           -3075       1       1                               0D     92
     510      69                                                00010000D     93
     510           -3075       1       1                               0D     94
     510      70                                                00010000D     95
     510           -3075       1       1                               0D     96
     510      71                                                00010000D     97
     510           -3075       1       1                               0D     98
     510      72                                                00010000D     99
     510           -3075       1       1                               0D    100
     510      73                                                00010000D    101
     510           -3075       1       1                               0D    102
     510      74                                                00010000D    103
     510           -3075       1       1                               0D    104
     510      75                                                00010000D    105
     510           -3075       1       1                               0D    106
     510      76                                                00010000D    107
     510           -3075       1       1                               0D    108
     510      77                                                00010000D    109
     510           -3075       1       1                               0D    110
     510      78                                                00010000D    111
     510           -3075       1       1                               0D    112
     510      79                                                00010000D    113
     510           -3075       1       1                               0D    114
     510      80                                                00010000D    115
     510           -3075       1       1                               0D    116
     510      81                                                00010000D    117
     510           -3075       1       1                               0D    118
     510      82                                                00010000D    119
     510           -3075       1       1                               0D    120
     510      83                                                00010000D    121
     510           -3075       1       1                               0D    122
     510      84                                                00010000D    123
     510           -3075       1       1                               0D    124
     510      85                                                00010000D    125
     510           -3075       1       1                               0D    126
     510      86                                                00010000D    127
     510           -3075       1       1                               0D    128
     510      87                                                00010000D    129
     510           -3075       1       1                               0D    130
     510      88                                                00010000D    131
     510           -3075       1       1                               0D    132
     510      89                                                00010000D    133
     510           -3075       1       1                               0D    134
     510      90                                                00010000D    135
     510           -3075       1       1                               0D    136
     510      91                                                00010000D    137
     510           -3075       1       1                               0D    138
     510      92                                                00010000D    139
     510           -3075       1       1                               0D    140
     510      93                                                00010000D    141
     510           -3075       1       1                               0D    142
     510      94                                                00010000D    143
     510           -3075       1       1                               0D    144
     510      95                                                00010000D    145
     510           -3075       1       1                               0D    146
     510      96                                                00010000D    147
     510           -3075       1       1                               0D    148
     510      97                                                00010000D    149
     510           -3075       1       1                               0D    150
     510      98                                                00010000D    151
     510           -3075       1       1                               0D    152
     510      99                                                00010000D    153
     510           -3075       1       1                               0D    154
     510     100                                                00010000D    155
     510           -3075       1       1                               0D    156
     510     101                                                00010000D    157
     510           -3075       1       1                               0D    158
     510     102                                                00010000D    159
     510           -3075       1       1                               0D    160
     510     103                                                00010000D    161
     510           -3075       1       1                               0D    162
     510     104                                                00010000D    163
     510           -3075       1       1                               0D    164
     510     105                                                00010000D    165
     510           -3075       1       1                               0D    166
     510     106                                                00010000D    167
     510           -3075       1       1                               0D    168
     510     107                                                00010000D    169
     510           -3075       1       1                               0D    170
     510     108                                                00010000D    171
     510           -3075       1       1                               0D    172
     510     109                                                00010000D    173
     510           -3075       1       1                               0D    174
     510     110                                                00010000D    175
     510           -3075       1       1                               0D    176
     510     111                                                00010000D    177
     510           -3075       1       1                               0D    178
     510     112                                                00010000D    179
     510           -3075       1       1                               0D    180
     510     113                                                00010000D    181
     510           -3075       1       1                               0D    182
     510     114                                                00010000D    183
     510           -3075       1       1                               0D    184
     510     115                                                00010000D    185
     510           -3075       2       1                               0D    186
     510     117                                                00010000D    187
     510           -3075       1       1                               0D    188
     510     118                                                00010000D    189
     510           -3075       1       1                               0D    190
     510     119                                                00010000D    191
     510           -3075       1       1                               0D    192
     510     120                                                00010000D    193
     510           -3075       1       1                               0D    194
     510     121                                                00010000D    195
     510           -3075       1       1                               0D    196
     510     122                                                00010000D    197
     510           -3075       1       1                               0D    198
     510     123                                                00010000D    199
     510           -3075       1       1                               0D    200
     510     124                                                00010000D    201
     510           -3075       1       1                               0D    202
     510     125                                                00010000D    203
     510           -3075       1       1                               0D    204
     510     126                                                00010000D    205
     510           -3075       1       1                               0D    206
     510     127                                                00010000D    207
     510           -3075       1       1                               0D    208
     510     128                                                00010000D    209
     510           -3075       1       1                               0D    210
     510     129                                                00010000D    211
     510           -3075       1       1                               0D    212
     510     130                                                00010000D    213
     510           -3075       1       1                               0D    214
     510     131                                                00010000D    215
     510           -3075       1       1                               0D    216
     510     132                                                00010000D    217
     510           -3075       1       1                               0D    218
     510     133                                                00010000D    219
     510           -3075       1       1                               0D    220
     510     134                                                00010000D    221
     510           -3075       1       1                               0D    222
     510     135                                                00010000D    223
     510           -3075       1       1                               0D    224
     510     136                                                00010000D    225
     510           -3075       1       1                               0D    226
     510     137                                                00010000D    227
     510           -3075       1       1                               0D    228
     510     138                                                00010000D    229
     510           -3075       1       1                               0D    230
     510     139                                                00010000D    231
     510           -3075       1       1                               0D    232
     510     140                                                00010000D    233
     510           -3075       1       1                               0D    234
     510     141                                                00010000D    235
     510           -3075       1       1                               0D    236
     510     142                                                00010000D    237
     510           -3075       1       1                               0D    238
     510     143                                                00010000D    239
     510           -3075       1       1                               0D    240
     510     144                                                00010000D    241
     510           -3075       1       1                               0D    242
     510     145                                                00010000D    243
     510           -3075       1       1                               0D    244
     510     146                                                00010000D    245
     510           -3075       1       1                               0D    246
     510     147                                                00010000D    247
     510           -3075       1       1                               0D    248
     510     148                                                00010000D    249
     510           -3075       1       1                               0D    250
     510     149                                                00010000D    251
     510           -3075       1       1                               0D    252
     510     150                                                00010000D    253
     510           -3075       1       1                               0D    254
     510     151                                                00010000D    255
     510           -3075       1       1                               0D    256
     510     152                                                00010000D    257
     510           -3075       2       1                               0D    258
     510     154                                                00010000D    259
     510           -3075       1       1                               0D    260
     510     155                                                00010000D    261
     510           -3075       1       1                               0D    262
     510     156                                                00010000D    263
     510           -3075       1       1                               0D    264
     510     157                                                00010000D    265
     510           -3075       1       1                               0D    266
     510     158                                                00010000D    267
     510           -3075       1       1                               0D    268
     510     159                                                00010000D    269
     510           -3075       1       1                               0D    270
     510     160                                                00010000D    271
     510           -3075       1       1                               0D    272
     510     161                                                00010000D    273
     510           -3075       1       1                               0D    274
     510     162                                                00010000D    275
     510           -3075       1       1                               0D    276
     510     163                                                00010000D    277
     510           -3075       1       1                               0D    278
     510     164                                                00010000D    279
     510           -3075       1       1                               0D    280
     510     165                                                00010000D    281
     510           -3075       1       1                               0D    282
     510     166                                                00010000D    283
     510           -3075       1       1                               0D    284
     510     167                                                00010000D    285
     510           -3075       1       1                               0D    286
     510     168                                                00010000D    287
     510           -3075       1       1                               0D    288
     510     169                                                00010000D    289
     510           -3075       1       1                               0D    290
     510     170                                                00010000D    291
     510           -3075       1       1                               0D    292
     510     171                                                00010000D    293
     510           -3075       1       1                               0D    294
     510     172                                                00010000D    295
     510           -3075       1       1                               0D    296
     510     173                                                00010000D    297
     510           -3075       1       1                               0D    298
     510     174                                                00010000D    299
     510           -3075       1       1                               0D    300
     510     175                                                00010000D    301
     510           -3075       1       1                               0D    302
     510     176                                                00010000D    303
     510           -3075       1       1                               0D    304
     510     177                                                00010000D    305
     510           -3075       1       1                               0D    306
     510     178                                                00010000D    307
     510           -3075       1       1                               0D    308
     510     179                                                00010000D    309
     510           -3075       1       1                               0D    310
     510     180                                                00010000D    311
     510           -3075       1       1                               0D    312
     510     181                                                00010000D    313
     510           -3075       1       1                               0D    314
     510     182                                                00010000D    315
     510           -3075       1       1                               0D    316
     510     183                                                00010000D    317
     510           -3075       1       1                               0D    318
     510     184                                                00010000D    319
     510           -3075       1       1                               0D    320
     510     185                                                00010000D    321
     510           -3075       1       1                               0D    322
     510     186                                                00010000D    323
     510           -3075       1       1                               0D    324
     510     187                                                00010000D    325
     510           -3075       1       1                               0D    326
     510     188                                                00010000D    327
     510           -3075       1       1                               0D    328
     510     189                                                00010000D    329
     510           -3075       1       1                               0D    330
     510     190                                                00010000D    331
     510           -3075       1       1                               0D    332
     510     191                                                00010000D    333
     510           -3075       1       1                               0D    334
     510     192                                                00010000D    335
     510           -3075       2       1                               0D    336
     510     194                                                00010000D    337
     510           -3075       1       1                               0D    338
     510     195                                                00010000D    339
     510           -3075       1       1                               0D    340
     510     196                                                00010000D    341
     510           -3075       1       1                               0D    342
     510     197                                                00010000D    343
     510           -3075       1       1                               0D    344
     510     198                                                00010000D    345
     510           -3075       1       1                               0D    346
     510     199                                                00010000D    347
     510           -3075       1       1                               0D    348
     510     200                                                00010000D    349
     510           -3075       1       1                               0D    350
     510     201                                                00010000D    351
     510           -3075       1       1                               0D    352
     510     202                                                00010000D    353
     510           -3075       1       1                               0D    354
     510     203                                                00010000D    355
     510           -3075       1       1                               0D    356
     510     204                                                00010000D    357
     510           -3075       1       1                               0D    358
     510     205                                                00010000D    359
     510           -3075       1       1                               0D    360
     510     206                                                00010000D    361
     510           -3075       1       1                               0D    362
     510     207                                                00010000D    363
     510           -3075       1       1                               0D    364
     510     208                                                00010000D    365
     510           -3075       1       1                               0D    366
     510     209                                                00010000D    367
     510           -3075       1       1                               0D    368
     510     210                                                00010000D    369
     510           -3075       1       1                               0D    370
     510     211                                                00010000D    371
     510           -3075       1       1                               0D    372
     510     212                                                00010000D    373
     510           -3075       1       1                               0D    374
     510     213                                                00010000D    375
     510           -3075       1       1                               0D    376
     510     214                                                00010000D    377
     510           -3075       1       1                               0D    378
     510     215                                                00010000D    379
     510           -3075       1       1                               0D    380
     510     216                                                00010000D    381
     510           -3075       1       1                               0D    382
     510     217                                                00010000D    383
     510           -3075       1       1                               0D    384
     510     218                                                00010000D    385
     510           -3075       1       1                               0D    386
     510     219                                                00010000D    387
     510           -3075       1       1                               0D    388
     510     220                                                00010000D    389
     510           -3075       1       1                               0D    390
     510     221                                                00010000D    391
     510           -3075       1       1                               0D    392
     510     222                                                00010000D    393
     510           -3075       1       1                               0D    394
     510     223                                                00010000D    395
     510           -3075       1       1                               0D    396
     510     224                                                00010000D    397
     510           -3075       1       1                               0D    398
     510     225                                                00010000D    399
     510           -3075       1       1                               0D    400
     510     226                                                00010000D    401
     510           -3075       1       1                               0D    402
     510     227                                                00010000D    403
     510           -3075       1       1                               0D    404
     510     228                                                00010000D    405
     510           -3075       1       1                               0D    406
     510     229                                                00010000D    407
     510           -3075       1       1                               0D    408
     510     230                                                00010000D    409
     510           -3075       1       1                               0D    410
     510     231                                                00010000D    411
     510           -3075       1       1                               0D    412
     510     232                                                00010000D    413
     510           -3075       1       1                               0D    414
     510     233                                                00010000D    415
     510           -3075       1       1                               0D    416
     510     234                                                00010000D    417
     510           -3075       1       1                               0D    418
     510     235                                                00010000D    419
     510           -3075       1       1                               0D    420
     510     236                                                00010000D    421
     510           -3075       1       1                               0D    422
     510     237                                                00010000D    423
     510           -3075       1       1                               0D    424
     510     238                                                00010000D    425
     510           -3075       1       1                               0D    426
     510     239                                                00010000D    427
     510           -3075       1       1                               0D    428
     510     240                                                00010000D    429
     510           -3075       1       1                               0D    430
     510     241                                                00010000D    431
     510           -3075       1       1                               0D    432
     510     242                                                00010000D    433
     510           -3075       1       1                               0D    434
     510     243                                                00010000D    435
     510           -3075       1       1                               0D    436
     510     244                                                00010000D    437
     510           -3075       1       1                               0D    438
     510     245                                                00010000D    439
     510           -3075       1       1                               0D    440
     510     246                                                00010000D    441
     510           -3075       1       1                               0D    442
     510     247                                                00010000D    443
     510           -3075       1       1                               0D    444
     510     248                                                00010000D    445
     510           -3075       1       1                               0D    446
     510     249                                                00010000D    447
     510           -3075       1       1                               0D    448
     510     250                                                00010000D    449
     510           -3075       1       1                               0D    450
     510     251                                                00010000D    451
     510           -3075       1       1                               0D    452
     510     252                                                00010000D    453
     510           -3075       1       1                               0D    454
     510     253                                                00010000D    455
     510           -3075       1       1                               0D    456
     510     254                                                00010000D    457
     510           -3075       1       1                               0D    458
     510     255                                                00010000D    459
     510           -3075       1       1                               0D    460
     510     256                                                00010000D    461
     510           -3075       1       1                               0D    462
     510     257                                                00010000D    463
     510           -3075       1       1                               0D    464
     510     258                                                00010000D    465
     510           -3075       1       1                               0D    466
     510     259                                                00010000D    467
     510           -3075       1       1                               0D    468
     510     260                                                00010000D    469
     510           -3075       1       1                               0D    470
     510     261                                                00010000D    471
     510           -3075       1       1                               0D    472
     510     262                                                00010000D    473
     510           -3075       1       1                               0D    474
     510     263                                                00010000D    475
     510           -3075       1       1                               0D    476
     510     264                                                00010000D    477
     510           -3075       1       1                               0D    478
     510     265                                                00010000D    479
     510           -3075       1       1                               0D    480
     510     266                                                00010000D    481
     510           -3075       1       1                               0D    482
     510     267                                                00010000D    483
     510           -3075       1       1                               0D    484
     510     268                                                00010000D    485
     510           -3075       1       1                               0D    486
     510     269                                                00010000D    487
     510           -3075       1       1                               0D    488
     510     270                                                00010000D    489
     510           -3075       1       1                               0D    490
     510     271                                                00010000D    491
     510           -3075       1       1                               0D    492
     510     272                                                00010000D    493
     510           -3075       1       1                               0D    494
     510     273                                                00010000D    495
     510           -3075       1       1                               0D    496
     510     274                                                00010000D    497
     510           -3075       1       1                               0D    498
     510     275                                                00010000D    499
     510           -3075       1       1                               0D    500
     510     276                                                00010000D    501
     510           -3075       1       1                               0D    502
     510     277                                                00010000D    503
     510           -3075       1       1                               0D    504
     510     278                                                00010000D    505
     510           -3075       1       1                               0D    506
     510     279                                                00010000D    507
     510           -3075       1       1                               0D    508
     510     280                                                00010000D    509
     510           -3075       1       1                               0D    510
     510     281                                                00010000D    511
     510           -3075       1       1                               0D    512
     510     282                                                00010000D    513
     510           -3075       1       1                               0D    514
     510     283                                                00010000D    515
     510           -3075       1       1                               0D    516
     510     284                                                00010000D    517
     510           -3075       1       1                               0D    518
     510     285                                                00010000D    519
     510           -3075       1       1                               0D    520
     510     286                                                00010000D    521
     510           -3075       1       1                               0D    522
     510     287                                                00010000D    523
     510           -3075       1       1                               0D    524
     510     288                                                00010000D    525
     510           -3075       1       1                               0D    526
     510     289                                                00010000D    527
     510           -3075       1       1                               0D    528
     510     290                                                00010000D    529
     510           -3075       1       1                               0D    530
     510     291                                                00010000D    531
     510           -3075       1       1                               0D    532
     510     292                                                00010000D    533
     510           -3075       1       1                               0D    534
     510     293                                                00010000D    535
     510           -3075       1       1                               0D    536
     510     294                                                00010000D    537
     510           -3075       1       1                               0D    538
     510     295                                                00010000D    539
     510           -3075       1       1                               0D    540
     510     296                                                00010000D    541
     510           -3075       1       1                               0D    542
     510     297                                                00010000D    543
     510           -3075       1       1                               0D    544
     510     298                                                00010000D    545
     510           -3075       1       1                               0D    546
     510     299                                                00010000D    547
     510           -3075       1       1                               0D    548
     510     300                                                00010000D    549
     510           -3075       1       1                               0D    550
     510     301                                                00010000D    551
     510           -3075       1       1                               0D    552
     510     302                                                00010000D    553
     510           -3075       1       1                               0D    554
     510     303                                                00010000D    555
     510           -3075       1       1                               0D    556
     510     304                                                00010000D    557
     510           -3075       1       1                               0D    558
     510     305                                                00010000D    559
     510           -3075       1       1                               0D    560
     510     306                                                00010000D    561
     510           -3075       1       1                               0D    562
     510     307                                                00010000D    563
     510           -3075       1       1                               0D    564
     510     308                                                00010000D    565
     510           -3075       1       1                               0D    566
     510     309                                                00010000D    567
     510           -3075       1       1                               0D    568
     510     310                                                00010000D    569
     510           -3075       1       1                               0D    570
     510     311                                                00010000D    571
     510           -3075       1       1                               0D    572
     510     312                                                00010000D    573
     510           -3075       1       1                               0D    574
     510     313                                                00010000D    575
     510           -3075       1       1                               0D    576
     510     314                                                00010000D    577
     510           -3075       1       1                               0D    578
     510     315                                                00010000D    579
     510           -3075       1       1                               0D    580
     510     316                                                00010000D    581
     510           -3075       1       1                               0D    582
     510     317                                                00010000D    583
     510           -3075       1       1                               0D    584
     510     318                                                00010000D    585
     510           -3075       1       1                               0D    586
     510     319                                                00010000D    587
     510           -3075       1       1                               0D    588
     510     320                                                00010000D    589
     510           -3075       1       1                               0D    590
     510     321                                                00010000D    591
     510           -3075       1       1                               0D    592
     510     322                                                00010000D    593
     510           -3075       1       1                               0D    594
     510     323                                                00010000D    595
     510           -3075       1       1                               0D    596
     510     324                                                00010000D    597
     510           -3075       1       1                               0D    598
     508     325                                                00010000D    599
     508                       2       1                               0D    600
     508     327                                                00010000D    601
     508                       1       1                               0D    602
     508     328                                                00010000D    603
     508                       2       1                               0D    604
     508     330                                                00010000D    605
     508                       1       1                               0D    606
     508     331                                                00010000D    607
     508                       2       1                               0D    608
     508     333                                                00010000D    609
     508                       1       1                               0D    610
     508     334                                                00010000D    611
     508                       2       1                               0D    612
     508     336                                                00010000D    613
     508                       1       1                               0D    614
     508     337                                                00010000D    615
     508                       2       1                               0D    616
     508     339                                                00010000D    617
     508                       1       1                               0D    618
     508     340                                                00010000D    619
     508                       2       1                               0D    620
     508     342                                                00010000D    621
     508                       1       1                               0D    622
     508     343                                                00010000D    623
     508                       2       1                               0D    624
     508     345                                                00010000D    625
     508                       1       1                               0D    626
     508     346                                                00010000D    627
     508                       2       1                               0D    628
     508     348                                                00010000D    629
     508                       1       1                               0D    630
     508     349                                                00010000D    631
     508                       2       1                               0D    632
     508     351                                                00010000D    633
     508                       1       1                               0D    634
     508     352                                                00010000D    635
     508                       2       1                               0D    636
     508     354                                                00010000D    637
     508                       1       1                               0D    638
     508     355                                                00010000D    639
     508                       2       1                               0D    640
     508     357                                                00010000D    641
     508                       1       1                               0D    642
     508     358                                                00010000D    643
     508                       2       1                               0D    644
     508     360                                                00010000D    645
     508                       1       1                               0D    646
     508     361                                                00010000D    647
     508                       2       1                               0D    648
     508     363                                                00010000D    649
     508                       1       1                               0D    650
     508     364                                                00010000D    651
     508                       2       1                               0D    652
     508     366                                                00010000D    653
     508                       1       1                               0D    654
     508     367                                                00010000D    655
     508                       2       1                               0D    656
     508     369                                                00010000D    657
     508                       1       1                               0D    658
     508     370                                                00010000D    659
     508                       2       1                               0D    660
     508     372                                                00010000D    661
     508                       1       1                               0D    662
     508     373                                                00010000D    663
     508                       2       1                               0D    664
     508     375                                                00010000D    665
     508                       1       1                               0D    666
     508     376                                                00010000D    667
     508                       2       1                               0D    668
     508     378                                                00010000D    669
     508                       1       1                               0D    670
     508     379                                                00010000D    671
     508                       2       1                               0D    672
     508     381                                                00010000D    673
     508                       1       1                               0D    674
     508     382                                                00010000D    675
     508                       2       1                               0D    676
     508     384                                                00010000D    677
     508                       1       1                               0D    678
     508     385                                                00010000D    679
     508                       2       1                               0D    680
     508     387                                                00010000D    681
     508                       2       1                               0D    682
     508     389                                                00010000D    683
     508                       2       1                               0D    684
     508     391                                                00010000D    685
     508                       2       1                               0D    686
     508     393                                                00010000D    687
     508                       2       1                               0D    688
     508     395                                                00010000D    689
     508                       2       1                               0D    690
     508     397                                                00010000D    691
     508                       2       1                               0D    692
     508     399                                                00010000D    693
     508                       2       1                               0D    694
     508     401                                                00010000D    695
     508                       1       1                               0D    696
     508     402                                                00010000D    697
     508                       1       1                               0D    698
     508     403                                                00010000D    699
     508                       1       1                               0D    700
     508     404                                                00010000D    701
     508                       1       1                               0D    702
     508     405                                                00010000D    703
     508                       1       1                               0D    704
     508     406                                                00010000D    705
     508                       1       1                               0D    706
     508     407                                                00010000D    707
     508                       1       1                               0D    708
     508     408                                                00010000D    709
     508                       1       1                               0D    710
     508     409                                                00010000D    711
     508                       1       1                               0D    712
     508     410                                                00010000D    713
     508                       1       1                               0D    714
     508     411                                                00010000D    715
     508                       1       1                               0D    716
     508     412                                                00010000D    717
     508                       1       1                               0D    718
     508     413                                                00010000D    719
     508                       1       1                               0D    720
     508     414                                                00010000D    721
     508                       1       1                               0D    722
     508     415                                                00010000D    723
     508                       1       1                               0D    724
     508     416                                                00010000D    725
     508                       1       1                               0D    726
     508     417                                                00010000D    727
     508                       1       1                               0D    728
     508     418                                                00010000D    729
     508                       1       1                               0D    730
     508     419                                                00010000D    731
     508                       1       1                               0D    732
     508     420                                                00010000D    733
     508                       1       1                               0D    734
     508     421                                                00010000D    735
     508                       2       1                               0D    736
     508     423                                                00010000D    737
     508                       2       1                               0D    738
     508     425                                                00010000D    739
     508                       1       1                               0D    740
     508     426                                                00010000D    741
     508                       2       1                               0D    742
     508     428                                                00010000D    743
     508                       1       1                               0D    744
     508     429                                                00010000D    745
     508                       2       1                               0D    746
     508     431                                                00010000D    747
     508                       1       1                               0D    748
     508     432                                                00010000D    749
     508                       2       1                               0D    750
     508     434                                                00010000D    751
     508                       1       1                               0D    752
     508     435                                                00010000D    753
     508                       2       1                               0D    754
     508     437                                                00010000D    755
     508                       1       1                               0D    756
     508     438                                                00010000D    757
     508                       2       1                               0D    758
     508     440                                                00010000D    759
     508                       1       1                               0D    760
     508     441                                                00010000D    761
     508                       2       1                               0D    762
     508     443                                                00010000D    763
     508                       1       1                               0D    764
     508     444                                                00010000D    765
     508                       2       1                               0D    766
     508     446                                                00010000D    767
     508                       1       1                               0D    768
     508     447                                                00010000D    769
     508                       2       1                               0D    770
     508     449                                                00010000D    771
     508                       1       1                               0D    772
     508     450                                                00010000D    773
     508                       2       1                               0D    774
     508     452                                                00010000D    775
     508                       1       1                               0D    776
     508     453                                                00010000D    777
     508                       2       1                               0D    778
     508     455                                                00010000D    779
     508                       1       1                               0D    780
     508     456                                                00010000D    781
     508                       2       1                               0D    782
     508     458                                                00010000D    783
     508                       1       1                               0D    784
     508     459                                                00010000D    785
     508                       2       1                               0D    786
     508     461                                                00010000D    787
     508                       1       1                               0D    788
     508     462                                                00010000D    789
     508                       2       1                               0D    790
     508     464                                                00010000D    791
     508                       1       1                               0D    792
     508     465                                                00010000D    793
     508                       2       1                               0D    794
     508     467                                                00010000D    795
     508                       1       1                               0D    796
     508     468                                                00010000D    797
     508                       2       1                               0D    798
     508     470                                                00010000D    799
     508                       1       1                               0D    800
     508     471                                                00010000D    801
     508                       1       1                               0D    802
     508     472                                                00010000D    803
     508                       1       1                               0D    804
     508     473                                                00010000D    805
     508                       1       1                               0D    806
     508     474                                                00010000D    807
     508                       1       1                               0D    808
     508     475                                                00010000D    809
     508                       1       1                               0D    810
     508     476                                                00010000D    811
     508                       1       1                               0D    812
     508     477                                                00010000D    813
     508                       1       1                               0D    814
     508     478                                                00010000D    815
     508                       1       1                               0D    816
     508     479                                                00010000D    817
     508                       1       1                               0D    818
     508     480                                                00010000D    819
     508                       1       1                               0D    820
     508     481                                                00010000D    821
     508                       1       1                               0D    822
     508     482                                                00010000D    823
     508                       1       1                               0D    824
     508     483                                                00010000D    825
     508                       1       1                               0D    826
     508     484                                                00010000D    827
     508                       1       1                               0D    828
     508     485                                                00010000D    829
     508                       1       1                               0D    830
     508     486                                                00010000D    831
     508                       1       1                               0D    832
     508     487                                                00010000D    833
     508                       1       1                               0D    834
     508     488                                                00010000D    835
     508                       1       1                               0D    836
     508     489                                                00010000D    837
     508                       1       1                               0D    838
     508     490                                                00010000D    839
     508                       1       1                               0D    840
     508     491                                                00010000D    841
     508                       1       1                               0D    842
     508     492                                                00010000D    843
     508                       1       1                               0D    844
     508     493                                                00010000D    845
     508                       2       1                               0D    846
     508     495                                                00010000D    847
     508                       1       1                               0D    848
     508     496                                                00010000D    849
     508                       2       1                               0D    850
     508     498                                                00010000D    851
     508                       1       1                               0D    852
     508     499                                                00010000D    853
     508                       2       1                               0D    854
     508     501                                                00010000D    855
     508                       1       1                               0D    856
     508     502                                                00010000D    857
     508                       2       1                               0D    858
     508     504                                                00010000D    859
     508                       1       1                               0D    860
     508     505                                                00010000D    861
     508                       2       1                               0D    862
     508     507                                                00010000D    863
     508                       1       1                               0D    864
     508     508                                                00010000D    865
     508                       2       1                               0D    866
     508     510                                                00010000D    867
     508                       1       1                               0D    868
     508     511                                                00010000D    869
     508                       2       1                               0D    870
     508     513                                                00010000D    871
     508                       1       1                               0D    872
     508     514                                                00010000D    873
     508                       2       1                               0D    874
     508     516                                                00010000D    875
     508                       1       1                               0D    876
     508     517                                                00010000D    877
     508                       2       1                               0D    878
     508     519                                                00010000D    879
     508                       1       1                               0D    880
     508     520                                                00010000D    881
     508                       2       1                               0D    882
     508     522                                                00010000D    883
     508                       1       1                               0D    884
     508     523                                                00010000D    885
     508                       2       1                               0D    886
     508     525                                                00010000D    887
     508                       1       1                               0D    888
     508     526                                                00010000D    889
     508                       2       1                               0D    890
     508     528                                                00010000D    891
     508                       1       1                               0D    892
     508     529                                                00010000D    893
     508                       2       1                               0D    894
     508     531                                                00010000D    895
     508                       1       1                               0D    896
     508     532                                                00010000D    897
     508                       2       1                               0D    898
     508     534                                                00010000D    899
     508                       1       1                               0D    900
     508     535                                                00010000D    901
     508                       2       1                               0D    902
     508     537                                                00010000D    903
     508                       1       1                               0D    904
     508     538                                                00010000D    905
     508                       2       1                               0D    906
     508     540                                                00010000D    907
     508                       1       1                               0D    908
     508     541                                                00010000D    909
     508                       1       1                               0D    910
     508     542                                                00010000D    911
     508                       1       1                               0D    912
     508     543                                                00010000D    913
     508                       1       1                               0D    914
     508     544                                                00010000D    915
     508                       1       1                               0D    916
     508     545                                                00010000D    917
     508                       1       1                               0D    918
     508     546                                                00010000D    919
     508                       1       1                               0D    920
     508     547                                                00010000D    921
     508                       1       1                               0D    922
     508     548                                                00010000D    923
     508                       1       1                               0D    924
     508     549                                                00010000D    925
     508                       1       1                               0D    926
     508     550                                                00010000D    927
     508                       1       1                               0D    928
     508     551                                                00010000D    929
     508                       1       1                               0D    930
     508     552                                                00010000D    931
     508                       1       1                               0D    932
     508     553                                                00010000D    933
     508                       1       1                               0D    934
     508     554                                                00010000D    935
     508                       1       1                               0D    936
     508     555                                                00010000D    937
     508                       1       1                               0D    938
     508     556                                                00010000D    939
     508                       1       1                               0D    940
     508     557                                                00010000D    941
     508                       1       1                               0D    942
     508     558                                                00010000D    943
     508                       1       1                               0D    944
     508     559                                                00010000D    945
     508                       1       1                               0D    946
     508     560                                                00010000D    947
     508                       1       1                               0D    948
     508     561                                                00010000D    949
     508                       1       1                               0D    950
     508     562                                                00010000D    951
     508                       1       1                               0D    952
     508     563                                                00010000D    953
     508                       2       1                               0D    954
     508     565                                                00010000D    955
     508                       1       1                               0D    956
     508     566                                                00010000D    957
     508                       2       1                               0D    958
     508     568                                                00010000D    959
     508                       1       1                               0D    960
     508     569                                                00010000D    961
     508                       2       1                               0D    962
     508     571                                                00010000D    963
     508                       1       1                               0D    964
     508     572                                                00010000D    965
     508                       2       1                               0D    966
     508     574                                                00010000D    967
     508                       1       1                               0D    968
     508     575                                                00010000D    969
     508                       2       1                               0D    970
     508     577                                                00010000D    971
     508                       1       1                               0D    972
     508     578                                                00010000D    973
     508                       2       1                               0D    974
     508     580                                                00010000D    975
     508                       1       1                               0D    976
     508     581                                                00010000D    977
     508                       2       1                               0D    978
     508     583                                                00010000D    979
     508                       1       1                               0D    980
     508     584                                                00010000D    981
     508                       2       1                               0D    982
     508     586                                                00010000D    983
     508                       1       1                               0D    984
     508     587                                                00010000D    985
     508                       2       1                               0D    986
     508     589                                                00010000D    987
     508                       1       1                               0D    988
     508     590                                                00010000D    989
     508                       1       1                               0D    990
     508     591                                                00010000D    991
     508                       1       1                               0D    992
     508     592                                                00010000D    993
     508                       1       1                               0D    994
     508     593                                                00010000D    995
     508                       1       1                               0D    996
     508     594                                                00010000D    997
     508                       1       1                               0D    998
     508     595                                                00010000D    999
     508                       1       1                               0D   1000
     508     596                                                00010000D   1001
     508                       1       1                               0D   1002
     508     597                                                00010000D   1003
     508                       1       1                               0D   1004
     508     598                                                00010000D   1005
     508                       1       1                               0D   1006
     508     599                                                00010000D   1007
     508                       1       1                               0D   1008
     508     600                                                00010000D   1009
     508                       1       1                               0D   1010
     508     601                                                00010000D   1011
     508                       1       1                               0D   1012
     508     602                                                00010000D   1013
     508                       1       1                               0D   1014
     508     603                                                00010000D   1015
     508                       1       1                               0D   1016
     508     604                                                00010000D   1017
     508                       1       1                               0D   1018
     508     605                                                00010000D   1019
     508                       2       1                               0D   1020
     508     607                                                00010000D   1021
     508                       1       1                               0D   1022
     508     608                                                00010000D   1023
     508                       2       1                               0D   1024
     508     610                                                00010000D   1025
     508                       1       1                               0D   1026
     508     611                                                00010000D   1027
     508                       2       1                               0D   1028
     508     613                                                00010000D   1029
     508                       1       1                               0D   1030
     508     614                                                00010000D   1031
     508                       2       1                               0D   1032
     508     616                                                00010000D   1033
     508                       1       1                               0D   1034
     508     617                                                00010000D   1035
     508                       2       1                               0D   1036
     508     619                                                00010000D   1037
     508                       1       1                               0D   1038
     508     620                                                00010000D   1039
     508                       2       1                               0D   1040
     508     622                                                00010000D   1041
     508                       1       1                               0D   1042
     508     623                                                00010000D   1043
     508                       2       1                               0D   1044
     508     625                                                00010000D   1045
     508                       1       1                               0D   1046
     508     626                                                00010000D   1047
     508                       2       1                               0D   1048
     508     628                                                00010000D   1049
     508                       1       1                               0D   1050
     508     629                                                00010000D   1051
     508                       2       1                               0D   1052
     508     631                                                00010000D   1053
     508                       1       1                               0D   1054
     508     632                                                00010000D   1055
     508                       2       1                               0D   1056
     508     634                                                00010000D   1057
     508                       1       1                               0D   1058
     508     635                                                00010000D   1059
     508                       2       1                               0D   1060
     508     637                                                00010000D   1061
     508                       1       1                               0D   1062
     508     638                                                00010000D   1063
     508                       1       1                               0D   1064
     508     639                                                00010000D   1065
     508                       1       1                               0D   1066
     508     640                                                00010000D   1067
     508                       1       1                               0D   1068
     508     641                                                00010000D   1069
     508                       1       1                               0D   1070
     508     642                                                00010000D   1071
     508                       1       1                               0D   1072
     508     643                                                00010000D   1073
     508                       1       1                               0D   1074
     508     644                                                00010000D   1075
     508                       1       1                               0D   1076
     508     645                                                00010000D   1077
     508                       1       1                               0D   1078
     508     646                                                00010000D   1079
     508                       1       1                               0D   1080
     508     647                                                00010000D   1081
     508                       1       1                               0D   1082
     508     648                                                00010000D   1083
     508                       1       1                               0D   1084
     508     649                                                00010000D   1085
     508                       1       1                               0D   1086
     508     650                                                00010000D   1087
     508                       1       1                               0D   1088
     508     651                                                00010000D   1089
     508                       1       1                               0D   1090
     508     652                                                00010000D   1091
     508                       1       1                               0D   1092
     508     653                                                00010000D   1093
     508                       1       1                               0D   1094
     508     654                                                00010000D   1095
     508                       1       1                               0D   1096
     508     655                                                00010000D   1097
     508                       2       1                               0D   1098
     508     657                                                00010000D   1099
     508                       1       1                               0D   1100
     508     658                                                00010000D   1101
     508                       2       1                               0D   1102
     508     660                                                00010000D   1103
     508                       1       1                               0D   1104
     508     661                                                00010000D   1105
     508                       2       1                               0D   1106
     508     663                                                00010000D   1107
     508                       1       1                               0D   1108
     508     664                                                00010000D   1109
     508                       2       1                               0D   1110
     508     666                                                00010000D   1111
     508                       1       1                               0D   1112
     508     667                                                00010000D   1113
     508                       2       1                               0D   1114
     508     669                                                00010000D   1115
     508                       1       1                               0D   1116
     508     670                                                00010000D   1117
     508                       2       1                               0D   1118
     508     672                                                00010000D   1119
     508                       1       1                               0D   1120
     508     673                                                00010000D   1121
     508                       1       1                               0D   1122
     508     674                                                00010000D   1123
     508                       1       1                               0D   1124
     508     675                                                00010000D   1125
     508                       1       1                               0D   1126
     508     676                                                00010000D   1127
     508                       1       1                               0D   1128
     508     677                                                00010000D   1129
     508                       1       1                               0D   1130
     508     678                                                00010000D   1131
     508                       1       1                               0D   1132
     508     679                                                00010000D   1133
     508                       1       1                               0D   1134
     508     680                                                00010000D   1135
     508                       1       1                               0D   1136
     508     681                                                00010000D   1137
     508                       1       1                               0D   1138
     508     682                                                00010000D   1139
     508                       1       1                               0D   1140
     508     683                                                00010000D   1141
     508                       1       1                               0D   1142
     508     684                                                00010000D   1143
     508                       1       1                               0D   1144
     508     685                                                00010000D   1145
     508                       2       1                               0D   1146
     508     687                                                00010000D   1147
     508                       1       1                               0D   1148
     508     688                                                00010000D   1149
     508                       2       1                               0D   1150
     508     690                                                00010000D   1151
     508                       1       1                               0D   1152
     508     691                                                00010000D   1153
     508                       2       1                               0D   1154
     508     693                                                00010000D   1155
     508                       1       1                               0D   1156
     508     694                                                00010000D   1157
     508                       2       1                               0D   1158
     508     696                                                00010000D   1159
     508                       1       1                               0D   1160
     508     697                                                00010000D   1161
     508                       1       1                               0D   1162
     508     698                                                00010000D   1163
     508                       1       1                               0D   1164
     508     699                                                00010000D   1165
     508                       1       1                               0D   1166
     508     700                                                00010000D   1167
     508                       1       1                               0D   1168
     508     701                                                00010000D   1169
     508                       1       1                               0D   1170
     508     702                                                00010000D   1171
     508                       1       1                               0D   1172
     508     703                                                00010000D   1173
     508                       1       1                               0D   1174
     508     704                                                00010000D   1175
     508                       1       1                               0D   1176
     508     705                                                00010000D   1177
     508                       1       1                               0D   1178
     508     706                                                00010000D   1179
     508                       1       1                               0D   1180
     508     707                                                00010000D   1181
     508                       2       1                               0D   1182
     508     709                                                00010000D   1183
     508                       1       1                               0D   1184
     508     710                                                00010000D   1185
     508                       2       1                               0D   1186
     508     712                                                00010000D   1187
     508                       1       1                               0D   1188
     508     713                                                00010000D   1189
     508                       1       1                               0D   1190
     508     714                                                00010000D   1191
     508                       1       1                               0D   1192
     508     715                                                00010000D   1193
     508                       1       1                               0D   1194
     508     716                                                00010000D   1195
     508                       1       1                               0D   1196
     508     717                                                00010000D   1197
     508                       1       1                               0D   1198
     508     718                                                00010000D   1199
     508                       1       1                               0D   1200
     508     719                                                00010000D   1201
     508                       1       1                               0D   1202
     508     720                                                00010000D   1203
     508                       1       1                               0D   1204
     508     721                                                00010000D   1205
     508                       2       1                               0D   1206
     508     723                                                00010000D   1207
     508                       1       1                               0D   1208
     508     724                                                00010000D   1209
     508                       2       1                               0D   1210
     508     726                                                00010000D   1211
     508                       1       1                               0D   1212
     508     727                                                00010000D   1213
     508                       1       1                               0D   1214
     508     728                                                00010000D   1215
     508                       1       1                               0D   1216
     508     729                                                00010000D   1217
     508                       1       1                               0D   1218
     508     730                                                00010000D   1219
     508                       1       1                               0D   1220
     508     731                                                00010000D   1221
     508                       1       1                               0D   1222
     508     732                                                00010000D   1223
     508                       1       1                               0D   1224
     508     733                                                00010000D   1225
     508                       1       1                               0D   1226
     508     734                                                00010000D   1227
     508                       1       1                               0D   1228
     508     735                                                00010000D   1229
     508                       2       1                               0D   1230
     508     737                                                00010000D   1231
     508                       1       1                               0D   1232
     508     738                                                00010000D   1233
     508                       2       1                               0D   1234
     508     740                                                00010000D   1235
     508                       1       1                               0D   1236
     508     741                                                00010000D   1237
     508                       2       1                               0D   1238
     508     743                                                00010000D   1239
     508                       1       1                               0D   1240
     508     744                                                00010000D   1241
     508                       2       1                               0D   1242
     508     746                                                00010000D   1243
     508                       1       1                               0D   1244
     508     747                                                00010000D   1245
     508                       2       1                               0D   1246
     508     749                                                00010000D   1247
     508                       1       1                               0D   1248
     508     750                                                00010000D   1249
     508                       1       1                               0D   1250
     508     751                                                00010000D   1251
     508                       1       1                               0D   1252
     508     752                                                00010000D   1253
     508                       1       1                               0D   1254
     508     753                                                00010000D   1255
     508                       1       1                               0D   1256
     508     754                                                00010000D   1257
     508                       1       1                               0D   1258
     508     755                                                00010000D   1259
     508                       1       1                               0D   1260
     508     756                                                00010000D   1261
     508                       1       1                               0D   1262
     508     757                                                00010000D   1263
     508                       1       1                               0D   1264
     508     758                                                00010000D   1265
     508                       1       1                               0D   1266
     508     759                                                00010000D   1267
     508                       1       1                               0D   1268
     508     760                                                00010000D   1269
     508                       1       1                               0D   1270
     508     761                                                00010000D   1271
     508                       1       1                               0D   1272
     508     762                                                00010000D   1273
     508                       1       1                               0D   1274
     508     763                                                00010000D   1275
     508                       1       1                               0D   1276
     508     764                                                00010000D   1277
     508                       1       1                               0D   1278
     508     765                                                00010000D   1279
     508                       1       1                               0D   1280
     508     766                                                00010000D   1281
     508                       1       1                               0D   1282
     508     767                                                00010000D   1283
     508                       1       1                               0D   1284
     508     768                                                00010000D   1285
     508                       2       1                               0D   1286
     508     770                                                00010000D   1287
     508                       2       1                               0D   1288
     126     772                                                00010000D   1289
     126       0               7       0                               0D   1290
     126     779                                                00010000D   1291
     126       0               8       0                               0D   1292
     126     787                                                00010000D   1293
     126       0               3       0                               0D   1294
     126     790                                                00010000D   1295
     126       0               8       0                               0D   1296
     126     798                                                00010000D   1297
     126       0               7       0                               0D   1298
     126     805                                                00010000D   1299
     126       0               5       0                               0D   1300
     126     810                                                00010000D   1301
     126       0               6       0                               0D   1302
     126     816                                                00010000D   1303
     126       0               2       0                               0D   1304
     126     818                                                00010000D   1305
     126       0               6       0                               0D   1306
     126     824                                                00010000D   1307
     126       0               5       0                               0D   1308
     126     829                                                00010000D   1309
     126       0               5       0                               0D   1310
     126     834                                                00010000D   1311
     126       0               6       0                               0D   1312
     126     840                                                00010000D   1313
     126       0               2       0                               0D   1314
     126     842                                                00010000D   1315
     126       0               6       0                               0D   1316
     126     848                                                00010000D   1317
     126       0               5       0                               0D   1318
     126     853                                                00010000D   1319
     126       0               5       0                               0D   1320
     126     858                                                00010000D   1321
     126       0               6       0                               0D   1322
     126     864                                                00010000D   1323
     126       0               2       0                               0D   1324
     126     866                                                00010000D   1325
     126       0               6       0                               0D   1326
     126     872                                                00010000D   1327
     126       0               5       0                               0D   1328
     126     877                                                00010000D   1329
     126       0               6       0                               0D   1330
     126     883                                                00010000D   1331
     126       0               7       0                               0D   1332
     126     890                                                00010000D   1333
     126       0               2       0                               0D   1334
     126     892                                                00010000D   1335
     126       0               7       0                               0D   1336
     126     899                                                00010000D   1337
     126       0               6       0                               0D   1338
     126     905                                                00010000D   1339
     126       0               5       0                               0D   1340
     126     910                                                00010000D   1341
     126       0               6       0                               0D   1342
     126     916                                                00010000D   1343
     126       0               2       0                               0D   1344
     126     918                                                00010000D   1345
     126       0               6       0                               0D   1346
     126     924                                                00010000D   1347
     126       0               5       0                               0D   1348
     126     929                                                00010000D   1349
     126       0               5       0                               0D   1350
     126     934                                                00010000D   1351
     126       0               6       0                               0D   1352
     126     940                                                00010000D   1353
     126       0               2       0                               0D   1354
     126     942                                                00010000D   1355
     126       0               6       0                               0D   1356
     126     948                                                00010000D   1357
     126       0               5       0                               0D   1358
     126     953                                                00010000D   1359
     126       0               5       0                               0D   1360
     126     958                                                00010000D   1361
     126       0               6       0                               0D   1362
     126     964                                                00010000D   1363
     126       0               2       0                               0D   1364
     126     966                                                00010000D   1365
     126       0               6       0                               0D   1366
     126     972                                                00010000D   1367
     126       0               5       0                               0D   1368
     126     977                                                00010000D   1369
     126       0               5       0                               0D   1370
     126     982                                                00010000D   1371
     126       0               6       0                               0D   1372
     126     988                                                00010000D   1373
     126       0               2       0                               0D   1374
     126     990                                                00010000D   1375
     126       0               6       0                               0D   1376
     126     996                                                00010000D   1377
     126       0               5       0                               0D   1378
     126    1001                                                00010000D   1379
     126       0               5       0                               0D   1380
     126    1006                                                00010000D   1381
     126       0               6       0                               0D   1382
     126    1012                                                00010000D   1383
     126       0               2       0                               0D   1384
     126    1014                                                00010000D   1385
     126       0               6       0                               0D   1386
     126    1020                                                00010000D   1387
     126       0               5       0                               0D   1388
     126    1025                                                00010000D   1389
     126       0               5       0                               0D   1390
     126    1030                                                00010000D   1391
     126       0               6       0                               0D   1392
     126    1036                                                00010000D   1393
     126       0               2       0                               0D   1394
     126    1038                                                00010000D   1395
     126       0               6       0                               0D   1396
     126    1044                                                00010000D   1397
     126       0               5       0                               0D   1398
     126    1049                                                00010000D   1399
     126       0               5       0                               0D   1400
     126    1054                                                00010000D   1401
     126       0               6       0                               0D   1402
     126    1060                                                00010000D   1403
     126       0               2       0                               0D   1404
     126    1062                                                00010000D   1405
     126       0               6       0                               0D   1406
     126    1068                                                00010000D   1407
     126       0               5       0                               0D   1408
     126    1073                                                00010000D   1409
     126       0               5       0                               0D   1410
     126    1078                                                00010000D   1411
     126       0               6       0                               0D   1412
     126    1084                                                00010000D   1413
     126       0               2       0                               0D   1414
     126    1086                                                00010000D   1415
     126       0               6       0                               0D   1416
     126    1092                                                00010000D   1417
     126       0               5       0                               0D   1418
     126    1097                                                00010000D   1419
     126       0               5       0                               0D   1420
     126    1102                                                00010000D   1421
     126       0               6       0                               0D   1422
     126    1108                                                00010000D   1423
     126       0               2       0                               0D   1424
     126    1110                                                00010000D   1425
     126       0               6       0                               0D   1426
     126    1116                                                00010000D   1427
     126       0               5       0                               0D   1428
     126    1121                                                00010000D   1429
     126       0               6       0                               0D   1430
     126    1127                                                00010000D   1431
     126       0               7       0                               0D   1432
     126    1134                                                00010000D   1433
     126       0               2       0                               0D   1434
     126    1136                                                00010000D   1435
     126       0               7       0                               0D   1436
     126    1143                                                00010000D   1437
     126       0               6       0                               0D   1438
     126    1149                                                00010000D   1439
     126       0               5       0                               0D   1440
     126    1154                                                00010000D   1441
     126       0               6       0                               0D   1442
     126    1160                                                00010000D   1443
     126       0               2       0                               0D   1444
     126    1162                                                00010000D   1445
     126       0               6       0                               0D   1446
     126    1168                                                00010000D   1447
     126       0               5       0                               0D   1448
     126    1173                                                00010000D   1449
     126       0               5       0                               0D   1450
     126    1178                                                00010000D   1451
     126       0               6       0                               0D   1452
     126    1184                                                00010000D   1453
     126       0               2       0                               0D   1454
     126    1186                                                00010000D   1455
     126       0               6       0                               0D   1456
     126    1192                                                00010000D   1457
     126       0               5       0                               0D   1458
     126    1197                                                00010000D   1459
     126       0               5       0                               0D   1460
     126    1202                                                00010000D   1461
     126       0               6       0                               0D   1462
     126    1208                                                00010000D   1463
     126       0               2       0                               0D   1464
     126    1210                                                00010000D   1465
     126       0               6       0                               0D   1466
     126    1216                                                00010000D   1467
     126       0               5       0                               0D   1468
     126    1221                                                00010000D   1469
     126       0               5       0                               0D   1470
     126    1226                                                00010000D   1471
     126       0               6       0                               0D   1472
     126    1232                                                00010000D   1473
     126       0               2       0                               0D   1474
     126    1234                                                00010000D   1475
     126       0               6       0                               0D   1476
     126    1240                                                00010000D   1477
     126       0               5       0                               0D   1478
     126    1245                                                00010000D   1479
     126       0               7       0                               0D   1480
     126    1252                                                00010000D   1481
     126       0               8       0                               0D   1482
     126    1260                                                00010000D   1483
     126       0               3       0                               0D   1484
     126    1263                                                00010000D   1485
     126       0               8       0                               0D   1486
     126    1271                                                00010000D   1487
     126       0               7       0                               0D   1488
     126    1278                                                00010000D   1489
     126       0               3       0                               0D   1490
     126    1281                                                00010000D   1491
     126       0               2       0                               0D   1492
     126    1283                                                00010000D   1493
     126       0               3       0                               0D   1494
     126    1286                                                00010000D   1495
     126       0               2       0                               0D   1496
     126    1288                                                00010000D   1497
     126       0               2       0                               0D   1498
     126    1290                                                00010000D   1499
     126       0               2       0                               0D   1500
     126    1292                                                00010000D   1501
     126       0               2       0                               0D   1502
     126    1294                                                00010000D   1503
     126       0               3       0                               0D   1504
     126    1297                                                00010000D   1505
     126       0               3       0                               0D   1506
     126    1300                                                00010000D   1507
     126       0               2       0                               0D   1508
     126    1302                                                00010000D   1509
     126       0               2       0                               0D   1510
     126    1304                                                00010000D   1511
     126       0               2       0                               0D   1512
     126    1306                                                00010000D   1513
     126       0               2       0                               0D   1514
     126    1308                                                00010000D   1515
     126       0               2       0                               0D   1516
     126    1310                                                00010000D   1517
     126       0               2       0                               0D   1518
     126    1312                                                00010000D   1519
     126       0               2       0                               0D   1520
     126    1314                                                00010000D   1521
     126       0               2       0                               0D   1522
     126    1316                                                00010000D   1523
     126       0               2       0                               0D   1524
     126    1318                                                00010000D   1525
     126       0               2       0                               0D   1526
     126    1320                                                00010000D   1527
     126       0               2       0                               0D   1528
     126    1322                                                00010000D   1529
     126       0               2       0                               0D   1530
     126    1324                                                00010000D   1531
     126       0               6       0                               0D   1532
     126    1330                                                00010000D   1533
     126       0               7       0                               0D   1534
     126    1337                                                00010000D   1535
     126       0               2       0                               0D   1536
     126    1339                                                00010000D   1537
     126       0               7       0                               0D   1538
     126    1346                                                00010000D   1539
     126       0               6       0                               0D   1540
     126    1352                                                00010000D   1541
     126       0               5       0                               0D   1542
     126    1357                                                00010000D   1543
     126       0               6       0                               0D   1544
     126    1363                                                00010000D   1545
     126       0               2       0                               0D   1546
     126    1365                                                00010000D   1547
     126       0               6       0                               0D   1548
     126    1371                                                00010000D   1549
     126       0               5       0                               0D   1550
     126    1376                                                00010000D   1551
     126       0               5       0                               0D   1552
     126    1381                                                00010000D   1553
     126       0               6       0                               0D   1554
     126    1387                                                00010000D   1555
     126       0               2       0                               0D   1556
     126    1389                                                00010000D   1557
     126       0               6       0                               0D   1558
     126    1395                                                00010000D   1559
     126       0               5       0                               0D   1560
     126    1400                                                00010000D   1561
     126       0               6       0                               0D   1562
     126    1406                                                00010000D   1563
     126       0               7       0                               0D   1564
     126    1413                                                00010000D   1565
     126       0               2       0                               0D   1566
     126    1415                                                00010000D   1567
     126       0               7       0                               0D   1568
     126    1422                                                00010000D   1569
     126       0               6       0                               0D   1570
     126    1428                                                00010000D   1571
     126       0               5       0                               0D   1572
     126    1433                                                00010000D   1573
     126       0               6       0                               0D   1574
     126    1439                                                00010000D   1575
     126       0               3       0                               0D   1576
     126    1442                                                00010000D   1577
     126       0               6       0                               0D   1578
     126    1448                                                00010000D   1579
     126       0               5       0                               0D   1580
     126    1453                                                00010000D   1581
     126       0               5       0                               0D   1582
     126    1458                                                00010000D   1583
     126       0               6       0                               0D   1584
     126    1464                                                00010000D   1585
     126       0               3       0                               0D   1586
     126    1467                                                00010000D   1587
     126       0               6       0                               0D   1588
     126    1473                                                00010000D   1589
     126       0               5       0                               0D   1590
     126    1478                                                00010000D   1591
     126       0               5       0                               0D   1592
     126    1483                                                00010000D   1593
     126       0               6       0                               0D   1594
     126    1489                                                00010000D   1595
     126       0               3       0                               0D   1596
     126    1492                                                00010000D   1597
     126       0               6       0                               0D   1598
     126    1498                                                00010000D   1599
     126       0               5       0                               0D   1600
     126    1503                                                00010000D   1601
     126       0               5       0                               0D   1602
     126    1508                                                00010000D   1603
     126       0               6       0                               0D   1604
     126    1514                                                00010000D   1605
     126       0               3       0                               0D   1606
     126    1517                                                00010000D   1607
     126       0               6       0                               0D   1608
     126    1523                                                00010000D   1609
     126       0               5       0                               0D   1610
     126    1528                                                00010000D   1611
     126       0               5       0                               0D   1612
     126    1533                                                00010000D   1613
     126       0               6       0                               0D   1614
     126    1539                                                00010000D   1615
     126       0               3       0                               0D   1616
     126    1542                                                00010000D   1617
     126       0               6       0                               0D   1618
     126    1548                                                00010000D   1619
     126       0               5       0                               0D   1620
     126    1553                                                00010000D   1621
     126       0               5       0                               0D   1622
     126    1558                                                00010000D   1623
     126       0               6       0                               0D   1624
     126    1564                                                00010000D   1625
     126       0               3       0                               0D   1626
     126    1567                                                00010000D   1627
     126       0               6       0                               0D   1628
     126    1573                                                00010000D   1629
     126       0               5       0                               0D   1630
     126    1578                                                00010000D   1631
     126       0               6       0                               0D   1632
     126    1584                                                00010000D   1633
     126       0               7       0                               0D   1634
     126    1591                                                00010000D   1635
     126       0               2       0                               0D   1636
     126    1593                                                00010000D   1637
     126       0               7       0                               0D   1638
     126    1600                                                00010000D   1639
     126       0               6       0                               0D   1640
     126    1606                                                00010000D   1641
     126       0               5       0                               0D   1642
     126    1611                                                00010000D   1643
     126       0               6       0                               0D   1644
     126    1617                                                00010000D   1645
     126       0               2       0                               0D   1646
     126    1619                                                00010000D   1647
     126       0               6       0                               0D   1648
     126    1625                                                00010000D   1649
     126       0               5       0                               0D   1650
     126    1630                                                00010000D   1651
     126       0               5       0                               0D   1652
     126    1635                                                00010000D   1653
     126       0               6       0                               0D   1654
     126    1641                                                00010000D   1655
     126       0               2       0                               0D   1656
     126    1643                                                00010000D   1657
     126       0               6       0                               0D   1658
     126    1649                                                00010000D   1659
     126       0               5       0                               0D   1660
     126    1654                                                00010000D   1661
     126       0               5       0                               0D   1662
     126    1659                                                00010000D   1663
     126       0               6       0                               0D   1664
     126    1665                                                00010000D   1665
     126       0               2       0                               0D   1666
     126    1667                                                00010000D   1667
     126       0               6       0                               0D   1668
     126    1673                                                00010000D   1669
     126       0               5       0                               0D   1670
     126    1678                                                00010000D   1671
     126       0               5       0                               0D   1672
     126    1683                                                00010000D   1673
     126       0               6       0                               0D   1674
     126    1689                                                00010000D   1675
     126       0               2       0                               0D   1676
     126    1691                                                00010000D   1677
     126       0               6       0                               0D   1678
     126    1697                                                00010000D   1679
     126       0               5       0                               0D   1680
     126    1702                                                00010000D   1681
     126       0               5       0                               0D   1682
     126    1707                                                00010000D   1683
     126       0               6       0                               0D   1684
     126    1713                                                00010000D   1685
     126       0               2       0                               0D   1686
     126    1715                                                00010000D   1687
     126       0               6       0                               0D   1688
     126    1721                                                00010000D   1689
     126       0               5       0                               0D   1690
     126    1726                                                00010000D   1691
     126       0               2       0                               0D   1692
     126    1728                                                00010000D   1693
     126       0               2       0                               0D   1694
     126    1730                                                00010000D   1695
     126       0               2       0                               0D   1696
     126    1732                                                00010000D   1697
     126       0               2       0                               0D   1698
     126    1734                                                00010000D   1699
     126       0               2       0                               0D   1700
     126    1736                                                00010000D   1701
     126       0               2       0                               0D   1702
     126    1738                                                00010000D   1703
     126       0               2       0                               0D   1704
     126    1740                                                00010000D   1705
     126       0               2       0                               0D   1706
     126    1742                                                00010000D   1707
     126       0               2       0                               0D   1708
     126    1744                                                00010000D   1709
     126       0               2       0                               0D   1710
     126    1746                                                00010000D   1711
     126       0               2       0                               0D   1712
     126    1748                                                00010000D   1713
     126       0               2       0                               0D   1714
     126    1750                                                00010000D   1715
     126       0               6       0                               0D   1716
     126    1756                                                00010000D   1717
     126       0               7       0                               0D   1718
     126    1763                                                00010000D   1719
     126       0               2       0                               0D   1720
     126    1765                                                00010000D   1721
     126       0               7       0                               0D   1722
     126    1772                                                00010000D   1723
     126       0               6       0                               0D   1724
     126    1778                                                00010000D   1725
     126       0               5       0                               0D   1726
     126    1783                                                00010000D   1727
     126       0               6       0                               0D   1728
     126    1789                                                00010000D   1729
     126       0               2       0                               0D   1730
     126    1791                                                00010000D   1731
     126       0               6       0                               0D   1732
     126    1797                                                00010000D   1733
     126       0               5       0                               0D   1734
     126    1802                                                00010000D   1735
     126       0               5       0                               0D   1736
     126    1807                                                00010000D   1737
     126       0               6       0                               0D   1738
     126    1813                                                00010000D   1739
     126       0               2       0                               0D   1740
     126    1815                                                00010000D   1741
     126       0               6       0                               0D   1742
     126    1821                                                00010000D   1743
     126       0               5       0                               0D   1744
     126    1826                                                00010000D   1745
     126       0               6       0                               0D   1746
     126    1832                                                00010000D   1747
     126       0               7       0                               0D   1748
     126    1839                                                00010000D   1749
     126       0               2       0                               0D   1750
     126    1841                                                00010000D   1751
     126       0               7       0                               0D   1752
     126    1848                                                00010000D   1753
     126       0               6       0                               0D   1754
     126    1854                                                00010000D   1755
     126       0               5       0                               0D   1756
     126    1859                                                00010000D   1757
     126       0               6       0                               0D   1758
     126    1865                                                00010000D   1759
     126       0               3       0                               0D   1760
     126    1868                                                00010000D   1761
     126       0               6       0                               0D   1762
     126    1874                                                00010000D   1763
     126       0               5       0                               0D   1764
     126    1879                                                00010000D   1765
     126       0               5       0                               0D   1766
     126    1884                                                00010000D   1767
     126       0               6       0                               0D   1768
     126    1890                                                00010000D   1769
     126       0               3       0                               0D   1770
     126    1893                                                00010000D   1771
     126       0               6       0                               0D   1772
     126    1899                                                00010000D   1773
     126       0               5       0                               0D   1774
     126    1904                                                00010000D   1775
     126       0               5       0                               0D   1776
     126    1909                                                00010000D   1777
     126       0               6       0                               0D   1778
     126    1915                                                00010000D   1779
     126       0               3       0                               0D   1780
     126    1918                                                00010000D   1781
     126       0               6       0                               0D   1782
     126    1924                                                00010000D   1783
     126       0               5       0                               0D   1784
     126    1929                                                00010000D   1785
     126       0               5       0                               0D   1786
     126    1934                                                00010000D   1787
     126       0               6       0                               0D   1788
     126    1940                                                00010000D   1789
     126       0               3       0                               0D   1790
     126    1943                                                00010000D   1791
     126       0               6       0                               0D   1792
     126    1949                                                00010000D   1793
     126       0               5       0                               0D   1794
     126    1954                                                00010000D   1795
     126       0               5       0                               0D   1796
     126    1959                                                00010000D   1797
     126       0               6       0                               0D   1798
     126    1965                                                00010000D   1799
     126       0               3       0                               0D   1800
     126    1968                                                00010000D   1801
     126       0               6       0                               0D   1802
     126    1974                                                00010000D   1803
     126       0               5       0                               0D   1804
     126    1979                                                00010000D   1805
     126       0               5       0                               0D   1806
     126    1984                                                00010000D   1807
     126       0               6       0                               0D   1808
     126    1990                                                00010000D   1809
     126       0               3       0                               0D   1810
     126    1993                                                00010000D   1811
     126       0               6       0                               0D   1812
     126    1999                                                00010000D   1813
     126       0               5       0                               0D   1814
     126    2004                                                00010000D   1815
     126       0               5       0                               0D   1816
     126    2009                                                00010000D   1817
     126       0               6       0                               0D   1818
     126    2015                                                00010000D   1819
     126       0               2       0                               0D   1820
     126    2017                                                00010000D   1821
     126       0               6       0                               0D   1822
     126    2023                                                00010000D   1823
     126       0               5       0                               0D   1824
     126    2028                                                00010000D   1825
     126       0               5       0                               0D   1826
     126    2033                                                00010000D   1827
     126       0               6       0                               0D   1828
     126    2039                                                00010000D   1829
     126       0               2       0                               0D   1830
     126    2041                                                00010000D   1831
     126       0               6       0                               0D   1832
     126    2047                                                00010000D   1833
     126       0               5       0                               0D   1834
     126    2052                                                00010000D   1835
     126       0               5       0                               0D   1836
     126    2057                                                00010000D   1837
     126       0               6       0                               0D   1838
     126    2063                                                00010000D   1839
     126       0               2       0                               0D   1840
     126    2065                                                00010000D   1841
     126       0               6       0                               0D   1842
     126    2071                                                00010000D   1843
     126       0               5       0                               0D   1844
     126    2076                                                00010000D   1845
     126       0               6       0                               0D   1846
     126    2082                                                00010000D   1847
     126       0               7       0                               0D   1848
     126    2089                                                00010000D   1849
     126       0               2       0                               0D   1850
     126    2091                                                00010000D   1851
     126       0               7       0                               0D   1852
     126    2098                                                00010000D   1853
     126       0               6       0                               0D   1854
     126    2104                                                00010000D   1855
     126       0               5       0                               0D   1856
     126    2109                                                00010000D   1857
     126       0               6       0                               0D   1858
     126    2115                                                00010000D   1859
     126       0               2       0                               0D   1860
     126    2117                                                00010000D   1861
     126       0               6       0                               0D   1862
     126    2123                                                00010000D   1863
     126       0               5       0                               0D   1864
     126    2128                                                00010000D   1865
     126       0               5       0                               0D   1866
     126    2133                                                00010000D   1867
     126       0               6       0                               0D   1868
     126    2139                                                00010000D   1869
     126       0               2       0                               0D   1870
     126    2141                                                00010000D   1871
     126       0               6       0                               0D   1872
     126    2147                                                00010000D   1873
     126       0               5       0                               0D   1874
     126    2152                                                00010000D   1875
     126       0               2       0                               0D   1876
     126    2154                                                00010000D   1877
     126       0               2       0                               0D   1878
     126    2156                                                00010000D   1879
     126       0               2       0                               0D   1880
     126    2158                                                00010000D   1881
     126       0               2       0                               0D   1882
     126    2160                                                00010000D   1883
     126       0               2       0                               0D   1884
     126    2162                                                00010000D   1885
     126       0               2       0                               0D   1886
     126    2164                                                00010000D   1887
     126       0               2       0                               0D   1888
     126    2166                                                00010000D   1889
     126       0               3       0                               0D   1890
     126    2169                                                00010000D   1891
     126       0               3       0                               0D   1892
     126    2172                                                00010000D   1893
     126       0               2       0                               0D   1894
     126    2174                                                00010000D   1895
     126       0               3       0                               0D   1896
     126    2177                                                00010000D   1897
     126       0               3       0                               0D   1898
     126    2180                                                00010000D   1899
     126       0               5       0                               0D   1900
     126    2185                                                00010000D   1901
     126       0               6       0                               0D   1902
     126    2191                                                00010000D   1903
     126       0               3       0                               0D   1904
     126    2194                                                00010000D   1905
     126       0               8       0                               0D   1906
     126    2202                                                00010000D   1907
     126       0               7       0                               0D   1908
     126    2209                                                00010000D   1909
     126       0               5       0                               0D   1910
     126    2214                                                00010000D   1911
     126       0               6       0                               0D   1912
     126    2220                                                00010000D   1913
     126       0               3       0                               0D   1914
     126    2223                                                00010000D   1915
     126       0               8       0                               0D   1916
     126    2231                                                00010000D   1917
     126       0               7       0                               0D   1918
     126    2238                                                00010000D   1919
     126       0               5       0                               0D   1920
     126    2243                                                00010000D   1921
     126       0               6       0                               0D   1922
     126    2249                                                00010000D   1923
     126       0               3       0                               0D   1924
     126    2252                                                00010000D   1925
     126       0               8       0                               0D   1926
     126    2260                                                00010000D   1927
     126       0               7       0                               0D   1928
     126    2267                                                00010000D   1929
     126       0               5       0                               0D   1930
     126    2272                                                00010000D   1931
     126       0               6       0                               0D   1932
     126    2278                                                00010000D   1933
     126       0               3       0                               0D   1934
     126    2281                                                00010000D   1935
     126       0               8       0                               0D   1936
     126    2289                                                00010000D   1937
     126       0               6       0                               0D   1938
     126    2295                                                00010000D   1939
     126       0               5       0                               0D   1940
     126    2300                                                00010000D   1941
     126       0               6       0                               0D   1942
     126    2306                                                00010000D   1943
     126       0               3       0                               0D   1944
     126    2309                                                00010000D   1945
     126       0               8       0                               0D   1946
     126    2317                                                00010000D   1947
     126       0               7       0                               0D   1948
     126    2324                                                00010000D   1949
     126       0               5       0                               0D   1950
     126    2329                                                00010000D   1951
     126       0               6       0                               0D   1952
     126    2335                                                00010000D   1953
     126       0               2       0                               0D   1954
     126    2337                                                00010000D   1955
     126       0               6       0                               0D   1956
     126    2343                                                00010000D   1957
     126       0               5       0                               0D   1958
     126    2348                                                00010000D   1959
     126       0               5       0                               0D   1960
     126    2353                                                00010000D   1961
     126       0               6       0                               0D   1962
     126    2359                                                00010000D   1963
     126       0               2       0                               0D   1964
     126    2361                                                00010000D   1965
     126       0               6       0                               0D   1966
     126    2367                                                00010000D   1967
     126       0               5       0                               0D   1968
     126    2372                                                00010000D   1969
     126       0               5       0                               0D   1970
     126    2377                                                00010000D   1971
     126       0               6       0                               0D   1972
     126    2383                                                00010000D   1973
     126       0               2       0                               0D   1974
     126    2385                                                00010000D   1975
     126       0               6       0                               0D   1976
     126    2391                                                00010000D   1977
     126       0               5       0                               0D   1978
     126    2396                                                00010000D   1979
     126       0               5       0                               0D   1980
     126    2401                                                00010000D   1981
     126       0               6       0                               0D   1982
     126    2407                                                00010000D   1983
     126       0               2       0                               0D   1984
     126    2409                                                00010000D   1985
     126       0               6       0                               0D   1986
     126    2415                                                00010000D   1987
     126       0               5       0                               0D   1988
     126    2420                                                00010000D   1989
     126       0               2       0                               0D   1990
     126    2422                                                00010000D   1991
     126       0               2       0                               0D   1992
     126    2424                                                00010000D   1993
     126       0               2       0                               0D   1994
     126    2426                                                00010000D   1995
     126       0               2       0                               0D   1996
     126    2428                                                00010000D   1997
     126       0               2       0                               0D   1998
     126    2430                                                00010000D   1999
     126       0               2       0                               0D   2000
     126    2432                                                00010000D   2001
     126       0               2       0                               0D   2002
     126    2434                                                00010000D   2003
     126       0               2       0                               0D   2004
     126    2436                                                00010000D   2005
     126       0               2       0                               0D   2006
     126    2438                                                00010000D   2007
     126       0               2       0                               0D   2008
     126    2440                                                00010000D   2009
     126       0               2       0                               0D   2010
     126    2442                                                00010000D   2011
     126       0               2       0                               0D   2012
     126    2444                                                00010000D   2013
     126       0               6       0                               0D   2014
     126    2450                                                00010000D   2015
     126       0               6       0                               0D   2016
     126    2456                                                00010000D   2017
     126       0               2       0                               0D   2018
     126    2458                                                00010000D   2019
     126       0               6       0                               0D   2020
     126    2464                                                00010000D   2021
     126       0               6       0                               0D   2022
     126    2470                                                00010000D   2023
     126       0               6       0                               0D   2024
     126    2476                                                00010000D   2025
     126       0               7       0                               0D   2026
     126    2483                                                00010000D   2027
     126       0               3       0                               0D   2028
     126    2486                                                00010000D   2029
     126       0               7       0                               0D   2030
     126    2493                                                00010000D   2031
     126       0               6       0                               0D   2032
     126    2499                                                00010000D   2033
     126       0               5       0                               0D   2034
     126    2504                                                00010000D   2035
     126       0               6       0                               0D   2036
     126    2510                                                00010000D   2037
     126       0               2       0                               0D   2038
     126    2512                                                00010000D   2039
     126       0               6       0                               0D   2040
     126    2518                                                00010000D   2041
     126       0               5       0                               0D   2042
     126    2523                                                00010000D   2043
     126       0               5       0                               0D   2044
     126    2528                                                00010000D   2045
     126       0               6       0                               0D   2046
     126    2534                                                00010000D   2047
     126       0               2       0                               0D   2048
     126    2536                                                00010000D   2049
     126       0               6       0                               0D   2050
     126    2542                                                00010000D   2051
     126       0               5       0                               0D   2052
     126    2547                                                00010000D   2053
     126       0               5       0                               0D   2054
     126    2552                                                00010000D   2055
     126       0               6       0                               0D   2056
     126    2558                                                00010000D   2057
     126       0               2       0                               0D   2058
     126    2560                                                00010000D   2059
     126       0               6       0                               0D   2060
     126    2566                                                00010000D   2061
     126       0               5       0                               0D   2062
     126    2571                                                00010000D   2063
     126       0               5       0                               0D   2064
     126    2576                                                00010000D   2065
     126       0               6       0                               0D   2066
     126    2582                                                00010000D   2067
     126       0               2       0                               0D   2068
     126    2584                                                00010000D   2069
     126       0               6       0                               0D   2070
     126    2590                                                00010000D   2071
     126       0               5       0                               0D   2072
     126    2595                                                00010000D   2073
     126       0               5       0                               0D   2074
     126    2600                                                00010000D   2075
     126       0               6       0                               0D   2076
     126    2606                                                00010000D   2077
     126       0               2       0                               0D   2078
     126    2608                                                00010000D   2079
     126       0               6       0                               0D   2080
     126    2614                                                00010000D   2081
     126       0               5       0                               0D   2082
     126    2619                                                00010000D   2083
     126       0               5       0                               0D   2084
     126    2624                                                00010000D   2085
     126       0               6       0                               0D   2086
     126    2630                                                00010000D   2087
     126       0               2       0                               0D   2088
     126    2632                                                00010000D   2089
     126       0               6       0                               0D   2090
     126    2638                                                00010000D   2091
     126       0               5       0                               0D   2092
     126    2643                                                00010000D   2093
     126       0               5       0                               0D   2094
     126    2648                                                00010000D   2095
     126       0               6       0                               0D   2096
     126    2654                                                00010000D   2097
     126       0               2       0                               0D   2098
     126    2656                                                00010000D   2099
     126       0               6       0                               0D   2100
     126    2662                                                00010000D   2101
     126       0               5       0                               0D   2102
     126    2667                                                00010000D   2103
     126       0               5       0                               0D   2104
     126    2672                                                00010000D   2105
     126       0               6       0                               0D   2106
     126    2678                                                00010000D   2107
     126       0               2       0                               0D   2108
     126    2680                                                00010000D   2109
     126       0               6       0                               0D   2110
     126    2686                                                00010000D   2111
     126       0               5       0                               0D   2112
     126    2691                                                00010000D   2113
     126       0               5       0                               0D   2114
     126    2696                                                00010000D   2115
     126       0               6       0                               0D   2116
     126    2702                                                00010000D   2117
     126       0               2       0                               0D   2118
     126    2704                                                00010000D   2119
     126       0               6       0                               0D   2120
     126    2710                                                00010000D   2121
     126       0               5       0                               0D   2122
     126    2715                                                00010000D   2123
     126       0               2       0                               0D   2124
     126    2717                                                00010000D   2125
     126       0               2       0                               0D   2126
     126    2719                                                00010000D   2127
     126       0               3       0                               0D   2128
     126    2722                                                00010000D   2129
     126       0               2       0                               0D   2130
     126    2724                                                00010000D   2131
     126       0               2       0                               0D   2132
     126    2726                                                00010000D   2133
     126       0               2       0                               0D   2134
     126    2728                                                00010000D   2135
     126       0               2       0                               0D   2136
     126    2730                                                00010000D   2137
     126       0               3       0                               0D   2138
     126    2733                                                00010000D   2139
     126       0               3       0                               0D   2140
     126    2736                                                00010000D   2141
     126       0               2       0                               0D   2142
     126    2738                                                00010000D   2143
     126       0               2       0                               0D   2144
     126    2740                                                00010000D   2145
     126       0               2       0                               0D   2146
     126    2742                                                00010000D   2147
     126       0               6       0                               0D   2148
     126    2748                                                00010000D   2149
     126       0               6       0                               0D   2150
     126    2754                                                00010000D   2151
     126       0               3       0                               0D   2152
     126    2757                                                00010000D   2153
     126       0               6       0                               0D   2154
     126    2763                                                00010000D   2155
     126       0               5       0                               0D   2156
     126    2768                                                00010000D   2157
     126       0               7       0                               0D   2158
     126    2775                                                00010000D   2159
     126       0               7       0                               0D   2160
     126    2782                                                00010000D   2161
     126       0               3       0                               0D   2162
     126    2785                                                00010000D   2163
     126       0               7       0                               0D   2164
     126    2792                                                00010000D   2165
     126       0               6       0                               0D   2166
     126    2798                                                00010000D   2167
     126       0               6       0                               0D   2168
     126    2804                                                00010000D   2169
     126       0               6       0                               0D   2170
     126    2810                                                00010000D   2171
     126       0               2       0                               0D   2172
     126    2812                                                00010000D   2173
     126       0               6       0                               0D   2174
     126    2818                                                00010000D   2175
     126       0               6       0                               0D   2176
     126    2824                                                00010000D   2177
     126       0               6       0                               0D   2178
     126    2830                                                00010000D   2179
     126       0               7       0                               0D   2180
     126    2837                                                00010000D   2181
     126       0               3       0                               0D   2182
     126    2840                                                00010000D   2183
     126       0               7       0                               0D   2184
     126    2847                                                00010000D   2185
     126       0               6       0                               0D   2186
     126    2853                                                00010000D   2187
     126       0               6       0                               0D   2188
     126    2859                                                00010000D   2189
     126       0               7       0                               0D   2190
     126    2866                                                00010000D   2191
     126       0               2       0                               0D   2192
     126    2868                                                00010000D   2193
     126       0               7       0                               0D   2194
     126    2875                                                00010000D   2195
     126       0               6       0                               0D   2196
     126    2881                                                00010000D   2197
     126       0               5       0                               0D   2198
     126    2886                                                00010000D   2199
     126       0               6       0                               0D   2200
     126    2892                                                00010000D   2201
     126       0               2       0                               0D   2202
     126    2894                                                00010000D   2203
     126       0               6       0                               0D   2204
     126    2900                                                00010000D   2205
     126       0               5       0                               0D   2206
     126    2905                                                00010000D   2207
     126       0               2       0                               0D   2208
     126    2907                                                00010000D   2209
     126       0               2       0                               0D   2210
     126    2909                                                00010000D   2211
     126       0               2       0                               0D   2212
     126    2911                                                00010000D   2213
     126       0               2       0                               0D   2214
     126    2913                                                00010000D   2215
     126       0               2       0                               0D   2216
     126    2915                                                00010000D   2217
     126       0               2       0                               0D   2218
     126    2917                                                00010000D   2219
     126       0               2       0                               0D   2220
     126    2919                                                00010000D   2221
     126       0               2       0                               0D   2222
     126    2921                                                00010000D   2223
     126       0               2       0                               0D   2224
     126    2923                                                00010000D   2225
     126       0               2       0                               0D   2226
     126    2925                                                00010000D   2227
     126       0               2       0                               0D   2228
     126    2927                                                00010000D   2229
     126       0               2       0                               0D   2230
     126    2929                                                00010000D   2231
     126       0               6       0                               0D   2232
     126    2935                                                00010000D   2233
     126       0               6       0                               0D   2234
     126    2941                                                00010000D   2235
     126       0               3       0                               0D   2236
     126    2944                                                00010000D   2237
     126       0               7       0                               0D   2238
     126    2951                                                00010000D   2239
     126       0               6       0                               0D   2240
     126    2957                                                00010000D   2241
     126       0               6       0                               0D   2242
     126    2963                                                00010000D   2243
     126       0               6       0                               0D   2244
     126    2969                                                00010000D   2245
     126       0               3       0                               0D   2246
     126    2972                                                00010000D   2247
     126       0               7       0                               0D   2248
     126    2979                                                00010000D   2249
     126       0               6       0                               0D   2250
     126    2985                                                00010000D   2251
     126       0               5       0                               0D   2252
     126    2990                                                00010000D   2253
     126       0               6       0                               0D   2254
     126    2996                                                00010000D   2255
     126       0               2       0                               0D   2256
     126    2998                                                00010000D   2257
     126       0               6       0                               0D   2258
     126    3004                                                00010000D   2259
     126       0               5       0                               0D   2260
     126    3009                                                00010000D   2261
     126       0               5       0                               0D   2262
     126    3014                                                00010000D   2263
     126       0               6       0                               0D   2264
     126    3020                                                00010000D   2265
     126       0               2       0                               0D   2266
     126    3022                                                00010000D   2267
     126       0               6       0                               0D   2268
     126    3028                                                00010000D   2269
     126       0               5       0                               0D   2270
     126    3033                                                00010000D   2271
     126       0               2       0                               0D   2272
     126    3035                                                00010000D   2273
     126       0               2       0                               0D   2274
     126    3037                                                00010000D   2275
     126       0               2       0                               0D   2276
     126    3039                                                00010000D   2277
     126       0               2       0                               0D   2278
     126    3041                                                00010000D   2279
     126       0               3       0                               0D   2280
     126    3044                                                00010000D   2281
     126       0               2       0                               0D   2282
     126    3046                                                00010000D   2283
     126       0               2       0                               0D   2284
     126    3048                                                00010000D   2285
     126       0               2       0                               0D   2286
     126    3050                                                00010000D   2287
     126       0               2       0                               0D   2288
     126    3052                                                00010000D   2289
     126       0               2       0                               0D   2290
     126    3054                                                00010000D   2291
     126       0               3       0                               0D   2292
     126    3057                                                00010000D   2293
     126       0               2       0                               0D   2294
     126    3059                                                00010000D   2295
     126       0               5       0                               0D   2296
     126    3064                                                00010000D   2297
     126       0               6       0                               0D   2298
     126    3070                                                00010000D   2299
     126       0               3       0                               0D   2300
     126    3073                                                00010000D   2301
     126       0               6       0                               0D   2302
     126    3079                                                00010000D   2303
     126       0               5       0                               0D   2304
     126    3084                                                00010000D   2305
     126       0               5       0                               0D   2306
     126    3089                                                00010000D   2307
     126       0               6       0                               0D   2308
     126    3095                                                00010000D   2309
     126       0               3       0                               0D   2310
     126    3098                                                00010000D   2311
     126       0               6       0                               0D   2312
     126    3104                                                00010000D   2313
     126       0               5       0                               0D   2314
     126    3109                                                00010000D   2315
     126       0               2       0                               0D   2316
     126    3111                                                00010000D   2317
     126       0               2       0                               0D   2318
     126    3113                                                00010000D   2319
     126       0               2       0                               0D   2320
     126    3115                                                00010000D   2321
     126       0               2       0                               0D   2322
     126    3117                                                00010000D   2323
     126       0               2       0                               0D   2324
     126    3119                                                00010000D   2325
     126       0               2       0                               0D   2326
     126    3121                                                00010000D   2327
     126       0               2       0                               0D   2328
     126    3123                                                00010000D   2329
     126       0               3       0                               0D   2330
     126    3126                                                00010000D   2331
     126       0               3       0                               0D   2332
     126    3129                                                00010000D   2333
     126       0               2       0                               0D   2334
     126    3131                                                00010000D   2335
     126       0               2       0                               0D   2336
     126    3133                                                00010000D   2337
     126       0               2       0                               0D   2338
     126    3135                                                00010000D   2339
     126       0               5       0                               0D   2340
     126    3140                                                00010000D   2341
     126       0               6       0                               0D   2342
     126    3146                                                00010000D   2343
     126       0               4       0                               0D   2344
     126    3150                                                00010000D   2345
     126       0               6       0                               0D   2346
     126    3156                                                00010000D   2347
     126       0               5       0                               0D   2348
     126    3161                                                00010000D   2349
     126       0               5       0                               0D   2350
     126    3166                                                00010000D   2351
     126       0               6       0                               0D   2352
     126    3172                                                00010000D   2353
     126       0               4       0                               0D   2354
     126    3176                                                00010000D   2355
     126       0               6       0                               0D   2356
     126    3182                                                00010000D   2357
     126       0               5       0                               0D   2358
     126    3187                                                00010000D   2359
     126       0               2       0                               0D   2360
     126    3189                                                00010000D   2361
     126       0               2       0                               0D   2362
     126    3191                                                00010000D   2363
     126       0               2       0                               0D   2364
     126    3193                                                00010000D   2365
     126       0               2       0                               0D   2366
     126    3195                                                00010000D   2367
     126       0               2       0                               0D   2368
     126    3197                                                00010000D   2369
     126       0               2       0                               0D   2370
     126    3199                                                00010000D   2371
     126       0               2       0                               0D   2372
     126    3201                                                00010000D   2373
     126       0               3       0                               0D   2374
     126    3204                                                00010000D   2375
     126       0               3       0                               0D   2376
     126    3207                                                00010000D   2377
     126       0               2       0                               0D   2378
     126    3209                                                00010000D   2379
     126       0               2       0                               0D   2380
     126    3211                                                00010000D   2381
     126       0               2       0                               0D   2382
     126    3213                                                00010000D   2383
     126       0               7       0                               0D   2384
     126    3220                                                00010000D   2385
     126       0               8       0                               0D   2386
     126    3228                                                00010000D   2387
     126       0               3       0                               0D   2388
     126    3231                                                00010000D   2389
     126       0               8       0                               0D   2390
     126    3239                                                00010000D   2391
     126       0               7       0                               0D   2392
     126    3246                                                00010000D   2393
     126       0               7       0                               0D   2394
     126    3253                                                00010000D   2395
     126       0               8       0                               0D   2396
     126    3261                                                00010000D   2397
     126       0               3       0                               0D   2398
     126    3264                                                00010000D   2399
     126       0               8       0                               0D   2400
     126    3272                                                00010000D   2401
     126       0               7       0                               0D   2402
     126    3279                                                00010000D   2403
     126       0               7       0                               0D   2404
     126    3286                                                00010000D   2405
     126       0               9       0                               0D   2406
     126    3295                                                00010000D   2407
     126       0               3       0                               0D   2408
     126    3298                                                00010000D   2409
     126       0               9       0                               0D   2410
     126    3307                                                00010000D   2411
     126       0               7       0                               0D   2412
     126    3314                                                00010000D   2413
     126       0               7       0                               0D   2414
     126    3321                                                00010000D   2415
     126       0               9       0                               0D   2416
     126    3330                                                00010000D   2417
     126       0               3       0                               0D   2418
     126    3333                                                00010000D   2419
     126       0               9       0                               0D   2420
     126    3342                                                00010000D   2421
     126       0               7       0                               0D   2422
     126    3349                                                00010000D   2423
     126       0               7       0                               0D   2424
     126    3356                                                00010000D   2425
     126       0               9       0                               0D   2426
     126    3365                                                00010000D   2427
     126       0               3       0                               0D   2428
     126    3368                                                00010000D   2429
     126       0               9       0                               0D   2430
     126    3377                                                00010000D   2431
     126       0               7       0                               0D   2432
     126    3384                                                00010000D   2433
     126       0               2       0                               0D   2434
     126    3386                                                00010000D   2435
     126       0               2       0                               0D   2436
     126    3388                                                00010000D   2437
     126       0               3       0                               0D   2438
     126    3391                                                00010000D   2439
     126       0               3       0                               0D   2440
     126    3394                                                00010000D   2441
     126       0               4       0                               0D   2442
     126    3398                                                00010000D   2443
     126       0               4       0                               0D   2444
     126    3402                                                00010000D   2445
     126       0               3       0                               0D   2446
     126    3405                                                00010000D   2447
     126       0               3       0                               0D   2448
     126    3408                                                00010000D   2449
     126       0               3       0                               0D   2450
     126    3411                                                00010000D   2451
     126       0               2       0                               0D   2452
     126    3413                                                00010000D   2453
     126       0               4       0                               0D   2454
     126    3417                                                00010000D   2455
     126       0               4       0                               0D   2456
     126    3421                                                00010000D   2457
     126       0               2       0                               0D   2458
     126    3423                                                00010000D   2459
     126       0               2       0                               0D   2460
     126    3425                                                00010000D   2461
     126       0               2       0                               0D   2462
     126    3427                                                00010000D   2463
     126       0               2       0                               0D   2464
     126    3429                                                00010000D   2465
     126       0               2       0                               0D   2466
     126    3431                                                00010000D   2467
     126       0               2       0                               0D   2468
     126    3433                                                00010000D   2469
     126       0               2       0                               0D   2470
     126    3435                                                00010000D   2471
     126       0               2       0                               0D   2472
     126    3437                                                00010000D   2473
     126       0               2       0                               0D   2474
     126    3439                                                00010000D   2475
     126       0               2       0                               0D   2476
     126    3441                                                00010000D   2477
     126       0               2       0                               0D   2478
     126    3443                                                00010000D   2479
     126       0               2       0                               0D   2480
     126    3445                                                00010000D   2481
     126       0               2       0                               0D   2482
     126    3447                                                00010000D   2483
     126       0               3       0                               0D   2484
     126    3450                                                00010000D   2485
     126       0               3       0                               0D   2486
     126    3453                                                00010000D   2487
     126       0               2       0                               0D   2488
     126    3455                                                00010000D   2489
     126       0               3       0                               0D   2490
     126    3458                                                00010000D   2491
     126       0               2       0                               0D   2492
     126    3460                                                00010000D   2493
     126       0               2       0                               0D   2494
     126    3462                                                00010000D   2495
     126       0               3       0                               0D   2496
     126    3465                                                00010000D   2497
     126       0               3       0                               0D   2498
     128    3468                                                00010000D   2499
     128       0   -3075      20       0                               0D   2500
     128    3488                                                00010000D   2501
     128       0   -3075       7       0                               0D   2502
     128    3495                                                00010000D   2503
     128       0   -3075      14       0                               0D   2504
     128    3509                                                00010000D   2505
     128       0   -3075       5       0                               0D   2506
     128    3514                                                00010000D   2507
     128       0   -3075      14       0                               0D   2508
     128    3528                                                00010000D   2509
     128       0   -3075       6       0                               0D   2510
     128    3534                                                00010000D   2511
     128       0   -3075      13       0                               0D   2512
     128    3547                                                00010000D   2513
     128       0   -3075       6       0                               0D   2514
     128    3553                                                00010000D   2515
     128       0   -3075      15       0                               0D   2516
     128    3568                                                00010000D   2517
     128       0   -3075       5       0                               0D   2518
     128    3573                                                00010000D   2519
     128       0   -3075      12       0                               0D   2520
     128    3585                                                00010000D   2521
     128       0   -3075       5       0                               0D   2522
     128    3590                                                00010000D   2523
     128       0   -3075      13       0                               0D   2524
     128    3603                                                00010000D   2525
     128       0   -3075       6       0                               0D   2526
     128    3609                                                00010000D   2527
     128       0   -3075      14       0                               0D   2528
     128    3623                                                00010000D   2529
     128       0   -3075       6       0                               0D   2530
     128    3629                                                00010000D   2531
     128       0   -3075      13       0                               0D   2532
     128    3642                                                00010000D   2533
     128       0   -3075       5       0                               0D   2534
     128    3647                                                00010000D   2535
     128       0   -3075      14       0                               0D   2536
     128    3661                                                00010000D   2537
     128       0   -3075       6       0                               0D   2538
     128    3667                                                00010000D   2539
     128       0   -3075      14       0                               0D   2540
     128    3681                                                00010000D   2541
     128       0   -3075       5       0                               0D   2542
     128    3686                                                00010000D   2543
     128       0   -3075      14       0                               0D   2544
     128    3700                                                00010000D   2545
     128       0   -3075       6       0                               0D   2546
     128    3706                                                00010000D   2547
     128       0   -3075      13       0                               0D   2548
     128    3719                                                00010000D   2549
     128       0   -3075       6       0                               0D   2550
     128    3725                                                00010000D   2551
     128       0   -3075      12       0                               0D   2552
     128    3737                                                00010000D   2553
     128       0   -3075       5       0                               0D   2554
     128    3742                                                00010000D   2555
     128       0   -3075      15       0                               0D   2556
     128    3757                                                00010000D   2557
     128       0   -3075       5       0                               0D   2558
     128    3762                                                00010000D   2559
     128       0   -3075      13       0                               0D   2560
     128    3775                                                00010000D   2561
     128       0   -3075       6       0                               0D   2562
     128    3781                                                00010000D   2563
     128       0   -3075      14       0                               0D   2564
     128    3795                                                00010000D   2565
     128       0   -3075       6       0                               0D   2566
     128    3801                                                00010000D   2567
     128       0   -3075      13       0                               0D   2568
     128    3814                                                00010000D   2569
     128       0   -3075       5       0                               0D   2570
     128    3819                                                00010000D   2571
     128       0   -3075      14       0                               0D   2572
     128    3833                                                00010000D   2573
     128       0   -3075       6       0                               0D   2574
     128    3839                                                00010000D   2575
     128       0   -3075      20       0                               0D   2576
     128    3859                                                00010000D   2577
     128       0   -3075       7       0                               0D   2578
     128    3866                                                00010000D   2579
     128       0   -3075       5       0                               0D   2580
     128    3871                                                00010000D   2581
     128       0   -3075       5       0                               0D   2582
     128    3876                                                00010000D   2583
     128       0   -3075       5       0                               0D   2584
     128    3881                                                00010000D   2585
     128       0   -3075       4       0                               0D   2586
     128    3885                                                00010000D   2587
     128       0   -3075       4       0                               0D   2588
     128    3889                                                00010000D   2589
     128       0   -3075       4       0                               0D   2590
     128    3893                                                00010000D   2591
     128       0   -3075       4       0                               0D   2592
     128    3897                                                00010000D   2593
     128       0   -3075       4       0                               0D   2594
     128    3901                                                00010000D   2595
     128       0   -3075       4       0                               0D   2596
     128    3905                                                00010000D   2597
     128       0   -3075      17       0                               0D   2598
     128    3922                                                00010000D   2599
     128       0   -3075       6       0                               0D   2600
     128    3928                                                00010000D   2601
     128       0   -3075      13       0                               0D   2602
     128    3941                                                00010000D   2603
     128       0   -3075       6       0                               0D   2604
     128    3947                                                00010000D   2605
     128       0   -3075      13       0                               0D   2606
     128    3960                                                00010000D   2607
     128       0   -3075       6       0                               0D   2608
     128    3966                                                00010000D   2609
     128       0   -3075      17       0                               0D   2610
     128    3983                                                00010000D   2611
     128       0   -3075       5       0                               0D   2612
     128    3988                                                00010000D   2613
     128       0   -3075      15       0                               0D   2614
     128    4003                                                00010000D   2615
     128       0   -3075       3       0                               0D   2616
     128    4006                                                00010000D   2617
     128       0   -3075      16       0                               0D   2618
     128    4022                                                00010000D   2619
     128       0   -3075       4       0                               0D   2620
     128    4026                                                00010000D   2621
     128       0   -3075      16       0                               0D   2622
     128    4042                                                00010000D   2623
     128       0   -3075       4       0                               0D   2624
     128    4046                                                00010000D   2625
     128       0   -3075      16       0                               0D   2626
     128    4062                                                00010000D   2627
     128       0   -3075       4       0                               0D   2628
     128    4066                                                00010000D   2629
     128       0   -3075      15       0                               0D   2630
     128    4081                                                00010000D   2631
     128       0   -3075       3       0                               0D   2632
     128    4084                                                00010000D   2633
     128       0   -3075      15       0                               0D   2634
     128    4099                                                00010000D   2635
     128       0   -3075       3       0                               0D   2636
     128    4102                                                00010000D   2637
     128       0   -3075      17       0                               0D   2638
     128    4119                                                00010000D   2639
     128       0   -3075       6       0                               0D   2640
     128    4125                                                00010000D   2641
     128       0   -3075      13       0                               0D   2642
     128    4138                                                00010000D   2643
     128       0   -3075       6       0                               0D   2644
     128    4144                                                00010000D   2645
     128       0   -3075      13       0                               0D   2646
     128    4157                                                00010000D   2647
     128       0   -3075       6       0                               0D   2648
     128    4163                                                00010000D   2649
     128       0   -3075      13       0                               0D   2650
     128    4176                                                00010000D   2651
     128       0   -3075       6       0                               0D   2652
     128    4182                                                00010000D   2653
     128       0   -3075      13       0                               0D   2654
     128    4195                                                00010000D   2655
     128       0   -3075       5       0                               0D   2656
     128    4200                                                00010000D   2657
     128       0   -3075      13       0                               0D   2658
     128    4213                                                00010000D   2659
     128       0   -3075       5       0                               0D   2660
     128    4218                                                00010000D   2661
     128       0   -3075       4       0                               0D   2662
     128    4222                                                00010000D   2663
     128       0   -3075       4       0                               0D   2664
     128    4226                                                00010000D   2665
     128       0   -3075       4       0                               0D   2666
     128    4230                                                00010000D   2667
     128       0   -3075       4       0                               0D   2668
     128    4234                                                00010000D   2669
     128       0   -3075       4       0                               0D   2670
     128    4238                                                00010000D   2671
     128       0   -3075       4       0                               0D   2672
     128    4242                                                00010000D   2673
     128       0   -3075      15       0                               0D   2674
     128    4257                                                00010000D   2675
     128       0   -3075       5       0                               0D   2676
     128    4262                                                00010000D   2677
     128       0   -3075      13       0                               0D   2678
     128    4275                                                00010000D   2679
     128       0   -3075       6       0                               0D   2680
     128    4281                                                00010000D   2681
     128       0   -3075      13       0                               0D   2682
     128    4294                                                00010000D   2683
     128       0   -3075       6       0                               0D   2684
     128    4300                                                00010000D   2685
     128       0   -3075      15       0                               0D   2686
     128    4315                                                00010000D   2687
     128       0   -3075       5       0                               0D   2688
     128    4320                                                00010000D   2689
     128       0   -3075      15       0                               0D   2690
     128    4335                                                00010000D   2691
     128       0   -3075       3       0                               0D   2692
     128    4338                                                00010000D   2693
     128       0   -3075      15       0                               0D   2694
     128    4353                                                00010000D   2695
     128       0   -3075       4       0                               0D   2696
     128    4357                                                00010000D   2697
     128       0   -3075      15       0                               0D   2698
     128    4372                                                00010000D   2699
     128       0   -3075       4       0                               0D   2700
     128    4376                                                00010000D   2701
     128       0   -3075      15       0                               0D   2702
     128    4391                                                00010000D   2703
     128       0   -3075       4       0                               0D   2704
     128    4395                                                00010000D   2705
     128       0   -3075      15       0                               0D   2706
     128    4410                                                00010000D   2707
     128       0   -3075       3       0                               0D   2708
     128    4413                                                00010000D   2709
     128       0   -3075      15       0                               0D   2710
     128    4428                                                00010000D   2711
     128       0   -3075       3       0                               0D   2712
     128    4431                                                00010000D   2713
     128       0   -3075      13       0                               0D   2714
     128    4444                                                00010000D   2715
     128       0   -3075       6       0                               0D   2716
     128    4450                                                00010000D   2717
     128       0   -3075      13       0                               0D   2718
     128    4463                                                00010000D   2719
     128       0   -3075       6       0                               0D   2720
     128    4469                                                00010000D   2721
     128       0   -3075      13       0                               0D   2722
     128    4482                                                00010000D   2723
     128       0   -3075       5       0                               0D   2724
     128    4487                                                00010000D   2725
     128       0   -3075      15       0                               0D   2726
     128    4502                                                00010000D   2727
     128       0   -3075       5       0                               0D   2728
     128    4507                                                00010000D   2729
     128       0   -3075      13       0                               0D   2730
     128    4520                                                00010000D   2731
     128       0   -3075       6       0                               0D   2732
     128    4526                                                00010000D   2733
     128       0   -3075      13       0                               0D   2734
     128    4539                                                00010000D   2735
     128       0   -3075       5       0                               0D   2736
     128    4544                                                00010000D   2737
     128       0   -3075       4       0                               0D   2738
     128    4548                                                00010000D   2739
     128       0   -3075       4       0                               0D   2740
     128    4552                                                00010000D   2741
     128       0   -3075       4       0                               0D   2742
     128    4556                                                00010000D   2743
     128       0   -3075       4       0                               0D   2744
     128    4560                                                00010000D   2745
     128       0   -3075       4       0                               0D   2746
     128    4564                                                00010000D   2747
     128       0   -3075       4       0                               0D   2748
     128    4568                                                00010000D   2749
     128       0   -3075      17       0                               0D   2750
     128    4585                                                00010000D   2751
     128       0   -3075       6       0                               0D   2752
     128    4591                                                00010000D   2753
     128       0   -3075      17       0                               0D   2754
     128    4608                                                00010000D   2755
     128       0   -3075       7       0                               0D   2756
     128    4615                                                00010000D   2757
     128       0   -3075      17       0                               0D   2758
     128    4632                                                00010000D   2759
     128       0   -3075       7       0                               0D   2760
     128    4639                                                00010000D   2761
     128       0   -3075      17       0                               0D   2762
     128    4656                                                00010000D   2763
     128       0   -3075       6       0                               0D   2764
     128    4662                                                00010000D   2765
     128       0   -3075      17       0                               0D   2766
     128    4679                                                00010000D   2767
     128       0   -3075       7       0                               0D   2768
     128    4686                                                00010000D   2769
     128       0   -3075      13       0                               0D   2770
     128    4699                                                00010000D   2771
     128       0   -3075       6       0                               0D   2772
     128    4705                                                00010000D   2773
     128       0   -3075      13       0                               0D   2774
     128    4718                                                00010000D   2775
     128       0   -3075       6       0                               0D   2776
     128    4724                                                00010000D   2777
     128       0   -3075      13       0                               0D   2778
     128    4737                                                00010000D   2779
     128       0   -3075       6       0                               0D   2780
     128    4743                                                00010000D   2781
     128       0   -3075      13       0                               0D   2782
     128    4756                                                00010000D   2783
     128       0   -3075       5       0                               0D   2784
     128    4761                                                00010000D   2785
     128       0   -3075       4       0                               0D   2786
     128    4765                                                00010000D   2787
     128       0   -3075       4       0                               0D   2788
     128    4769                                                00010000D   2789
     128       0   -3075       5       0                               0D   2790
     128    4774                                                00010000D   2791
     128       0   -3075       4       0                               0D   2792
     128    4778                                                00010000D   2793
     128       0   -3075       5       0                               0D   2794
     128    4783                                                00010000D   2795
     128       0   -3075       5       0                               0D   2796
     128    4788                                                00010000D   2797
     128       0   -3075      13       0                               0D   2798
     128    4801                                                00010000D   2799
     128       0   -3075       5       0                               0D   2800
     128    4806                                                00010000D   2801
     128       0   -3075      17       0                               0D   2802
     128    4823                                                00010000D   2803
     128       0   -3075       6       0                               0D   2804
     128    4829                                                00010000D   2805
     128       0   -3075      14       0                               0D   2806
     128    4843                                                00010000D   2807
     128       0   -3075       5       0                               0D   2808
     128    4848                                                00010000D   2809
     128       0   -3075      14       0                               0D   2810
     128    4862                                                00010000D   2811
     128       0   -3075       6       0                               0D   2812
     128    4868                                                00010000D   2813
     128       0   -3075      14       0                               0D   2814
     128    4882                                                00010000D   2815
     128       0   -3075       6       0                               0D   2816
     128    4888                                                00010000D   2817
     128       0   -3075      14       0                               0D   2818
     128    4902                                                00010000D   2819
     128       0   -3075       5       0                               0D   2820
     128    4907                                                00010000D   2821
     128       0   -3075      14       0                               0D   2822
     128    4921                                                00010000D   2823
     128       0   -3075       6       0                               0D   2824
     128    4927                                                00010000D   2825
     128       0   -3075      13       0                               0D   2826
     128    4940                                                00010000D   2827
     128       0   -3075       6       0                               0D   2828
     128    4946                                                00010000D   2829
     128       0   -3075      13       0                               0D   2830
     128    4959                                                00010000D   2831
     128       0   -3075       6       0                               0D   2832
     128    4965                                                00010000D   2833
     128       0   -3075      13       0                               0D   2834
     128    4978                                                00010000D   2835
     128       0   -3075       6       0                               0D   2836
     128    4984                                                00010000D   2837
     128       0   -3075      13       0                               0D   2838
     128    4997                                                00010000D   2839
     128       0   -3075       5       0                               0D   2840
     128    5002                                                00010000D   2841
     128       0   -3075       4       0                               0D   2842
     128    5006                                                00010000D   2843
     128       0   -3075       4       0                               0D   2844
     128    5010                                                00010000D   2845
     128       0   -3075       4       0                               0D   2846
     128    5014                                                00010000D   2847
     128       0   -3075       4       0                               0D   2848
     128    5018                                                00010000D   2849
     128       0   -3075       5       0                               0D   2850
     128    5023                                                00010000D   2851
     128       0   -3075       5       0                               0D   2852
     128    5028                                                00010000D   2853
     128       0   -3075      14       0                               0D   2854
     128    5042                                                00010000D   2855
     128       0   -3075       5       0                               0D   2856
     128    5047                                                00010000D   2857
     128       0   -3075      16       0                               0D   2858
     128    5063                                                00010000D   2859
     128       0   -3075       6       0                               0D   2860
     128    5069                                                00010000D   2861
     128       0   -3075      15       0                               0D   2862
     128    5084                                                00010000D   2863
     128       0   -3075       5       0                               0D   2864
     128    5089                                                00010000D   2865
     128       0   -3075      15       0                               0D   2866
     128    5104                                                00010000D   2867
     128       0   -3075       6       0                               0D   2868
     128    5110                                                00010000D   2869
     128       0   -3075      17       0                               0D   2870
     128    5127                                                00010000D   2871
     128       0   -3075       6       0                               0D   2872
     128    5133                                                00010000D   2873
     128       0   -3075      14       0                               0D   2874
     128    5147                                                00010000D   2875
     128       0   -3075       5       0                               0D   2876
     128    5152                                                00010000D   2877
     128       0   -3075       4       0                               0D   2878
     128    5156                                                00010000D   2879
     128       0   -3075       4       0                               0D   2880
     128    5160                                                00010000D   2881
     128       0   -3075       4       0                               0D   2882
     128    5164                                                00010000D   2883
     128       0   -3075       4       0                               0D   2884
     128    5168                                                00010000D   2885
     128       0   -3075       4       0                               0D   2886
     128    5172                                                00010000D   2887
     128       0   -3075       5       0                               0D   2888
     128    5177                                                00010000D   2889
     128       0   -3075      16       0                               0D   2890
     128    5193                                                00010000D   2891
     128       0   -3075       6       0                               0D   2892
     128    5199                                                00010000D   2893
     128       0   -3075      15       0                               0D   2894
     128    5214                                                00010000D   2895
     128       0   -3075       6       0                               0D   2896
     128    5220                                                00010000D   2897
     128       0   -3075      13       0                               0D   2898
     128    5233                                                00010000D   2899
     128       0   -3075       5       0                               0D   2900
     128    5238                                                00010000D   2901
     128       0   -3075      13       0                               0D   2902
     128    5251                                                00010000D   2903
     128       0   -3075       5       0                               0D   2904
     128    5256                                                00010000D   2905
     128       0   -3075       4       0                               0D   2906
     128    5260                                                00010000D   2907
     128       0   -3075       4       0                               0D   2908
     128    5264                                                00010000D   2909
     128       0   -3075       4       0                               0D   2910
     128    5268                                                00010000D   2911
     128       0   -3075       4       0                               0D   2912
     128    5272                                                00010000D   2913
     128       0   -3075       4       0                               0D   2914
     128    5276                                                00010000D   2915
     128       0   -3075       4       0                               0D   2916
     128    5280                                                00010000D   2917
     128       0   -3075      14       0                               0D   2918
     128    5294                                                00010000D   2919
     128       0   -3075       4       0                               0D   2920
     128    5298                                                00010000D   2921
     128       0   -3075      14       0                               0D   2922
     128    5312                                                00010000D   2923
     128       0   -3075       3       0                               0D   2924
     128    5315                                                00010000D   2925
     128       0   -3075       4       0                               0D   2926
     128    5319                                                00010000D   2927
     128       0   -3075       3       0                               0D   2928
     128    5322                                                00010000D   2929
     128       0   -3075       3       0                               0D   2930
     128    5325                                                00010000D   2931
     128       0   -3075       4       0                               0D   2932
     128    5329                                                00010000D   2933
     128       0   -3075       4       0                               0D   2934
     128    5333                                                00010000D   2935
     128       0   -3075       4       0                               0D   2936
     128    5337                                                00010000D   2937
     128       0   -3075      15       0                               0D   2938
     128    5352                                                00010000D   2939
     128       0   -3075       4       0                               0D   2940
     128    5356                                                00010000D   2941
     128       0   -3075      15       0                               0D   2942
     128    5371                                                00010000D   2943
     128       0   -3075       4       0                               0D   2944
     128    5375                                                00010000D   2945
     128       0   -3075       4       0                               0D   2946
     128    5379                                                00010000D   2947
     128       0   -3075       4       0                               0D   2948
     128    5383                                                00010000D   2949
     128       0   -3075       3       0                               0D   2950
     128    5386                                                00010000D   2951
     128       0   -3075       4       0                               0D   2952
     128    5390                                                00010000D   2953
     128       0   -3075       4       0                               0D   2954
     128    5394                                                00010000D   2955
     128       0   -3075       4       0                               0D   2956
     128    5398                                                00010000D   2957
     128       0   -3075      20       0                               0D   2958
     128    5418                                                00010000D   2959
     128       0   -3075       7       0                               0D   2960
     128    5425                                                00010000D   2961
     128       0   -3075      20       0                               0D   2962
     128    5445                                                00010000D   2963
     128       0   -3075       7       0                               0D   2964
     128    5452                                                00010000D   2965
     128       0   -3075      22       0                               0D   2966
     128    5474                                                00010000D   2967
     128       0   -3075       7       0                               0D   2968
     128    5481                                                00010000D   2969
     128       0   -3075      22       0                               0D   2970
     128    5503                                                00010000D   2971
     128       0   -3075       7       0                               0D   2972
     128    5510                                                00010000D   2973
     128       0   -3075      22       0                               0D   2974
     128    5532                                                00010000D   2975
     128       0   -3075       7       0                               0D   2976
     128    5539                                                00010000D   2977
     128       0   -3075       6       0                               0D   2978
     128    5545                                                00010000D   2979
     128       0   -3075       5       0                               0D   2980
     128    5550                                                00010000D   2981
     128       0   -3075       5       0                               0D   2982
     128    5555                                                00010000D   2983
     128       0   -3075       5       0                               0D   2984
     128    5560                                                00010000D   2985
     128       0   -3075       7       0                               0D   2986
     128    5567                                                00010000D   2987
     128       0   -3075       7       0                               0D   2988
     128    5574                                                00010000D   2989
     128       0   -3075       4       0                               0D   2990
     128    5578                                                00010000D   2991
     128       0   -3075       4       0                               0D   2992
     128    5582                                                00010000D   2993
     128       0   -3075       4       0                               0D   2994
     128    5586                                                00010000D   2995
     128       0   -3075       4       0                               0D   2996
     128    5590                                                00010000D   2997
     128       0   -3075       5       0                               0D   2998
     128    5595                                                00010000D   2999
     128       0   -3075       5       0                               0D   3000
     128    5600                                                00010000D   3001
     128       0   -3075       5       0                               0D   3002
     128    5605                                                00010000D   3003
     128       0   -3075       4       0                               0D   3004
     128    5609                                                00010000D   3005
     128       0   -3075       4       0                               0D   3006
     502    5613                                                00010000D   3007
     502                      34       1                               0D   3008
     502    5647                                                00010000D   3009
     502                      24       1                               0D   3010
     502    5671                                                00010000D   3011
     502                      24       1                               0D   3012
     502    5695                                                00010000D   3013
     502                      18       1                               0D   3014
     502    5713                                                00010000D   3015
     502                      18       1                               0D   3016
     502    5731                                                00010000D   3017
     502                      12       1                               0D   3018
     502    5743                                                00010000D   3019
     502                       8       1                               0D   3020
     502    5751                                                00010000D   3021
     502                       5       1                               0D   3022
     502    5756                                                00010000D   3023
     502                       5       1                               0D   3024
     502    5761                                                00010000D   3025
     502                      19       1                               0D   3026
     502    5780                                                00010000D   3027
     502                       5       1                               0D   3028
     504    5785                                                00010001D   3029
     504                      41       1                               0D   3030
     504    5826                                                00010001D   3031
     504                      31       1                               0D   3032
     504    5857                                                00010001D   3033
     504                      31       1                               0D   3034
     504    5888                                                00010001D   3035
     504                      19       1                               0D   3036
     504    5907                                                00010001D   3037
     504                      23       1                               0D   3038
     504    5930                                                00010001D   3039
     504                      14       1                               0D   3040
     504    5944                                                00010001D   3041
     504                      11       1                               0D   3042
     504    5955                                                00010001D   3043
     504                       8       1                               0D   3044
     504    5963                                                00010001D   3045
     504                       8       1                               0D   3046
     504    5971                                                00010001D   3047
     504                      13       1                               0D   3048
     504    5984                                                00010001D   3049
     504                       7       1                               0D   3050
     406    5991                                                00000000D   3051
     406                       1      15                               0D   3052
     406    5992                                                00000000D   3053
     406                       1      15                               0D   3054
     406    5993                                                00000000D   3055
     406                       1      15                               0D   3056
     406    5994                                                00000000D   3057
     406                       1      15                               0D   3058
     406    5995                                                00000000D   3059
     406                       1      15                               0D   3060
     406    5996                                                00000000D   3061
     406                       1      15                               0D   3062
     406    5997                                                00000000D   3063
     406                       1      15                               0D   3064
     406    5998                                                00000000D   3065
     406                       1      15                               0D   3066
     406    5999                                                00000000D   3067
     406                       1      15                               0D   3068
     406    6000                                                00000000D   3069
     406                       1      15                               0D   3070
     406    6001                                                00000000D   3071
     406                       1      15                               0D   3072
     406    6002                                                00000000D   3073
     406                       1      15                               0D   3074
     314    6003                                                00000200D   3075
     314                       2       0                               0D   3076
124,1.,-1.863476931463D-33,-6.71388321132022D-17,                      1P      1
17.0232078563159,8.11939811888759D-33,1.,2.32272999265757D-16,         1P      2
6.16297582203915D-32,6.93889390390723D-17,2.77555756156289D-17,        1P      3
1.,15.953584287368;                                                    1P      4
408,25,0.,0.,0.,1.,0,1,3053;                                           3P      5
408,27,0.,0.,0.,1.,0,1,3055;                                           5P      6
408,29,0.,0.,0.,1.,0,1,3057;                                           7P      7
408,31,0.,0.,0.,1.,0,1,3059;                                           9P      8
408,33,0.,0.,0.,1.,0,1,3061;                                          11P      9
408,35,0.,0.,0.,1.,0,1,3063;                                          13P     10
408,37,0.,0.,0.,1.,0,1,3065;                                          15P     11
408,39,0.,0.,0.,1.,0,1,3067;                                          17P     12
408,41,0.,0.,0.,1.,0,1,3069;                                          19P     13
408,43,0.,0.,0.,1.,0,1,3071;                                          21P     14
408,45,0.,0.,0.,1.,0,1,3073;                                          23P     15
308,0,4HBase,1,47;                                                    25P     16
308,0,7HLat Der,1,49;                                                 27P     17
308,0,7HLat Izq,1,51;                                                 29P     18
308,0,9HFondo Der,1,53;                                               31P     19
308,0,9HFondo Izq,1,55;                                               33P     20
308,0,3HRef,1,57;                                                     35P     21
308,0,9HRef Medio,1,59;                                               37P     22
308,0,10HPuerta Der,1,61;                                             39P     23
308,0,10HPuerta Izq,1,63;                                             41P     24
308,0,8HRef Tras,1,65;                                                43P     25
308,0,10HEntrepaño,1,67;                                             45P     26
186,69,1,0,0,1,3051;                                                  47P     27
186,71,1,0,0,1,3051;                                                  49P     28
186,73,1,0,0,1,3051;                                                  51P     29
186,75,1,0,0,1,3051;                                                  53P     30
186,77,1,0,0,1,3051;                                                  55P     31
186,79,1,0,0,1,3051;                                                  57P     32
186,81,1,0,0,1,3051;                                                  59P     33
186,83,1,0,0,1,3051;                                                  61P     34
186,85,1,0,0,1,3051;                                                  63P     35
186,87,1,0,0,1,3051;                                                  65P     36
186,89,1,0,0,1,3051;                                                  67P     37
514,49,91,1,93,1,95,1,97,1,99,1,101,1,103,1,105,1,107,1,109,1,        69P     38
111,1,113,1,115,1,117,1,119,1,121,1,123,1,125,1,127,1,129,1,131,      69P     39
1,133,1,135,1,137,1,139,1,141,1,143,1,145,1,147,1,149,1,151,1,        69P     40
153,1,155,1,157,1,159,1,161,1,163,1,165,1,167,1,169,1,171,1,173,      69P     41
1,175,1,177,1,179,1,181,1,183,1,185,1,187,1;                          69P     42
514,38,189,1,191,1,193,1,195,1,197,1,199,1,201,1,203,1,205,1,         71P     43
207,1,209,1,211,1,213,1,215,1,217,1,219,1,221,1,223,1,225,1,227,      71P     44
1,229,1,231,1,233,1,235,1,237,1,239,1,241,1,243,1,245,1,247,1,        71P     45
249,1,251,1,253,1,255,1,257,1,259,1,261,1,263,1;                      71P     46
514,38,265,1,267,1,269,1,271,1,273,1,275,1,277,1,279,1,281,1,         73P     47
283,1,285,1,287,1,289,1,291,1,293,1,295,1,297,1,299,1,301,1,303,      73P     48
1,305,1,307,1,309,1,311,1,313,1,315,1,317,1,319,1,321,1,323,1,        73P     49
325,1,327,1,329,1,331,1,333,1,335,1,337,1,339,1;                      73P     50
514,24,341,1,343,1,345,1,347,1,349,1,351,1,353,1,355,1,357,1,         75P     51
359,1,361,1,363,1,365,1,367,1,369,1,371,1,373,1,375,1,377,1,379,      75P     52
1,381,1,383,1,385,1,387,1;                                            75P     53
514,28,389,1,391,1,393,1,395,1,397,1,399,1,401,1,403,1,405,1,         77P     54
407,1,409,1,411,1,413,1,415,1,417,1,419,1,421,1,423,1,425,1,427,      77P     55
1,429,1,431,1,433,1,435,1,437,1,439,1,441,1,443,1;                    77P     56
514,18,445,1,447,1,449,1,451,1,453,1,455,1,457,1,459,1,461,1,         79P     57
463,1,465,1,467,1,469,1,471,1,473,1,475,1,477,1,479,1;                79P     58
514,14,481,1,483,1,485,1,487,1,489,1,491,1,493,1,495,1,497,1,         81P     59
499,1,501,1,503,1,505,1,507,1;                                        81P     60
514,10,509,1,511,1,513,1,515,1,517,1,519,1,521,1,523,1,525,1,         83P     61
527,1;                                                                83P     62
514,10,529,1,531,1,533,1,535,1,537,1,539,1,541,1,543,1,545,1,         85P     63
547,1;                                                                85P     64
514,16,549,1,551,1,553,1,555,1,557,1,559,1,561,1,563,1,565,1,         87P     65
567,1,569,1,571,1,573,1,575,1,577,1,579,1;                            87P     66
514,9,581,1,583,1,585,1,587,1,589,1,591,1,593,1,595,1,597,1;          89P     67
510,2499,1,1,599;                                                     91P     68
510,2501,1,1,601;                                                     93P     69
510,2503,1,1,603;                                                     95P     70
510,2505,1,1,605;                                                     97P     71
510,2507,1,1,607;                                                     99P     72
510,2509,1,1,609;                                                    101P     73
510,2511,1,1,611;                                                    103P     74
510,2513,1,1,613;                                                    105P     75
510,2515,1,1,615;                                                    107P     76
510,2517,1,1,617;                                                    109P     77
510,2519,1,1,619;                                                    111P     78
510,2521,1,1,621;                                                    113P     79
510,2523,1,1,623;                                                    115P     80
510,2525,1,1,625;                                                    117P     81
510,2527,1,1,627;                                                    119P     82
510,2529,1,1,629;                                                    121P     83
510,2531,1,1,631;                                                    123P     84
510,2533,1,1,633;                                                    125P     85
510,2535,1,1,635;                                                    127P     86
510,2537,1,1,637;                                                    129P     87
510,2539,1,1,639;                                                    131P     88
510,2541,1,1,641;                                                    133P     89
510,2543,1,1,643;                                                    135P     90
510,2545,1,1,645;                                                    137P     91
510,2547,1,1,647;                                                    139P     92
510,2549,1,1,649;                                                    141P     93
510,2551,1,1,651;                                                    143P     94
510,2553,1,1,653;                                                    145P     95
510,2555,1,1,655;                                                    147P     96
510,2557,1,1,657;                                                    149P     97
510,2559,1,1,659;                                                    151P     98
510,2561,1,1,661;                                                    153P     99
510,2563,1,1,663;                                                    155P    100
510,2565,1,1,665;                                                    157P    101
510,2567,1,1,667;                                                    159P    102
510,2569,1,1,669;                                                    161P    103
510,2571,1,1,671;                                                    163P    104
510,2573,1,1,673;                                                    165P    105
510,2575,1,1,675;                                                    167P    106
510,2577,1,1,677;                                                    169P    107
510,2579,1,1,679;                                                    171P    108
510,2581,1,1,681;                                                    173P    109
510,2583,1,1,683;                                                    175P    110
510,2585,1,1,685;                                                    177P    111
510,2587,1,1,687;                                                    179P    112
510,2589,1,1,689;                                                    181P    113
510,2591,1,1,691;                                                    183P    114
510,2593,21,1,693,695,697,699,701,703,705,707,709,711,713,715,       185P    115
717,719,721,723,725,727,729,731,733;                                 185P    116
510,2595,1,1,735;                                                    187P    117
510,2597,1,1,737;                                                    189P    118
510,2599,1,1,739;                                                    191P    119
510,2601,1,1,741;                                                    193P    120
510,2603,1,1,743;                                                    195P    121
510,2605,1,1,745;                                                    197P    122
510,2607,1,1,747;                                                    199P    123
510,2609,1,1,749;                                                    201P    124
510,2611,1,1,751;                                                    203P    125
510,2613,1,1,753;                                                    205P    126
510,2615,1,1,755;                                                    207P    127
510,2617,1,1,757;                                                    209P    128
510,2619,1,1,759;                                                    211P    129
510,2621,1,1,761;                                                    213P    130
510,2623,1,1,763;                                                    215P    131
510,2625,1,1,765;                                                    217P    132
510,2627,1,1,767;                                                    219P    133
510,2629,1,1,769;                                                    221P    134
510,2631,1,1,771;                                                    223P    135
510,2633,1,1,773;                                                    225P    136
510,2635,1,1,775;                                                    227P    137
510,2637,1,1,777;                                                    229P    138
510,2639,1,1,779;                                                    231P    139
510,2641,1,1,781;                                                    233P    140
510,2643,1,1,783;                                                    235P    141
510,2645,1,1,785;                                                    237P    142
510,2647,1,1,787;                                                    239P    143
510,2649,1,1,789;                                                    241P    144
510,2651,1,1,791;                                                    243P    145
510,2653,1,1,793;                                                    245P    146
510,2655,1,1,795;                                                    247P    147
510,2657,1,1,797;                                                    249P    148
510,2659,1,1,799;                                                    251P    149
510,2661,1,1,801;                                                    253P    150
510,2663,1,1,803;                                                    255P    151
510,2665,13,1,805,807,809,811,813,815,817,819,821,823,825,827,       257P    152
829;                                                                 257P    153
510,2667,1,1,831;                                                    259P    154
510,2669,1,1,833;                                                    261P    155
510,2671,5,1,835,837,839,841,843;                                    263P    156
510,2673,1,1,845;                                                    265P    157
510,2675,1,1,847;                                                    267P    158
510,2677,1,1,849;                                                    269P    159
510,2679,1,1,851;                                                    271P    160
510,2681,1,1,853;                                                    273P    161
510,2683,1,1,855;                                                    275P    162
510,2685,1,1,857;                                                    277P    163
510,2687,1,1,859;                                                    279P    164
510,2689,1,1,861;                                                    281P    165
510,2691,1,1,863;                                                    283P    166
510,2693,1,1,865;                                                    285P    167
510,2695,1,1,867;                                                    287P    168
510,2697,1,1,869;                                                    289P    169
510,2699,1,1,871;                                                    291P    170
510,2701,1,1,873;                                                    293P    171
510,2703,1,1,875;                                                    295P    172
510,2705,1,1,877;                                                    297P    173
510,2707,1,1,879;                                                    299P    174
510,2709,1,1,881;                                                    301P    175
510,2711,1,1,883;                                                    303P    176
510,2713,1,1,885;                                                    305P    177
510,2715,1,1,887;                                                    307P    178
510,2717,1,1,889;                                                    309P    179
510,2719,1,1,891;                                                    311P    180
510,2721,1,1,893;                                                    313P    181
510,2723,1,1,895;                                                    315P    182
510,2725,1,1,897;                                                    317P    183
510,2727,1,1,899;                                                    319P    184
510,2729,1,1,901;                                                    321P    185
510,2731,1,1,903;                                                    323P    186
510,2733,1,1,905;                                                    325P    187
510,2735,1,1,907;                                                    327P    188
510,2737,1,1,909;                                                    329P    189
510,2739,1,1,911;                                                    331P    190
510,2741,1,1,913;                                                    333P    191
510,2743,13,1,915,917,919,921,923,925,927,929,931,933,935,937,       335P    192
939;                                                                 335P    193
510,2745,1,1,941;                                                    337P    194
510,2747,5,1,943,945,947,949,951;                                    339P    195
510,2749,1,1,953;                                                    341P    196
510,2751,1,1,955;                                                    343P    197
510,2753,1,1,957;                                                    345P    198
510,2755,1,1,959;                                                    347P    199
510,2757,1,1,961;                                                    349P    200
510,2759,1,1,963;                                                    351P    201
510,2761,1,1,965;                                                    353P    202
510,2763,1,1,967;                                                    355P    203
510,2765,1,1,969;                                                    357P    204
510,2767,1,1,971;                                                    359P    205
510,2769,1,1,973;                                                    361P    206
510,2771,1,1,975;                                                    363P    207
510,2773,1,1,977;                                                    365P    208
510,2775,1,1,979;                                                    367P    209
510,2777,1,1,981;                                                    369P    210
510,2779,1,1,983;                                                    371P    211
510,2781,1,1,985;                                                    373P    212
510,2783,1,1,987;                                                    375P    213
510,2785,1,1,989;                                                    377P    214
510,2787,1,1,991;                                                    379P    215
510,2789,1,1,993;                                                    381P    216
510,2791,6,1,995,997,999,1001,1003,1005;                             383P    217
510,2793,1,1,1007;                                                   385P    218
510,2795,5,1,1009,1011,1013,1015,1017;                               387P    219
510,2797,1,1,1019;                                                   389P    220
510,2799,1,1,1021;                                                   391P    221
510,2801,1,1,1023;                                                   393P    222
510,2803,1,1,1025;                                                   395P    223
510,2805,1,1,1027;                                                   397P    224
510,2807,1,1,1029;                                                   399P    225
510,2809,1,1,1031;                                                   401P    226
510,2811,1,1,1033;                                                   403P    227
510,2813,1,1,1035;                                                   405P    228
510,2815,1,1,1037;                                                   407P    229
510,2817,1,1,1039;                                                   409P    230
510,2819,1,1,1041;                                                   411P    231
510,2821,1,1,1043;                                                   413P    232
510,2823,1,1,1045;                                                   415P    233
510,2825,1,1,1047;                                                   417P    234
510,2827,1,1,1049;                                                   419P    235
510,2829,1,1,1051;                                                   421P    236
510,2831,1,1,1053;                                                   423P    237
510,2833,1,1,1055;                                                   425P    238
510,2835,1,1,1057;                                                   427P    239
510,2837,1,1,1059;                                                   429P    240
510,2839,1,1,1061;                                                   431P    241
510,2841,6,1,1063,1065,1067,1069,1071,1073;                          433P    242
510,2843,3,1,1075,1077,1079;                                         435P    243
510,2845,1,1,1081;                                                   437P    244
510,2847,1,1,1083;                                                   439P    245
510,2849,1,1,1085;                                                   441P    246
510,2851,5,1,1087,1089,1091,1093,1095;                               443P    247
510,2853,1,1,1097;                                                   445P    248
510,2855,1,1,1099;                                                   447P    249
510,2857,1,1,1101;                                                   449P    250
510,2859,1,1,1103;                                                   451P    251
510,2861,1,1,1105;                                                   453P    252
510,2863,1,1,1107;                                                   455P    253
510,2865,1,1,1109;                                                   457P    254
510,2867,1,1,1111;                                                   459P    255
510,2869,1,1,1113;                                                   461P    256
510,2871,1,1,1115;                                                   463P    257
510,2873,1,1,1117;                                                   465P    258
510,2875,1,1,1119;                                                   467P    259
510,2877,1,1,1121;                                                   469P    260
510,2879,1,1,1123;                                                   471P    261
510,2881,1,1,1125;                                                   473P    262
510,2883,3,1,1127,1129,1131;                                         475P    263
510,2885,3,1,1133,1135,1137;                                         477P    264
510,2887,3,1,1139,1141,1143;                                         479P    265
510,2889,1,1,1145;                                                   481P    266
510,2891,1,1,1147;                                                   483P    267
510,2893,1,1,1149;                                                   485P    268
510,2895,1,1,1151;                                                   487P    269
510,2897,1,1,1153;                                                   489P    270
510,2899,1,1,1155;                                                   491P    271
510,2901,1,1,1157;                                                   493P    272
510,2903,1,1,1159;                                                   495P    273
510,2905,1,1,1161;                                                   497P    274
510,2907,1,1,1163;                                                   499P    275
510,2909,1,1,1165;                                                   501P    276
510,2911,1,1,1167;                                                   503P    277
510,2913,3,1,1169,1171,1173;                                         505P    278
510,2915,3,1,1175,1177,1179;                                         507P    279
510,2917,1,1,1181;                                                   509P    280
510,2919,1,1,1183;                                                   511P    281
510,2921,1,1,1185;                                                   513P    282
510,2923,1,1,1187;                                                   515P    283
510,2925,1,1,1189;                                                   517P    284
510,2927,1,1,1191;                                                   519P    285
510,2929,1,1,1193;                                                   521P    286
510,2931,1,1,1195;                                                   523P    287
510,2933,1,1,1197;                                                   525P    288
510,2935,3,1,1199,1201,1203;                                         527P    289
510,2937,1,1,1205;                                                   529P    290
510,2939,1,1,1207;                                                   531P    291
510,2941,1,1,1209;                                                   533P    292
510,2943,1,1,1211;                                                   535P    293
510,2945,1,1,1213;                                                   537P    294
510,2947,1,1,1215;                                                   539P    295
510,2949,1,1,1217;                                                   541P    296
510,2951,1,1,1219;                                                   543P    297
510,2953,1,1,1221;                                                   545P    298
510,2955,3,1,1223,1225,1227;                                         547P    299
510,2957,1,1,1229;                                                   549P    300
510,2959,1,1,1231;                                                   551P    301
510,2961,1,1,1233;                                                   553P    302
510,2963,1,1,1235;                                                   555P    303
510,2965,1,1,1237;                                                   557P    304
510,2967,1,1,1239;                                                   559P    305
510,2969,1,1,1241;                                                   561P    306
510,2971,1,1,1243;                                                   563P    307
510,2973,1,1,1245;                                                   565P    308
510,2975,1,1,1247;                                                   567P    309
510,2977,4,1,1249,1251,1253,1255;                                    569P    310
510,2979,1,1,1257;                                                   571P    311
510,2981,1,1,1259;                                                   573P    312
510,2983,1,1,1261;                                                   575P    313
510,2985,1,1,1263;                                                   577P    314
510,2987,3,1,1265,1267,1269;                                         579P    315
510,2989,1,1,1271;                                                   581P    316
510,2991,1,1,1273;                                                   583P    317
510,2993,1,1,1275;                                                   585P    318
510,2995,1,1,1277;                                                   587P    319
510,2997,1,1,1279;                                                   589P    320
510,2999,1,1,1281;                                                   591P    321
510,3001,1,1,1283;                                                   593P    322
510,3003,1,1,1285;                                                   595P    323
510,3005,1,1,1287;                                                   597P    324
508,6,0,3029,1,0,0,0,3029,2,0,0,0,3029,3,1,0,0,3029,4,1,0,0,         599P    325
3029,5,1,0,0,3029,3,0,0;                                             599P    326
508,2,0,3029,5,0,0,0,3029,4,0,0;                                     601P    327
508,6,0,3029,6,0,0,0,3029,7,0,0,0,3029,8,1,0,0,3029,9,1,0,0,         603P    328
3029,10,1,0,0,3029,8,0,0;                                            603P    329
508,2,0,3029,10,0,0,0,3029,9,0,0;                                    605P    330
508,6,0,3029,11,0,0,0,3029,12,0,0,0,3029,13,1,0,0,3029,14,1,0,0,     607P    331
3029,15,1,0,0,3029,13,0,0;                                           607P    332
508,2,0,3029,15,0,0,0,3029,14,0,0;                                   609P    333
508,6,0,3029,16,0,0,0,3029,17,0,0,0,3029,18,1,0,0,3029,19,1,0,0,     611P    334
3029,20,1,0,0,3029,18,0,0;                                           611P    335
508,2,0,3029,20,0,0,0,3029,19,0,0;                                   613P    336
508,6,0,3029,21,0,0,0,3029,22,0,0,0,3029,23,1,0,0,3029,24,1,0,0,     615P    337
3029,25,1,0,0,3029,23,0,0;                                           615P    338
508,2,0,3029,25,0,0,0,3029,24,0,0;                                   617P    339
508,6,0,3029,26,0,0,0,3029,27,0,0,0,3029,28,1,0,0,3029,29,1,0,0,     619P    340
3029,30,1,0,0,3029,28,0,0;                                           619P    341
508,2,0,3029,30,0,0,0,3029,29,0,0;                                   621P    342
508,6,0,3029,31,0,0,0,3029,32,0,0,0,3029,33,1,0,0,3029,34,1,0,0,     623P    343
3029,35,1,0,0,3029,33,0,0;                                           623P    344
508,2,0,3029,35,0,0,0,3029,34,0,0;                                   625P    345
508,6,0,3029,36,0,0,0,3029,37,0,0,0,3029,38,1,0,0,3029,39,1,0,0,     627P    346
3029,40,1,0,0,3029,38,0,0;                                           627P    347
508,2,0,3029,40,0,0,0,3029,39,0,0;                                   629P    348
508,6,0,3029,41,0,0,0,3029,42,0,0,0,3029,43,1,0,0,3029,44,1,0,0,     631P    349
3029,45,1,0,0,3029,43,0,0;                                           631P    350
508,2,0,3029,45,0,0,0,3029,44,0,0;                                   633P    351
508,6,0,3029,46,0,0,0,3029,47,0,0,0,3029,48,1,0,0,3029,49,1,0,0,     635P    352
3029,50,1,0,0,3029,48,0,0;                                           635P    353
508,2,0,3029,50,0,0,0,3029,49,0,0;                                   637P    354
508,6,0,3029,51,0,0,0,3029,52,0,0,0,3029,53,1,0,0,3029,54,1,0,0,     639P    355
3029,55,1,0,0,3029,53,0,0;                                           639P    356
508,2,0,3029,55,0,0,0,3029,54,0,0;                                   641P    357
508,6,0,3029,56,0,0,0,3029,57,0,0,0,3029,58,1,0,0,3029,59,1,0,0,     643P    358
3029,60,1,0,0,3029,58,0,0;                                           643P    359
508,2,0,3029,60,0,0,0,3029,59,0,0;                                   645P    360
508,6,0,3029,61,0,0,0,3029,62,0,0,0,3029,63,1,0,0,3029,64,1,0,0,     647P    361
3029,65,1,0,0,3029,63,0,0;                                           647P    362
508,2,0,3029,65,0,0,0,3029,64,0,0;                                   649P    363
508,6,0,3029,66,0,0,0,3029,67,0,0,0,3029,68,1,0,0,3029,69,1,0,0,     651P    364
3029,70,1,0,0,3029,68,0,0;                                           651P    365
508,2,0,3029,70,0,0,0,3029,69,0,0;                                   653P    366
508,6,0,3029,71,0,0,0,3029,72,0,0,0,3029,73,1,0,0,3029,74,1,0,0,     655P    367
3029,75,1,0,0,3029,73,0,0;                                           655P    368
508,2,0,3029,75,0,0,0,3029,74,0,0;                                   657P    369
508,6,0,3029,76,0,0,0,3029,77,0,0,0,3029,78,1,0,0,3029,79,1,0,0,     659P    370
3029,80,1,0,0,3029,78,0,0;                                           659P    371
508,2,0,3029,80,0,0,0,3029,79,0,0;                                   661P    372
508,6,0,3029,81,0,0,0,3029,82,0,0,0,3029,83,1,0,0,3029,84,1,0,0,     663P    373
3029,85,1,0,0,3029,83,0,0;                                           663P    374
508,2,0,3029,85,0,0,0,3029,84,0,0;                                   665P    375
508,6,0,3029,86,0,0,0,3029,87,0,0,0,3029,88,1,0,0,3029,89,1,0,0,     667P    376
3029,90,1,0,0,3029,88,0,0;                                           667P    377
508,2,0,3029,90,0,0,0,3029,89,0,0;                                   669P    378
508,6,0,3029,91,0,0,0,3029,92,0,0,0,3029,93,1,0,0,3029,94,1,0,0,     671P    379
3029,95,1,0,0,3029,93,0,0;                                           671P    380
508,2,0,3029,95,0,0,0,3029,94,0,0;                                   673P    381
508,6,0,3029,96,0,0,0,3029,97,0,0,0,3029,98,1,0,0,3029,99,1,0,0,     675P    382
3029,100,1,0,0,3029,98,0,0;                                          675P    383
508,2,0,3029,100,0,0,0,3029,99,0,0;                                  677P    384
508,4,0,3029,101,0,0,0,3029,102,1,0,0,3029,103,0,0,0,3029,104,0,     679P    385
0;                                                                   679P    386
508,4,0,3029,105,0,0,0,3029,104,1,0,0,3029,106,0,0,0,3029,107,0,     681P    387
0;                                                                   681P    388
508,4,0,3029,108,0,0,0,3029,107,1,0,0,3029,109,0,0,0,3029,110,0,     683P    389
0;                                                                   683P    390
508,4,0,3029,111,0,0,0,3029,110,1,0,0,3029,112,0,0,0,3029,113,0,     685P    391
0;                                                                   685P    392
508,4,0,3029,114,1,0,0,3029,113,1,0,0,3029,115,0,0,0,3029,116,0,     687P    393
0;                                                                   687P    394
508,4,0,3029,117,1,0,0,3029,116,1,0,0,3029,118,0,0,0,3029,119,0,     689P    395
0;                                                                   689P    396
508,4,0,3029,120,1,0,0,3029,119,1,0,0,3029,121,0,0,0,3029,102,0,     691P    397
0;                                                                   691P    398
508,7,0,3029,121,1,0,0,3029,118,1,0,0,3029,115,1,0,0,3029,112,1,     693P    399
0,0,3029,109,1,0,0,3029,106,1,0,0,3029,103,1,0;                      693P    400
508,2,0,3029,1,1,0,0,3029,2,1,0;                                     695P    401
508,2,0,3029,6,1,0,0,3029,7,1,0;                                     697P    402
508,2,0,3029,11,1,0,0,3029,12,1,0;                                   699P    403
508,2,0,3029,16,1,0,0,3029,17,1,0;                                   701P    404
508,2,0,3029,21,1,0,0,3029,22,1,0;                                   703P    405
508,2,0,3029,26,1,0,0,3029,27,1,0;                                   705P    406
508,2,0,3029,31,1,0,0,3029,32,1,0;                                   707P    407
508,2,0,3029,36,1,0,0,3029,37,1,0;                                   709P    408
508,2,0,3029,41,1,0,0,3029,42,1,0;                                   711P    409
508,2,0,3029,46,1,0,0,3029,47,1,0;                                   713P    410
508,2,0,3029,51,1,0,0,3029,52,1,0;                                   715P    411
508,2,0,3029,56,1,0,0,3029,57,1,0;                                   717P    412
508,2,0,3029,61,1,0,0,3029,62,1,0;                                   719P    413
508,2,0,3029,66,1,0,0,3029,67,1,0;                                   721P    414
508,2,0,3029,71,1,0,0,3029,72,1,0;                                   723P    415
508,2,0,3029,76,1,0,0,3029,77,1,0;                                   725P    416
508,2,0,3029,81,1,0,0,3029,82,1,0;                                   727P    417
508,2,0,3029,86,1,0,0,3029,87,1,0;                                   729P    418
508,2,0,3029,91,1,0,0,3029,92,1,0;                                   731P    419
508,2,0,3029,96,1,0,0,3029,97,1,0;                                   733P    420
508,7,0,3029,120,0,0,0,3029,101,1,0,0,3029,105,1,0,0,3029,108,1,     735P    421
0,0,3029,111,1,0,0,3029,114,0,0,0,3029,117,0,0;                      735P    422
508,6,0,3031,1,0,0,0,3031,2,0,0,0,3031,3,1,0,0,3031,4,1,0,0,         737P    423
3031,5,1,0,0,3031,3,0,0;                                             737P    424
508,2,0,3031,5,0,0,0,3031,4,0,0;                                     739P    425
508,6,0,3031,6,0,0,0,3031,7,0,0,0,3031,8,1,0,0,3031,9,1,0,0,         741P    426
3031,10,1,0,0,3031,8,0,0;                                            741P    427
508,2,0,3031,10,0,0,0,3031,9,0,0;                                    743P    428
508,6,0,3031,11,0,0,0,3031,12,0,0,0,3031,13,1,0,0,3031,14,1,0,0,     745P    429
3031,15,1,0,0,3031,13,0,0;                                           745P    430
508,2,0,3031,15,0,0,0,3031,14,0,0;                                   747P    431
508,6,0,3031,16,0,0,0,3031,17,0,0,0,3031,18,1,0,0,3031,19,1,0,0,     749P    432
3031,20,1,0,0,3031,18,0,0;                                           749P    433
508,2,0,3031,20,0,0,0,3031,19,0,0;                                   751P    434
508,6,0,3031,21,0,0,0,3031,22,0,0,0,3031,23,1,0,0,3031,24,1,0,0,     753P    435
3031,25,1,0,0,3031,23,0,0;                                           753P    436
508,2,0,3031,25,0,0,0,3031,24,0,0;                                   755P    437
508,6,0,3031,26,0,0,0,3031,27,0,0,0,3031,28,1,0,0,3031,29,1,0,0,     757P    438
3031,30,1,0,0,3031,28,0,0;                                           757P    439
508,2,0,3031,30,0,0,0,3031,29,0,0;                                   759P    440
508,6,0,3031,31,0,0,0,3031,32,0,0,0,3031,33,1,0,0,3031,34,1,0,0,     761P    441
3031,35,1,0,0,3031,33,0,0;                                           761P    442
508,2,0,3031,35,0,0,0,3031,34,0,0;                                   763P    443
508,6,0,3031,36,0,0,0,3031,37,0,0,0,3031,38,1,0,0,3031,39,1,0,0,     765P    444
3031,40,1,0,0,3031,38,0,0;                                           765P    445
508,2,0,3031,40,0,0,0,3031,39,0,0;                                   767P    446
508,6,0,3031,41,0,0,0,3031,42,0,0,0,3031,43,1,0,0,3031,44,1,0,0,     769P    447
3031,45,1,0,0,3031,43,0,0;                                           769P    448
508,2,0,3031,45,0,0,0,3031,44,0,0;                                   771P    449
508,6,0,3031,46,0,0,0,3031,47,0,0,0,3031,48,1,0,0,3031,49,1,0,0,     773P    450
3031,50,1,0,0,3031,48,0,0;                                           773P    451
508,2,0,3031,50,0,0,0,3031,49,0,0;                                   775P    452
508,6,0,3031,51,0,0,0,3031,52,0,0,0,3031,53,1,0,0,3031,54,1,0,0,     777P    453
3031,55,1,0,0,3031,53,0,0;                                           777P    454
508,2,0,3031,55,0,0,0,3031,54,0,0;                                   779P    455
508,6,0,3031,56,0,0,0,3031,57,0,0,0,3031,58,1,0,0,3031,59,1,0,0,     781P    456
3031,60,1,0,0,3031,58,0,0;                                           781P    457
508,2,0,3031,60,0,0,0,3031,59,0,0;                                   783P    458
508,6,0,3031,61,0,0,0,3031,62,0,0,0,3031,63,1,0,0,3031,64,1,0,0,     785P    459
3031,65,1,0,0,3031,63,0,0;                                           785P    460
508,2,0,3031,65,0,0,0,3031,64,0,0;                                   787P    461
508,6,0,3031,66,0,0,0,3031,67,0,0,0,3031,68,1,0,0,3031,69,1,0,0,     789P    462
3031,70,1,0,0,3031,68,0,0;                                           789P    463
508,2,0,3031,70,0,0,0,3031,69,0,0;                                   791P    464
508,6,0,3031,71,0,0,0,3031,72,0,0,0,3031,73,1,0,0,3031,74,1,0,0,     793P    465
3031,75,1,0,0,3031,73,0,0;                                           793P    466
508,2,0,3031,75,0,0,0,3031,74,0,0;                                   795P    467
508,6,0,3031,76,0,0,0,3031,77,0,0,0,3031,78,1,0,0,3031,79,1,0,0,     797P    468
3031,80,1,0,0,3031,78,0,0;                                           797P    469
508,2,0,3031,80,0,0,0,3031,79,0,0;                                   799P    470
508,4,0,3031,81,1,0,0,3031,82,1,0,0,3031,83,0,0,0,3031,84,0,0;       801P    471
508,4,0,3031,85,1,0,0,3031,84,1,0,0,3031,86,0,0,0,3031,87,0,0;       803P    472
508,4,0,3031,88,1,0,0,3031,87,1,0,0,3031,89,0,0,0,3031,90,0,0;       805P    473
508,2,0,3031,21,1,0,0,3031,22,1,0;                                   807P    474
508,2,0,3031,26,1,0,0,3031,27,1,0;                                   809P    475
508,2,0,3031,31,1,0,0,3031,32,1,0;                                   811P    476
508,2,0,3031,36,1,0,0,3031,37,1,0;                                   813P    477
508,2,0,3031,41,1,0,0,3031,42,1,0;                                   815P    478
508,2,0,3031,46,1,0,0,3031,47,1,0;                                   817P    479
508,2,0,3031,51,1,0,0,3031,52,1,0;                                   819P    480
508,2,0,3031,56,1,0,0,3031,57,1,0;                                   821P    481
508,2,0,3031,61,1,0,0,3031,62,1,0;                                   823P    482
508,2,0,3031,66,1,0,0,3031,67,1,0;                                   825P    483
508,2,0,3031,71,1,0,0,3031,72,1,0;                                   827P    484
508,2,0,3031,76,1,0,0,3031,77,1,0;                                   829P    485
508,4,0,3031,91,1,0,0,3031,90,1,0,0,3031,92,0,0,0,3031,82,0,0;       831P    486
508,4,0,3031,92,1,0,0,3031,89,1,0,0,3031,86,1,0,0,3031,83,1,0;       833P    487
508,4,0,3031,91,0,0,0,3031,81,0,0,0,3031,85,0,0,0,3031,88,0,0;       835P    488
508,2,0,3031,1,1,0,0,3031,2,1,0;                                     837P    489
508,2,0,3031,6,1,0,0,3031,7,1,0;                                     839P    490
508,2,0,3031,11,1,0,0,3031,12,1,0;                                   841P    491
508,2,0,3031,16,1,0,0,3031,17,1,0;                                   843P    492
508,6,0,3033,1,0,0,0,3033,2,0,0,0,3033,3,1,0,0,3033,4,1,0,0,         845P    493
3033,5,1,0,0,3033,3,0,0;                                             845P    494
508,2,0,3033,5,0,0,0,3033,4,0,0;                                     847P    495
508,6,0,3033,6,0,0,0,3033,7,0,0,0,3033,8,1,0,0,3033,9,1,0,0,         849P    496
3033,10,1,0,0,3033,8,0,0;                                            849P    497
508,2,0,3033,10,0,0,0,3033,9,0,0;                                    851P    498
508,6,0,3033,11,0,0,0,3033,12,0,0,0,3033,13,1,0,0,3033,14,1,0,0,     853P    499
3033,15,1,0,0,3033,13,0,0;                                           853P    500
508,2,0,3033,15,0,0,0,3033,14,0,0;                                   855P    501
508,6,0,3033,16,0,0,0,3033,17,0,0,0,3033,18,1,0,0,3033,19,1,0,0,     857P    502
3033,20,1,0,0,3033,18,0,0;                                           857P    503
508,2,0,3033,20,0,0,0,3033,19,0,0;                                   859P    504
508,6,0,3033,21,0,0,0,3033,22,0,0,0,3033,23,1,0,0,3033,24,1,0,0,     861P    505
3033,25,1,0,0,3033,23,0,0;                                           861P    506
508,2,0,3033,25,0,0,0,3033,24,0,0;                                   863P    507
508,6,0,3033,26,0,0,0,3033,27,0,0,0,3033,28,1,0,0,3033,29,1,0,0,     865P    508
3033,30,1,0,0,3033,28,0,0;                                           865P    509
508,2,0,3033,30,0,0,0,3033,29,0,0;                                   867P    510
508,6,0,3033,31,0,0,0,3033,32,0,0,0,3033,33,1,0,0,3033,34,1,0,0,     869P    511
3033,35,1,0,0,3033,33,0,0;                                           869P    512
508,2,0,3033,35,0,0,0,3033,34,0,0;                                   871P    513
508,6,0,3033,36,0,0,0,3033,37,0,0,0,3033,38,1,0,0,3033,39,1,0,0,     873P    514
3033,40,1,0,0,3033,38,0,0;                                           873P    515
508,2,0,3033,40,0,0,0,3033,39,0,0;                                   875P    516
508,6,0,3033,41,0,0,0,3033,42,0,0,0,3033,43,1,0,0,3033,44,1,0,0,     877P    517
3033,45,1,0,0,3033,43,0,0;                                           877P    518
508,2,0,3033,45,0,0,0,3033,44,0,0;                                   879P    519
508,6,0,3033,46,0,0,0,3033,47,0,0,0,3033,48,1,0,0,3033,49,1,0,0,     881P    520
3033,50,1,0,0,3033,48,0,0;                                           881P    521
508,2,0,3033,50,0,0,0,3033,49,0,0;                                   883P    522
508,6,0,3033,51,0,0,0,3033,52,0,0,0,3033,53,1,0,0,3033,54,1,0,0,     885P    523
3033,55,1,0,0,3033,53,0,0;                                           885P    524
508,2,0,3033,55,0,0,0,3033,54,0,0;                                   887P    525
508,6,0,3033,56,0,0,0,3033,57,0,0,0,3033,58,1,0,0,3033,59,1,0,0,     889P    526
3033,60,1,0,0,3033,58,0,0;                                           889P    527
508,2,0,3033,60,0,0,0,3033,59,0,0;                                   891P    528
508,6,0,3033,61,0,0,0,3033,62,0,0,0,3033,63,1,0,0,3033,64,1,0,0,     893P    529
3033,65,1,0,0,3033,63,0,0;                                           893P    530
508,2,0,3033,65,0,0,0,3033,64,0,0;                                   895P    531
508,6,0,3033,66,0,0,0,3033,67,0,0,0,3033,68,1,0,0,3033,69,1,0,0,     897P    532
3033,70,1,0,0,3033,68,0,0;                                           897P    533
508,2,0,3033,70,0,0,0,3033,69,0,0;                                   899P    534
508,6,0,3033,71,0,0,0,3033,72,0,0,0,3033,73,1,0,0,3033,74,1,0,0,     901P    535
3033,75,1,0,0,3033,73,0,0;                                           901P    536
508,2,0,3033,75,0,0,0,3033,74,0,0;                                   903P    537
508,6,0,3033,76,0,0,0,3033,77,0,0,0,3033,78,1,0,0,3033,79,1,0,0,     905P    538
3033,80,1,0,0,3033,78,0,0;                                           905P    539
508,2,0,3033,80,0,0,0,3033,79,0,0;                                   907P    540
508,4,0,3033,81,1,0,0,3033,82,1,0,0,3033,83,0,0,0,3033,84,0,0;       909P    541
508,4,0,3033,85,1,0,0,3033,84,1,0,0,3033,86,0,0,0,3033,87,0,0;       911P    542
508,4,0,3033,88,1,0,0,3033,87,1,0,0,3033,89,0,0,0,3033,90,0,0;       913P    543
508,4,0,3033,91,1,0,0,3033,90,1,0,0,3033,92,0,0,0,3033,82,0,0;       915P    544
508,2,0,3033,21,1,0,0,3033,22,1,0;                                   917P    545
508,2,0,3033,26,1,0,0,3033,27,1,0;                                   919P    546
508,2,0,3033,31,1,0,0,3033,32,1,0;                                   921P    547
508,2,0,3033,36,1,0,0,3033,37,1,0;                                   923P    548
508,2,0,3033,41,1,0,0,3033,42,1,0;                                   925P    549
508,2,0,3033,46,1,0,0,3033,47,1,0;                                   927P    550
508,2,0,3033,51,1,0,0,3033,52,1,0;                                   929P    551
508,2,0,3033,56,1,0,0,3033,57,1,0;                                   931P    552
508,2,0,3033,61,1,0,0,3033,62,1,0;                                   933P    553
508,2,0,3033,66,1,0,0,3033,67,1,0;                                   935P    554
508,2,0,3033,71,1,0,0,3033,72,1,0;                                   937P    555
508,2,0,3033,76,1,0,0,3033,77,1,0;                                   939P    556
508,4,0,3033,92,1,0,0,3033,89,1,0,0,3033,86,1,0,0,3033,83,1,0;       941P    557
508,4,0,3033,91,0,0,0,3033,81,0,0,0,3033,85,0,0,0,3033,88,0,0;       943P    558
508,2,0,3033,1,1,0,0,3033,2,1,0;                                     945P    559
508,2,0,3033,6,1,0,0,3033,7,1,0;                                     947P    560
508,2,0,3033,11,1,0,0,3033,12,1,0;                                   949P    561
508,2,0,3033,16,1,0,0,3033,17,1,0;                                   951P    562
508,6,0,3035,1,0,0,0,3035,2,0,0,0,3035,3,1,0,0,3035,4,1,0,0,         953P    563
3035,5,1,0,0,3035,3,0,0;                                             953P    564
508,2,0,3035,5,0,0,0,3035,4,0,0;                                     955P    565
508,6,0,3035,6,0,0,0,3035,7,0,0,0,3035,8,1,0,0,3035,9,1,0,0,         957P    566
3035,10,1,0,0,3035,8,0,0;                                            957P    567
508,2,0,3035,10,0,0,0,3035,9,0,0;                                    959P    568
508,6,0,3035,11,0,0,0,3035,12,0,0,0,3035,13,1,0,0,3035,14,1,0,0,     961P    569
3035,15,1,0,0,3035,13,0,0;                                           961P    570
508,2,0,3035,15,0,0,0,3035,14,0,0;                                   963P    571
508,6,0,3035,16,0,0,0,3035,17,0,0,0,3035,18,1,0,0,3035,19,1,0,0,     965P    572
3035,20,1,0,0,3035,18,0,0;                                           965P    573
508,2,0,3035,20,0,0,0,3035,19,0,0;                                   967P    574
508,6,0,3035,21,0,0,0,3035,22,0,0,0,3035,23,1,0,0,3035,24,1,0,0,     969P    575
3035,25,1,0,0,3035,23,0,0;                                           969P    576
508,2,0,3035,25,0,0,0,3035,24,0,0;                                   971P    577
508,6,0,3035,26,0,0,0,3035,27,0,0,0,3035,28,1,0,0,3035,29,1,0,0,     973P    578
3035,30,1,0,0,3035,28,0,0;                                           973P    579
508,2,0,3035,30,0,0,0,3035,29,0,0;                                   975P    580
508,6,0,3035,31,0,0,0,3035,32,0,0,0,3035,33,1,0,0,3035,34,1,0,0,     977P    581
3035,35,1,0,0,3035,33,0,0;                                           977P    582
508,2,0,3035,35,0,0,0,3035,34,0,0;                                   979P    583
508,6,0,3035,36,0,0,0,3035,37,0,0,0,3035,38,1,0,0,3035,39,1,0,0,     981P    584
3035,40,1,0,0,3035,38,0,0;                                           981P    585
508,2,0,3035,40,0,0,0,3035,39,0,0;                                   983P    586
508,6,0,3035,41,0,0,0,3035,42,0,0,0,3035,43,1,0,0,3035,44,1,0,0,     985P    587
3035,45,1,0,0,3035,43,0,0;                                           985P    588
508,2,0,3035,45,0,0,0,3035,44,0,0;                                   987P    589
508,4,0,3035,46,0,0,0,3035,47,1,0,0,3035,48,0,0,0,3035,49,0,0;       989P    590
508,4,0,3035,50,0,0,0,3035,49,1,0,0,3035,51,0,0,0,3035,52,0,0;       991P    591
508,4,0,3035,53,0,0,0,3035,52,1,0,0,3035,54,0,0,0,3035,55,0,0;       993P    592
508,4,0,3035,56,0,0,0,3035,55,1,0,0,3035,57,0,0,0,3035,47,0,0;       995P    593
508,2,0,3035,1,1,0,0,3035,2,1,0;                                     997P    594
508,2,0,3035,6,1,0,0,3035,7,1,0;                                     999P    595
508,2,0,3035,11,1,0,0,3035,12,1,0;                                  1001P    596
508,2,0,3035,16,1,0,0,3035,17,1,0;                                  1003P    597
508,2,0,3035,21,1,0,0,3035,22,1,0;                                  1005P    598
508,4,0,3035,57,1,0,0,3035,54,1,0,0,3035,51,1,0,0,3035,48,1,0;      1007P    599
508,4,0,3035,56,1,0,0,3035,46,1,0,0,3035,50,1,0,0,3035,53,1,0;      1009P    600
508,2,0,3035,26,1,0,0,3035,27,1,0;                                  1011P    601
508,2,0,3035,31,1,0,0,3035,32,1,0;                                  1013P    602
508,2,0,3035,36,1,0,0,3035,37,1,0;                                  1015P    603
508,2,0,3035,41,1,0,0,3035,42,1,0;                                  1017P    604
508,6,0,3037,1,0,0,0,3037,2,0,0,0,3037,3,1,0,0,3037,4,1,0,0,        1019P    605
3037,5,1,0,0,3037,3,0,0;                                            1019P    606
508,2,0,3037,5,0,0,0,3037,4,0,0;                                    1021P    607
508,6,0,3037,6,0,0,0,3037,7,0,0,0,3037,8,1,0,0,3037,9,1,0,0,        1023P    608
3037,10,1,0,0,3037,8,0,0;                                           1023P    609
508,2,0,3037,10,0,0,0,3037,9,0,0;                                   1025P    610
508,6,0,3037,11,0,0,0,3037,12,0,0,0,3037,13,1,0,0,3037,14,1,0,0,    1027P    611
3037,15,1,0,0,3037,13,0,0;                                          1027P    612
508,2,0,3037,15,0,0,0,3037,14,0,0;                                  1029P    613
508,6,0,3037,16,0,0,0,3037,17,0,0,0,3037,18,1,0,0,3037,19,1,0,0,    1031P    614
3037,20,1,0,0,3037,18,0,0;                                          1031P    615
508,2,0,3037,20,0,0,0,3037,19,0,0;                                  1033P    616
508,6,0,3037,21,0,0,0,3037,22,0,0,0,3037,23,1,0,0,3037,24,1,0,0,    1035P    617
3037,25,1,0,0,3037,23,0,0;                                          1035P    618
508,2,0,3037,25,0,0,0,3037,24,0,0;                                  1037P    619
508,6,0,3037,26,0,0,0,3037,27,0,0,0,3037,28,1,0,0,3037,29,1,0,0,    1039P    620
3037,30,1,0,0,3037,28,0,0;                                          1039P    621
508,2,0,3037,30,0,0,0,3037,29,0,0;                                  1041P    622
508,6,0,3037,31,0,0,0,3037,32,0,0,0,3037,33,1,0,0,3037,34,1,0,0,    1043P    623
3037,35,1,0,0,3037,33,0,0;                                          1043P    624
508,2,0,3037,35,0,0,0,3037,34,0,0;                                  1045P    625
508,6,0,3037,36,0,0,0,3037,37,0,0,0,3037,38,1,0,0,3037,39,1,0,0,    1047P    626
3037,40,1,0,0,3037,38,0,0;                                          1047P    627
508,2,0,3037,40,0,0,0,3037,39,0,0;                                  1049P    628
508,6,0,3037,41,0,0,0,3037,42,0,0,0,3037,43,1,0,0,3037,44,1,0,0,    1051P    629
3037,45,1,0,0,3037,43,0,0;                                          1051P    630
508,2,0,3037,45,0,0,0,3037,44,0,0;                                  1053P    631
508,6,0,3037,46,0,0,0,3037,47,0,0,0,3037,48,1,0,0,3037,49,1,0,0,    1055P    632
3037,50,1,0,0,3037,48,0,0;                                          1055P    633
508,2,0,3037,50,0,0,0,3037,49,0,0;                                  1057P    634
508,6,0,3037,51,0,0,0,3037,52,0,0,0,3037,53,1,0,0,3037,54,1,0,0,    1059P    635
3037,55,1,0,0,3037,53,0,0;                                          1059P    636
508,2,0,3037,55,0,0,0,3037,54,0,0;                                  1061P    637
508,4,0,3037,56,1,0,0,3037,57,1,0,0,3037,58,0,0,0,3037,59,0,0;      1063P    638
508,2,0,3037,11,1,0,0,3037,12,1,0;                                  1065P    639
508,2,0,3037,16,1,0,0,3037,17,1,0;                                  1067P    640
508,2,0,3037,21,1,0,0,3037,22,1,0;                                  1069P    641
508,2,0,3037,26,1,0,0,3037,27,1,0;                                  1071P    642
508,2,0,3037,31,1,0,0,3037,32,1,0;                                  1073P    643
508,4,0,3037,60,1,0,0,3037,59,1,0,0,3037,61,0,0,0,3037,62,0,0;      1075P    644
508,2,0,3037,1,1,0,0,3037,2,1,0;                                    1077P    645
508,2,0,3037,6,1,0,0,3037,7,1,0;                                    1079P    646
508,4,0,3037,63,1,0,0,3037,62,1,0,0,3037,64,0,0,0,3037,65,0,0;      1081P    647
508,4,0,3037,66,1,0,0,3037,65,1,0,0,3037,67,0,0,0,3037,57,0,0;      1083P    648
508,4,0,3037,67,1,0,0,3037,64,1,0,0,3037,61,1,0,0,3037,58,1,0;      1085P    649
508,4,0,3037,66,0,0,0,3037,56,0,0,0,3037,60,0,0,0,3037,63,0,0;      1087P    650
508,2,0,3037,36,1,0,0,3037,37,1,0;                                  1089P    651
508,2,0,3037,41,1,0,0,3037,42,1,0;                                  1091P    652
508,2,0,3037,46,1,0,0,3037,47,1,0;                                  1093P    653
508,2,0,3037,51,1,0,0,3037,52,1,0;                                  1095P    654
508,6,0,3039,1,0,0,0,3039,2,0,0,0,3039,3,1,0,0,3039,4,1,0,0,        1097P    655
3039,5,1,0,0,3039,3,0,0;                                            1097P    656
508,2,0,3039,5,0,0,0,3039,4,0,0;                                    1099P    657
508,6,0,3039,6,0,0,0,3039,7,0,0,0,3039,8,1,0,0,3039,9,1,0,0,        1101P    658
3039,10,1,0,0,3039,8,0,0;                                           1101P    659
508,2,0,3039,10,0,0,0,3039,9,0,0;                                   1103P    660
508,6,0,3039,11,0,0,0,3039,12,0,0,0,3039,13,1,0,0,3039,14,1,0,0,    1105P    661
3039,15,1,0,0,3039,13,0,0;                                          1105P    662
508,2,0,3039,15,0,0,0,3039,14,0,0;                                  1107P    663
508,6,0,3039,16,0,0,0,3039,17,0,0,0,3039,18,1,0,0,3039,19,1,0,0,    1109P    664
3039,20,1,0,0,3039,18,0,0;                                          1109P    665
508,2,0,3039,20,0,0,0,3039,19,0,0;                                  1111P    666
508,6,0,3039,21,0,0,0,3039,22,0,0,0,3039,23,1,0,0,3039,24,1,0,0,    1113P    667
3039,25,1,0,0,3039,23,0,0;                                          1113P    668
508,2,0,3039,25,0,0,0,3039,24,0,0;                                  1115P    669
508,6,0,3039,26,0,0,0,3039,27,0,0,0,3039,28,1,0,0,3039,29,1,0,0,    1117P    670
3039,30,1,0,0,3039,28,0,0;                                          1117P    671
508,2,0,3039,30,0,0,0,3039,29,0,0;                                  1119P    672
508,4,0,3039,31,1,0,0,3039,32,1,0,0,3039,33,0,0,0,3039,34,0,0;      1121P    673
508,4,0,3039,35,1,0,0,3039,34,1,0,0,3039,36,0,0,0,3039,37,0,0;      1123P    674
508,4,0,3039,38,1,0,0,3039,37,1,0,0,3039,39,0,0,0,3039,40,0,0;      1125P    675
508,4,0,3039,41,1,0,0,3039,40,1,0,0,3039,42,0,0,0,3039,32,0,0;      1127P    676
508,2,0,3039,1,1,0,0,3039,2,1,0;                                    1129P    677
508,2,0,3039,6,1,0,0,3039,7,1,0;                                    1131P    678
508,4,0,3039,42,1,0,0,3039,39,1,0,0,3039,36,1,0,0,3039,33,1,0;      1133P    679
508,2,0,3039,11,1,0,0,3039,12,1,0;                                  1135P    680
508,2,0,3039,16,1,0,0,3039,17,1,0;                                  1137P    681
508,4,0,3039,41,0,0,0,3039,31,0,0,0,3039,35,0,0,0,3039,38,0,0;      1139P    682
508,2,0,3039,21,1,0,0,3039,22,1,0;                                  1141P    683
508,2,0,3039,26,1,0,0,3039,27,1,0;                                  1143P    684
508,6,0,3041,1,0,0,0,3041,2,0,0,0,3041,3,1,0,0,3041,4,1,0,0,        1145P    685
3041,5,1,0,0,3041,3,0,0;                                            1145P    686
508,2,0,3041,5,0,0,0,3041,4,0,0;                                    1147P    687
508,6,0,3041,6,0,0,0,3041,7,0,0,0,3041,8,1,0,0,3041,9,1,0,0,        1149P    688
3041,10,1,0,0,3041,8,0,0;                                           1149P    689
508,2,0,3041,10,0,0,0,3041,9,0,0;                                   1151P    690
508,6,0,3041,11,0,0,0,3041,12,0,0,0,3041,13,1,0,0,3041,14,1,0,0,    1153P    691
3041,15,1,0,0,3041,13,0,0;                                          1153P    692
508,2,0,3041,15,0,0,0,3041,14,0,0;                                  1155P    693
508,6,0,3041,16,0,0,0,3041,17,0,0,0,3041,18,1,0,0,3041,19,1,0,0,    1157P    694
3041,20,1,0,0,3041,18,0,0;                                          1157P    695
508,2,0,3041,20,0,0,0,3041,19,0,0;                                  1159P    696
508,4,0,3041,21,0,0,0,3041,22,0,0,0,3041,23,0,0,0,3041,24,1,0;      1161P    697
508,4,0,3041,25,0,0,0,3041,26,0,0,0,3041,27,0,0,0,3041,22,1,0;      1163P    698
508,4,0,3041,28,0,0,0,3041,29,0,0,0,3041,30,0,0,0,3041,26,1,0;      1165P    699
508,4,0,3041,31,0,0,0,3041,24,0,0,0,3041,32,0,0,0,3041,29,1,0;      1167P    700
508,4,0,3041,23,1,0,0,3041,27,1,0,0,3041,30,1,0,0,3041,32,1,0;      1169P    701
508,2,0,3041,11,1,0,0,3041,12,1,0;                                  1171P    702
508,2,0,3041,16,1,0,0,3041,17,1,0;                                  1173P    703
508,4,0,3041,25,1,0,0,3041,21,1,0,0,3041,31,1,0,0,3041,28,1,0;      1175P    704
508,2,0,3041,1,1,0,0,3041,2,1,0;                                    1177P    705
508,2,0,3041,6,1,0,0,3041,7,1,0;                                    1179P    706
508,6,0,3043,1,0,0,0,3043,2,0,0,0,3043,3,1,0,0,3043,4,1,0,0,        1181P    707
3043,5,1,0,0,3043,3,0,0;                                            1181P    708
508,2,0,3043,5,0,0,0,3043,4,0,0;                                    1183P    709
508,6,0,3043,6,0,0,0,3043,7,0,0,0,3043,8,1,0,0,3043,9,1,0,0,        1185P    710
3043,10,1,0,0,3043,8,0,0;                                           1185P    711
508,2,0,3043,10,0,0,0,3043,9,0,0;                                   1187P    712
508,4,0,3043,11,1,0,0,3043,12,1,0,0,3043,13,0,0,0,3043,14,0,0;      1189P    713
508,4,0,3043,15,1,0,0,3043,14,1,0,0,3043,16,0,0,0,3043,17,0,0;      1191P    714
508,4,0,3043,18,1,0,0,3043,17,1,0,0,3043,19,0,0,0,3043,20,0,0;      1193P    715
508,4,0,3043,21,1,0,0,3043,20,1,0,0,3043,22,0,0,0,3043,12,0,0;      1195P    716
508,4,0,3043,22,1,0,0,3043,19,1,0,0,3043,16,1,0,0,3043,13,1,0;      1197P    717
508,4,0,3043,21,0,0,0,3043,11,0,0,0,3043,15,0,0,0,3043,18,0,0;      1199P    718
508,2,0,3043,1,1,0,0,3043,2,1,0;                                    1201P    719
508,2,0,3043,6,1,0,0,3043,7,1,0;                                    1203P    720
508,6,0,3045,1,0,0,0,3045,2,0,0,0,3045,3,1,0,0,3045,4,1,0,0,        1205P    721
3045,5,1,0,0,3045,3,0,0;                                            1205P    722
508,2,0,3045,5,0,0,0,3045,4,0,0;                                    1207P    723
508,6,0,3045,6,0,0,0,3045,7,0,0,0,3045,8,1,0,0,3045,9,1,0,0,        1209P    724
3045,10,1,0,0,3045,8,0,0;                                           1209P    725
508,2,0,3045,10,0,0,0,3045,9,0,0;                                   1211P    726
508,4,0,3045,11,0,0,0,3045,12,1,0,0,3045,13,0,0,0,3045,14,0,0;      1213P    727
508,4,0,3045,15,0,0,0,3045,14,1,0,0,3045,16,0,0,0,3045,17,0,0;      1215P    728
508,4,0,3045,18,1,0,0,3045,17,1,0,0,3045,19,0,0,0,3045,20,0,0;      1217P    729
508,4,0,3045,21,0,0,0,3045,20,1,0,0,3045,22,0,0,0,3045,12,0,0;      1219P    730
508,4,0,3045,22,1,0,0,3045,19,1,0,0,3045,16,1,0,0,3045,13,1,0;      1221P    731
508,4,0,3045,21,1,0,0,3045,11,1,0,0,3045,15,1,0,0,3045,18,0,0;      1223P    732
508,2,0,3045,1,1,0,0,3045,2,1,0;                                    1225P    733
508,2,0,3045,6,1,0,0,3045,7,1,0;                                    1227P    734
508,6,0,3047,1,0,0,0,3047,2,0,0,0,3047,3,1,0,0,3047,4,1,0,0,        1229P    735
3047,5,1,0,0,3047,3,0,0;                                            1229P    736
508,2,0,3047,5,0,0,0,3047,4,0,0;                                    1231P    737
508,6,0,3047,6,0,0,0,3047,7,0,0,0,3047,8,1,0,0,3047,9,1,0,0,        1233P    738
3047,10,1,0,0,3047,8,0,0;                                           1233P    739
508,2,0,3047,10,0,0,0,3047,9,0,0;                                   1235P    740
508,6,0,3047,11,0,0,0,3047,12,0,0,0,3047,13,1,0,0,3047,14,1,0,0,    1237P    741
3047,15,1,0,0,3047,13,0,0;                                          1237P    742
508,2,0,3047,15,0,0,0,3047,14,0,0;                                  1239P    743
508,6,0,3047,16,0,0,0,3047,17,0,0,0,3047,18,1,0,0,3047,19,1,0,0,    1241P    744
3047,20,1,0,0,3047,18,0,0;                                          1241P    745
508,2,0,3047,20,0,0,0,3047,19,0,0;                                  1243P    746
508,6,0,3047,21,0,0,0,3047,22,0,0,0,3047,23,1,0,0,3047,24,1,0,0,    1245P    747
3047,25,1,0,0,3047,23,0,0;                                          1245P    748
508,2,0,3047,25,0,0,0,3047,24,0,0;                                  1247P    749
508,4,0,3047,26,0,0,0,3047,27,1,0,0,3047,28,0,0,0,3047,29,0,0;      1249P    750
508,2,0,3047,11,1,0,0,3047,12,1,0;                                  1251P    751
508,2,0,3047,16,1,0,0,3047,17,1,0;                                  1253P    752
508,2,0,3047,21,1,0,0,3047,22,1,0;                                  1255P    753
508,4,0,3047,30,0,0,0,3047,29,1,0,0,3047,31,0,0,0,3047,32,0,0;      1257P    754
508,4,0,3047,33,0,0,0,3047,32,1,0,0,3047,34,0,0,0,3047,35,0,0;      1259P    755
508,4,0,3047,36,1,0,0,3047,35,1,0,0,3047,37,0,0,0,3047,27,0,0;      1261P    756
508,4,0,3047,37,1,0,0,3047,34,1,0,0,3047,31,1,0,0,3047,28,1,0;      1263P    757
508,4,0,3047,36,0,0,0,3047,26,1,0,0,3047,30,1,0,0,3047,33,1,0;      1265P    758
508,2,0,3047,1,1,0,0,3047,2,1,0;                                    1267P    759
508,2,0,3047,6,1,0,0,3047,7,1,0;                                    1269P    760
508,4,0,3049,1,0,0,0,3049,2,1,0,0,3049,3,0,0,0,3049,4,0,0;          1271P    761
508,4,0,3049,5,0,0,0,3049,4,1,0,0,3049,6,0,0,0,3049,7,0,0;          1273P    762
508,4,0,3049,8,0,0,0,3049,7,1,0,0,3049,9,0,0,0,3049,10,0,0;         1275P    763
508,4,0,3049,11,1,0,0,3049,10,1,0,0,3049,12,0,0,0,3049,13,0,0;      1277P    764
508,4,0,3049,14,0,0,0,3049,13,1,0,0,3049,15,0,0,0,3049,16,0,0;      1279P    765
508,4,0,3049,17,0,0,0,3049,16,1,0,0,3049,18,0,0,0,3049,19,0,0;      1281P    766
508,4,0,3049,20,0,0,0,3049,19,1,0,0,3049,21,0,0,0,3049,2,0,0;       1283P    767
508,7,0,3049,21,1,0,0,3049,18,1,0,0,3049,15,1,0,0,3049,12,1,0,0,    1285P    768
3049,9,1,0,0,3049,6,1,0,0,3049,3,1,0;                               1285P    769
508,7,0,3049,20,1,0,0,3049,1,1,0,0,3049,5,1,0,0,3049,8,1,0,0,       1287P    770
3049,11,0,0,0,3049,14,1,0,0,3049,17,1,0;                            1287P    771
126,4,2,0,0,0,0,0.,0.,0.,1.5707963267949,1.5707963267949,           1289P    772
3.14159265358979,3.14159265358979,3.14159265358979,1.,              1289P    773
0.707106781186554,1.,0.707106781186554,1.,-407.486506032707,15.,    1289P    774
-357.800627555736,-411.486506032707,15.,-357.800627555736,          1289P    775
-411.486506032707,15.,-361.800627555736,-411.486506032707,15.,      1289P    776
-365.800627555736,-407.486506032707,15.,-365.800627555736,0.,       1289P    777
3.14159265358979,0.,0.,0.;                                          1289P    778
126,4,2,0,0,0,0,3.14159265358979,3.14159265358979,                  1291P    779
3.14159265358979,4.71238898038469,4.71238898038469,                 1291P    780
6.28318530717959,6.28318530717959,6.28318530717959,1.,              1291P    781
0.707106781186554,1.,0.707106781186554,1.,-407.486506032707,15.,    1291P    782
-365.800627555736,-403.486506032707,15.,-365.800627555736,          1291P    783
-403.486506032707,15.,-361.800627555736,-403.486506032707,15.,      1291P    784
-357.800627555736,-407.486506032707,15.,-357.800627555736,          1291P    785
3.14159265358979,6.28318530717959,0.,0.,0.;                         1291P    786
126,1,1,0,0,1,0,-1.5,-1.5,1.5,1.5,1.,1.,-407.486506032707,15.,      1293P    787
-365.800627555736,-407.486506032707,3.,-365.800627555736,-1.5,      1293P    788
1.5,0.,0.,0.;                                                       1293P    789
126,4,2,0,0,0,0,3.14159265358979,3.14159265358979,                  1295P    790
3.14159265358979,4.71238898038469,4.71238898038469,                 1295P    791
6.28318530717959,6.28318530717959,6.28318530717959,1.,              1295P    792
0.707106781186554,1.,0.707106781186554,1.,-407.486506032707,3.,     1295P    793
-365.800627555736,-403.486506032707,3.,-365.800627555736,           1295P    794
-403.486506032707,3.,-361.800627555736,-403.486506032707,3.,        1295P    795
-357.800627555736,-407.486506032707,3.,-357.800627555736,           1295P    796
3.14159265358979,6.28318530717959,0.,0.,0.;                         1295P    797
126,4,2,0,0,0,0,0.,0.,0.,1.5707963267949,1.5707963267949,           1297P    798
3.14159265358979,3.14159265358979,3.14159265358979,1.,              1297P    799
0.707106781186554,1.,0.707106781186554,1.,-407.486506032707,3.,     1297P    800
-357.800627555736,-411.486506032707,3.,-357.800627555736,           1297P    801
-411.486506032707,3.,-361.800627555736,-411.486506032707,3.,        1297P    802
-365.800627555736,-407.486506032707,3.,-365.800627555736,0.,        1297P    803
3.14159265358979,0.,0.,0.;                                          1297P    804
126,4,2,0,0,0,0,0.,0.,0.,1.5707963267949,1.5707963267949,           1299P    805
3.14159265358979,3.14159265358979,3.14159265358979,1.,              1299P    806
0.707106781186545,1.,0.707106781186545,1.,-449.7,15.,-108.1425,     1299P    807
-453.7,15.,-108.1425,-453.7,15.,-112.1425,-453.7,15.,-116.1425,     1299P    808
-449.7,15.,-116.1425,0.,3.14159265358979,0.,0.,0.;                  1299P    809
126,4,2,0,0,0,0,3.14159265358979,3.14159265358979,                  1301P    810
3.14159265358979,4.71238898038469,4.71238898038469,                 1301P    811
6.28318530717959,6.28318530717959,6.28318530717959,1.,              1301P    812
0.707106781186545,1.,0.707106781186545,1.,-449.7,15.,-116.1425,     1301P    813
-445.7,15.,-116.1425,-445.7,15.,-112.1425,-445.7,15.,-108.1425,     1301P    814
-449.7,15.,-108.1425,3.14159265358979,6.28318530717959,0.,0.,0.;    1301P    815
126,1,1,0,0,1,0,-1.5,-1.5,1.5,1.5,1.,1.,-449.7,15.,-116.1425,       1303P    816
-449.7,3.,-116.1425,-1.5,1.5,0.,0.,0.;                              1303P    817
126,4,2,0,0,0,0,3.14159265358979,3.14159265358979,                  1305P    818
3.14159265358979,4.71238898038469,4.71238898038469,                 1305P    819
6.28318530717959,6.28318530717959,6.28318530717959,1.,              1305P    820
0.707106781186545,1.,0.707106781186545,1.,-449.7,3.,-116.1425,      1305P    821
-445.7,3.,-116.1425,-445.7,3.,-112.1425,-445.7,3.,-108.1425,        1305P    822
-449.7,3.,-108.1425,3.14159265358979,6.28318530717959,0.,0.,0.;     1305P    823
126,4,2,0,0,0,0,0.,0.,0.,1.5707963267949,1.5707963267949,           1307P    824
3.14159265358979,3.14159265358979,3.14159265358979,1.,              1307P    825
0.707106781186545,1.,0.707106781186545,1.,-449.7,3.,-108.1425,      1307P    826
-453.7,3.,-108.1425,-453.7,3.,-112.1425,-453.7,3.,-116.1425,        1307P    827
-449.7,3.,-116.1425,0.,3.14159265358979,0.,0.,0.;                   1307P    828
126,4,2,0,0,0,0,0.,0.,0.,1.5707963267949,1.5707963267949,           1309P    829
3.14159265358979,3.14159265358979,3.14159265358979,1.,              1309P    830
0.707106781186554,1.,0.707106781186554,1.,-449.7,15.,211.8575,      1309P    831
-453.7,15.,211.8575,-453.7,15.,207.8575,-453.7,15.,203.8575,        1309P    832
-449.7,15.,203.8575,0.,3.14159265358979,0.,0.,0.;                   1309P    833
126,4,2,0,0,0,0,3.14159265358979,3.14159265358979,                  1311P    834
3.14159265358979,4.71238898038469,4.71238898038469,                 1311P    835
6.28318530717959,6.28318530717959,6.28318530717959,1.,              1311P    836
0.707106781186554,1.,0.707106781186554,1.,-449.7,15.,203.8575,      1311P    837
-445.7,15.,203.8575,-445.7,15.,207.8575,-445.7,15.,211.8575,        1311P    838
-449.7,15.,211.8575,3.14159265358979,6.28318530717959,0.,0.,0.;     1311P    839
126,1,1,0,0,1,0,-1.5,-1.5,1.5,1.5,1.,1.,-449.7,15.,203.8575,        1313P    840
-449.7,3.,203.8575,-1.5,1.5,0.,0.,0.;                               1313P    841
126,4,2,0,0,0,0,3.14159265358979,3.14159265358979,                  1315P    842
3.14159265358979,4.71238898038469,4.71238898038469,                 1315P    843
6.28318530717959,6.28318530717959,6.28318530717959,1.,              1315P    844
0.707106781186554,1.,0.707106781186554,1.,-449.7,3.,203.8575,       1315P    845
-445.7,3.,203.8575,-445.7,3.,207.8575,-445.7,3.,211.8575,-449.7,    1315P    846
3.,211.8575,3.14159265358979,6.28318530717959,0.,0.,0.;             1315P    847
126,4,2,0,0,0,0,0.,0.,0.,1.5707963267949,1.5707963267949,           1317P    848
3.14159265358979,3.14159265358979,3.14159265358979,1.,              1317P    849
0.707106781186554,1.,0.707106781186554,1.,-449.7,3.,211.8575,       1317P    850
-453.7,3.,211.8575,-453.7,3.,207.8575,-453.7,3.,203.8575,-449.7,    1317P    851
3.,203.8575,0.,3.14159265358979,0.,0.,0.;                           1317P    852
126,4,2,0,0,0,0,0.,0.,0.,1.5707963267949,1.5707963267949,           1319P    853
3.14159265358979,3.14159265358979,3.14159265358979,1.,              1319P    854
0.707106781186554,1.,0.707106781186554,1.,-392.4,15.,453.7,         1319P    855
-396.4,15.,453.7,-396.4,15.,449.7,-396.4,15.,445.7,-392.4,15.,      1319P    856
445.7,0.,3.14159265358979,0.,0.,0.;                                 1319P    857
126,4,2,0,0,0,0,3.14159265358979,3.14159265358979,                  1321P    858
3.14159265358979,4.71238898038469,4.71238898038469,                 1321P    859
6.28318530717959,6.28318530717959,6.28318530717959,1.,              1321P    860
0.707106781186554,1.,0.707106781186554,1.,-392.4,15.,445.7,         1321P    861
-388.4,15.,445.7,-388.4,15.,449.7,-388.4,15.,453.7,-392.4,15.,      1321P    862
453.7,3.14159265358979,6.28318530717959,0.,0.,0.;                   1321P    863
126,1,1,0,0,1,0,-1.5,-1.5,1.5,1.5,1.,1.,-392.4,15.,445.7,-392.4,    1323P    864
3.,445.7,-1.5,1.5,0.,0.,0.;                                         1323P    865
126,4,2,0,0,0,0,3.14159265358979,3.14159265358979,                  1325P    866
3.14159265358979,4.71238898038469,4.71238898038469,                 1325P    867
6.28318530717959,6.28318530717959,6.28318530717959,1.,              1325P    868
0.707106781186554,1.,0.707106781186554,1.,-392.4,3.,445.7,          1325P    869
-388.4,3.,445.7,-388.4,3.,449.7,-388.4,3.,453.7,-392.4,3.,453.7,    1325P    870
3.14159265358979,6.28318530717959,0.,0.,0.;                         1325P    871
126,4,2,0,0,0,0,0.,0.,0.,1.5707963267949,1.5707963267949,           1327P    872
3.14159265358979,3.14159265358979,3.14159265358979,1.,              1327P    873
0.707106781186554,1.,0.707106781186554,1.,-392.4,3.,453.7,          1327P    874
-396.4,3.,453.7,-396.4,3.,449.7,-396.4,3.,445.7,-392.4,3.,445.7,    1327P    875
0.,3.14159265358979,0.,0.,0.;                                       1327P    876
126,4,2,0,0,0,0,0.,0.,0.,1.5707963267949,1.5707963267949,           1329P    877
3.14159265358979,3.14159265358979,3.14159265358979,1.,              1329P    878
0.707106781186551,1.,0.707106781186551,1.,-72.3999999999999,15.,    1329P    879
453.7,-76.3999999999999,15.,453.7,-76.3999999999999,15.,449.7,      1329P    880
-76.3999999999999,15.,445.7,-72.3999999999999,15.,445.7,0.,         1329P    881
3.14159265358979,0.,0.,0.;                                          1329P    882
126,4,2,0,0,0,0,3.14159265358979,3.14159265358979,                  1331P    883
3.14159265358979,4.71238898038469,4.71238898038469,                 1331P    884
6.28318530717959,6.28318530717959,6.28318530717959,1.,              1331P    885
0.707106781186551,1.,0.707106781186551,1.,-72.3999999999999,15.,    1331P    886
445.7,-68.3999999999999,15.,445.7,-68.3999999999999,15.,449.7,      1331P    887
-68.3999999999999,15.,453.7,-72.3999999999999,15.,453.7,            1331P    888
3.14159265358979,6.28318530717959,0.,0.,0.;                         1331P    889
126,1,1,0,0,1,0,-1.5,-1.5,1.5,1.5,1.,1.,-72.3999999999999,15.,      1333P    890
445.7,-72.3999999999999,3.,445.7,-1.5,1.5,0.,0.,0.;                 1333P    891
126,4,2,0,0,0,0,3.14159265358979,3.14159265358979,                  1335P    892
3.14159265358979,4.71238898038469,4.71238898038469,                 1335P    893
6.28318530717959,6.28318530717959,6.28318530717959,1.,              1335P    894
0.707106781186551,1.,0.707106781186551,1.,-72.3999999999999,3.,     1335P    895
445.7,-68.3999999999999,3.,445.7,-68.3999999999999,3.,449.7,        1335P    896
-68.3999999999999,3.,453.7,-72.3999999999999,3.,453.7,              1335P    897
3.14159265358979,6.28318530717959,0.,0.,0.;                         1335P    898
126,4,2,0,0,0,0,0.,0.,0.,1.5707963267949,1.5707963267949,           1337P    899
3.14159265358979,3.14159265358979,3.14159265358979,1.,              1337P    900
0.707106781186551,1.,0.707106781186551,1.,-72.3999999999999,3.,     1337P    901
453.7,-76.3999999999999,3.,453.7,-76.3999999999999,3.,449.7,        1337P    902
-76.3999999999999,3.,445.7,-72.3999999999999,3.,445.7,0.,           1337P    903
3.14159265358979,0.,0.,0.;                                          1337P    904
126,4,2,0,0,0,0,0.,0.,0.,1.5707963267949,1.5707963267949,           1339P    905
3.14159265358979,3.14159265358979,3.14159265358979,1.,              1339P    906
0.707106781186545,1.,0.707106781186545,1.,449.7,15.,91.6,445.7,     1339P    907
15.,91.6,445.7,15.,87.6,445.7,15.,83.6,449.7,15.,83.6,0.,           1339P    908
3.14159265358979,0.,0.,0.;                                          1339P    909
126,4,2,0,0,0,0,3.14159265358979,3.14159265358979,                  1341P    910
3.14159265358979,4.71238898038469,4.71238898038469,                 1341P    911
6.28318530717959,6.28318530717959,6.28318530717959,1.,              1341P    912
0.707106781186545,1.,0.707106781186545,1.,449.7,15.,83.6,453.7,     1341P    913
15.,83.6,453.7,15.,87.6,453.7,15.,91.6,449.7,15.,91.6,              1341P    914
3.14159265358979,6.28318530717959,0.,0.,0.;                         1341P    915
126,1,1,0,0,1,0,-1.5,-1.5,1.5,1.5,1.,1.,449.7,15.,83.6,449.7,3.,    1343P    916
83.6,-1.5,1.5,0.,0.,0.;                                             1343P    917
126,4,2,0,0,0,0,3.14159265358979,3.14159265358979,                  1345P    918
3.14159265358979,4.71238898038469,4.71238898038469,                 1345P    919
6.28318530717959,6.28318530717959,6.28318530717959,1.,              1345P    920
0.707106781186545,1.,0.707106781186545,1.,449.7,3.,83.6,453.7,      1345P    921
3.,83.6,453.7,3.,87.6,453.7,3.,91.6,449.7,3.,91.6,                  1345P    922
3.14159265358979,6.28318530717959,0.,0.,0.;                         1345P    923
126,4,2,0,0,0,0,0.,0.,0.,1.5707963267949,1.5707963267949,           1347P    924
3.14159265358979,3.14159265358979,3.14159265358979,1.,              1347P    925
0.707106781186545,1.,0.707106781186545,1.,449.7,3.,91.6,445.7,      1347P    926
3.,91.6,445.7,3.,87.6,445.7,3.,83.6,449.7,3.,83.6,0.,               1347P    927
3.14159265358979,0.,0.,0.;                                          1347P    928
126,4,2,0,0,0,0,0.,0.,0.,1.5707963267949,1.5707963267949,           1349P    929
3.14159265358979,3.14159265358979,3.14159265358979,1.,              1349P    930
0.707106781186554,1.,0.707106781186554,1.,449.7,15.,-228.4,         1349P    931
445.7,15.,-228.4,445.7,15.,-232.4,445.7,15.,-236.4,449.7,15.,       1349P    932
-236.4,0.,3.14159265358979,0.,0.,0.;                                1349P    933
126,4,2,0,0,0,0,3.14159265358979,3.14159265358979,                  1351P    934
3.14159265358979,4.71238898038469,4.71238898038469,                 1351P    935
6.28318530717959,6.28318530717959,6.28318530717959,1.,              1351P    936
0.707106781186554,1.,0.707106781186554,1.,449.7,15.,-236.4,         1351P    937
453.7,15.,-236.4,453.7,15.,-232.4,453.7,15.,-228.4,449.7,15.,       1351P    938
-228.4,3.14159265358979,6.28318530717959,0.,0.,0.;                  1351P    939
126,1,1,0,0,1,0,-1.5,-1.5,1.5,1.5,1.,1.,449.7,15.,-236.4,449.7,     1353P    940
3.,-236.4,-1.5,1.5,0.,0.,0.;                                        1353P    941
126,4,2,0,0,0,0,3.14159265358979,3.14159265358979,                  1355P    942
3.14159265358979,4.71238898038469,4.71238898038469,                 1355P    943
6.28318530717959,6.28318530717959,6.28318530717959,1.,              1355P    944
0.707106781186554,1.,0.707106781186554,1.,449.7,3.,-236.4,453.7,    1355P    945
3.,-236.4,453.7,3.,-232.4,453.7,3.,-228.4,449.7,3.,-228.4,          1355P    946
3.14159265358979,6.28318530717959,0.,0.,0.;                         1355P    947
126,4,2,0,0,0,0,0.,0.,0.,1.5707963267949,1.5707963267949,           1357P    948
3.14159265358979,3.14159265358979,3.14159265358979,1.,              1357P    949
0.707106781186554,1.,0.707106781186554,1.,449.7,3.,-228.4,445.7,    1357P    950
3.,-228.4,445.7,3.,-232.4,445.7,3.,-236.4,449.7,3.,-236.4,0.,       1357P    951
3.14159265358979,0.,0.,0.;                                          1357P    952
126,4,2,0,0,0,0,0.,0.,0.,1.5707963267949,1.5707963267949,           1359P    953
3.14159265358979,3.14159265358979,3.14159265358979,1.,              1359P    954
0.707106781186554,1.,0.707106781186554,1.,367.8575,15.,-445.7,      1359P    955
363.8575,15.,-445.7,363.8575,15.,-449.7,363.8575,15.,-453.7,        1359P    956
367.8575,15.,-453.7,0.,3.14159265358979,0.,0.,0.;                   1359P    957
126,4,2,0,0,0,0,3.14159265358979,3.14159265358979,                  1361P    958
3.14159265358979,4.71238898038469,4.71238898038469,                 1361P    959
6.28318530717959,6.28318530717959,6.28318530717959,1.,              1361P    960
0.707106781186554,1.,0.707106781186554,1.,367.8575,15.,-453.7,      1361P    961
371.8575,15.,-453.7,371.8575,15.,-449.7,371.8575,15.,-445.7,        1361P    962
367.8575,15.,-445.7,3.14159265358979,6.28318530717959,0.,0.,0.;     1361P    963
126,1,1,0,0,1,0,-1.5,-1.5,1.5,1.5,1.,1.,367.8575,15.,-453.7,        1363P    964
367.8575,3.,-453.7,-1.5,1.5,0.,0.,0.;                               1363P    965
126,4,2,0,0,0,0,3.14159265358979,3.14159265358979,                  1365P    966
3.14159265358979,4.71238898038469,4.71238898038469,                 1365P    967
6.28318530717959,6.28318530717959,6.28318530717959,1.,              1365P    968
0.707106781186554,1.,0.707106781186554,1.,367.8575,3.,-453.7,       1365P    969
371.8575,3.,-453.7,371.8575,3.,-449.7,371.8575,3.,-445.7,           1365P    970
367.8575,3.,-445.7,3.14159265358979,6.28318530717959,0.,0.,0.;      1365P    971
126,4,2,0,0,0,0,0.,0.,0.,1.5707963267949,1.5707963267949,           1367P    972
3.14159265358979,3.14159265358979,3.14159265358979,1.,              1367P    973
0.707106781186554,1.,0.707106781186554,1.,367.8575,3.,-445.7,       1367P    974
363.8575,3.,-445.7,363.8575,3.,-449.7,363.8575,3.,-453.7,           1367P    975
367.8575,3.,-453.7,0.,3.14159265358979,0.,0.,0.;                    1367P    976
126,4,2,0,0,0,0,0.,0.,0.,1.5707963267949,1.5707963267949,           1369P    977
3.14159265358979,3.14159265358979,3.14159265358979,1.,              1369P    978
0.707106781186551,1.,0.707106781186551,1.,47.8575,15.,-445.7,       1369P    979
43.8575,15.,-445.7,43.8575,15.,-449.7,43.8575,15.,-453.7,           1369P    980
47.8575,15.,-453.7,0.,3.14159265358979,0.,0.,0.;                    1369P    981
126,4,2,0,0,0,0,3.14159265358979,3.14159265358979,                  1371P    982
3.14159265358979,4.71238898038469,4.71238898038469,                 1371P    983
6.28318530717959,6.28318530717959,6.28318530717959,1.,              1371P    984
0.707106781186551,1.,0.707106781186551,1.,47.8575,15.,-453.7,       1371P    985
51.8575,15.,-453.7,51.8575,15.,-449.7,51.8575,15.,-445.7,           1371P    986
47.8575,15.,-445.7,3.14159265358979,6.28318530717959,0.,0.,0.;      1371P    987
126,1,1,0,0,1,0,-1.5,-1.5,1.5,1.5,1.,1.,47.8575,15.,-453.7,         1373P    988
47.8575,3.,-453.7,-1.5,1.5,0.,0.,0.;                                1373P    989
126,4,2,0,0,0,0,3.14159265358979,3.14159265358979,                  1375P    990
3.14159265358979,4.71238898038469,4.71238898038469,                 1375P    991
6.28318530717959,6.28318530717959,6.28318530717959,1.,              1375P    992
0.707106781186551,1.,0.707106781186551,1.,47.8575,3.,-453.7,        1375P    993
51.8575,3.,-453.7,51.8575,3.,-449.7,51.8575,3.,-445.7,47.8575,      1375P    994
3.,-445.7,3.14159265358979,6.28318530717959,0.,0.,0.;               1375P    995
126,4,2,0,0,0,0,0.,0.,0.,1.5707963267949,1.5707963267949,           1377P    996
3.14159265358979,3.14159265358979,3.14159265358979,1.,              1377P    997
0.707106781186551,1.,0.707106781186551,1.,47.8575,3.,-445.7,        1377P    998
43.8575,3.,-445.7,43.8575,3.,-449.7,43.8575,3.,-453.7,47.8575,      1377P    999
3.,-453.7,0.,3.14159265358979,0.,0.,0.;                             1377P   1000
126,4,2,0,0,0,0,0.,0.,0.,1.5707963267949,1.5707963267949,           1379P   1001
3.14159265358979,3.14159265358979,3.14159265358979,1.,              1379P   1002
0.707106781186554,1.,0.707106781186554,1.,-272.1425,15.,-445.7,     1379P   1003
-276.1425,15.,-445.7,-276.1425,15.,-449.7,-276.1425,15.,-453.7,     1379P   1004
-272.1425,15.,-453.7,0.,3.14159265358979,0.,0.,0.;                  1379P   1005
126,4,2,0,0,0,0,3.14159265358979,3.14159265358979,                  1381P   1006
3.14159265358979,4.71238898038469,4.71238898038469,                 1381P   1007
6.28318530717959,6.28318530717959,6.28318530717959,1.,              1381P   1008
0.707106781186554,1.,0.707106781186554,1.,-272.1425,15.,-453.7,     1381P   1009
-268.1425,15.,-453.7,-268.1425,15.,-449.7,-268.1425,15.,-445.7,     1381P   1010
-272.1425,15.,-445.7,3.14159265358979,6.28318530717959,0.,0.,0.;    1381P   1011
126,1,1,0,0,1,0,-1.5,-1.5,1.5,1.5,1.,1.,-272.1425,15.,-453.7,       1383P   1012
-272.1425,3.,-453.7,-1.5,1.5,0.,0.,0.;                              1383P   1013
126,4,2,0,0,0,0,3.14159265358979,3.14159265358979,                  1385P   1014
3.14159265358979,4.71238898038469,4.71238898038469,                 1385P   1015
6.28318530717959,6.28318530717959,6.28318530717959,1.,              1385P   1016
0.707106781186554,1.,0.707106781186554,1.,-272.1425,3.,-453.7,      1385P   1017
-268.1425,3.,-453.7,-268.1425,3.,-449.7,-268.1425,3.,-445.7,        1385P   1018
-272.1425,3.,-445.7,3.14159265358979,6.28318530717959,0.,0.,0.;     1385P   1019
126,4,2,0,0,0,0,0.,0.,0.,1.5707963267949,1.5707963267949,           1387P   1020
3.14159265358979,3.14159265358979,3.14159265358979,1.,              1387P   1021
0.707106781186554,1.,0.707106781186554,1.,-272.1425,3.,-445.7,      1387P   1022
-276.1425,3.,-445.7,-276.1425,3.,-449.7,-276.1425,3.,-453.7,        1387P   1023
-272.1425,3.,-453.7,0.,3.14159265358979,0.,0.,0.;                   1387P   1024
126,4,2,0,0,0,0,0.,0.,0.,1.5707963267949,1.5707963267949,           1389P   1025
3.14159265358979,3.14159265358979,3.14159265358979,1.,              1389P   1026
0.707106781186545,1.,0.707106781186545,1.,-112.1425,15.,-445.7,     1389P   1027
-116.1425,15.,-445.7,-116.1425,15.,-449.7,-116.1425,15.,-453.7,     1389P   1028
-112.1425,15.,-453.7,0.,3.14159265358979,0.,0.,0.;                  1389P   1029
126,4,2,0,0,0,0,3.14159265358979,3.14159265358979,                  1391P   1030
3.14159265358979,4.71238898038469,4.71238898038469,                 1391P   1031
6.28318530717959,6.28318530717959,6.28318530717959,1.,              1391P   1032
0.707106781186545,1.,0.707106781186545,1.,-112.1425,15.,-453.7,     1391P   1033
-108.1425,15.,-453.7,-108.1425,15.,-449.7,-108.1425,15.,-445.7,     1391P   1034
-112.1425,15.,-445.7,3.14159265358979,6.28318530717959,0.,0.,0.;    1391P   1035
126,1,1,0,0,1,0,-1.5,-1.5,1.5,1.5,1.,1.,-112.1425,15.,-453.7,       1393P   1036
-112.1425,3.,-453.7,-1.5,1.5,0.,0.,0.;                              1393P   1037
126,4,2,0,0,0,0,3.14159265358979,3.14159265358979,                  1395P   1038
3.14159265358979,4.71238898038469,4.71238898038469,                 1395P   1039
6.28318530717959,6.28318530717959,6.28318530717959,1.,              1395P   1040
0.707106781186545,1.,0.707106781186545,1.,-112.1425,3.,-453.7,      1395P   1041
-108.1425,3.,-453.7,-108.1425,3.,-449.7,-108.1425,3.,-445.7,        1395P   1042
-112.1425,3.,-445.7,3.14159265358979,6.28318530717959,0.,0.,0.;     1395P   1043
126,4,2,0,0,0,0,0.,0.,0.,1.5707963267949,1.5707963267949,           1397P   1044
3.14159265358979,3.14159265358979,3.14159265358979,1.,              1397P   1045
0.707106781186545,1.,0.707106781186545,1.,-112.1425,3.,-445.7,      1397P   1046
-116.1425,3.,-445.7,-116.1425,3.,-449.7,-116.1425,3.,-453.7,        1397P   1047
-112.1425,3.,-453.7,0.,3.14159265358979,0.,0.,0.;                   1397P   1048
126,4,2,0,0,0,0,0.,0.,0.,1.5707963267949,1.5707963267949,           1399P   1049
3.14159265358979,3.14159265358979,3.14159265358979,1.,              1399P   1050
0.707106781186554,1.,0.707106781186554,1.,207.8575,15.,-445.7,      1399P   1051
203.8575,15.,-445.7,203.8575,15.,-449.7,203.8575,15.,-453.7,        1399P   1052
207.8575,15.,-453.7,0.,3.14159265358979,0.,0.,0.;                   1399P   1053
126,4,2,0,0,0,0,3.14159265358979,3.14159265358979,                  1401P   1054
3.14159265358979,4.71238898038469,4.71238898038469,                 1401P   1055
6.28318530717959,6.28318530717959,6.28318530717959,1.,              1401P   1056
0.707106781186554,1.,0.707106781186554,1.,207.8575,15.,-453.7,      1401P   1057
211.8575,15.,-453.7,211.8575,15.,-449.7,211.8575,15.,-445.7,        1401P   1058
207.8575,15.,-445.7,3.14159265358979,6.28318530717959,0.,0.,0.;     1401P   1059
126,1,1,0,0,1,0,-1.5,-1.5,1.5,1.5,1.,1.,207.8575,15.,-453.7,        1403P   1060
207.8575,3.,-453.7,-1.5,1.5,0.,0.,0.;                               1403P   1061
126,4,2,0,0,0,0,3.14159265358979,3.14159265358979,                  1405P   1062
3.14159265358979,4.71238898038469,4.71238898038469,                 1405P   1063
6.28318530717959,6.28318530717959,6.28318530717959,1.,              1405P   1064
0.707106781186554,1.,0.707106781186554,1.,207.8575,3.,-453.7,       1405P   1065
211.8575,3.,-453.7,211.8575,3.,-449.7,211.8575,3.,-445.7,           1405P   1066
207.8575,3.,-445.7,3.14159265358979,6.28318530717959,0.,0.,0.;      1405P   1067
126,4,2,0,0,0,0,0.,0.,0.,1.5707963267949,1.5707963267949,           1407P   1068
3.14159265358979,3.14159265358979,3.14159265358979,1.,              1407P   1069
0.707106781186554,1.,0.707106781186554,1.,207.8575,3.,-445.7,       1407P   1070
203.8575,3.,-445.7,203.8575,3.,-449.7,203.8575,3.,-453.7,           1407P   1071
207.8575,3.,-453.7,0.,3.14159265358979,0.,0.,0.;                    1407P   1072
126,4,2,0,0,0,0,0.,0.,0.,1.5707963267949,1.5707963267949,           1409P   1073
3.14159265358979,3.14159265358979,3.14159265358979,1.,              1409P   1074
0.707106781186554,1.,0.707106781186554,1.,449.7,15.,-388.4,         1409P   1075
445.7,15.,-388.4,445.7,15.,-392.4,445.7,15.,-396.4,449.7,15.,       1409P   1076
-396.4,0.,3.14159265358979,0.,0.,0.;                                1409P   1077
126,4,2,0,0,0,0,3.14159265358979,3.14159265358979,                  1411P   1078
3.14159265358979,4.71238898038469,4.71238898038469,                 1411P   1079
6.28318530717959,6.28318530717959,6.28318530717959,1.,              1411P   1080
0.707106781186554,1.,0.707106781186554,1.,449.7,15.,-396.4,         1411P   1081
453.7,15.,-396.4,453.7,15.,-392.4,453.7,15.,-388.4,449.7,15.,       1411P   1082
-388.4,3.14159265358979,6.28318530717959,0.,0.,0.;                  1411P   1083
126,1,1,0,0,1,0,-1.5,-1.5,1.5,1.5,1.,1.,449.7,15.,-396.4,449.7,     1413P   1084
3.,-396.4,-1.5,1.5,0.,0.,0.;                                        1413P   1085
126,4,2,0,0,0,0,3.14159265358979,3.14159265358979,                  1415P   1086
3.14159265358979,4.71238898038469,4.71238898038469,                 1415P   1087
6.28318530717959,6.28318530717959,6.28318530717959,1.,              1415P   1088
0.707106781186554,1.,0.707106781186554,1.,449.7,3.,-396.4,453.7,    1415P   1089
3.,-396.4,453.7,3.,-392.4,453.7,3.,-388.4,449.7,3.,-388.4,          1415P   1090
3.14159265358979,6.28318530717959,0.,0.,0.;                         1415P   1091
126,4,2,0,0,0,0,0.,0.,0.,1.5707963267949,1.5707963267949,           1417P   1092
3.14159265358979,3.14159265358979,3.14159265358979,1.,              1417P   1093
0.707106781186554,1.,0.707106781186554,1.,449.7,3.,-388.4,445.7,    1417P   1094
3.,-388.4,445.7,3.,-392.4,445.7,3.,-396.4,449.7,3.,-396.4,0.,       1417P   1095
3.14159265358979,0.,0.,0.;                                          1417P   1096
126,4,2,0,0,0,0,0.,0.,0.,1.5707963267949,1.5707963267949,           1419P   1097
3.14159265358979,3.14159265358979,3.14159265358979,1.,              1419P   1098
0.707106781186551,1.,0.707106781186551,1.,449.7,15.,-68.4,445.7,    1419P   1099
15.,-68.4,445.7,15.,-72.4,445.7,15.,-76.4,449.7,15.,-76.4,0.,       1419P   1100
3.14159265358979,0.,0.,0.;                                          1419P   1101
126,4,2,0,0,0,0,3.14159265358979,3.14159265358979,                  1421P   1102
3.14159265358979,4.71238898038469,4.71238898038469,                 1421P   1103
6.28318530717959,6.28318530717959,6.28318530717959,1.,              1421P   1104
0.707106781186551,1.,0.707106781186551,1.,449.7,15.,-76.4,453.7,    1421P   1105
15.,-76.4,453.7,15.,-72.4,453.7,15.,-68.4,449.7,15.,-68.4,          1421P   1106
3.14159265358979,6.28318530717959,0.,0.,0.;                         1421P   1107
126,1,1,0,0,1,0,-1.5,-1.5,1.5,1.5,1.,1.,449.7,15.,-76.4,449.7,      1423P   1108
3.,-76.4,-1.5,1.5,0.,0.,0.;                                         1423P   1109
126,4,2,0,0,0,0,3.14159265358979,3.14159265358979,                  1425P   1110
3.14159265358979,4.71238898038469,4.71238898038469,                 1425P   1111
6.28318530717959,6.28318530717959,6.28318530717959,1.,              1425P   1112
0.707106781186551,1.,0.707106781186551,1.,449.7,3.,-76.4,453.7,     1425P   1113
3.,-76.4,453.7,3.,-72.4,453.7,3.,-68.4,449.7,3.,-68.4,              1425P   1114
3.14159265358979,6.28318530717959,0.,0.,0.;                         1425P   1115
126,4,2,0,0,0,0,0.,0.,0.,1.5707963267949,1.5707963267949,           1427P   1116
3.14159265358979,3.14159265358979,3.14159265358979,1.,              1427P   1117
0.707106781186551,1.,0.707106781186551,1.,449.7,3.,-68.4,445.7,     1427P   1118
3.,-68.4,445.7,3.,-72.4,445.7,3.,-76.4,449.7,3.,-76.4,0.,           1427P   1119
3.14159265358979,0.,0.,0.;                                          1427P   1120
126,4,2,0,0,0,0,0.,0.,0.,1.5707963267949,1.5707963267949,           1429P   1121
3.14159265358979,3.14159265358979,3.14159265358979,1.,              1429P   1122
0.707106781186545,1.,0.707106781186545,1.,87.6000000000001,15.,     1429P   1123
453.7,83.6000000000001,15.,453.7,83.6000000000001,15.,449.7,        1429P   1124
83.6000000000001,15.,445.7,87.6000000000001,15.,445.7,0.,           1429P   1125
3.14159265358979,0.,0.,0.;                                          1429P   1126
126,4,2,0,0,0,0,3.14159265358979,3.14159265358979,                  1431P   1127
3.14159265358979,4.71238898038469,4.71238898038469,                 1431P   1128
6.28318530717959,6.28318530717959,6.28318530717959,1.,              1431P   1129
0.707106781186545,1.,0.707106781186545,1.,87.6000000000001,15.,     1431P   1130
445.7,91.6000000000001,15.,445.7,91.6000000000001,15.,449.7,        1431P   1131
91.6000000000001,15.,453.7,87.6000000000001,15.,453.7,              1431P   1132
3.14159265358979,6.28318530717959,0.,0.,0.;                         1431P   1133
126,1,1,0,0,1,0,-1.5,-1.5,1.5,1.5,1.,1.,87.6000000000001,15.,       1433P   1134
445.7,87.6000000000001,3.,445.7,-1.5,1.5,0.,0.,0.;                  1433P   1135
126,4,2,0,0,0,0,3.14159265358979,3.14159265358979,                  1435P   1136
3.14159265358979,4.71238898038469,4.71238898038469,                 1435P   1137
6.28318530717959,6.28318530717959,6.28318530717959,1.,              1435P   1138
0.707106781186545,1.,0.707106781186545,1.,87.6000000000001,3.,      1435P   1139
445.7,91.6000000000001,3.,445.7,91.6000000000001,3.,449.7,          1435P   1140
91.6000000000001,3.,453.7,87.6000000000001,3.,453.7,                1435P   1141
3.14159265358979,6.28318530717959,0.,0.,0.;                         1435P   1142
126,4,2,0,0,0,0,0.,0.,0.,1.5707963267949,1.5707963267949,           1437P   1143
3.14159265358979,3.14159265358979,3.14159265358979,1.,              1437P   1144
0.707106781186545,1.,0.707106781186545,1.,87.6000000000001,3.,      1437P   1145
453.7,83.6000000000001,3.,453.7,83.6000000000001,3.,449.7,          1437P   1146
83.6000000000001,3.,445.7,87.6000000000001,3.,445.7,0.,             1437P   1147
3.14159265358979,0.,0.,0.;                                          1437P   1148
126,4,2,0,0,0,0,0.,0.,0.,1.5707963267949,1.5707963267949,           1439P   1149
3.14159265358979,3.14159265358979,3.14159265358979,1.,              1439P   1150
0.707106781186554,1.,0.707106781186554,1.,-232.4,15.,453.7,         1439P   1151
-236.4,15.,453.7,-236.4,15.,449.7,-236.4,15.,445.7,-232.4,15.,      1439P   1152
445.7,0.,3.14159265358979,0.,0.,0.;                                 1439P   1153
126,4,2,0,0,0,0,3.14159265358979,3.14159265358979,                  1441P   1154
3.14159265358979,4.71238898038469,4.71238898038469,                 1441P   1155
6.28318530717959,6.28318530717959,6.28318530717959,1.,              1441P   1156
0.707106781186554,1.,0.707106781186554,1.,-232.4,15.,445.7,         1441P   1157
-228.4,15.,445.7,-228.4,15.,449.7,-228.4,15.,453.7,-232.4,15.,      1441P   1158
453.7,3.14159265358979,6.28318530717959,0.,0.,0.;                   1441P   1159
126,1,1,0,0,1,0,-1.5,-1.5,1.5,1.5,1.,1.,-232.4,15.,445.7,-232.4,    1443P   1160
3.,445.7,-1.5,1.5,0.,0.,0.;                                         1443P   1161
126,4,2,0,0,0,0,3.14159265358979,3.14159265358979,                  1445P   1162
3.14159265358979,4.71238898038469,4.71238898038469,                 1445P   1163
6.28318530717959,6.28318530717959,6.28318530717959,1.,              1445P   1164
0.707106781186554,1.,0.707106781186554,1.,-232.4,3.,445.7,          1445P   1165
-228.4,3.,445.7,-228.4,3.,449.7,-228.4,3.,453.7,-232.4,3.,453.7,    1445P   1166
3.14159265358979,6.28318530717959,0.,0.,0.;                         1445P   1167
126,4,2,0,0,0,0,0.,0.,0.,1.5707963267949,1.5707963267949,           1447P   1168
3.14159265358979,3.14159265358979,3.14159265358979,1.,              1447P   1169
0.707106781186554,1.,0.707106781186554,1.,-232.4,3.,453.7,          1447P   1170
-236.4,3.,453.7,-236.4,3.,449.7,-236.4,3.,445.7,-232.4,3.,445.7,    1447P   1171
0.,3.14159265358979,0.,0.,0.;                                       1447P   1172
126,4,2,0,0,0,0,0.,0.,0.,1.5707963267949,1.5707963267949,           1449P   1173
3.14159265358979,3.14159265358979,3.14159265358979,1.,              1449P   1174
0.707106781186554,1.,0.707106781186554,1.,-449.7,15.,371.8575,      1449P   1175
-453.7,15.,371.8575,-453.7,15.,367.8575,-453.7,15.,363.8575,        1449P   1176
-449.7,15.,363.8575,0.,3.14159265358979,0.,0.,0.;                   1449P   1177
126,4,2,0,0,0,0,3.14159265358979,3.14159265358979,                  1451P   1178
3.14159265358979,4.71238898038469,4.71238898038469,                 1451P   1179
6.28318530717959,6.28318530717959,6.28318530717959,1.,              1451P   1180
0.707106781186554,1.,0.707106781186554,1.,-449.7,15.,363.8575,      1451P   1181
-445.7,15.,363.8575,-445.7,15.,367.8575,-445.7,15.,371.8575,        1451P   1182
-449.7,15.,371.8575,3.14159265358979,6.28318530717959,0.,0.,0.;     1451P   1183
126,1,1,0,0,1,0,-1.5,-1.5,1.5,1.5,1.,1.,-449.7,15.,363.8575,        1453P   1184
-449.7,3.,363.8575,-1.5,1.5,0.,0.,0.;                               1453P   1185
126,4,2,0,0,0,0,3.14159265358979,3.14159265358979,                  1455P   1186
3.14159265358979,4.71238898038469,4.71238898038469,                 1455P   1187
6.28318530717959,6.28318530717959,6.28318530717959,1.,              1455P   1188
0.707106781186554,1.,0.707106781186554,1.,-449.7,3.,363.8575,       1455P   1189
-445.7,3.,363.8575,-445.7,3.,367.8575,-445.7,3.,371.8575,-449.7,    1455P   1190
3.,371.8575,3.14159265358979,6.28318530717959,0.,0.,0.;             1455P   1191
126,4,2,0,0,0,0,0.,0.,0.,1.5707963267949,1.5707963267949,           1457P   1192
3.14159265358979,3.14159265358979,3.14159265358979,1.,              1457P   1193
0.707106781186554,1.,0.707106781186554,1.,-449.7,3.,371.8575,       1457P   1194
-453.7,3.,371.8575,-453.7,3.,367.8575,-453.7,3.,363.8575,-449.7,    1457P   1195
3.,363.8575,0.,3.14159265358979,0.,0.,0.;                           1457P   1196
126,4,2,0,0,0,0,0.,0.,0.,1.5707963267949,1.5707963267949,           1459P   1197
3.14159265358979,3.14159265358979,3.14159265358979,1.,              1459P   1198
0.707106781186551,1.,0.707106781186551,1.,-449.7,15.,51.8575,       1459P   1199
-453.7,15.,51.8575,-453.7,15.,47.8575,-453.7,15.,43.8575,-449.7,    1459P   1200
15.,43.8575,0.,3.14159265358979,0.,0.,0.;                           1459P   1201
126,4,2,0,0,0,0,3.14159265358979,3.14159265358979,                  1461P   1202
3.14159265358979,4.71238898038469,4.71238898038469,                 1461P   1203
6.28318530717959,6.28318530717959,6.28318530717959,1.,              1461P   1204
0.707106781186551,1.,0.707106781186551,1.,-449.7,15.,43.8575,       1461P   1205
-445.7,15.,43.8575,-445.7,15.,47.8575,-445.7,15.,51.8575,-449.7,    1461P   1206
15.,51.8575,3.14159265358979,6.28318530717959,0.,0.,0.;             1461P   1207
126,1,1,0,0,1,0,-1.5,-1.5,1.5,1.5,1.,1.,-449.7,15.,43.8575,         1463P   1208
-449.7,3.,43.8575,-1.5,1.5,0.,0.,0.;                                1463P   1209
126,4,2,0,0,0,0,3.14159265358979,3.14159265358979,                  1465P   1210
3.14159265358979,4.71238898038469,4.71238898038469,                 1465P   1211
6.28318530717959,6.28318530717959,6.28318530717959,1.,              1465P   1212
0.707106781186551,1.,0.707106781186551,1.,-449.7,3.,43.8575,        1465P   1213
-445.7,3.,43.8575,-445.7,3.,47.8575,-445.7,3.,51.8575,-449.7,3.,    1465P   1214
51.8575,3.14159265358979,6.28318530717959,0.,0.,0.;                 1465P   1215
126,4,2,0,0,0,0,0.,0.,0.,1.5707963267949,1.5707963267949,           1467P   1216
3.14159265358979,3.14159265358979,3.14159265358979,1.,              1467P   1217
0.707106781186551,1.,0.707106781186551,1.,-449.7,3.,51.8575,        1467P   1218
-453.7,3.,51.8575,-453.7,3.,47.8575,-453.7,3.,43.8575,-449.7,3.,    1467P   1219
43.8575,0.,3.14159265358979,0.,0.,0.;                               1467P   1220
126,4,2,0,0,0,0,0.,0.,0.,1.5707963267949,1.5707963267949,           1469P   1221
3.14159265358979,3.14159265358979,3.14159265358979,1.,              1469P   1222
0.707106781186554,1.,0.707106781186554,1.,-449.7,15.,-268.1425,     1469P   1223
-453.7,15.,-268.1425,-453.7,15.,-272.1425,-453.7,15.,-276.1425,     1469P   1224
-449.7,15.,-276.1425,0.,3.14159265358979,0.,0.,0.;                  1469P   1225
126,4,2,0,0,0,0,3.14159265358979,3.14159265358979,                  1471P   1226
3.14159265358979,4.71238898038469,4.71238898038469,                 1471P   1227
6.28318530717959,6.28318530717959,6.28318530717959,1.,              1471P   1228
0.707106781186554,1.,0.707106781186554,1.,-449.7,15.,-276.1425,     1471P   1229
-445.7,15.,-276.1425,-445.7,15.,-272.1425,-445.7,15.,-268.1425,     1471P   1230
-449.7,15.,-268.1425,3.14159265358979,6.28318530717959,0.,0.,0.;    1471P   1231
126,1,1,0,0,1,0,-1.5,-1.5,1.5,1.5,1.,1.,-449.7,15.,-276.1425,       1473P   1232
-449.7,3.,-276.1425,-1.5,1.5,0.,0.,0.;                              1473P   1233
126,4,2,0,0,0,0,3.14159265358979,3.14159265358979,                  1475P   1234
3.14159265358979,4.71238898038469,4.71238898038469,                 1475P   1235
6.28318530717959,6.28318530717959,6.28318530717959,1.,              1475P   1236
0.707106781186554,1.,0.707106781186554,1.,-449.7,3.,-276.1425,      1475P   1237
-445.7,3.,-276.1425,-445.7,3.,-272.1425,-445.7,3.,-268.1425,        1475P   1238
-449.7,3.,-268.1425,3.14159265358979,6.28318530717959,0.,0.,0.;     1475P   1239
126,4,2,0,0,0,0,0.,0.,0.,1.5707963267949,1.5707963267949,           1477P   1240
3.14159265358979,3.14159265358979,3.14159265358979,1.,              1477P   1241
0.707106781186554,1.,0.707106781186554,1.,-449.7,3.,-268.1425,      1477P   1242
-453.7,3.,-268.1425,-453.7,3.,-272.1425,-453.7,3.,-276.1425,        1477P   1243
-449.7,3.,-276.1425,0.,3.14159265358979,0.,0.,0.;                   1477P   1244
126,4,2,0,0,0,0,0.,0.,0.,1.5707963267949,1.5707963267949,           1479P   1245
3.14159265358979,3.14159265358979,3.14159265358979,1.,              1479P   1246
0.707106781186554,1.,0.707106781186554,1.,-362.234883666072,15.,    1479P   1247
-403.058672953074,-366.234883666072,15.,-403.058672953074,          1479P   1248
-366.234883666072,15.,-407.058672953074,-366.234883666072,15.,      1479P   1249
-411.058672953074,-362.234883666072,15.,-411.058672953074,0.,       1479P   1250
3.14159265358979,0.,0.,0.;                                          1479P   1251
126,4,2,0,0,0,0,3.14159265358979,3.14159265358979,                  1481P   1252
3.14159265358979,4.71238898038469,4.71238898038469,                 1481P   1253
6.28318530717959,6.28318530717959,6.28318530717959,1.,              1481P   1254
0.707106781186554,1.,0.707106781186554,1.,-362.234883666072,15.,    1481P   1255
-411.058672953074,-358.234883666072,15.,-411.058672953074,          1481P   1256
-358.234883666072,15.,-407.058672953074,-358.234883666072,15.,      1481P   1257
-403.058672953074,-362.234883666072,15.,-403.058672953074,          1481P   1258
3.14159265358979,6.28318530717959,0.,0.,0.;                         1481P   1259
126,1,1,0,0,1,0,-1.5,-1.5,1.5,1.5,1.,1.,-362.234883666072,15.,      1483P   1260
-411.058672953074,-362.234883666072,3.,-411.058672953074,-1.5,      1483P   1261
1.5,0.,0.,0.;                                                       1483P   1262
126,4,2,0,0,0,0,3.14159265358979,3.14159265358979,                  1485P   1263
3.14159265358979,4.71238898038469,4.71238898038469,                 1485P   1264
6.28318530717959,6.28318530717959,6.28318530717959,1.,              1485P   1265
0.707106781186554,1.,0.707106781186554,1.,-362.234883666072,3.,     1485P   1266
-411.058672953074,-358.234883666072,3.,-411.058672953074,           1485P   1267
-358.234883666072,3.,-407.058672953074,-358.234883666072,3.,        1485P   1268
-403.058672953074,-362.234883666072,3.,-403.058672953074,           1485P   1269
3.14159265358979,6.28318530717959,0.,0.,0.;                         1485P   1270
126,4,2,0,0,0,0,0.,0.,0.,1.5707963267949,1.5707963267949,           1487P   1271
3.14159265358979,3.14159265358979,3.14159265358979,1.,              1487P   1272
0.707106781186554,1.,0.707106781186554,1.,-362.234883666072,3.,     1487P   1273
-403.058672953074,-366.234883666072,3.,-403.058672953074,           1487P   1274
-366.234883666072,3.,-407.058672953074,-366.234883666072,3.,        1487P   1275
-411.058672953074,-362.234883666072,3.,-411.058672953074,0.,        1487P   1276
3.14159265358979,0.,0.,0.;                                          1487P   1277
126,1,1,0,0,1,0,0.,0.,78.8667492630521,78.8667492630521,1.,1.,      1489P   1278
-457.2,0.,457.2,-457.2,0.,-331.467492630521,0.,78.8667492630521,    1489P   1279
0.,0.,0.;                                                           1489P   1280
126,1,1,0,0,1,0,0.,0.,1.5,1.5,1.,1.,-457.2,0.,457.2,-457.2,15.,     1491P   1281
457.2,0.,1.5,0.,0.,0.;                                              1491P   1282
126,1,1,0,0,1,0,-78.8667492630521,-78.8667492630521,0.,0.,1.,1.,    1493P   1283
-457.2,15.,-331.467492630521,-457.2,15.,457.2,-78.8667492630521,    1493P   1284
0.,0.,0.,0.;                                                        1493P   1285
126,1,1,0,0,1,0,0.,0.,1.5,1.5,1.,1.,-457.2,0.,-331.467492630521,    1495P   1286
-457.2,15.,-331.467492630521,0.,1.5,0.,0.,0.;                       1495P   1287
126,1,1,0,0,1,0,0.,0.,17.78,17.78,1.,1.,-457.2,0.,                  1497P   1288
-331.467492630521,-331.485336612693,0.,-457.2,0.,17.78,0.,0.,0.;    1497P   1289
126,1,1,0,0,1,0,-17.78,-17.78,0.,0.,1.,1.,-331.485336612693,15.,    1499P   1290
-457.2,-457.2,15.,-331.467492630521,-17.78,0.,0.,0.,0.;             1499P   1291
126,1,1,0,0,1,0,0.,0.,1.5,1.5,1.,1.,-331.485336612693,0.,-457.2,    1501P   1292
-331.485336612693,15.,-457.2,0.,1.5,0.,0.,0.;                       1501P   1293
126,1,1,0,0,1,0,12.5714663387307,12.5714663387307,91.44,91.44,      1503P   1294
1.,1.,-331.485336612693,0.,-457.2,457.2,0.,-457.2,                  1503P   1295
12.5714663387307,91.44,0.,0.,0.;                                    1503P   1296
126,1,1,0,0,1,0,-91.44,-91.44,-12.5714663387307,                    1505P   1297
-12.5714663387307,1.,1.,457.2,15.,-457.2,-331.485336612693,15.,     1505P   1298
-457.2,-91.44,-12.5714663387307,0.,0.,0.;                           1505P   1299
126,1,1,0,0,1,0,0.,0.,1.5,1.5,1.,1.,457.2,0.,-457.2,457.2,15.,      1507P   1300
-457.2,0.,1.5,0.,0.,0.;                                             1507P   1301
126,1,1,0,0,1,0,0.,0.,60.96,60.96,1.,1.,457.2,0.,-457.2,457.2,      1509P   1302
0.,152.4,0.,60.96,0.,0.,0.;                                         1509P   1303
126,1,1,0,0,1,0,-60.96,-60.96,0.,0.,1.,1.,457.2,15.,152.4,457.2,    1511P   1304
15.,-457.2,-60.96,0.,0.,0.,0.;                                      1511P   1305
126,1,1,0,0,1,0,0.,0.,1.5,1.5,1.,1.,457.2,0.,152.4,457.2,15.,       1513P   1306
152.4,0.,1.5,0.,0.,0.;                                              1513P   1307
126,1,1,0,0,1,0,0.,0.,30.48,30.48,1.,1.,152.4,0.,152.4,457.2,0.,    1515P   1308
152.4,0.,30.48,0.,0.,0.;                                            1515P   1309
126,1,1,0,0,1,0,0.,0.,30.48,30.48,1.,1.,152.4,15.,152.4,457.2,      1517P   1310
15.,152.4,0.,30.48,0.,0.,0.;                                        1517P   1311
126,1,1,0,0,1,0,0.,0.,1.5,1.5,1.,1.,152.4,0.,152.4,152.4,15.,       1519P   1312
152.4,0.,1.5,0.,0.,0.;                                              1519P   1313
126,1,1,0,0,1,0,0.,0.,30.48,30.48,1.,1.,152.4,0.,457.2,152.4,0.,    1521P   1314
152.4,0.,30.48,0.,0.,0.;                                            1521P   1315
126,1,1,0,0,1,0,0.,0.,30.48,30.48,1.,1.,152.4,15.,457.2,152.4,      1523P   1316
15.,152.4,0.,30.48,0.,0.,0.;                                        1523P   1317
126,1,1,0,0,1,0,0.,0.,1.5,1.5,1.,1.,152.4,0.,457.2,152.4,15.,       1525P   1318
457.2,0.,1.5,0.,0.,0.;                                              1525P   1319
126,1,1,0,0,1,0,0.,0.,60.96,60.96,1.,1.,-457.2,0.,457.2,152.4,      1527P   1320
0.,457.2,0.,60.96,0.,0.,0.;                                         1527P   1321
126,1,1,0,0,1,0,0.,0.,60.96,60.96,1.,1.,-457.2,15.,457.2,152.4,     1529P   1322
15.,457.2,0.,60.96,0.,0.,0.;                                        1529P   1323
126,4,2,0,0,0,0,0.,0.,0.,1.5707963267949,1.5707963267949,           1531P   1324
3.14159265358979,3.14159265358979,3.14159265358979,1.,              1531P   1325
0.707106781186551,1.,0.707106781186551,1.,449.7,15.,                1531P   1326
-76.3999999999999,445.7,15.,-76.3999999999999,445.7,15.,            1531P   1327
-72.3999999999999,445.7,15.,-68.3999999999999,449.7,15.,            1531P   1328
-68.3999999999999,0.,3.14159265358979,0.,0.,0.;                     1531P   1329
126,4,2,0,0,0,0,3.14159265358979,3.14159265358979,                  1533P   1330
3.14159265358979,4.71238898038469,4.71238898038469,                 1533P   1331
6.28318530717959,6.28318530717959,6.28318530717959,1.,              1533P   1332
0.707106781186551,1.,0.707106781186551,1.,449.7,15.,                1533P   1333
-68.3999999999999,453.7,15.,-68.3999999999999,453.7,15.,            1533P   1334
-72.3999999999999,453.7,15.,-76.3999999999999,449.7,15.,            1533P   1335
-76.3999999999999,3.14159265358979,6.28318530717959,0.,0.,0.;       1533P   1336
126,1,1,0,0,1,0,-2.5,-2.5,2.5,2.5,1.,1.,449.7,15.,                  1535P   1337
-68.3999999999999,449.7,35.,-68.3999999999999,-2.5,2.5,0.,0.,0.;    1535P   1338
126,4,2,0,0,0,0,3.14159265358979,3.14159265358979,                  1537P   1339
3.14159265358979,4.71238898038469,4.71238898038469,                 1537P   1340
6.28318530717959,6.28318530717959,6.28318530717959,1.,              1537P   1341
0.707106781186551,1.,0.707106781186551,1.,449.7,35.,                1537P   1342
-68.3999999999999,453.7,35.,-68.3999999999999,453.7,35.,            1537P   1343
-72.3999999999999,453.7,35.,-76.3999999999999,449.7,35.,            1537P   1344
-76.3999999999999,3.14159265358979,6.28318530717959,0.,0.,0.;       1537P   1345
126,4,2,0,0,0,0,0.,0.,0.,1.5707963267949,1.5707963267949,           1539P   1346
3.14159265358979,3.14159265358979,3.14159265358979,1.,              1539P   1347
0.707106781186551,1.,0.707106781186551,1.,449.7,35.,                1539P   1348
-76.3999999999999,445.7,35.,-76.3999999999999,445.7,35.,            1539P   1349
-72.3999999999999,445.7,35.,-68.3999999999999,449.7,35.,            1539P   1350
-68.3999999999999,0.,3.14159265358979,0.,0.,0.;                     1539P   1351
126,4,2,0,0,0,0,0.,0.,0.,1.5707963267949,1.5707963267949,           1541P   1352
3.14159265358979,3.14159265358979,3.14159265358979,1.,              1541P   1353
0.707106781186554,1.,0.707106781186554,1.,449.7,15.,-396.4,         1541P   1354
445.7,15.,-396.4,445.7,15.,-392.4,445.7,15.,-388.4,449.7,15.,       1541P   1355
-388.4,0.,3.14159265358979,0.,0.,0.;                                1541P   1356
126,4,2,0,0,0,0,3.14159265358979,3.14159265358979,                  1543P   1357
3.14159265358979,4.71238898038469,4.71238898038469,                 1543P   1358
6.28318530717959,6.28318530717959,6.28318530717959,1.,              1543P   1359
0.707106781186554,1.,0.707106781186554,1.,449.7,15.,-388.4,         1543P   1360
453.7,15.,-388.4,453.7,15.,-392.4,453.7,15.,-396.4,449.7,15.,       1543P   1361
-396.4,3.14159265358979,6.28318530717959,0.,0.,0.;                  1543P   1362
126,1,1,0,0,1,0,-2.5,-2.5,2.5,2.5,1.,1.,449.7,15.,-388.4,449.7,     1545P   1363
35.,-388.4,-2.5,2.5,0.,0.,0.;                                       1545P   1364
126,4,2,0,0,0,0,3.14159265358979,3.14159265358979,                  1547P   1365
3.14159265358979,4.71238898038469,4.71238898038469,                 1547P   1366
6.28318530717959,6.28318530717959,6.28318530717959,1.,              1547P   1367
0.707106781186554,1.,0.707106781186554,1.,449.7,35.,-388.4,         1547P   1368
453.7,35.,-388.4,453.7,35.,-392.4,453.7,35.,-396.4,449.7,35.,       1547P   1369
-396.4,3.14159265358979,6.28318530717959,0.,0.,0.;                  1547P   1370
126,4,2,0,0,0,0,0.,0.,0.,1.5707963267949,1.5707963267949,           1549P   1371
3.14159265358979,3.14159265358979,3.14159265358979,1.,              1549P   1372
0.707106781186554,1.,0.707106781186554,1.,449.7,35.,-396.4,         1549P   1373
445.7,35.,-396.4,445.7,35.,-392.4,445.7,35.,-388.4,449.7,35.,       1549P   1374
-388.4,0.,3.14159265358979,0.,0.,0.;                                1549P   1375
126,4,2,0,0,0,0,0.,0.,0.,1.5707963267949,1.5707963267949,           1551P   1376
3.14159265358979,3.14159265358979,3.14159265358979,1.,              1551P   1377
0.707106781186554,1.,0.707106781186554,1.,449.7,15.,-236.4,         1551P   1378
445.7,15.,-236.4,445.7,15.,-232.4,445.7,15.,-228.4,449.7,15.,       1551P   1379
-228.4,0.,3.14159265358979,0.,0.,0.;                                1551P   1380
126,4,2,0,0,0,0,3.14159265358979,3.14159265358979,                  1553P   1381
3.14159265358979,4.71238898038469,4.71238898038469,                 1553P   1382
6.28318530717959,6.28318530717959,6.28318530717959,1.,              1553P   1383
0.707106781186554,1.,0.707106781186554,1.,449.7,15.,-228.4,         1553P   1384
453.7,15.,-228.4,453.7,15.,-232.4,453.7,15.,-236.4,449.7,15.,       1553P   1385
-236.4,3.14159265358979,6.28318530717959,0.,0.,0.;                  1553P   1386
126,1,1,0,0,1,0,-2.5,-2.5,2.5,2.5,1.,1.,449.7,15.,-228.4,449.7,     1555P   1387
35.,-228.4,-2.5,2.5,0.,0.,0.;                                       1555P   1388
126,4,2,0,0,0,0,3.14159265358979,3.14159265358979,                  1557P   1389
3.14159265358979,4.71238898038469,4.71238898038469,                 1557P   1390
6.28318530717959,6.28318530717959,6.28318530717959,1.,              1557P   1391
0.707106781186554,1.,0.707106781186554,1.,449.7,35.,-228.4,         1557P   1392
453.7,35.,-228.4,453.7,35.,-232.4,453.7,35.,-236.4,449.7,35.,       1557P   1393
-236.4,3.14159265358979,6.28318530717959,0.,0.,0.;                  1557P   1394
126,4,2,0,0,0,0,0.,0.,0.,1.5707963267949,1.5707963267949,           1559P   1395
3.14159265358979,3.14159265358979,3.14159265358979,1.,              1559P   1396
0.707106781186554,1.,0.707106781186554,1.,449.7,35.,-236.4,         1559P   1397
445.7,35.,-236.4,445.7,35.,-232.4,445.7,35.,-228.4,449.7,35.,       1559P   1398
-228.4,0.,3.14159265358979,0.,0.,0.;                                1559P   1399
126,4,2,0,0,0,0,0.,0.,0.,1.5707963267949,1.5707963267949,           1561P   1400
3.14159265358979,3.14159265358979,3.14159265358979,1.,              1561P   1401
0.707106781186545,1.,0.707106781186545,1.,449.7,15.,                1561P   1402
83.6000000000001,445.7,15.,83.6000000000001,445.7,15.,              1561P   1403
87.6000000000001,445.7,15.,91.6000000000001,449.7,15.,              1561P   1404
91.6000000000001,0.,3.14159265358979,0.,0.,0.;                      1561P   1405
126,4,2,0,0,0,0,3.14159265358979,3.14159265358979,                  1563P   1406
3.14159265358979,4.71238898038469,4.71238898038469,                 1563P   1407
6.28318530717959,6.28318530717959,6.28318530717959,1.,              1563P   1408
0.707106781186545,1.,0.707106781186545,1.,449.7,15.,                1563P   1409
91.6000000000001,453.7,15.,91.6000000000001,453.7,15.,              1563P   1410
87.6000000000001,453.7,15.,83.6000000000001,449.7,15.,              1563P   1411
83.6000000000001,3.14159265358979,6.28318530717959,0.,0.,0.;        1563P   1412
126,1,1,0,0,1,0,-2.5,-2.5,2.5,2.5,1.,1.,449.7,15.,                  1565P   1413
91.6000000000001,449.7,35.,91.6000000000001,-2.5,2.5,0.,0.,0.;      1565P   1414
126,4,2,0,0,0,0,3.14159265358979,3.14159265358979,                  1567P   1415
3.14159265358979,4.71238898038469,4.71238898038469,                 1567P   1416
6.28318530717959,6.28318530717959,6.28318530717959,1.,              1567P   1417
0.707106781186545,1.,0.707106781186545,1.,449.7,35.,                1567P   1418
91.6000000000001,453.7,35.,91.6000000000001,453.7,35.,              1567P   1419
87.6000000000001,453.7,35.,83.6000000000001,449.7,35.,              1567P   1420
83.6000000000001,3.14159265358979,6.28318530717959,0.,0.,0.;        1567P   1421
126,4,2,0,0,0,0,0.,0.,0.,1.5707963267949,1.5707963267949,           1569P   1422
3.14159265358979,3.14159265358979,3.14159265358979,1.,              1569P   1423
0.707106781186545,1.,0.707106781186545,1.,449.7,35.,                1569P   1424
83.6000000000001,445.7,35.,83.6000000000001,445.7,35.,              1569P   1425
87.6000000000001,445.7,35.,91.6000000000001,449.7,35.,              1569P   1426
91.6000000000001,0.,3.14159265358979,0.,0.,0.;                      1569P   1427
126,4,2,0,0,0,0,0.,0.,0.,1.5707963267949,1.5707963267949,           1571P   1428
3.14159265358979,3.14159265358979,3.14159265358979,1.,              1571P   1429
0.70710678118656,1.,0.70710678118656,1.,442.2,319.05,73.6,442.2,    1571P   1430
319.05,71.1,442.2,321.55,71.1,442.2,324.05,71.1,442.2,324.05,       1571P   1431
73.6,0.,3.14159265358979,0.,0.,0.;                                  1571P   1432
126,4,2,0,0,0,0,3.14159265358979,3.14159265358979,                  1573P   1433
3.14159265358979,4.71238898038469,4.71238898038469,                 1573P   1434
6.28318530717959,6.28318530717959,6.28318530717959,1.,              1573P   1435
0.70710678118656,1.,0.70710678118656,1.,442.2,324.05,73.6,442.2,    1573P   1436
324.05,76.1,442.2,321.55,76.1,442.2,319.05,76.1,442.2,319.05,       1573P   1437
73.6,3.14159265358979,6.28318530717959,0.,0.,0.;                    1573P   1438
126,1,1,0,0,1,0,-2.40000000000001,-2.40000000000001,                1575P   1439
2.40000000000001,2.40000000000001,1.,1.,442.2,324.05,73.6,454.2,    1575P   1440
324.05,73.6,-2.40000000000001,2.40000000000001,0.,0.,0.;            1575P   1441
126,4,2,0,0,0,0,3.14159265358979,3.14159265358979,                  1577P   1442
3.14159265358979,4.71238898038469,4.71238898038469,                 1577P   1443
6.28318530717959,6.28318530717959,6.28318530717959,1.,              1577P   1444
0.70710678118656,1.,0.70710678118656,1.,454.2,324.05,73.6,454.2,    1577P   1445
324.05,76.1,454.2,321.55,76.1,454.2,319.05,76.1,454.2,319.05,       1577P   1446
73.6,3.14159265358979,6.28318530717959,0.,0.,0.;                    1577P   1447
126,4,2,0,0,0,0,0.,0.,0.,1.5707963267949,1.5707963267949,           1579P   1448
3.14159265358979,3.14159265358979,3.14159265358979,1.,              1579P   1449
0.70710678118656,1.,0.70710678118656,1.,454.2,319.05,73.6,454.2,    1579P   1450
319.05,71.1,454.2,321.55,71.1,454.2,324.05,71.1,454.2,324.05,       1579P   1451
73.6,0.,3.14159265358979,0.,0.,0.;                                  1579P   1452
126,4,2,0,0,0,0,0.,0.,0.,1.5707963267949,1.5707963267949,           1581P   1453
3.14159265358979,3.14159265358979,3.14159265358979,1.,              1581P   1454
0.707106781186581,1.,0.707106781186581,1.,442.2,255.05,-406.4,      1581P   1455
442.2,255.05,-408.9,442.2,257.55,-408.9,442.2,260.05,-408.9,        1581P   1456
442.2,260.05,-406.4,0.,3.14159265358979,0.,0.,0.;                   1581P   1457
126,4,2,0,0,0,0,3.14159265358979,3.14159265358979,                  1583P   1458
3.14159265358979,4.71238898038469,4.71238898038469,                 1583P   1459
6.28318530717959,6.28318530717959,6.28318530717959,1.,              1583P   1460
0.707106781186581,1.,0.707106781186581,1.,442.2,260.05,-406.4,      1583P   1461
442.2,260.05,-403.9,442.2,257.55,-403.9,442.2,255.05,-403.9,        1583P   1462
442.2,255.05,-406.4,3.14159265358979,6.28318530717959,0.,0.,0.;     1583P   1463
126,1,1,0,0,1,0,-2.40000000000001,-2.40000000000001,                1585P   1464
2.40000000000001,2.40000000000001,1.,1.,442.2,260.05,-406.4,        1585P   1465
454.2,260.05,-406.4,-2.40000000000001,2.40000000000001,0.,0.,0.;    1585P   1466
126,4,2,0,0,0,0,3.14159265358979,3.14159265358979,                  1587P   1467
3.14159265358979,4.71238898038469,4.71238898038469,                 1587P   1468
6.28318530717959,6.28318530717959,6.28318530717959,1.,              1587P   1469
0.707106781186581,1.,0.707106781186581,1.,454.2,260.05,-406.4,      1587P   1470
454.2,260.05,-403.9,454.2,257.55,-403.9,454.2,255.05,-403.9,        1587P   1471
454.2,255.05,-406.4,3.14159265358979,6.28318530717959,0.,0.,0.;     1587P   1472
126,4,2,0,0,0,0,0.,0.,0.,1.5707963267949,1.5707963267949,           1589P   1473
3.14159265358979,3.14159265358979,3.14159265358979,1.,              1589P   1474
0.707106781186581,1.,0.707106781186581,1.,454.2,255.05,-406.4,      1589P   1475
454.2,255.05,-408.9,454.2,257.55,-408.9,454.2,260.05,-408.9,        1589P   1476
454.2,260.05,-406.4,0.,3.14159265358979,0.,0.,0.;                   1589P   1477
126,4,2,0,0,0,0,0.,0.,0.,1.5707963267949,1.5707963267949,           1591P   1478
3.14159265358979,3.14159265358979,3.14159265358979,1.,              1591P   1479
0.707106781186581,1.,0.707106781186581,1.,442.2,383.05,-406.4,      1591P   1480
442.2,383.05,-408.9,442.2,385.55,-408.9,442.2,388.05,-408.9,        1591P   1481
442.2,388.05,-406.4,0.,3.14159265358979,0.,0.,0.;                   1591P   1482
126,4,2,0,0,0,0,3.14159265358979,3.14159265358979,                  1593P   1483
3.14159265358979,4.71238898038469,4.71238898038469,                 1593P   1484
6.28318530717959,6.28318530717959,6.28318530717959,1.,              1593P   1485
0.707106781186581,1.,0.707106781186581,1.,442.2,388.05,-406.4,      1593P   1486
442.2,388.05,-403.9,442.2,385.55,-403.9,442.2,383.05,-403.9,        1593P   1487
442.2,383.05,-406.4,3.14159265358979,6.28318530717959,0.,0.,0.;     1593P   1488
126,1,1,0,0,1,0,-2.40000000000001,-2.40000000000001,                1595P   1489
2.40000000000001,2.40000000000001,1.,1.,442.2,388.05,-406.4,        1595P   1490
454.2,388.05,-406.4,-2.40000000000001,2.40000000000001,0.,0.,0.;    1595P   1491
126,4,2,0,0,0,0,3.14159265358979,3.14159265358979,                  1597P   1492
3.14159265358979,4.71238898038469,4.71238898038469,                 1597P   1493
6.28318530717959,6.28318530717959,6.28318530717959,1.,              1597P   1494
0.707106781186581,1.,0.707106781186581,1.,454.2,388.05,-406.4,      1597P   1495
454.2,388.05,-403.9,454.2,385.55,-403.9,454.2,383.05,-403.9,        1597P   1496
454.2,383.05,-406.4,3.14159265358979,6.28318530717959,0.,0.,0.;     1597P   1497
126,4,2,0,0,0,0,0.,0.,0.,1.5707963267949,1.5707963267949,           1599P   1498
3.14159265358979,3.14159265358979,3.14159265358979,1.,              1599P   1499
0.707106781186581,1.,0.707106781186581,1.,454.2,383.05,-406.4,      1599P   1500
454.2,383.05,-408.9,454.2,385.55,-408.9,454.2,388.05,-408.9,        1599P   1501
454.2,388.05,-406.4,0.,3.14159265358979,0.,0.,0.;                   1599P   1502
126,4,2,0,0,0,0,0.,0.,0.,1.5707963267949,1.5707963267949,           1601P   1503
3.14159265358979,3.14159265358979,3.14159265358979,1.,              1601P   1504
0.707106781186581,1.,0.707106781186581,1.,442.2,319.05,-406.4,      1601P   1505
442.2,319.05,-408.9,442.2,321.55,-408.9,442.2,324.05,-408.9,        1601P   1506
442.2,324.05,-406.4,0.,3.14159265358979,0.,0.,0.;                   1601P   1507
126,4,2,0,0,0,0,3.14159265358979,3.14159265358979,                  1603P   1508
3.14159265358979,4.71238898038469,4.71238898038469,                 1603P   1509
6.28318530717959,6.28318530717959,6.28318530717959,1.,              1603P   1510
0.707106781186581,1.,0.707106781186581,1.,442.2,324.05,-406.4,      1603P   1511
442.2,324.05,-403.9,442.2,321.55,-403.9,442.2,319.05,-403.9,        1603P   1512
442.2,319.05,-406.4,3.14159265358979,6.28318530717959,0.,0.,0.;     1603P   1513
126,1,1,0,0,1,0,-2.40000000000001,-2.40000000000001,                1605P   1514
2.40000000000001,2.40000000000001,1.,1.,442.2,324.05,-406.4,        1605P   1515
454.2,324.05,-406.4,-2.40000000000001,2.40000000000001,0.,0.,0.;    1605P   1516
126,4,2,0,0,0,0,3.14159265358979,3.14159265358979,                  1607P   1517
3.14159265358979,4.71238898038469,4.71238898038469,                 1607P   1518
6.28318530717959,6.28318530717959,6.28318530717959,1.,              1607P   1519
0.707106781186581,1.,0.707106781186581,1.,454.2,324.05,-406.4,      1607P   1520
454.2,324.05,-403.9,454.2,321.55,-403.9,454.2,319.05,-403.9,        1607P   1521
454.2,319.05,-406.4,3.14159265358979,6.28318530717959,0.,0.,0.;     1607P   1522
126,4,2,0,0,0,0,0.,0.,0.,1.5707963267949,1.5707963267949,           1609P   1523
3.14159265358979,3.14159265358979,3.14159265358979,1.,              1609P   1524
0.707106781186581,1.,0.707106781186581,1.,454.2,319.05,-406.4,      1609P   1525
454.2,319.05,-408.9,454.2,321.55,-408.9,454.2,324.05,-408.9,        1609P   1526
454.2,324.05,-406.4,0.,3.14159265358979,0.,0.,0.;                   1609P   1527
126,4,2,0,0,0,0,0.,0.,0.,1.5707963267949,1.5707963267949,           1611P   1528
3.14159265358979,3.14159265358979,3.14159265358979,1.,              1611P   1529
0.70710678118656,1.,0.70710678118656,1.,442.2,383.05,73.6,442.2,    1611P   1530
383.05,71.1,442.2,385.55,71.1,442.2,388.05,71.1,442.2,388.05,       1611P   1531
73.6,0.,3.14159265358979,0.,0.,0.;                                  1611P   1532
126,4,2,0,0,0,0,3.14159265358979,3.14159265358979,                  1613P   1533
3.14159265358979,4.71238898038469,4.71238898038469,                 1613P   1534
6.28318530717959,6.28318530717959,6.28318530717959,1.,              1613P   1535
0.70710678118656,1.,0.70710678118656,1.,442.2,388.05,73.6,442.2,    1613P   1536
388.05,76.1,442.2,385.55,76.1,442.2,383.05,76.1,442.2,383.05,       1613P   1537
73.6,3.14159265358979,6.28318530717959,0.,0.,0.;                    1613P   1538
126,1,1,0,0,1,0,-2.40000000000001,-2.40000000000001,                1615P   1539
2.40000000000001,2.40000000000001,1.,1.,442.2,388.05,73.6,454.2,    1615P   1540
388.05,73.6,-2.40000000000001,2.40000000000001,0.,0.,0.;            1615P   1541
126,4,2,0,0,0,0,3.14159265358979,3.14159265358979,                  1617P   1542
3.14159265358979,4.71238898038469,4.71238898038469,                 1617P   1543
6.28318530717959,6.28318530717959,6.28318530717959,1.,              1617P   1544
0.70710678118656,1.,0.70710678118656,1.,454.2,388.05,73.6,454.2,    1617P   1545
388.05,76.1,454.2,385.55,76.1,454.2,383.05,76.1,454.2,383.05,       1617P   1546
73.6,3.14159265358979,6.28318530717959,0.,0.,0.;                    1617P   1547
126,4,2,0,0,0,0,0.,0.,0.,1.5707963267949,1.5707963267949,           1619P   1548
3.14159265358979,3.14159265358979,3.14159265358979,1.,              1619P   1549
0.70710678118656,1.,0.70710678118656,1.,454.2,383.05,73.6,454.2,    1619P   1550
383.05,71.1,454.2,385.55,71.1,454.2,388.05,71.1,454.2,388.05,       1619P   1551
73.6,0.,3.14159265358979,0.,0.,0.;                                  1619P   1552
126,4,2,0,0,0,0,0.,0.,0.,1.5707963267949,1.5707963267949,           1621P   1553
3.14159265358979,3.14159265358979,3.14159265358979,1.,              1621P   1554
0.70710678118656,1.,0.70710678118656,1.,442.2,255.05,73.6,442.2,    1621P   1555
255.05,71.1,442.2,257.55,71.1,442.2,260.05,71.1,442.2,260.05,       1621P   1556
73.6,0.,3.14159265358979,0.,0.,0.;                                  1621P   1557
126,4,2,0,0,0,0,3.14159265358979,3.14159265358979,                  1623P   1558
3.14159265358979,4.71238898038469,4.71238898038469,                 1623P   1559
6.28318530717959,6.28318530717959,6.28318530717959,1.,              1623P   1560
0.70710678118656,1.,0.70710678118656,1.,442.2,260.05,73.6,442.2,    1623P   1561
260.05,76.1,442.2,257.55,76.1,442.2,255.05,76.1,442.2,255.05,       1623P   1562
73.6,3.14159265358979,6.28318530717959,0.,0.,0.;                    1623P   1563
126,1,1,0,0,1,0,-2.40000000000001,-2.40000000000001,                1625P   1564
2.40000000000001,2.40000000000001,1.,1.,442.2,260.05,73.6,454.2,    1625P   1565
260.05,73.6,-2.40000000000001,2.40000000000001,0.,0.,0.;            1625P   1566
126,4,2,0,0,0,0,3.14159265358979,3.14159265358979,                  1627P   1567
3.14159265358979,4.71238898038469,4.71238898038469,                 1627P   1568
6.28318530717959,6.28318530717959,6.28318530717959,1.,              1627P   1569
0.70710678118656,1.,0.70710678118656,1.,454.2,260.05,73.6,454.2,    1627P   1570
260.05,76.1,454.2,257.55,76.1,454.2,255.05,76.1,454.2,255.05,       1627P   1571
73.6,3.14159265358979,6.28318530717959,0.,0.,0.;                    1627P   1572
126,4,2,0,0,0,0,0.,0.,0.,1.5707963267949,1.5707963267949,           1629P   1573
3.14159265358979,3.14159265358979,3.14159265358979,1.,              1629P   1574
0.70710678118656,1.,0.70710678118656,1.,454.2,255.05,73.6,454.2,    1629P   1575
255.05,71.1,454.2,257.55,71.1,454.2,260.05,71.1,454.2,260.05,       1629P   1576
73.6,0.,3.14159265358979,0.,0.,0.;                                  1629P   1577
126,4,2,0,0,0,0,0.,0.,0.,1.5707963267949,1.5707963267949,           1631P   1578
3.14159265358979,3.14159265358979,3.14159265358979,1.,              1631P   1579
0.707106781186515,1.,0.707106781186514,1.,442.2,750.5,              1631P   1580
4.40000000000001,442.2,750.5,0.400000000000013,442.2,754.5,         1631P   1581
0.400000000000013,442.2,758.5,0.400000000000012,442.2,758.5,        1631P   1582
4.40000000000001,0.,3.14159265358979,0.,0.,0.;                      1631P   1583
126,4,2,0,0,0,0,3.14159265358979,3.14159265358979,                  1633P   1584
3.14159265358979,4.71238898038469,4.71238898038469,                 1633P   1585
6.28318530717959,6.28318530717959,6.28318530717959,1.,              1633P   1586
0.707106781186515,1.,0.707106781186514,1.,442.2,758.5,              1633P   1587
4.40000000000001,442.2,758.5,8.40000000000001,442.2,754.5,          1633P   1588
8.40000000000001,442.2,750.5,8.40000000000001,442.2,750.5,          1633P   1589
4.40000000000001,3.14159265358979,6.28318530717959,0.,0.,0.;        1633P   1590
126,1,1,0,0,1,0,-1.5,-1.5,1.5,1.5,1.,1.,442.2,758.5,                1635P   1591
4.40000000000001,454.2,758.5,4.40000000000001,-1.5,1.5,0.,0.,0.;    1635P   1592
126,4,2,0,0,0,0,3.14159265358979,3.14159265358979,                  1637P   1593
3.14159265358979,4.71238898038469,4.71238898038469,                 1637P   1594
6.28318530717959,6.28318530717959,6.28318530717959,1.,              1637P   1595
0.707106781186515,1.,0.707106781186514,1.,454.2,758.5,              1637P   1596
4.40000000000001,454.2,758.5,8.40000000000001,454.2,754.5,          1637P   1597
8.40000000000001,454.2,750.5,8.40000000000001,454.2,750.5,          1637P   1598
4.40000000000001,3.14159265358979,6.28318530717959,0.,0.,0.;        1637P   1599
126,4,2,0,0,0,0,0.,0.,0.,1.5707963267949,1.5707963267949,           1639P   1600
3.14159265358979,3.14159265358979,3.14159265358979,1.,              1639P   1601
0.707106781186515,1.,0.707106781186514,1.,454.2,750.5,              1639P   1602
4.40000000000001,454.2,750.5,0.400000000000013,454.2,754.5,         1639P   1603
0.400000000000013,454.2,758.5,0.400000000000012,454.2,758.5,        1639P   1604
4.40000000000001,0.,3.14159265358979,0.,0.,0.;                      1639P   1605
126,4,2,0,0,0,0,0.,0.,0.,1.5707963267949,1.5707963267949,           1641P   1606
3.14159265358979,3.14159265358979,3.14159265358979,1.,              1641P   1607
0.707106781186554,1.,0.707106781186554,1.,442.2,297.,-449.7,        1641P   1608
442.2,297.,-453.7,442.2,301.,-453.7,442.2,305.,-453.7,442.2,        1641P   1609
305.,-449.7,0.,3.14159265358979,0.,0.,0.;                           1641P   1610
126,4,2,0,0,0,0,3.14159265358979,3.14159265358979,                  1643P   1611
3.14159265358979,4.71238898038469,4.71238898038469,                 1643P   1612
6.28318530717959,6.28318530717959,6.28318530717959,1.,              1643P   1613
0.707106781186554,1.,0.707106781186554,1.,442.2,305.,-449.7,        1643P   1614
442.2,305.,-445.7,442.2,301.,-445.7,442.2,297.,-445.7,442.2,        1643P   1615
297.,-449.7,3.14159265358979,6.28318530717959,0.,0.,0.;             1643P   1616
126,1,1,0,0,1,0,-1.5,-1.5,1.5,1.5,1.,1.,442.2,305.,-449.7,454.2,    1645P   1617
305.,-449.7,-1.5,1.5,0.,0.,0.;                                      1645P   1618
126,4,2,0,0,0,0,3.14159265358979,3.14159265358979,                  1647P   1619
3.14159265358979,4.71238898038469,4.71238898038469,                 1647P   1620
6.28318530717959,6.28318530717959,6.28318530717959,1.,              1647P   1621
0.707106781186554,1.,0.707106781186554,1.,454.2,305.,-449.7,        1647P   1622
454.2,305.,-445.7,454.2,301.,-445.7,454.2,297.,-445.7,454.2,        1647P   1623
297.,-449.7,3.14159265358979,6.28318530717959,0.,0.,0.;             1647P   1624
126,4,2,0,0,0,0,0.,0.,0.,1.5707963267949,1.5707963267949,           1649P   1625
3.14159265358979,3.14159265358979,3.14159265358979,1.,              1649P   1626
0.707106781186554,1.,0.707106781186554,1.,454.2,297.,-449.7,        1649P   1627
454.2,297.,-453.7,454.2,301.,-453.7,454.2,305.,-453.7,454.2,        1649P   1628
305.,-449.7,0.,3.14159265358979,0.,0.,0.;                           1649P   1629
126,4,2,0,0,0,0,0.,0.,0.,1.5707963267949,1.5707963267949,           1651P   1630
3.14159265358979,3.14159265358979,3.14159265358979,1.,              1651P   1631
0.707106781186554,1.,0.707106781186554,1.,442.2,617.,-449.7,        1651P   1632
442.2,617.,-453.7,442.2,621.,-453.7,442.2,625.,-453.7,442.2,        1651P   1633
625.,-449.7,0.,3.14159265358979,0.,0.,0.;                           1651P   1634
126,4,2,0,0,0,0,3.14159265358979,3.14159265358979,                  1653P   1635
3.14159265358979,4.71238898038469,4.71238898038469,                 1653P   1636
6.28318530717959,6.28318530717959,6.28318530717959,1.,              1653P   1637
0.707106781186554,1.,0.707106781186554,1.,442.2,625.,-449.7,        1653P   1638
442.2,625.,-445.7,442.2,621.,-445.7,442.2,617.,-445.7,442.2,        1653P   1639
617.,-449.7,3.14159265358979,6.28318530717959,0.,0.,0.;             1653P   1640
126,1,1,0,0,1,0,-1.5,-1.5,1.5,1.5,1.,1.,442.2,625.,-449.7,454.2,    1655P   1641
625.,-449.7,-1.5,1.5,0.,0.,0.;                                      1655P   1642
126,4,2,0,0,0,0,3.14159265358979,3.14159265358979,                  1657P   1643
3.14159265358979,4.71238898038469,4.71238898038469,                 1657P   1644
6.28318530717959,6.28318530717959,6.28318530717959,1.,              1657P   1645
0.707106781186554,1.,0.707106781186554,1.,454.2,625.,-449.7,        1657P   1646
454.2,625.,-445.7,454.2,621.,-445.7,454.2,617.,-445.7,454.2,        1657P   1647
617.,-449.7,3.14159265358979,6.28318530717959,0.,0.,0.;             1657P   1648
126,4,2,0,0,0,0,0.,0.,0.,1.5707963267949,1.5707963267949,           1659P   1649
3.14159265358979,3.14159265358979,3.14159265358979,1.,              1659P   1650
0.707106781186554,1.,0.707106781186554,1.,454.2,617.,-449.7,        1659P   1651
454.2,617.,-453.7,454.2,621.,-453.7,454.2,625.,-453.7,454.2,        1659P   1652
625.,-449.7,0.,3.14159265358979,0.,0.,0.;                           1659P   1653
126,4,2,0,0,0,0,0.,0.,0.,1.5707963267949,1.5707963267949,           1661P   1654
3.14159265358979,3.14159265358979,3.14159265358979,1.,              1661P   1655
0.707106781186554,1.,0.707106781186554,1.,442.2,457.,-449.7,        1661P   1656
442.2,457.,-453.7,442.2,461.,-453.7,442.2,465.,-453.7,442.2,        1661P   1657
465.,-449.7,0.,3.14159265358979,0.,0.,0.;                           1661P   1658
126,4,2,0,0,0,0,3.14159265358979,3.14159265358979,                  1663P   1659
3.14159265358979,4.71238898038469,4.71238898038469,                 1663P   1660
6.28318530717959,6.28318530717959,6.28318530717959,1.,              1663P   1661
0.707106781186554,1.,0.707106781186554,1.,442.2,465.,-449.7,        1663P   1662
442.2,465.,-445.7,442.2,461.,-445.7,442.2,457.,-445.7,442.2,        1663P   1663
457.,-449.7,3.14159265358979,6.28318530717959,0.,0.,0.;             1663P   1664
126,1,1,0,0,1,0,-1.5,-1.5,1.5,1.5,1.,1.,442.2,465.,-449.7,454.2,    1665P   1665
465.,-449.7,-1.5,1.5,0.,0.,0.;                                      1665P   1666
126,4,2,0,0,0,0,3.14159265358979,3.14159265358979,                  1667P   1667
3.14159265358979,4.71238898038469,4.71238898038469,                 1667P   1668
6.28318530717959,6.28318530717959,6.28318530717959,1.,              1667P   1669
0.707106781186554,1.,0.707106781186554,1.,454.2,465.,-449.7,        1667P   1670
454.2,465.,-445.7,454.2,461.,-445.7,454.2,457.,-445.7,454.2,        1667P   1671
457.,-449.7,3.14159265358979,6.28318530717959,0.,0.,0.;             1667P   1672
126,4,2,0,0,0,0,0.,0.,0.,1.5707963267949,1.5707963267949,           1669P   1673
3.14159265358979,3.14159265358979,3.14159265358979,1.,              1669P   1674
0.707106781186554,1.,0.707106781186554,1.,454.2,457.,-449.7,        1669P   1675
454.2,457.,-453.7,454.2,461.,-453.7,454.2,465.,-453.7,454.2,        1669P   1676
465.,-449.7,0.,3.14159265358979,0.,0.,0.;                           1669P   1677
126,4,2,0,0,0,0,0.,0.,0.,1.5707963267949,1.5707963267949,           1671P   1678
3.14159265358979,3.14159265358979,3.14159265358979,1.,              1671P   1679
0.707106781186545,1.,0.707106781186545,1.,442.2,137.,-449.7,        1671P   1680
442.2,137.,-453.7,442.2,141.,-453.7,442.2,145.,-453.7,442.2,        1671P   1681
145.,-449.7,0.,3.14159265358979,0.,0.,0.;                           1671P   1682
126,4,2,0,0,0,0,3.14159265358979,3.14159265358979,                  1673P   1683
3.14159265358979,4.71238898038469,4.71238898038469,                 1673P   1684
6.28318530717959,6.28318530717959,6.28318530717959,1.,              1673P   1685
0.707106781186545,1.,0.707106781186545,1.,442.2,145.,-449.7,        1673P   1686
442.2,145.,-445.7,442.2,141.,-445.7,442.2,137.,-445.7,442.2,        1673P   1687
137.,-449.7,3.14159265358979,6.28318530717959,0.,0.,0.;             1673P   1688
126,1,1,0,0,1,0,-1.5,-1.5,1.5,1.5,1.,1.,442.2,145.,-449.7,454.2,    1675P   1689
145.,-449.7,-1.5,1.5,0.,0.,0.;                                      1675P   1690
126,4,2,0,0,0,0,3.14159265358979,3.14159265358979,                  1677P   1691
3.14159265358979,4.71238898038469,4.71238898038469,                 1677P   1692
6.28318530717959,6.28318530717959,6.28318530717959,1.,              1677P   1693
0.707106781186545,1.,0.707106781186545,1.,454.2,145.,-449.7,        1677P   1694
454.2,145.,-445.7,454.2,141.,-445.7,454.2,137.,-445.7,454.2,        1677P   1695
137.,-449.7,3.14159265358979,6.28318530717959,0.,0.,0.;             1677P   1696
126,4,2,0,0,0,0,0.,0.,0.,1.5707963267949,1.5707963267949,           1679P   1697
3.14159265358979,3.14159265358979,3.14159265358979,1.,              1679P   1698
0.707106781186545,1.,0.707106781186545,1.,454.2,137.,-449.7,        1679P   1699
454.2,137.,-453.7,454.2,141.,-453.7,454.2,145.,-453.7,454.2,        1679P   1700
145.,-449.7,0.,3.14159265358979,0.,0.,0.;                           1679P   1701
126,4,2,0,0,0,0,0.,0.,0.,1.5707963267949,1.5707963267949,           1681P   1702
3.14159265358979,3.14159265358979,3.14159265358979,1.,              1681P   1703
0.707106781186508,1.,0.707106781186508,1.,442.2,750.5,100.4,        1681P   1704
442.2,750.5,96.4,442.2,754.5,96.4,442.2,758.5,96.4,442.2,758.5,     1681P   1705
100.4,0.,3.14159265358979,0.,0.,0.;                                 1681P   1706
126,4,2,0,0,0,0,3.14159265358979,3.14159265358979,                  1683P   1707
3.14159265358979,4.71238898038469,4.71238898038469,                 1683P   1708
6.28318530717959,6.28318530717959,6.28318530717959,1.,              1683P   1709
0.707106781186508,1.,0.707106781186508,1.,442.2,758.5,100.4,        1683P   1710
442.2,758.5,104.4,442.2,754.5,104.4,442.2,750.5,104.4,442.2,        1683P   1711
750.5,100.4,3.14159265358979,6.28318530717959,0.,0.,0.;             1683P   1712
126,1,1,0,0,1,0,-1.5,-1.5,1.5,1.5,1.,1.,442.2,758.5,100.4,454.2,    1685P   1713
758.5,100.4,-1.5,1.5,0.,0.,0.;                                      1685P   1714
126,4,2,0,0,0,0,3.14159265358979,3.14159265358979,                  1687P   1715
3.14159265358979,4.71238898038469,4.71238898038469,                 1687P   1716
6.28318530717959,6.28318530717959,6.28318530717959,1.,              1687P   1717
0.707106781186508,1.,0.707106781186508,1.,454.2,758.5,100.4,        1687P   1718
454.2,758.5,104.4,454.2,754.5,104.4,454.2,750.5,104.4,454.2,        1687P   1719
750.5,100.4,3.14159265358979,6.28318530717959,0.,0.,0.;             1687P   1720
126,4,2,0,0,0,0,0.,0.,0.,1.5707963267949,1.5707963267949,           1689P   1721
3.14159265358979,3.14159265358979,3.14159265358979,1.,              1689P   1722
0.707106781186508,1.,0.707106781186508,1.,454.2,750.5,100.4,        1689P   1723
454.2,750.5,96.4,454.2,754.5,96.4,454.2,758.5,96.4,454.2,758.5,     1689P   1724
100.4,0.,3.14159265358979,0.,0.,0.;                                 1689P   1725
126,1,1,0,0,1,0,0.,0.,60.96,60.96,1.,1.,457.2,15.,152.4,457.2,      1691P   1726
15.,-457.2,0.,60.96,0.,0.,0.;                                       1691P   1727
126,1,1,0,0,1,0,0.,0.,74.7,74.7,1.,1.,457.2,15.,-457.2,457.2,       1693P   1728
762.,-457.2,0.,74.7,0.,0.,0.;                                       1693P   1729
126,1,1,0,0,1,0,0.,0.,60.96,60.96,1.,1.,457.2,762.,152.4,457.2,     1695P   1730
762.,-457.2,0.,60.96,0.,0.,0.;                                      1695P   1731
126,1,1,0,0,1,0,0.,0.,74.7,74.7,1.,1.,457.2,15.,152.4,457.2,        1697P   1732
762.,152.4,0.,74.7,0.,0.,0.;                                        1697P   1733
126,1,1,0,0,1,0,28.98,28.98,30.48,30.48,1.,1.,442.2,15.,152.4,      1699P   1734
457.2,15.,152.4,28.98,30.48,0.,0.,0.;                               1699P   1735
126,1,1,0,0,1,0,28.98,28.98,30.48,30.48,1.,1.,442.2,762.,152.4,     1701P   1736
457.2,762.,152.4,28.98,30.48,0.,0.,0.;                              1701P   1737
126,1,1,0,0,1,0,0.,0.,74.7,74.7,1.,1.,442.2,15.,152.4,442.2,        1703P   1738
762.,152.4,0.,74.7,0.,0.,0.;                                        1703P   1739
126,1,1,0,0,1,0,0.,0.,60.96,60.96,1.,1.,442.2,15.,-457.2,442.2,     1705P   1740
15.,152.4,0.,60.96,0.,0.,0.;                                        1705P   1741
126,1,1,0,0,1,0,0.,0.,60.96,60.96,1.,1.,442.2,762.,-457.2,442.2,    1707P   1742
762.,152.4,0.,60.96,0.,0.,0.;                                       1707P   1743
126,1,1,0,0,1,0,0.,0.,74.7,74.7,1.,1.,442.2,15.,-457.2,442.2,       1709P   1744
762.,-457.2,0.,74.7,0.,0.,0.;                                       1709P   1745
126,1,1,0,0,1,0,0.,0.,1.5,1.5,1.,1.,457.2,15.,-457.2,442.2,15.,     1711P   1746
-457.2,0.,1.5,0.,0.,0.;                                             1711P   1747
126,1,1,0,0,1,0,0.,0.,1.5,1.5,1.,1.,457.2,762.,-457.2,442.2,        1713P   1748
762.,-457.2,0.,1.5,0.,0.,0.;                                        1713P   1749
126,4,2,0,0,0,0,0.,0.,0.,1.5707963267949,1.5707963267949,           1715P   1750
3.14159265358979,3.14159265358979,3.14159265358979,1.,              1715P   1751
0.707106781186551,1.,0.707106781186551,1.,-72.3999999999999,15.,    1715P   1752
445.7,-76.3999999999999,15.,445.7,-76.3999999999999,15.,449.7,      1715P   1753
-76.3999999999999,15.,453.7,-72.3999999999999,15.,453.7,0.,         1715P   1754
3.14159265358979,0.,0.,0.;                                          1715P   1755
126,4,2,0,0,0,0,3.14159265358979,3.14159265358979,                  1717P   1756
3.14159265358979,4.71238898038469,4.71238898038469,                 1717P   1757
6.28318530717959,6.28318530717959,6.28318530717959,1.,              1717P   1758
0.707106781186551,1.,0.707106781186551,1.,-72.3999999999999,15.,    1717P   1759
453.7,-68.3999999999999,15.,453.7,-68.3999999999999,15.,449.7,      1717P   1760
-68.3999999999999,15.,445.7,-72.3999999999999,15.,445.7,            1717P   1761
3.14159265358979,6.28318530717959,0.,0.,0.;                         1717P   1762
126,1,1,0,0,1,0,-2.5,-2.5,2.5,2.5,1.,1.,-72.3999999999999,15.,      1719P   1763
453.7,-72.3999999999999,35.,453.7,-2.5,2.5,0.,0.,0.;                1719P   1764
126,4,2,0,0,0,0,3.14159265358979,3.14159265358979,                  1721P   1765
3.14159265358979,4.71238898038469,4.71238898038469,                 1721P   1766
6.28318530717959,6.28318530717959,6.28318530717959,1.,              1721P   1767
0.707106781186551,1.,0.707106781186551,1.,-72.3999999999999,35.,    1721P   1768
453.7,-68.3999999999999,35.,453.7,-68.3999999999999,35.,449.7,      1721P   1769
-68.3999999999999,35.,445.7,-72.3999999999999,35.,445.7,            1721P   1770
3.14159265358979,6.28318530717959,0.,0.,0.;                         1721P   1771
126,4,2,0,0,0,0,0.,0.,0.,1.5707963267949,1.5707963267949,           1723P   1772
3.14159265358979,3.14159265358979,3.14159265358979,1.,              1723P   1773
0.707106781186551,1.,0.707106781186551,1.,-72.3999999999999,35.,    1723P   1774
445.7,-76.3999999999999,35.,445.7,-76.3999999999999,35.,449.7,      1723P   1775
-76.3999999999999,35.,453.7,-72.3999999999999,35.,453.7,0.,         1723P   1776
3.14159265358979,0.,0.,0.;                                          1723P   1777
126,4,2,0,0,0,0,0.,0.,0.,1.5707963267949,1.5707963267949,           1725P   1778
3.14159265358979,3.14159265358979,3.14159265358979,1.,              1725P   1779
0.707106781186554,1.,0.707106781186554,1.,-392.4,15.,445.7,         1725P   1780
-396.4,15.,445.7,-396.4,15.,449.7,-396.4,15.,453.7,-392.4,15.,      1725P   1781
453.7,0.,3.14159265358979,0.,0.,0.;                                 1725P   1782
126,4,2,0,0,0,0,3.14159265358979,3.14159265358979,                  1727P   1783
3.14159265358979,4.71238898038469,4.71238898038469,                 1727P   1784
6.28318530717959,6.28318530717959,6.28318530717959,1.,              1727P   1785
0.707106781186554,1.,0.707106781186554,1.,-392.4,15.,453.7,         1727P   1786
-388.4,15.,453.7,-388.4,15.,449.7,-388.4,15.,445.7,-392.4,15.,      1727P   1787
445.7,3.14159265358979,6.28318530717959,0.,0.,0.;                   1727P   1788
126,1,1,0,0,1,0,-2.5,-2.5,2.5,2.5,1.,1.,-392.4,15.,453.7,-392.4,    1729P   1789
35.,453.7,-2.5,2.5,0.,0.,0.;                                        1729P   1790
126,4,2,0,0,0,0,3.14159265358979,3.14159265358979,                  1731P   1791
3.14159265358979,4.71238898038469,4.71238898038469,                 1731P   1792
6.28318530717959,6.28318530717959,6.28318530717959,1.,              1731P   1793
0.707106781186554,1.,0.707106781186554,1.,-392.4,35.,453.7,         1731P   1794
-388.4,35.,453.7,-388.4,35.,449.7,-388.4,35.,445.7,-392.4,35.,      1731P   1795
445.7,3.14159265358979,6.28318530717959,0.,0.,0.;                   1731P   1796
126,4,2,0,0,0,0,0.,0.,0.,1.5707963267949,1.5707963267949,           1733P   1797
3.14159265358979,3.14159265358979,3.14159265358979,1.,              1733P   1798
0.707106781186554,1.,0.707106781186554,1.,-392.4,35.,445.7,         1733P   1799
-396.4,35.,445.7,-396.4,35.,449.7,-396.4,35.,453.7,-392.4,35.,      1733P   1800
453.7,0.,3.14159265358979,0.,0.,0.;                                 1733P   1801
126,4,2,0,0,0,0,0.,0.,0.,1.5707963267949,1.5707963267949,           1735P   1802
3.14159265358979,3.14159265358979,3.14159265358979,1.,              1735P   1803
0.707106781186554,1.,0.707106781186554,1.,-232.4,15.,445.7,         1735P   1804
-236.4,15.,445.7,-236.4,15.,449.7,-236.4,15.,453.7,-232.4,15.,      1735P   1805
453.7,0.,3.14159265358979,0.,0.,0.;                                 1735P   1806
126,4,2,0,0,0,0,3.14159265358979,3.14159265358979,                  1737P   1807
3.14159265358979,4.71238898038469,4.71238898038469,                 1737P   1808
6.28318530717959,6.28318530717959,6.28318530717959,1.,              1737P   1809
0.707106781186554,1.,0.707106781186554,1.,-232.4,15.,453.7,         1737P   1810
-228.4,15.,453.7,-228.4,15.,449.7,-228.4,15.,445.7,-232.4,15.,      1737P   1811
445.7,3.14159265358979,6.28318530717959,0.,0.,0.;                   1737P   1812
126,1,1,0,0,1,0,-2.5,-2.5,2.5,2.5,1.,1.,-232.4,15.,453.7,-232.4,    1739P   1813
35.,453.7,-2.5,2.5,0.,0.,0.;                                        1739P   1814
126,4,2,0,0,0,0,3.14159265358979,3.14159265358979,                  1741P   1815
3.14159265358979,4.71238898038469,4.71238898038469,                 1741P   1816
6.28318530717959,6.28318530717959,6.28318530717959,1.,              1741P   1817
0.707106781186554,1.,0.707106781186554,1.,-232.4,35.,453.7,         1741P   1818
-228.4,35.,453.7,-228.4,35.,449.7,-228.4,35.,445.7,-232.4,35.,      1741P   1819
445.7,3.14159265358979,6.28318530717959,0.,0.,0.;                   1741P   1820
126,4,2,0,0,0,0,0.,0.,0.,1.5707963267949,1.5707963267949,           1743P   1821
3.14159265358979,3.14159265358979,3.14159265358979,1.,              1743P   1822
0.707106781186554,1.,0.707106781186554,1.,-232.4,35.,445.7,         1743P   1823
-236.4,35.,445.7,-236.4,35.,449.7,-236.4,35.,453.7,-232.4,35.,      1743P   1824
453.7,0.,3.14159265358979,0.,0.,0.;                                 1743P   1825
126,4,2,0,0,0,0,0.,0.,0.,1.5707963267949,1.5707963267949,           1745P   1826
3.14159265358979,3.14159265358979,3.14159265358979,1.,              1745P   1827
0.707106781186545,1.,0.707106781186545,1.,87.6000000000001,15.,     1745P   1828
445.7,83.6000000000001,15.,445.7,83.6000000000001,15.,449.7,        1745P   1829
83.6000000000001,15.,453.7,87.6000000000001,15.,453.7,0.,           1745P   1830
3.14159265358979,0.,0.,0.;                                          1745P   1831
126,4,2,0,0,0,0,3.14159265358979,3.14159265358979,                  1747P   1832
3.14159265358979,4.71238898038469,4.71238898038469,                 1747P   1833
6.28318530717959,6.28318530717959,6.28318530717959,1.,              1747P   1834
0.707106781186545,1.,0.707106781186545,1.,87.6000000000001,15.,     1747P   1835
453.7,91.6000000000001,15.,453.7,91.6000000000001,15.,449.7,        1747P   1836
91.6000000000001,15.,445.7,87.6000000000001,15.,445.7,              1747P   1837
3.14159265358979,6.28318530717959,0.,0.,0.;                         1747P   1838
126,1,1,0,0,1,0,-2.5,-2.5,2.5,2.5,1.,1.,87.6000000000001,15.,       1749P   1839
453.7,87.6000000000001,35.,453.7,-2.5,2.5,0.,0.,0.;                 1749P   1840
126,4,2,0,0,0,0,3.14159265358979,3.14159265358979,                  1751P   1841
3.14159265358979,4.71238898038469,4.71238898038469,                 1751P   1842
6.28318530717959,6.28318530717959,6.28318530717959,1.,              1751P   1843
0.707106781186545,1.,0.707106781186545,1.,87.6000000000001,35.,     1751P   1844
453.7,91.6000000000001,35.,453.7,91.6000000000001,35.,449.7,        1751P   1845
91.6000000000001,35.,445.7,87.6000000000001,35.,445.7,              1751P   1846
3.14159265358979,6.28318530717959,0.,0.,0.;                         1751P   1847
126,4,2,0,0,0,0,0.,0.,0.,1.5707963267949,1.5707963267949,           1753P   1848
3.14159265358979,3.14159265358979,3.14159265358979,1.,              1753P   1849
0.707106781186545,1.,0.707106781186545,1.,87.6000000000001,35.,     1753P   1850
445.7,83.6000000000001,35.,445.7,83.6000000000001,35.,449.7,        1753P   1851
83.6000000000001,35.,453.7,87.6000000000001,35.,453.7,0.,           1753P   1852
3.14159265358979,0.,0.,0.;                                          1753P   1853
126,4,2,0,0,0,0,0.,0.,0.,1.5707963267949,1.5707963267949,           1755P   1854
3.14159265358979,3.14159265358979,3.14159265358979,1.,              1755P   1855
0.70710678118656,1.,0.70710678118656,1.,71.1,321.55,442.2,71.1,     1755P   1856
319.05,442.2,73.6,319.05,442.2,76.1,319.05,442.2,76.1,321.55,       1755P   1857
442.2,0.,3.14159265358979,0.,0.,0.;                                 1755P   1858
126,4,2,0,0,0,0,3.14159265358979,3.14159265358979,                  1757P   1859
3.14159265358979,4.71238898038469,4.71238898038469,                 1757P   1860
6.28318530717959,6.28318530717959,6.28318530717959,1.,              1757P   1861
0.70710678118656,1.,0.70710678118656,1.,76.1,321.55,442.2,76.1,     1757P   1862
324.05,442.2,73.6,324.05,442.2,71.1,324.05,442.2,71.1,321.55,       1757P   1863
442.2,3.14159265358979,6.28318530717959,0.,0.,0.;                   1757P   1864
126,1,1,0,0,1,0,-2.40000000000001,-2.40000000000001,                1759P   1865
2.40000000000001,2.40000000000001,1.,1.,76.1,321.55,442.2,76.1,     1759P   1866
321.55,454.2,-2.40000000000001,2.40000000000001,0.,0.,0.;           1759P   1867
126,4,2,0,0,0,0,3.14159265358979,3.14159265358979,                  1761P   1868
3.14159265358979,4.71238898038469,4.71238898038469,                 1761P   1869
6.28318530717959,6.28318530717959,6.28318530717959,1.,              1761P   1870
0.70710678118656,1.,0.70710678118656,1.,76.1,321.55,454.2,76.1,     1761P   1871
324.05,454.2,73.6,324.05,454.2,71.1,324.05,454.2,71.1,321.55,       1761P   1872
454.2,3.14159265358979,6.28318530717959,0.,0.,0.;                   1761P   1873
126,4,2,0,0,0,0,0.,0.,0.,1.5707963267949,1.5707963267949,           1763P   1874
3.14159265358979,3.14159265358979,3.14159265358979,1.,              1763P   1875
0.70710678118656,1.,0.70710678118656,1.,71.1,321.55,454.2,71.1,     1763P   1876
319.05,454.2,73.6,319.05,454.2,76.1,319.05,454.2,76.1,321.55,       1763P   1877
454.2,0.,3.14159265358979,0.,0.,0.;                                 1763P   1878
126,4,2,0,0,0,0,0.,0.,0.,1.5707963267949,1.5707963267949,           1765P   1879
3.14159265358979,3.14159265358979,3.14159265358979,1.,              1765P   1880
0.707106781186581,1.,0.707106781186581,1.,-408.9,257.55,442.2,      1765P   1881
-408.9,255.05,442.2,-406.4,255.05,442.2,-403.9,255.05,442.2,        1765P   1882
-403.9,257.55,442.2,0.,3.14159265358979,0.,0.,0.;                   1765P   1883
126,4,2,0,0,0,0,3.14159265358979,3.14159265358979,                  1767P   1884
3.14159265358979,4.71238898038469,4.71238898038469,                 1767P   1885
6.28318530717959,6.28318530717959,6.28318530717959,1.,              1767P   1886
0.707106781186581,1.,0.707106781186581,1.,-403.9,257.55,442.2,      1767P   1887
-403.9,260.05,442.2,-406.4,260.05,442.2,-408.9,260.05,442.2,        1767P   1888
-408.9,257.55,442.2,3.14159265358979,6.28318530717959,0.,0.,0.;     1767P   1889
126,1,1,0,0,1,0,-2.40000000000001,-2.40000000000001,                1769P   1890
2.40000000000001,2.40000000000001,1.,1.,-403.9,257.55,442.2,        1769P   1891
-403.9,257.55,454.2,-2.40000000000001,2.40000000000001,0.,0.,0.;    1769P   1892
126,4,2,0,0,0,0,3.14159265358979,3.14159265358979,                  1771P   1893
3.14159265358979,4.71238898038469,4.71238898038469,                 1771P   1894
6.28318530717959,6.28318530717959,6.28318530717959,1.,              1771P   1895
0.707106781186581,1.,0.707106781186581,1.,-403.9,257.55,454.2,      1771P   1896
-403.9,260.05,454.2,-406.4,260.05,454.2,-408.9,260.05,454.2,        1771P   1897
-408.9,257.55,454.2,3.14159265358979,6.28318530717959,0.,0.,0.;     1771P   1898
126,4,2,0,0,0,0,0.,0.,0.,1.5707963267949,1.5707963267949,           1773P   1899
3.14159265358979,3.14159265358979,3.14159265358979,1.,              1773P   1900
0.707106781186581,1.,0.707106781186581,1.,-408.9,257.55,454.2,      1773P   1901
-408.9,255.05,454.2,-406.4,255.05,454.2,-403.9,255.05,454.2,        1773P   1902
-403.9,257.55,454.2,0.,3.14159265358979,0.,0.,0.;                   1773P   1903
126,4,2,0,0,0,0,0.,0.,0.,1.5707963267949,1.5707963267949,           1775P   1904
3.14159265358979,3.14159265358979,3.14159265358979,1.,              1775P   1905
0.707106781186581,1.,0.707106781186581,1.,-408.9,385.55,442.2,      1775P   1906
-408.9,383.05,442.2,-406.4,383.05,442.2,-403.9,383.05,442.2,        1775P   1907
-403.9,385.55,442.2,0.,3.14159265358979,0.,0.,0.;                   1775P   1908
126,4,2,0,0,0,0,3.14159265358979,3.14159265358979,                  1777P   1909
3.14159265358979,4.71238898038469,4.71238898038469,                 1777P   1910
6.28318530717959,6.28318530717959,6.28318530717959,1.,              1777P   1911
0.707106781186581,1.,0.707106781186581,1.,-403.9,385.55,442.2,      1777P   1912
-403.9,388.05,442.2,-406.4,388.05,442.2,-408.9,388.05,442.2,        1777P   1913
-408.9,385.55,442.2,3.14159265358979,6.28318530717959,0.,0.,0.;     1777P   1914
126,1,1,0,0,1,0,-2.40000000000001,-2.40000000000001,                1779P   1915
2.40000000000001,2.40000000000001,1.,1.,-403.9,385.55,442.2,        1779P   1916
-403.9,385.55,454.2,-2.40000000000001,2.40000000000001,0.,0.,0.;    1779P   1917
126,4,2,0,0,0,0,3.14159265358979,3.14159265358979,                  1781P   1918
3.14159265358979,4.71238898038469,4.71238898038469,                 1781P   1919
6.28318530717959,6.28318530717959,6.28318530717959,1.,              1781P   1920
0.707106781186581,1.,0.707106781186581,1.,-403.9,385.55,454.2,      1781P   1921
-403.9,388.05,454.2,-406.4,388.05,454.2,-408.9,388.05,454.2,        1781P   1922
-408.9,385.55,454.2,3.14159265358979,6.28318530717959,0.,0.,0.;     1781P   1923
126,4,2,0,0,0,0,0.,0.,0.,1.5707963267949,1.5707963267949,           1783P   1924
3.14159265358979,3.14159265358979,3.14159265358979,1.,              1783P   1925
0.707106781186581,1.,0.707106781186581,1.,-408.9,385.55,454.2,      1783P   1926
-408.9,383.05,454.2,-406.4,383.05,454.2,-403.9,383.05,454.2,        1783P   1927
-403.9,385.55,454.2,0.,3.14159265358979,0.,0.,0.;                   1783P   1928
126,4,2,0,0,0,0,0.,0.,0.,1.5707963267949,1.5707963267949,           1785P   1929
3.14159265358979,3.14159265358979,3.14159265358979,1.,              1785P   1930
0.707106781186581,1.,0.707106781186581,1.,-408.9,321.55,442.2,      1785P   1931
-408.9,319.05,442.2,-406.4,319.05,442.2,-403.9,319.05,442.2,        1785P   1932
-403.9,321.55,442.2,0.,3.14159265358979,0.,0.,0.;                   1785P   1933
126,4,2,0,0,0,0,3.14159265358979,3.14159265358979,                  1787P   1934
3.14159265358979,4.71238898038469,4.71238898038469,                 1787P   1935
6.28318530717959,6.28318530717959,6.28318530717959,1.,              1787P   1936
0.707106781186581,1.,0.707106781186581,1.,-403.9,321.55,442.2,      1787P   1937
-403.9,324.05,442.2,-406.4,324.05,442.2,-408.9,324.05,442.2,        1787P   1938
-408.9,321.55,442.2,3.14159265358979,6.28318530717959,0.,0.,0.;     1787P   1939
126,1,1,0,0,1,0,-2.40000000000001,-2.40000000000001,                1789P   1940
2.40000000000001,2.40000000000001,1.,1.,-403.9,321.55,442.2,        1789P   1941
-403.9,321.55,454.2,-2.40000000000001,2.40000000000001,0.,0.,0.;    1789P   1942
126,4,2,0,0,0,0,3.14159265358979,3.14159265358979,                  1791P   1943
3.14159265358979,4.71238898038469,4.71238898038469,                 1791P   1944
6.28318530717959,6.28318530717959,6.28318530717959,1.,              1791P   1945
0.707106781186581,1.,0.707106781186581,1.,-403.9,321.55,454.2,      1791P   1946
-403.9,324.05,454.2,-406.4,324.05,454.2,-408.9,324.05,454.2,        1791P   1947
-408.9,321.55,454.2,3.14159265358979,6.28318530717959,0.,0.,0.;     1791P   1948
126,4,2,0,0,0,0,0.,0.,0.,1.5707963267949,1.5707963267949,           1793P   1949
3.14159265358979,3.14159265358979,3.14159265358979,1.,              1793P   1950
0.707106781186581,1.,0.707106781186581,1.,-408.9,321.55,454.2,      1793P   1951
-408.9,319.05,454.2,-406.4,319.05,454.2,-403.9,319.05,454.2,        1793P   1952
-403.9,321.55,454.2,0.,3.14159265358979,0.,0.,0.;                   1793P   1953
126,4,2,0,0,0,0,0.,0.,0.,1.5707963267949,1.5707963267949,           1795P   1954
3.14159265358979,3.14159265358979,3.14159265358979,1.,              1795P   1955
0.70710678118656,1.,0.70710678118656,1.,71.1,257.55,442.2,71.1,     1795P   1956
255.05,442.2,73.6,255.05,442.2,76.1,255.05,442.2,76.1,257.55,       1795P   1957
442.2,0.,3.14159265358979,0.,0.,0.;                                 1795P   1958
126,4,2,0,0,0,0,3.14159265358979,3.14159265358979,                  1797P   1959
3.14159265358979,4.71238898038469,4.71238898038469,                 1797P   1960
6.28318530717959,6.28318530717959,6.28318530717959,1.,              1797P   1961
0.70710678118656,1.,0.70710678118656,1.,76.1,257.55,442.2,76.1,     1797P   1962
260.05,442.2,73.6,260.05,442.2,71.1,260.05,442.2,71.1,257.55,       1797P   1963
442.2,3.14159265358979,6.28318530717959,0.,0.,0.;                   1797P   1964
126,1,1,0,0,1,0,-2.40000000000001,-2.40000000000001,                1799P   1965
2.40000000000001,2.40000000000001,1.,1.,76.1,257.55,442.2,76.1,     1799P   1966
257.55,454.2,-2.40000000000001,2.40000000000001,0.,0.,0.;           1799P   1967
126,4,2,0,0,0,0,3.14159265358979,3.14159265358979,                  1801P   1968
3.14159265358979,4.71238898038469,4.71238898038469,                 1801P   1969
6.28318530717959,6.28318530717959,6.28318530717959,1.,              1801P   1970
0.70710678118656,1.,0.70710678118656,1.,76.1,257.55,454.2,76.1,     1801P   1971
260.05,454.2,73.6,260.05,454.2,71.1,260.05,454.2,71.1,257.55,       1801P   1972
454.2,3.14159265358979,6.28318530717959,0.,0.,0.;                   1801P   1973
126,4,2,0,0,0,0,0.,0.,0.,1.5707963267949,1.5707963267949,           1803P   1974
3.14159265358979,3.14159265358979,3.14159265358979,1.,              1803P   1975
0.70710678118656,1.,0.70710678118656,1.,71.1,257.55,454.2,71.1,     1803P   1976
255.05,454.2,73.6,255.05,454.2,76.1,255.05,454.2,76.1,257.55,       1803P   1977
454.2,0.,3.14159265358979,0.,0.,0.;                                 1803P   1978
126,4,2,0,0,0,0,0.,0.,0.,1.5707963267949,1.5707963267949,           1805P   1979
3.14159265358979,3.14159265358979,3.14159265358979,1.,              1805P   1980
0.70710678118656,1.,0.70710678118656,1.,71.1,385.55,442.2,71.1,     1805P   1981
383.05,442.2,73.6,383.05,442.2,76.1,383.05,442.2,76.1,385.55,       1805P   1982
442.2,0.,3.14159265358979,0.,0.,0.;                                 1805P   1983
126,4,2,0,0,0,0,3.14159265358979,3.14159265358979,                  1807P   1984
3.14159265358979,4.71238898038469,4.71238898038469,                 1807P   1985
6.28318530717959,6.28318530717959,6.28318530717959,1.,              1807P   1986
0.70710678118656,1.,0.70710678118656,1.,76.1,385.55,442.2,76.1,     1807P   1987
388.05,442.2,73.6,388.05,442.2,71.1,388.05,442.2,71.1,385.55,       1807P   1988
442.2,3.14159265358979,6.28318530717959,0.,0.,0.;                   1807P   1989
126,1,1,0,0,1,0,-2.40000000000001,-2.40000000000001,                1809P   1990
2.40000000000001,2.40000000000001,1.,1.,76.1,385.55,442.2,76.1,     1809P   1991
385.55,454.2,-2.40000000000001,2.40000000000001,0.,0.,0.;           1809P   1992
126,4,2,0,0,0,0,3.14159265358979,3.14159265358979,                  1811P   1993
3.14159265358979,4.71238898038469,4.71238898038469,                 1811P   1994
6.28318530717959,6.28318530717959,6.28318530717959,1.,              1811P   1995
0.70710678118656,1.,0.70710678118656,1.,76.1,385.55,454.2,76.1,     1811P   1996
388.05,454.2,73.6,388.05,454.2,71.1,388.05,454.2,71.1,385.55,       1811P   1997
454.2,3.14159265358979,6.28318530717959,0.,0.,0.;                   1811P   1998
126,4,2,0,0,0,0,0.,0.,0.,1.5707963267949,1.5707963267949,           1813P   1999
3.14159265358979,3.14159265358979,3.14159265358979,1.,              1813P   2000
0.70710678118656,1.,0.70710678118656,1.,71.1,385.55,454.2,71.1,     1813P   2001
383.05,454.2,73.6,383.05,454.2,76.1,383.05,454.2,76.1,385.55,       1813P   2002
454.2,0.,3.14159265358979,0.,0.,0.;                                 1813P   2003
126,4,2,0,0,0,0,0.,0.,0.,1.5707963267949,1.5707963267949,           1815P   2004
3.14159265358979,3.14159265358979,3.14159265358979,1.,              1815P   2005
0.707106781186554,1.,0.707106781186554,1.,-453.7,301.,442.2,        1815P   2006
-453.7,297.,442.2,-449.7,297.,442.2,-445.7,297.,442.2,-445.7,       1815P   2007
301.,442.2,0.,3.14159265358979,0.,0.,0.;                            1815P   2008
126,4,2,0,0,0,0,3.14159265358979,3.14159265358979,                  1817P   2009
3.14159265358979,4.71238898038469,4.71238898038469,                 1817P   2010
6.28318530717959,6.28318530717959,6.28318530717959,1.,              1817P   2011
0.707106781186554,1.,0.707106781186554,1.,-445.7,301.,442.2,        1817P   2012
-445.7,305.,442.2,-449.7,305.,442.2,-453.7,305.,442.2,-453.7,       1817P   2013
301.,442.2,3.14159265358979,6.28318530717959,0.,0.,0.;              1817P   2014
126,1,1,0,0,1,0,-1.5,-1.5,1.5,1.5,1.,1.,-445.7,301.,442.2,          1819P   2015
-445.7,301.,454.2,-1.5,1.5,0.,0.,0.;                                1819P   2016
126,4,2,0,0,0,0,3.14159265358979,3.14159265358979,                  1821P   2017
3.14159265358979,4.71238898038469,4.71238898038469,                 1821P   2018
6.28318530717959,6.28318530717959,6.28318530717959,1.,              1821P   2019
0.707106781186554,1.,0.707106781186554,1.,-445.7,301.,454.2,        1821P   2020
-445.7,305.,454.2,-449.7,305.,454.2,-453.7,305.,454.2,-453.7,       1821P   2021
301.,454.2,3.14159265358979,6.28318530717959,0.,0.,0.;              1821P   2022
126,4,2,0,0,0,0,0.,0.,0.,1.5707963267949,1.5707963267949,           1823P   2023
3.14159265358979,3.14159265358979,3.14159265358979,1.,              1823P   2024
0.707106781186554,1.,0.707106781186554,1.,-453.7,301.,454.2,        1823P   2025
-453.7,297.,454.2,-449.7,297.,454.2,-445.7,297.,454.2,-445.7,       1823P   2026
301.,454.2,0.,3.14159265358979,0.,0.,0.;                            1823P   2027
126,4,2,0,0,0,0,0.,0.,0.,1.5707963267949,1.5707963267949,           1825P   2028
3.14159265358979,3.14159265358979,3.14159265358979,1.,              1825P   2029
0.707106781186554,1.,0.707106781186554,1.,-453.7,621.,442.2,        1825P   2030
-453.7,617.,442.2,-449.7,617.,442.2,-445.7,617.,442.2,-445.7,       1825P   2031
621.,442.2,0.,3.14159265358979,0.,0.,0.;                            1825P   2032
126,4,2,0,0,0,0,3.14159265358979,3.14159265358979,                  1827P   2033
3.14159265358979,4.71238898038469,4.71238898038469,                 1827P   2034
6.28318530717959,6.28318530717959,6.28318530717959,1.,              1827P   2035
0.707106781186554,1.,0.707106781186554,1.,-445.7,621.,442.2,        1827P   2036
-445.7,625.,442.2,-449.7,625.,442.2,-453.7,625.,442.2,-453.7,       1827P   2037
621.,442.2,3.14159265358979,6.28318530717959,0.,0.,0.;              1827P   2038
126,1,1,0,0,1,0,-1.5,-1.5,1.5,1.5,1.,1.,-445.7,621.,442.2,          1829P   2039
-445.7,621.,454.2,-1.5,1.5,0.,0.,0.;                                1829P   2040
126,4,2,0,0,0,0,3.14159265358979,3.14159265358979,                  1831P   2041
3.14159265358979,4.71238898038469,4.71238898038469,                 1831P   2042
6.28318530717959,6.28318530717959,6.28318530717959,1.,              1831P   2043
0.707106781186554,1.,0.707106781186554,1.,-445.7,621.,454.2,        1831P   2044
-445.7,625.,454.2,-449.7,625.,454.2,-453.7,625.,454.2,-453.7,       1831P   2045
621.,454.2,3.14159265358979,6.28318530717959,0.,0.,0.;              1831P   2046
126,4,2,0,0,0,0,0.,0.,0.,1.5707963267949,1.5707963267949,           1833P   2047
3.14159265358979,3.14159265358979,3.14159265358979,1.,              1833P   2048
0.707106781186554,1.,0.707106781186554,1.,-453.7,621.,454.2,        1833P   2049
-453.7,617.,454.2,-449.7,617.,454.2,-445.7,617.,454.2,-445.7,       1833P   2050
621.,454.2,0.,3.14159265358979,0.,0.,0.;                            1833P   2051
126,4,2,0,0,0,0,0.,0.,0.,1.5707963267949,1.5707963267949,           1835P   2052
3.14159265358979,3.14159265358979,3.14159265358979,1.,              1835P   2053
0.707106781186508,1.,0.707106781186508,1.,124.4,754.5,442.2,        1835P   2054
124.4,750.5,442.2,128.4,750.5,442.2,132.4,750.5,442.2,132.4,        1835P   2055
754.5,442.2,0.,3.14159265358979,0.,0.,0.;                           1835P   2056
126,4,2,0,0,0,0,3.14159265358979,3.14159265358979,                  1837P   2057
3.14159265358979,4.71238898038469,4.71238898038469,                 1837P   2058
6.28318530717959,6.28318530717959,6.28318530717959,1.,              1837P   2059
0.707106781186508,1.,0.707106781186508,1.,132.4,754.5,442.2,        1837P   2060
132.4,758.5,442.2,128.4,758.5,442.2,124.4,758.5,442.2,124.4,        1837P   2061
754.5,442.2,3.14159265358979,6.28318530717959,0.,0.,0.;             1837P   2062
126,1,1,0,0,1,0,-1.5,-1.5,1.5,1.5,1.,1.,132.4,754.5,442.2,132.4,    1839P   2063
754.5,454.2,-1.5,1.5,0.,0.,0.;                                      1839P   2064
126,4,2,0,0,0,0,3.14159265358979,3.14159265358979,                  1841P   2065
3.14159265358979,4.71238898038469,4.71238898038469,                 1841P   2066
6.28318530717959,6.28318530717959,6.28318530717959,1.,              1841P   2067
0.707106781186508,1.,0.707106781186508,1.,132.4,754.5,454.2,        1841P   2068
132.4,758.5,454.2,128.4,758.5,454.2,124.4,758.5,454.2,124.4,        1841P   2069
754.5,454.2,3.14159265358979,6.28318530717959,0.,0.,0.;             1841P   2070
126,4,2,0,0,0,0,0.,0.,0.,1.5707963267949,1.5707963267949,           1843P   2071
3.14159265358979,3.14159265358979,3.14159265358979,1.,              1843P   2072
0.707106781186508,1.,0.707106781186508,1.,124.4,754.5,454.2,        1843P   2073
124.4,750.5,454.2,128.4,750.5,454.2,132.4,750.5,454.2,132.4,        1843P   2074
754.5,454.2,0.,3.14159265358979,0.,0.,0.;                           1843P   2075
126,4,2,0,0,0,0,0.,0.,0.,1.5707963267949,1.5707963267949,           1845P   2076
3.14159265358979,3.14159265358979,3.14159265358979,1.,              1845P   2077
0.707106781186508,1.,0.707106781186508,1.,92.3999999999999,         1845P   2078
754.5,442.2,92.3999999999999,750.5,442.2,96.3999999999999,750.5,    1845P   2079
442.2,100.4,750.5,442.2,100.4,754.5,442.2,0.,3.14159265358979,      1845P   2080
0.,0.,0.;                                                           1845P   2081
126,4,2,0,0,0,0,3.14159265358979,3.14159265358979,                  1847P   2082
3.14159265358979,4.71238898038469,4.71238898038469,                 1847P   2083
6.28318530717959,6.28318530717959,6.28318530717959,1.,              1847P   2084
0.707106781186508,1.,0.707106781186508,1.,100.4,754.5,442.2,        1847P   2085
100.4,758.5,442.2,96.3999999999999,758.5,442.2,92.3999999999999,    1847P   2086
758.5,442.2,92.3999999999999,754.5,442.2,3.14159265358979,          1847P   2087
6.28318530717959,0.,0.,0.;                                          1847P   2088
126,1,1,0,0,1,0,-1.5,-1.5,1.5,1.5,1.,1.,100.4,754.5,442.2,100.4,    1849P   2089
754.5,454.2,-1.5,1.5,0.,0.,0.;                                      1849P   2090
126,4,2,0,0,0,0,3.14159265358979,3.14159265358979,                  1851P   2091
3.14159265358979,4.71238898038469,4.71238898038469,                 1851P   2092
6.28318530717959,6.28318530717959,6.28318530717959,1.,              1851P   2093
0.707106781186508,1.,0.707106781186508,1.,100.4,754.5,454.2,        1851P   2094
100.4,758.5,454.2,96.3999999999999,758.5,454.2,92.3999999999999,    1851P   2095
758.5,454.2,92.3999999999999,754.5,454.2,3.14159265358979,          1851P   2096
6.28318530717959,0.,0.,0.;                                          1851P   2097
126,4,2,0,0,0,0,0.,0.,0.,1.5707963267949,1.5707963267949,           1853P   2098
3.14159265358979,3.14159265358979,3.14159265358979,1.,              1853P   2099
0.707106781186508,1.,0.707106781186508,1.,92.3999999999999,         1853P   2100
754.5,454.2,92.3999999999999,750.5,454.2,96.3999999999999,750.5,    1853P   2101
454.2,100.4,750.5,454.2,100.4,754.5,454.2,0.,3.14159265358979,      1853P   2102
0.,0.,0.;                                                           1853P   2103
126,4,2,0,0,0,0,0.,0.,0.,1.5707963267949,1.5707963267949,           1855P   2104
3.14159265358979,3.14159265358979,3.14159265358979,1.,              1855P   2105
0.707106781186554,1.,0.707106781186554,1.,-453.7,461.,442.2,        1855P   2106
-453.7,457.,442.2,-449.7,457.,442.2,-445.7,457.,442.2,-445.7,       1855P   2107
461.,442.2,0.,3.14159265358979,0.,0.,0.;                            1855P   2108
126,4,2,0,0,0,0,3.14159265358979,3.14159265358979,                  1857P   2109
3.14159265358979,4.71238898038469,4.71238898038469,                 1857P   2110
6.28318530717959,6.28318530717959,6.28318530717959,1.,              1857P   2111
0.707106781186554,1.,0.707106781186554,1.,-445.7,461.,442.2,        1857P   2112
-445.7,465.,442.2,-449.7,465.,442.2,-453.7,465.,442.2,-453.7,       1857P   2113
461.,442.2,3.14159265358979,6.28318530717959,0.,0.,0.;              1857P   2114
126,1,1,0,0,1,0,-1.5,-1.5,1.5,1.5,1.,1.,-445.7,461.,442.2,          1859P   2115
-445.7,461.,454.2,-1.5,1.5,0.,0.,0.;                                1859P   2116
126,4,2,0,0,0,0,3.14159265358979,3.14159265358979,                  1861P   2117
3.14159265358979,4.71238898038469,4.71238898038469,                 1861P   2118
6.28318530717959,6.28318530717959,6.28318530717959,1.,              1861P   2119
0.707106781186554,1.,0.707106781186554,1.,-445.7,461.,454.2,        1861P   2120
-445.7,465.,454.2,-449.7,465.,454.2,-453.7,465.,454.2,-453.7,       1861P   2121
461.,454.2,3.14159265358979,6.28318530717959,0.,0.,0.;              1861P   2122
126,4,2,0,0,0,0,0.,0.,0.,1.5707963267949,1.5707963267949,           1863P   2123
3.14159265358979,3.14159265358979,3.14159265358979,1.,              1863P   2124
0.707106781186554,1.,0.707106781186554,1.,-453.7,461.,454.2,        1863P   2125
-453.7,457.,454.2,-449.7,457.,454.2,-445.7,457.,454.2,-445.7,       1863P   2126
461.,454.2,0.,3.14159265358979,0.,0.,0.;                            1863P   2127
126,4,2,0,0,0,0,0.,0.,0.,1.5707963267949,1.5707963267949,           1865P   2128
3.14159265358979,3.14159265358979,3.14159265358979,1.,              1865P   2129
0.707106781186545,1.,0.707106781186545,1.,-453.7,141.,442.2,        1865P   2130
-453.7,137.,442.2,-449.7,137.,442.2,-445.7,137.,442.2,-445.7,       1865P   2131
141.,442.2,0.,3.14159265358979,0.,0.,0.;                            1865P   2132
126,4,2,0,0,0,0,3.14159265358979,3.14159265358979,                  1867P   2133
3.14159265358979,4.71238898038469,4.71238898038469,                 1867P   2134
6.28318530717959,6.28318530717959,6.28318530717959,1.,              1867P   2135
0.707106781186545,1.,0.707106781186545,1.,-445.7,141.,442.2,        1867P   2136
-445.7,145.,442.2,-449.7,145.,442.2,-453.7,145.,442.2,-453.7,       1867P   2137
141.,442.2,3.14159265358979,6.28318530717959,0.,0.,0.;              1867P   2138
126,1,1,0,0,1,0,-1.5,-1.5,1.5,1.5,1.,1.,-445.7,141.,442.2,          1869P   2139
-445.7,141.,454.2,-1.5,1.5,0.,0.,0.;                                1869P   2140
126,4,2,0,0,0,0,3.14159265358979,3.14159265358979,                  1871P   2141
3.14159265358979,4.71238898038469,4.71238898038469,                 1871P   2142
6.28318530717959,6.28318530717959,6.28318530717959,1.,              1871P   2143
0.707106781186545,1.,0.707106781186545,1.,-445.7,141.,454.2,        1871P   2144
-445.7,145.,454.2,-449.7,145.,454.2,-453.7,145.,454.2,-453.7,       1871P   2145
141.,454.2,3.14159265358979,6.28318530717959,0.,0.,0.;              1871P   2146
126,4,2,0,0,0,0,0.,0.,0.,1.5707963267949,1.5707963267949,           1873P   2147
3.14159265358979,3.14159265358979,3.14159265358979,1.,              1873P   2148
0.707106781186545,1.,0.707106781186545,1.,-453.7,141.,454.2,        1873P   2149
-453.7,137.,454.2,-449.7,137.,454.2,-445.7,137.,454.2,-445.7,       1873P   2150
141.,454.2,0.,3.14159265358979,0.,0.,0.;                            1873P   2151
126,1,1,0,0,1,0,0.,0.,1.5,1.5,1.,1.,152.4,15.,457.2,152.4,15.,      1875P   2152
442.2,0.,1.5,0.,0.,0.;                                              1875P   2153
126,1,1,0,0,1,0,0.,0.,74.7,74.7,1.,1.,152.4,15.,442.2,152.4,        1877P   2154
762.,442.2,0.,74.7,0.,0.,0.;                                        1877P   2155
126,1,1,0,0,1,0,0.,0.,1.5,1.5,1.,1.,152.4,762.,457.2,152.4,762.,    1879P   2156
442.2,0.,1.5,0.,0.,0.;                                              1879P   2157
126,1,1,0,0,1,0,0.,0.,74.7,74.7,1.,1.,152.4,15.,457.2,152.4,        1881P   2158
762.,457.2,0.,74.7,0.,0.,0.;                                        1881P   2159
126,1,1,0,0,1,0,0.,0.,60.96,60.96,1.,1.,-457.2,15.,457.2,152.4,     1883P   2160
15.,457.2,0.,60.96,0.,0.,0.;                                        1883P   2161
126,1,1,0,0,1,0,0.,0.,60.96,60.96,1.,1.,-457.2,762.,457.2,152.4,    1885P   2162
762.,457.2,0.,60.96,0.,0.,0.;                                       1885P   2163
126,1,1,0,0,1,0,0.,0.,74.7,74.7,1.,1.,-457.2,15.,457.2,-457.2,      1887P   2164
762.,457.2,0.,74.7,0.,0.,0.;                                        1887P   2165
126,1,1,0,0,1,0,77.3667492630521,77.3667492630521,                  1889P   2166
78.8667492630521,78.8667492630521,1.,1.,-457.2,15.,442.2,-457.2,    1889P   2167
15.,457.2,77.3667492630521,78.8667492630521,0.,0.,0.;               1889P   2168
126,1,1,0,0,1,0,77.3667492630521,77.3667492630521,                  1891P   2169
78.8667492630521,78.8667492630521,1.,1.,-457.2,762.,442.2,          1891P   2170
-457.2,762.,457.2,77.3667492630521,78.8667492630521,0.,0.,0.;       1891P   2171
126,1,1,0,0,1,0,0.,0.,74.7,74.7,1.,1.,-457.2,15.,442.2,-457.2,      1893P   2172
762.,442.2,0.,74.7,0.,0.,0.;                                        1893P   2173
126,1,1,0,0,1,0,7.105427357601D-15,7.105427357601D-15,60.96,        1895P   2174
60.96,1.,1.,152.4,15.,442.2,-457.2,15.,442.2,7.105427357601D-15,    1895P   2175
60.96,0.,0.,0.;                                                     1895P   2176
126,1,1,0,0,1,0,7.105427357601D-15,7.105427357601D-15,60.96,        1897P   2177
60.96,1.,1.,152.4,762.,442.2,-457.2,762.,442.2,                     1897P   2178
7.105427357601D-15,60.96,0.,0.,0.;                                  1897P   2179
126,4,2,0,0,0,0,0.,0.,0.,1.5707963267949,1.5707963267949,           1899P   2180
3.14159265358979,3.14159265358979,3.14159265358979,1.,              1899P   2181
0.707106781186545,1.,0.707106781186545,1.,-112.1425,15.,-453.7,     1899P   2182
-116.1425,15.,-453.7,-116.1425,15.,-449.7,-116.1425,15.,-445.7,     1899P   2183
-112.1425,15.,-445.7,0.,3.14159265358979,0.,0.,0.;                  1899P   2184
126,4,2,0,0,0,0,3.14159265358979,3.14159265358979,                  1901P   2185
3.14159265358979,4.71238898038469,4.71238898038469,                 1901P   2186
6.28318530717959,6.28318530717959,6.28318530717959,1.,              1901P   2187
0.707106781186545,1.,0.707106781186545,1.,-112.1425,15.,-445.7,     1901P   2188
-108.1425,15.,-445.7,-108.1425,15.,-449.7,-108.1425,15.,-453.7,     1901P   2189
-112.1425,15.,-453.7,3.14159265358979,6.28318530717959,0.,0.,0.;    1901P   2190
126,1,1,0,0,1,0,-2.49999999999999,-2.49999999999999,2.5,2.5,1.,     1903P   2191
1.,-112.1425,15.,-445.7,-112.1425,34.9999999999999,-445.7,          1903P   2192
-2.49999999999999,2.5,0.,0.,0.;                                     1903P   2193
126,4,2,0,0,0,0,3.14159265358979,3.14159265358979,                  1905P   2194
3.14159265358979,4.71238898038469,4.71238898038469,                 1905P   2195
6.28318530717959,6.28318530717959,6.28318530717959,1.,              1905P   2196
0.707106781186545,1.,0.707106781186545,1.,-112.1425,                1905P   2197
34.9999999999999,-445.7,-108.1425,34.9999999999999,-445.7,          1905P   2198
-108.1425,34.9999999999999,-449.7,-108.1425,34.9999999999999,       1905P   2199
-453.7,-112.1425,34.9999999999999,-453.7,3.14159265358979,          1905P   2200
6.28318530717959,0.,0.,0.;                                          1905P   2201
126,4,2,0,0,0,0,0.,0.,0.,1.5707963267949,1.5707963267949,           1907P   2202
3.14159265358979,3.14159265358979,3.14159265358979,1.,              1907P   2203
0.707106781186545,1.,0.707106781186545,1.,-112.1425,                1907P   2204
34.9999999999999,-453.7,-116.1425,34.9999999999999,-453.7,          1907P   2205
-116.1425,34.9999999999999,-449.7,-116.1425,34.9999999999999,       1907P   2206
-445.7,-112.1425,34.9999999999999,-445.7,0.,3.14159265358979,0.,    1907P   2207
0.,0.;                                                              1907P   2208
126,4,2,0,0,0,0,0.,0.,0.,1.5707963267949,1.5707963267949,           1909P   2209
3.14159265358979,3.14159265358979,3.14159265358979,1.,              1909P   2210
0.707106781186554,1.,0.707106781186554,1.,207.8575,15.,-453.7,      1909P   2211
203.8575,15.,-453.7,203.8575,15.,-449.7,203.8575,15.,-445.7,        1909P   2212
207.8575,15.,-445.7,0.,3.14159265358979,0.,0.,0.;                   1909P   2213
126,4,2,0,0,0,0,3.14159265358979,3.14159265358979,                  1911P   2214
3.14159265358979,4.71238898038469,4.71238898038469,                 1911P   2215
6.28318530717959,6.28318530717959,6.28318530717959,1.,              1911P   2216
0.707106781186554,1.,0.707106781186554,1.,207.8575,15.,-445.7,      1911P   2217
211.8575,15.,-445.7,211.8575,15.,-449.7,211.8575,15.,-453.7,        1911P   2218
207.8575,15.,-453.7,3.14159265358979,6.28318530717959,0.,0.,0.;     1911P   2219
126,1,1,0,0,1,0,-2.49999999999999,-2.49999999999999,2.5,2.5,1.,     1913P   2220
1.,207.8575,15.,-445.7,207.8575,34.9999999999999,-445.7,            1913P   2221
-2.49999999999999,2.5,0.,0.,0.;                                     1913P   2222
126,4,2,0,0,0,0,3.14159265358979,3.14159265358979,                  1915P   2223
3.14159265358979,4.71238898038469,4.71238898038469,                 1915P   2224
6.28318530717959,6.28318530717959,6.28318530717959,1.,              1915P   2225
0.707106781186554,1.,0.707106781186554,1.,207.8575,                 1915P   2226
34.9999999999999,-445.7,211.8575,34.9999999999999,-445.7,           1915P   2227
211.8575,34.9999999999999,-449.7,211.8575,34.9999999999999,         1915P   2228
-453.7,207.8575,34.9999999999999,-453.7,3.14159265358979,           1915P   2229
6.28318530717959,0.,0.,0.;                                          1915P   2230
126,4,2,0,0,0,0,0.,0.,0.,1.5707963267949,1.5707963267949,           1917P   2231
3.14159265358979,3.14159265358979,3.14159265358979,1.,              1917P   2232
0.707106781186554,1.,0.707106781186554,1.,207.8575,                 1917P   2233
34.9999999999999,-453.7,203.8575,34.9999999999999,-453.7,           1917P   2234
203.8575,34.9999999999999,-449.7,203.8575,34.9999999999999,         1917P   2235
-445.7,207.8575,34.9999999999999,-445.7,0.,3.14159265358979,0.,     1917P   2236
0.,0.;                                                              1917P   2237
126,4,2,0,0,0,0,0.,0.,0.,1.5707963267949,1.5707963267949,           1919P   2238
3.14159265358979,3.14159265358979,3.14159265358979,1.,              1919P   2239
0.707106781186554,1.,0.707106781186554,1.,367.8575,15.,-453.7,      1919P   2240
363.8575,15.,-453.7,363.8575,15.,-449.7,363.8575,15.,-445.7,        1919P   2241
367.8575,15.,-445.7,0.,3.14159265358979,0.,0.,0.;                   1919P   2242
126,4,2,0,0,0,0,3.14159265358979,3.14159265358979,                  1921P   2243
3.14159265358979,4.71238898038469,4.71238898038469,                 1921P   2244
6.28318530717959,6.28318530717959,6.28318530717959,1.,              1921P   2245
0.707106781186554,1.,0.707106781186554,1.,367.8575,15.,-445.7,      1921P   2246
371.8575,15.,-445.7,371.8575,15.,-449.7,371.8575,15.,-453.7,        1921P   2247
367.8575,15.,-453.7,3.14159265358979,6.28318530717959,0.,0.,0.;     1921P   2248
126,1,1,0,0,1,0,-2.49999999999999,-2.49999999999999,2.5,2.5,1.,     1923P   2249
1.,367.8575,15.,-445.7,367.8575,34.9999999999999,-445.7,            1923P   2250
-2.49999999999999,2.5,0.,0.,0.;                                     1923P   2251
126,4,2,0,0,0,0,3.14159265358979,3.14159265358979,                  1925P   2252
3.14159265358979,4.71238898038469,4.71238898038469,                 1925P   2253
6.28318530717959,6.28318530717959,6.28318530717959,1.,              1925P   2254
0.707106781186554,1.,0.707106781186554,1.,367.8575,                 1925P   2255
34.9999999999999,-445.7,371.8575,34.9999999999999,-445.7,           1925P   2256
371.8575,34.9999999999999,-449.7,371.8575,34.9999999999999,         1925P   2257
-453.7,367.8575,34.9999999999999,-453.7,3.14159265358979,           1925P   2258
6.28318530717959,0.,0.,0.;                                          1925P   2259
126,4,2,0,0,0,0,0.,0.,0.,1.5707963267949,1.5707963267949,           1927P   2260
3.14159265358979,3.14159265358979,3.14159265358979,1.,              1927P   2261
0.707106781186554,1.,0.707106781186554,1.,367.8575,                 1927P   2262
34.9999999999999,-453.7,363.8575,34.9999999999999,-453.7,           1927P   2263
363.8575,34.9999999999999,-449.7,363.8575,34.9999999999999,         1927P   2264
-445.7,367.8575,34.9999999999999,-445.7,0.,3.14159265358979,0.,     1927P   2265
0.,0.;                                                              1927P   2266
126,4,2,0,0,0,0,0.,0.,0.,1.5707963267949,1.5707963267949,           1929P   2267
3.14159265358979,3.14159265358979,3.14159265358979,1.,              1929P   2268
0.707106781186551,1.,0.707106781186551,1.,47.8575,15.,-453.7,       1929P   2269
43.8575,15.,-453.7,43.8575,15.,-449.7,43.8575,15.,-445.7,           1929P   2270
47.8575,15.,-445.7,0.,3.14159265358979,0.,0.,0.;                    1929P   2271
126,4,2,0,0,0,0,3.14159265358979,3.14159265358979,                  1931P   2272
3.14159265358979,4.71238898038469,4.71238898038469,                 1931P   2273
6.28318530717959,6.28318530717959,6.28318530717959,1.,              1931P   2274
0.707106781186551,1.,0.707106781186551,1.,47.8575,15.,-445.7,       1931P   2275
51.8575,15.,-445.7,51.8575,15.,-449.7,51.8575,15.,-453.7,           1931P   2276
47.8575,15.,-453.7,3.14159265358979,6.28318530717959,0.,0.,0.;      1931P   2277
126,1,1,0,0,1,0,-2.49999999999999,-2.49999999999999,2.5,2.5,1.,     1933P   2278
1.,47.8575,15.,-445.7,47.8575,34.9999999999999,-445.7,              1933P   2279
-2.49999999999999,2.5,0.,0.,0.;                                     1933P   2280
126,4,2,0,0,0,0,3.14159265358979,3.14159265358979,                  1935P   2281
3.14159265358979,4.71238898038469,4.71238898038469,                 1935P   2282
6.28318530717959,6.28318530717959,6.28318530717959,1.,              1935P   2283
0.707106781186551,1.,0.707106781186551,1.,47.8575,                  1935P   2284
34.9999999999999,-445.7,51.8575,34.9999999999999,-445.7,51.8575,    1935P   2285
34.9999999999999,-449.7,51.8575,34.9999999999999,-453.7,47.8575,    1935P   2286
34.9999999999999,-453.7,3.14159265358979,6.28318530717959,0.,0.,    1935P   2287
0.;                                                                 1935P   2288
126,4,2,0,0,0,0,0.,0.,0.,1.5707963267949,1.5707963267949,           1937P   2289
3.14159265358979,3.14159265358979,3.14159265358979,1.,              1937P   2290
0.707106781186551,1.,0.707106781186551,1.,47.8575,                  1937P   2291
34.9999999999999,-453.7,43.8575,34.9999999999999,-453.7,43.8575,    1937P   2292
34.9999999999999,-449.7,43.8575,34.9999999999999,-445.7,47.8575,    1937P   2293
34.9999999999999,-445.7,0.,3.14159265358979,0.,0.,0.;               1937P   2294
126,4,2,0,0,0,0,0.,0.,0.,1.5707963267949,1.5707963267949,           1939P   2295
3.14159265358979,3.14159265358979,3.14159265358979,1.,              1939P   2296
0.707106781186554,1.,0.707106781186554,1.,-272.1425,15.,-453.7,     1939P   2297
-276.1425,15.,-453.7,-276.1425,15.,-449.7,-276.1425,15.,-445.7,     1939P   2298
-272.1425,15.,-445.7,0.,3.14159265358979,0.,0.,0.;                  1939P   2299
126,4,2,0,0,0,0,3.14159265358979,3.14159265358979,                  1941P   2300
3.14159265358979,4.71238898038469,4.71238898038469,                 1941P   2301
6.28318530717959,6.28318530717959,6.28318530717959,1.,              1941P   2302
0.707106781186554,1.,0.707106781186554,1.,-272.1425,15.,-445.7,     1941P   2303
-268.1425,15.,-445.7,-268.1425,15.,-449.7,-268.1425,15.,-453.7,     1941P   2304
-272.1425,15.,-453.7,3.14159265358979,6.28318530717959,0.,0.,0.;    1941P   2305
126,1,1,0,0,1,0,-2.49999999999999,-2.49999999999999,2.5,2.5,1.,     1943P   2306
1.,-272.1425,15.,-445.7,-272.1425,34.9999999999999,-445.7,          1943P   2307
-2.49999999999999,2.5,0.,0.,0.;                                     1943P   2308
126,4,2,0,0,0,0,3.14159265358979,3.14159265358979,                  1945P   2309
3.14159265358979,4.71238898038469,4.71238898038469,                 1945P   2310
6.28318530717959,6.28318530717959,6.28318530717959,1.,              1945P   2311
0.707106781186554,1.,0.707106781186554,1.,-272.1425,                1945P   2312
34.9999999999999,-445.7,-268.1425,34.9999999999999,-445.7,          1945P   2313
-268.1425,34.9999999999999,-449.7,-268.1425,34.9999999999999,       1945P   2314
-453.7,-272.1425,34.9999999999999,-453.7,3.14159265358979,          1945P   2315
6.28318530717959,0.,0.,0.;                                          1945P   2316
126,4,2,0,0,0,0,0.,0.,0.,1.5707963267949,1.5707963267949,           1947P   2317
3.14159265358979,3.14159265358979,3.14159265358979,1.,              1947P   2318
0.707106781186554,1.,0.707106781186554,1.,-272.1425,                1947P   2319
34.9999999999999,-453.7,-276.1425,34.9999999999999,-453.7,          1947P   2320
-276.1425,34.9999999999999,-449.7,-276.1425,34.9999999999999,       1947P   2321
-445.7,-272.1425,34.9999999999999,-445.7,0.,3.14159265358979,0.,    1947P   2322
0.,0.;                                                              1947P   2323
126,4,2,0,0,0,0,0.,0.,0.,1.5707963267949,1.5707963267949,           1949P   2324
3.14159265358979,3.14159265358979,3.14159265358979,1.,              1949P   2325
0.707106781186554,1.,0.707106781186554,1.,442.2,305.,-449.7,        1949P   2326
442.2,305.,-453.7,442.2,301.,-453.7,442.2,297.,-453.7,442.2,        1949P   2327
297.,-449.7,0.,3.14159265358979,0.,0.,0.;                           1949P   2328
126,4,2,0,0,0,0,3.14159265358979,3.14159265358979,                  1951P   2329
3.14159265358979,4.71238898038469,4.71238898038469,                 1951P   2330
6.28318530717959,6.28318530717959,6.28318530717959,1.,              1951P   2331
0.707106781186554,1.,0.707106781186554,1.,442.2,297.,-449.7,        1951P   2332
442.2,297.,-445.7,442.2,301.,-445.7,442.2,305.,-445.7,442.2,        1951P   2333
305.,-449.7,3.14159265358979,6.28318530717959,0.,0.,0.;             1951P   2334
126,1,1,0,0,1,0,-2.5,-2.5,2.5,2.5,1.,1.,442.2,297.,-449.7,422.2,    1953P   2335
297.,-449.7,-2.5,2.5,0.,0.,0.;                                      1953P   2336
126,4,2,0,0,0,0,3.14159265358979,3.14159265358979,                  1955P   2337
3.14159265358979,4.71238898038469,4.71238898038469,                 1955P   2338
6.28318530717959,6.28318530717959,6.28318530717959,1.,              1955P   2339
0.707106781186554,1.,0.707106781186554,1.,422.2,297.,-449.7,        1955P   2340
422.2,297.,-445.7,422.2,301.,-445.7,422.2,305.,-445.7,422.2,        1955P   2341
305.,-449.7,3.14159265358979,6.28318530717959,0.,0.,0.;             1955P   2342
126,4,2,0,0,0,0,0.,0.,0.,1.5707963267949,1.5707963267949,           1957P   2343
3.14159265358979,3.14159265358979,3.14159265358979,1.,              1957P   2344
0.707106781186554,1.,0.707106781186554,1.,422.2,305.,-449.7,        1957P   2345
422.2,305.,-453.7,422.2,301.,-453.7,422.2,297.,-453.7,422.2,        1957P   2346
297.,-449.7,0.,3.14159265358979,0.,0.,0.;                           1957P   2347
126,4,2,0,0,0,0,0.,0.,0.,1.5707963267949,1.5707963267949,           1959P   2348
3.14159265358979,3.14159265358979,3.14159265358979,1.,              1959P   2349
0.707106781186554,1.,0.707106781186554,1.,442.2,625.,-449.7,        1959P   2350
442.2,625.,-453.7,442.2,621.,-453.7,442.2,617.,-453.7,442.2,        1959P   2351
617.,-449.7,0.,3.14159265358979,0.,0.,0.;                           1959P   2352
126,4,2,0,0,0,0,3.14159265358979,3.14159265358979,                  1961P   2353
3.14159265358979,4.71238898038469,4.71238898038469,                 1961P   2354
6.28318530717959,6.28318530717959,6.28318530717959,1.,              1961P   2355
0.707106781186554,1.,0.707106781186554,1.,442.2,617.,-449.7,        1961P   2356
442.2,617.,-445.7,442.2,621.,-445.7,442.2,625.,-445.7,442.2,        1961P   2357
625.,-449.7,3.14159265358979,6.28318530717959,0.,0.,0.;             1961P   2358
126,1,1,0,0,1,0,-2.5,-2.5,2.5,2.5,1.,1.,442.2,617.,-449.7,422.2,    1963P   2359
617.,-449.7,-2.5,2.5,0.,0.,0.;                                      1963P   2360
126,4,2,0,0,0,0,3.14159265358979,3.14159265358979,                  1965P   2361
3.14159265358979,4.71238898038469,4.71238898038469,                 1965P   2362
6.28318530717959,6.28318530717959,6.28318530717959,1.,              1965P   2363
0.707106781186554,1.,0.707106781186554,1.,422.2,617.,-449.7,        1965P   2364
422.2,617.,-445.7,422.2,621.,-445.7,422.2,625.,-445.7,422.2,        1965P   2365
625.,-449.7,3.14159265358979,6.28318530717959,0.,0.,0.;             1965P   2366
126,4,2,0,0,0,0,0.,0.,0.,1.5707963267949,1.5707963267949,           1967P   2367
3.14159265358979,3.14159265358979,3.14159265358979,1.,              1967P   2368
0.707106781186554,1.,0.707106781186554,1.,422.2,625.,-449.7,        1967P   2369
422.2,625.,-453.7,422.2,621.,-453.7,422.2,617.,-453.7,422.2,        1967P   2370
617.,-449.7,0.,3.14159265358979,0.,0.,0.;                           1967P   2371
126,4,2,0,0,0,0,0.,0.,0.,1.5707963267949,1.5707963267949,           1969P   2372
3.14159265358979,3.14159265358979,3.14159265358979,1.,              1969P   2373
0.707106781186554,1.,0.707106781186554,1.,442.2,465.,-449.7,        1969P   2374
442.2,465.,-453.7,442.2,461.,-453.7,442.2,457.,-453.7,442.2,        1969P   2375
457.,-449.7,0.,3.14159265358979,0.,0.,0.;                           1969P   2376
126,4,2,0,0,0,0,3.14159265358979,3.14159265358979,                  1971P   2377
3.14159265358979,4.71238898038469,4.71238898038469,                 1971P   2378
6.28318530717959,6.28318530717959,6.28318530717959,1.,              1971P   2379
0.707106781186554,1.,0.707106781186554,1.,442.2,457.,-449.7,        1971P   2380
442.2,457.,-445.7,442.2,461.,-445.7,442.2,465.,-445.7,442.2,        1971P   2381
465.,-449.7,3.14159265358979,6.28318530717959,0.,0.,0.;             1971P   2382
126,1,1,0,0,1,0,-2.5,-2.5,2.5,2.5,1.,1.,442.2,457.,-449.7,422.2,    1973P   2383
457.,-449.7,-2.5,2.5,0.,0.,0.;                                      1973P   2384
126,4,2,0,0,0,0,3.14159265358979,3.14159265358979,                  1975P   2385
3.14159265358979,4.71238898038469,4.71238898038469,                 1975P   2386
6.28318530717959,6.28318530717959,6.28318530717959,1.,              1975P   2387
0.707106781186554,1.,0.707106781186554,1.,422.2,457.,-449.7,        1975P   2388
422.2,457.,-445.7,422.2,461.,-445.7,422.2,465.,-445.7,422.2,        1975P   2389
465.,-449.7,3.14159265358979,6.28318530717959,0.,0.,0.;             1975P   2390
126,4,2,0,0,0,0,0.,0.,0.,1.5707963267949,1.5707963267949,           1977P   2391
3.14159265358979,3.14159265358979,3.14159265358979,1.,              1977P   2392
0.707106781186554,1.,0.707106781186554,1.,422.2,465.,-449.7,        1977P   2393
422.2,465.,-453.7,422.2,461.,-453.7,422.2,457.,-453.7,422.2,        1977P   2394
457.,-449.7,0.,3.14159265358979,0.,0.,0.;                           1977P   2395
126,4,2,0,0,0,0,0.,0.,0.,1.5707963267949,1.5707963267949,           1979P   2396
3.14159265358979,3.14159265358979,3.14159265358979,1.,              1979P   2397
0.707106781186545,1.,0.707106781186545,1.,442.2,145.,-449.7,        1979P   2398
442.2,145.,-453.7,442.2,141.,-453.7,442.2,137.,-453.7,442.2,        1979P   2399
137.,-449.7,0.,3.14159265358979,0.,0.,0.;                           1979P   2400
126,4,2,0,0,0,0,3.14159265358979,3.14159265358979,                  1981P   2401
3.14159265358979,4.71238898038469,4.71238898038469,                 1981P   2402
6.28318530717959,6.28318530717959,6.28318530717959,1.,              1981P   2403
0.707106781186545,1.,0.707106781186545,1.,442.2,137.,-449.7,        1981P   2404
442.2,137.,-445.7,442.2,141.,-445.7,442.2,145.,-445.7,442.2,        1981P   2405
145.,-449.7,3.14159265358979,6.28318530717959,0.,0.,0.;             1981P   2406
126,1,1,0,0,1,0,-2.5,-2.5,2.5,2.5,1.,1.,442.2,137.,-449.7,422.2,    1983P   2407
137.,-449.7,-2.5,2.5,0.,0.,0.;                                      1983P   2408
126,4,2,0,0,0,0,3.14159265358979,3.14159265358979,                  1985P   2409
3.14159265358979,4.71238898038469,4.71238898038469,                 1985P   2410
6.28318530717959,6.28318530717959,6.28318530717959,1.,              1985P   2411
0.707106781186545,1.,0.707106781186545,1.,422.2,137.,-449.7,        1985P   2412
422.2,137.,-445.7,422.2,141.,-445.7,422.2,145.,-445.7,422.2,        1985P   2413
145.,-449.7,3.14159265358979,6.28318530717959,0.,0.,0.;             1985P   2414
126,4,2,0,0,0,0,0.,0.,0.,1.5707963267949,1.5707963267949,           1987P   2415
3.14159265358979,3.14159265358979,3.14159265358979,1.,              1987P   2416
0.707106781186545,1.,0.707106781186545,1.,422.2,145.,-449.7,        1987P   2417
422.2,145.,-453.7,422.2,141.,-453.7,422.2,137.,-453.7,422.2,        1987P   2418
137.,-449.7,0.,3.14159265358979,0.,0.,0.;                           1987P   2419
126,1,1,0,0,1,0,0.,0.,74.7,74.7,1.,1.,442.2,15.,-457.2,442.2,       1989P   2420
762.,-457.2,0.,74.7,0.,0.,0.;                                       1989P   2421
126,1,1,0,0,1,0,0.,0.,78.8685,78.8685,1.,1.,442.2,15.,-457.2,       1991P   2422
-346.485,15.,-457.2,0.,78.8685,0.,0.,0.;                            1991P   2423
126,1,1,0,0,1,0,-74.7,-74.7,0.,0.,1.,1.,-346.485,762.,-457.2,       1993P   2424
-346.485,15.,-457.2,-74.7,0.,0.,0.,0.;                              1993P   2425
126,1,1,0,0,1,0,0.,0.,78.8685,78.8685,1.,1.,442.2,762.,-457.2,      1995P   2426
-346.485,762.,-457.2,0.,78.8685,0.,0.,0.;                           1995P   2427
126,1,1,0,0,1,0,0.,0.,1.5,1.5,1.,1.,442.2,762.,-457.2,442.2,        1997P   2428
762.,-442.2,0.,1.5,0.,0.,0.;                                        1997P   2429
126,1,1,0,0,1,0,-1.5,-1.5,0.,0.,1.,1.,-346.485,762.,-442.2,         1999P   2430
-346.485,762.,-457.2,-1.5,0.,0.,0.,0.;                              1999P   2431
126,1,1,0,0,1,0,0.,0.,78.8685,78.8685,1.,1.,442.2,762.,-442.2,      2001P   2432
-346.485,762.,-442.2,0.,78.8685,0.,0.,0.;                           2001P   2433
126,1,1,0,0,1,0,0.,0.,74.7,74.7,1.,1.,442.2,762.,-442.2,442.2,      2003P   2434
15.,-442.2,0.,74.7,0.,0.,0.;                                        2003P   2435
126,1,1,0,0,1,0,-74.7,-74.7,0.,0.,1.,1.,-346.485,15.,-442.2,        2005P   2436
-346.485,762.,-442.2,-74.7,0.,0.,0.,0.;                             2005P   2437
126,1,1,0,0,1,0,0.,0.,78.8685,78.8685,1.,1.,442.2,15.,-442.2,       2007P   2438
-346.485,15.,-442.2,0.,78.8685,0.,0.,0.;                            2007P   2439
126,1,1,0,0,1,0,0.,0.,1.5,1.5,1.,1.,442.2,15.,-442.2,442.2,15.,     2009P   2440
-457.2,0.,1.5,0.,0.,0.;                                             2009P   2441
126,1,1,0,0,1,0,-1.5,-1.5,0.,0.,1.,1.,-346.485,15.,-457.2,          2011P   2442
-346.485,15.,-442.2,-1.5,0.,0.,0.,0.;                               2011P   2443
126,4,2,0,0,0,0,0.,0.,0.,1.5707963267949,1.5707963267949,           2013P   2444
3.14159265358979,3.14159265358979,3.14159265358979,1.,              2013P   2445
0.707106781186508,1.,0.707106781186508,1.,-442.2,758.5,100.4,       2013P   2446
-442.2,758.5,96.4000000000001,-442.2,754.5,96.4000000000001,        2013P   2447
-442.2,750.5,96.4000000000001,-442.2,750.5,100.4,0.,                2013P   2448
3.14159265358979,0.,0.,0.;                                          2013P   2449
126,4,2,0,0,0,0,3.14159265358979,3.14159265358979,                  2015P   2450
3.14159265358979,4.71238898038469,4.71238898038469,                 2015P   2451
6.28318530717959,6.28318530717959,6.28318530717959,1.,              2015P   2452
0.707106781186508,1.,0.707106781186508,1.,-442.2,750.5,100.4,       2015P   2453
-442.2,750.5,104.4,-442.2,754.5,104.4,-442.2,758.5,104.4,-442.2,    2015P   2454
758.5,100.4,3.14159265358979,6.28318530717959,0.,0.,0.;             2015P   2455
126,1,1,0,0,1,0,-1.5,-1.5,1.5,1.5,1.,1.,-442.2,750.5,100.4,         2017P   2456
-454.2,750.5,100.4,-1.5,1.5,0.,0.,0.;                               2017P   2457
126,4,2,0,0,0,0,3.14159265358979,3.14159265358979,                  2019P   2458
3.14159265358979,4.71238898038469,4.71238898038469,                 2019P   2459
6.28318530717959,6.28318530717959,6.28318530717959,1.,              2019P   2460
0.707106781186508,1.,0.707106781186508,1.,-454.2,750.5,100.4,       2019P   2461
-454.2,750.5,104.4,-454.2,754.5,104.4,-454.2,758.5,104.4,-454.2,    2019P   2462
758.5,100.4,3.14159265358979,6.28318530717959,0.,0.,0.;             2019P   2463
126,4,2,0,0,0,0,0.,0.,0.,1.5707963267949,1.5707963267949,           2021P   2464
3.14159265358979,3.14159265358979,3.14159265358979,1.,              2021P   2465
0.707106781186508,1.,0.707106781186508,1.,-454.2,758.5,100.4,       2021P   2466
-454.2,758.5,96.4000000000001,-454.2,754.5,96.4000000000001,        2021P   2467
-454.2,750.5,96.4000000000001,-454.2,750.5,100.4,0.,                2021P   2468
3.14159265358979,0.,0.,0.;                                          2021P   2469
126,4,2,0,0,0,0,0.,0.,0.,1.5707963267949,1.5707963267949,           2023P   2470
3.14159265358979,3.14159265358979,3.14159265358979,1.,              2023P   2471
0.707106781186515,1.,0.707106781186514,1.,-442.2,758.5,             2023P   2472
4.40000000000005,-442.2,758.5,0.400000000000048,-442.2,754.5,       2023P   2473
0.400000000000048,-442.2,750.5,0.400000000000048,-442.2,750.5,      2023P   2474
4.40000000000005,0.,3.14159265358979,0.,0.,0.;                      2023P   2475
126,4,2,0,0,0,0,3.14159265358979,3.14159265358979,                  2025P   2476
3.14159265358979,4.71238898038469,4.71238898038469,                 2025P   2477
6.28318530717959,6.28318530717959,6.28318530717959,1.,              2025P   2478
0.707106781186515,1.,0.707106781186514,1.,-442.2,750.5,             2025P   2479
4.40000000000005,-442.2,750.5,8.40000000000005,-442.2,754.5,        2025P   2480
8.40000000000005,-442.2,758.5,8.40000000000005,-442.2,758.5,        2025P   2481
4.40000000000005,3.14159265358979,6.28318530717959,0.,0.,0.;        2025P   2482
126,1,1,0,0,1,0,-1.5,-1.5,1.5,1.5,1.,1.,-442.2,750.5,               2027P   2483
4.40000000000005,-454.2,750.5,4.40000000000005,-1.5,1.5,0.,0.,      2027P   2484
0.;                                                                 2027P   2485
126,4,2,0,0,0,0,3.14159265358979,3.14159265358979,                  2029P   2486
3.14159265358979,4.71238898038469,4.71238898038469,                 2029P   2487
6.28318530717959,6.28318530717959,6.28318530717959,1.,              2029P   2488
0.707106781186515,1.,0.707106781186514,1.,-454.2,750.5,             2029P   2489
4.40000000000005,-454.2,750.5,8.40000000000005,-454.2,754.5,        2029P   2490
8.40000000000005,-454.2,758.5,8.40000000000005,-454.2,758.5,        2029P   2491
4.40000000000005,3.14159265358979,6.28318530717959,0.,0.,0.;        2029P   2492
126,4,2,0,0,0,0,0.,0.,0.,1.5707963267949,1.5707963267949,           2031P   2493
3.14159265358979,3.14159265358979,3.14159265358979,1.,              2031P   2494
0.707106781186515,1.,0.707106781186514,1.,-454.2,758.5,             2031P   2495
4.40000000000005,-454.2,758.5,0.400000000000048,-454.2,754.5,       2031P   2496
0.400000000000048,-454.2,750.5,0.400000000000048,-454.2,750.5,      2031P   2497
4.40000000000005,0.,3.14159265358979,0.,0.,0.;                      2031P   2498
126,4,2,0,0,0,0,0.,0.,0.,1.5707963267949,1.5707963267949,           2033P   2499
3.14159265358979,3.14159265358979,3.14159265358979,1.,              2033P   2500
0.707106781186545,1.,0.707106781186545,1.,-449.7,15.,-116.1425,     2033P   2501
-453.7,15.,-116.1425,-453.7,15.,-112.1425,-453.7,15.,-108.1425,     2033P   2502
-449.7,15.,-108.1425,0.,3.14159265358979,0.,0.,0.;                  2033P   2503
126,4,2,0,0,0,0,3.14159265358979,3.14159265358979,                  2035P   2504
3.14159265358979,4.71238898038469,4.71238898038469,                 2035P   2505
6.28318530717959,6.28318530717959,6.28318530717959,1.,              2035P   2506
0.707106781186545,1.,0.707106781186545,1.,-449.7,15.,-108.1425,     2035P   2507
-445.7,15.,-108.1425,-445.7,15.,-112.1425,-445.7,15.,-116.1425,     2035P   2508
-449.7,15.,-116.1425,3.14159265358979,6.28318530717959,0.,0.,0.;    2035P   2509
126,1,1,0,0,1,0,-2.5,-2.5,2.5,2.5,1.,1.,-449.7,15.,-108.1425,       2037P   2510
-449.7,35.,-108.1425,-2.5,2.5,0.,0.,0.;                             2037P   2511
126,4,2,0,0,0,0,3.14159265358979,3.14159265358979,                  2039P   2512
3.14159265358979,4.71238898038469,4.71238898038469,                 2039P   2513
6.28318530717959,6.28318530717959,6.28318530717959,1.,              2039P   2514
0.707106781186545,1.,0.707106781186545,1.,-449.7,35.,-108.1425,     2039P   2515
-445.7,35.,-108.1425,-445.7,35.,-112.1425,-445.7,35.,-116.1425,     2039P   2516
-449.7,35.,-116.1425,3.14159265358979,6.28318530717959,0.,0.,0.;    2039P   2517
126,4,2,0,0,0,0,0.,0.,0.,1.5707963267949,1.5707963267949,           2041P   2518
3.14159265358979,3.14159265358979,3.14159265358979,1.,              2041P   2519
0.707106781186545,1.,0.707106781186545,1.,-449.7,35.,-116.1425,     2041P   2520
-453.7,35.,-116.1425,-453.7,35.,-112.1425,-453.7,35.,-108.1425,     2041P   2521
-449.7,35.,-108.1425,0.,3.14159265358979,0.,0.,0.;                  2041P   2522
126,4,2,0,0,0,0,0.,0.,0.,1.5707963267949,1.5707963267949,           2043P   2523
3.14159265358979,3.14159265358979,3.14159265358979,1.,              2043P   2524
0.707106781186554,1.,0.707106781186554,1.,-449.7,15.,203.8575,      2043P   2525
-453.7,15.,203.8575,-453.7,15.,207.8575,-453.7,15.,211.8575,        2043P   2526
-449.7,15.,211.8575,0.,3.14159265358979,0.,0.,0.;                   2043P   2527
126,4,2,0,0,0,0,3.14159265358979,3.14159265358979,                  2045P   2528
3.14159265358979,4.71238898038469,4.71238898038469,                 2045P   2529
6.28318530717959,6.28318530717959,6.28318530717959,1.,              2045P   2530
0.707106781186554,1.,0.707106781186554,1.,-449.7,15.,211.8575,      2045P   2531
-445.7,15.,211.8575,-445.7,15.,207.8575,-445.7,15.,203.8575,        2045P   2532
-449.7,15.,203.8575,3.14159265358979,6.28318530717959,0.,0.,0.;     2045P   2533
126,1,1,0,0,1,0,-2.5,-2.5,2.5,2.5,1.,1.,-449.7,15.,211.8575,        2047P   2534
-449.7,35.,211.8575,-2.5,2.5,0.,0.,0.;                              2047P   2535
126,4,2,0,0,0,0,3.14159265358979,3.14159265358979,                  2049P   2536
3.14159265358979,4.71238898038469,4.71238898038469,                 2049P   2537
6.28318530717959,6.28318530717959,6.28318530717959,1.,              2049P   2538
0.707106781186554,1.,0.707106781186554,1.,-449.7,35.,211.8575,      2049P   2539
-445.7,35.,211.8575,-445.7,35.,207.8575,-445.7,35.,203.8575,        2049P   2540
-449.7,35.,203.8575,3.14159265358979,6.28318530717959,0.,0.,0.;     2049P   2541
126,4,2,0,0,0,0,0.,0.,0.,1.5707963267949,1.5707963267949,           2051P   2542
3.14159265358979,3.14159265358979,3.14159265358979,1.,              2051P   2543
0.707106781186554,1.,0.707106781186554,1.,-449.7,35.,203.8575,      2051P   2544
-453.7,35.,203.8575,-453.7,35.,207.8575,-453.7,35.,211.8575,        2051P   2545
-449.7,35.,211.8575,0.,3.14159265358979,0.,0.,0.;                   2051P   2546
126,4,2,0,0,0,0,0.,0.,0.,1.5707963267949,1.5707963267949,           2053P   2547
3.14159265358979,3.14159265358979,3.14159265358979,1.,              2053P   2548
0.707106781186554,1.,0.707106781186554,1.,-449.7,15.,363.8575,      2053P   2549
-453.7,15.,363.8575,-453.7,15.,367.8575,-453.7,15.,371.8575,        2053P   2550
-449.7,15.,371.8575,0.,3.14159265358979,0.,0.,0.;                   2053P   2551
126,4,2,0,0,0,0,3.14159265358979,3.14159265358979,                  2055P   2552
3.14159265358979,4.71238898038469,4.71238898038469,                 2055P   2553
6.28318530717959,6.28318530717959,6.28318530717959,1.,              2055P   2554
0.707106781186554,1.,0.707106781186554,1.,-449.7,15.,371.8575,      2055P   2555
-445.7,15.,371.8575,-445.7,15.,367.8575,-445.7,15.,363.8575,        2055P   2556
-449.7,15.,363.8575,3.14159265358979,6.28318530717959,0.,0.,0.;     2055P   2557
126,1,1,0,0,1,0,-2.5,-2.5,2.5,2.5,1.,1.,-449.7,15.,371.8575,        2057P   2558
-449.7,35.,371.8575,-2.5,2.5,0.,0.,0.;                              2057P   2559
126,4,2,0,0,0,0,3.14159265358979,3.14159265358979,                  2059P   2560
3.14159265358979,4.71238898038469,4.71238898038469,                 2059P   2561
6.28318530717959,6.28318530717959,6.28318530717959,1.,              2059P   2562
0.707106781186554,1.,0.707106781186554,1.,-449.7,35.,371.8575,      2059P   2563
-445.7,35.,371.8575,-445.7,35.,367.8575,-445.7,35.,363.8575,        2059P   2564
-449.7,35.,363.8575,3.14159265358979,6.28318530717959,0.,0.,0.;     2059P   2565
126,4,2,0,0,0,0,0.,0.,0.,1.5707963267949,1.5707963267949,           2061P   2566
3.14159265358979,3.14159265358979,3.14159265358979,1.,              2061P   2567
0.707106781186554,1.,0.707106781186554,1.,-449.7,35.,363.8575,      2061P   2568
-453.7,35.,363.8575,-453.7,35.,367.8575,-453.7,35.,371.8575,        2061P   2569
-449.7,35.,371.8575,0.,3.14159265358979,0.,0.,0.;                   2061P   2570
126,4,2,0,0,0,0,0.,0.,0.,1.5707963267949,1.5707963267949,           2063P   2571
3.14159265358979,3.14159265358979,3.14159265358979,1.,              2063P   2572
0.707106781186551,1.,0.707106781186551,1.,-449.7,15.,43.8575,       2063P   2573
-453.7,15.,43.8575,-453.7,15.,47.8575,-453.7,15.,51.8575,-449.7,    2063P   2574
15.,51.8575,0.,3.14159265358979,0.,0.,0.;                           2063P   2575
126,4,2,0,0,0,0,3.14159265358979,3.14159265358979,                  2065P   2576
3.14159265358979,4.71238898038469,4.71238898038469,                 2065P   2577
6.28318530717959,6.28318530717959,6.28318530717959,1.,              2065P   2578
0.707106781186551,1.,0.707106781186551,1.,-449.7,15.,51.8575,       2065P   2579
-445.7,15.,51.8575,-445.7,15.,47.8575,-445.7,15.,43.8575,-449.7,    2065P   2580
15.,43.8575,3.14159265358979,6.28318530717959,0.,0.,0.;             2065P   2581
126,1,1,0,0,1,0,-2.5,-2.5,2.5,2.5,1.,1.,-449.7,15.,51.8575,         2067P   2582
-449.7,35.,51.8575,-2.5,2.5,0.,0.,0.;                               2067P   2583
126,4,2,0,0,0,0,3.14159265358979,3.14159265358979,                  2069P   2584
3.14159265358979,4.71238898038469,4.71238898038469,                 2069P   2585
6.28318530717959,6.28318530717959,6.28318530717959,1.,              2069P   2586
0.707106781186551,1.,0.707106781186551,1.,-449.7,35.,51.8575,       2069P   2587
-445.7,35.,51.8575,-445.7,35.,47.8575,-445.7,35.,43.8575,-449.7,    2069P   2588
35.,43.8575,3.14159265358979,6.28318530717959,0.,0.,0.;             2069P   2589
126,4,2,0,0,0,0,0.,0.,0.,1.5707963267949,1.5707963267949,           2071P   2590
3.14159265358979,3.14159265358979,3.14159265358979,1.,              2071P   2591
0.707106781186551,1.,0.707106781186551,1.,-449.7,35.,43.8575,       2071P   2592
-453.7,35.,43.8575,-453.7,35.,47.8575,-453.7,35.,51.8575,-449.7,    2071P   2593
35.,51.8575,0.,3.14159265358979,0.,0.,0.;                           2071P   2594
126,4,2,0,0,0,0,0.,0.,0.,1.5707963267949,1.5707963267949,           2073P   2595
3.14159265358979,3.14159265358979,3.14159265358979,1.,              2073P   2596
0.707106781186554,1.,0.707106781186554,1.,-449.7,15.,-276.1425,     2073P   2597
-453.7,15.,-276.1425,-453.7,15.,-272.1425,-453.7,15.,-268.1425,     2073P   2598
-449.7,15.,-268.1425,0.,3.14159265358979,0.,0.,0.;                  2073P   2599
126,4,2,0,0,0,0,3.14159265358979,3.14159265358979,                  2075P   2600
3.14159265358979,4.71238898038469,4.71238898038469,                 2075P   2601
6.28318530717959,6.28318530717959,6.28318530717959,1.,              2075P   2602
0.707106781186554,1.,0.707106781186554,1.,-449.7,15.,-268.1425,     2075P   2603
-445.7,15.,-268.1425,-445.7,15.,-272.1425,-445.7,15.,-276.1425,     2075P   2604
-449.7,15.,-276.1425,3.14159265358979,6.28318530717959,0.,0.,0.;    2075P   2605
126,1,1,0,0,1,0,-2.5,-2.5,2.5,2.5,1.,1.,-449.7,15.,-268.1425,       2077P   2606
-449.7,35.,-268.1425,-2.5,2.5,0.,0.,0.;                             2077P   2607
126,4,2,0,0,0,0,3.14159265358979,3.14159265358979,                  2079P   2608
3.14159265358979,4.71238898038469,4.71238898038469,                 2079P   2609
6.28318530717959,6.28318530717959,6.28318530717959,1.,              2079P   2610
0.707106781186554,1.,0.707106781186554,1.,-449.7,35.,-268.1425,     2079P   2611
-445.7,35.,-268.1425,-445.7,35.,-272.1425,-445.7,35.,-276.1425,     2079P   2612
-449.7,35.,-276.1425,3.14159265358979,6.28318530717959,0.,0.,0.;    2079P   2613
126,4,2,0,0,0,0,0.,0.,0.,1.5707963267949,1.5707963267949,           2081P   2614
3.14159265358979,3.14159265358979,3.14159265358979,1.,              2081P   2615
0.707106781186554,1.,0.707106781186554,1.,-449.7,35.,-276.1425,     2081P   2616
-453.7,35.,-276.1425,-453.7,35.,-272.1425,-453.7,35.,-268.1425,     2081P   2617
-449.7,35.,-268.1425,0.,3.14159265358979,0.,0.,0.;                  2081P   2618
126,4,2,0,0,0,0,0.,0.,0.,1.5707963267949,1.5707963267949,           2083P   2619
3.14159265358979,3.14159265358979,3.14159265358979,1.,              2083P   2620
0.707106781186554,1.,0.707106781186554,1.,-445.7,301.,442.2,        2083P   2621
-445.7,297.,442.2,-449.7,297.,442.2,-453.7,297.,442.2,-453.7,       2083P   2622
301.,442.2,0.,3.14159265358979,0.,0.,0.;                            2083P   2623
126,4,2,0,0,0,0,3.14159265358979,3.14159265358979,                  2085P   2624
3.14159265358979,4.71238898038469,4.71238898038469,                 2085P   2625
6.28318530717959,6.28318530717959,6.28318530717959,1.,              2085P   2626
0.707106781186554,1.,0.707106781186554,1.,-453.7,301.,442.2,        2085P   2627
-453.7,305.,442.2,-449.7,305.,442.2,-445.7,305.,442.2,-445.7,       2085P   2628
301.,442.2,3.14159265358979,6.28318530717959,0.,0.,0.;              2085P   2629
126,1,1,0,0,1,0,-2.5,-2.5,2.5,2.5,1.,1.,-453.7,301.,442.2,          2087P   2630
-453.7,301.,422.2,-2.5,2.5,0.,0.,0.;                                2087P   2631
126,4,2,0,0,0,0,3.14159265358979,3.14159265358979,                  2089P   2632
3.14159265358979,4.71238898038469,4.71238898038469,                 2089P   2633
6.28318530717959,6.28318530717959,6.28318530717959,1.,              2089P   2634
0.707106781186554,1.,0.707106781186554,1.,-453.7,301.,422.2,        2089P   2635
-453.7,305.,422.2,-449.7,305.,422.2,-445.7,305.,422.2,-445.7,       2089P   2636
301.,422.2,3.14159265358979,6.28318530717959,0.,0.,0.;              2089P   2637
126,4,2,0,0,0,0,0.,0.,0.,1.5707963267949,1.5707963267949,           2091P   2638
3.14159265358979,3.14159265358979,3.14159265358979,1.,              2091P   2639
0.707106781186554,1.,0.707106781186554,1.,-445.7,301.,422.2,        2091P   2640
-445.7,297.,422.2,-449.7,297.,422.2,-453.7,297.,422.2,-453.7,       2091P   2641
301.,422.2,0.,3.14159265358979,0.,0.,0.;                            2091P   2642
126,4,2,0,0,0,0,0.,0.,0.,1.5707963267949,1.5707963267949,           2093P   2643
3.14159265358979,3.14159265358979,3.14159265358979,1.,              2093P   2644
0.707106781186554,1.,0.707106781186554,1.,-445.7,621.,442.2,        2093P   2645
-445.7,617.,442.2,-449.7,617.,442.2,-453.7,617.,442.2,-453.7,       2093P   2646
621.,442.2,0.,3.14159265358979,0.,0.,0.;                            2093P   2647
126,4,2,0,0,0,0,3.14159265358979,3.14159265358979,                  2095P   2648
3.14159265358979,4.71238898038469,4.71238898038469,                 2095P   2649
6.28318530717959,6.28318530717959,6.28318530717959,1.,              2095P   2650
0.707106781186554,1.,0.707106781186554,1.,-453.7,621.,442.2,        2095P   2651
-453.7,625.,442.2,-449.7,625.,442.2,-445.7,625.,442.2,-445.7,       2095P   2652
621.,442.2,3.14159265358979,6.28318530717959,0.,0.,0.;              2095P   2653
126,1,1,0,0,1,0,-2.5,-2.5,2.5,2.5,1.,1.,-453.7,621.,442.2,          2097P   2654
-453.7,621.,422.2,-2.5,2.5,0.,0.,0.;                                2097P   2655
126,4,2,0,0,0,0,3.14159265358979,3.14159265358979,                  2099P   2656
3.14159265358979,4.71238898038469,4.71238898038469,                 2099P   2657
6.28318530717959,6.28318530717959,6.28318530717959,1.,              2099P   2658
0.707106781186554,1.,0.707106781186554,1.,-453.7,621.,422.2,        2099P   2659
-453.7,625.,422.2,-449.7,625.,422.2,-445.7,625.,422.2,-445.7,       2099P   2660
621.,422.2,3.14159265358979,6.28318530717959,0.,0.,0.;              2099P   2661
126,4,2,0,0,0,0,0.,0.,0.,1.5707963267949,1.5707963267949,           2101P   2662
3.14159265358979,3.14159265358979,3.14159265358979,1.,              2101P   2663
0.707106781186554,1.,0.707106781186554,1.,-445.7,621.,422.2,        2101P   2664
-445.7,617.,422.2,-449.7,617.,422.2,-453.7,617.,422.2,-453.7,       2101P   2665
621.,422.2,0.,3.14159265358979,0.,0.,0.;                            2101P   2666
126,4,2,0,0,0,0,0.,0.,0.,1.5707963267949,1.5707963267949,           2103P   2667
3.14159265358979,3.14159265358979,3.14159265358979,1.,              2103P   2668
0.707106781186554,1.,0.707106781186554,1.,-445.7,461.,442.2,        2103P   2669
-445.7,457.,442.2,-449.7,457.,442.2,-453.7,457.,442.2,-453.7,       2103P   2670
461.,442.2,0.,3.14159265358979,0.,0.,0.;                            2103P   2671
126,4,2,0,0,0,0,3.14159265358979,3.14159265358979,                  2105P   2672
3.14159265358979,4.71238898038469,4.71238898038469,                 2105P   2673
6.28318530717959,6.28318530717959,6.28318530717959,1.,              2105P   2674
0.707106781186554,1.,0.707106781186554,1.,-453.7,461.,442.2,        2105P   2675
-453.7,465.,442.2,-449.7,465.,442.2,-445.7,465.,442.2,-445.7,       2105P   2676
461.,442.2,3.14159265358979,6.28318530717959,0.,0.,0.;              2105P   2677
126,1,1,0,0,1,0,-2.5,-2.5,2.5,2.5,1.,1.,-453.7,461.,442.2,          2107P   2678
-453.7,461.,422.2,-2.5,2.5,0.,0.,0.;                                2107P   2679
126,4,2,0,0,0,0,3.14159265358979,3.14159265358979,                  2109P   2680
3.14159265358979,4.71238898038469,4.71238898038469,                 2109P   2681
6.28318530717959,6.28318530717959,6.28318530717959,1.,              2109P   2682
0.707106781186554,1.,0.707106781186554,1.,-453.7,461.,422.2,        2109P   2683
-453.7,465.,422.2,-449.7,465.,422.2,-445.7,465.,422.2,-445.7,       2109P   2684
461.,422.2,3.14159265358979,6.28318530717959,0.,0.,0.;              2109P   2685
126,4,2,0,0,0,0,0.,0.,0.,1.5707963267949,1.5707963267949,           2111P   2686
3.14159265358979,3.14159265358979,3.14159265358979,1.,              2111P   2687
0.707106781186554,1.,0.707106781186554,1.,-445.7,461.,422.2,        2111P   2688
-445.7,457.,422.2,-449.7,457.,422.2,-453.7,457.,422.2,-453.7,       2111P   2689
461.,422.2,0.,3.14159265358979,0.,0.,0.;                            2111P   2690
126,4,2,0,0,0,0,0.,0.,0.,1.5707963267949,1.5707963267949,           2113P   2691
3.14159265358979,3.14159265358979,3.14159265358979,1.,              2113P   2692
0.707106781186545,1.,0.707106781186545,1.,-445.7,141.,442.2,        2113P   2693
-445.7,137.,442.2,-449.7,137.,442.2,-453.7,137.,442.2,-453.7,       2113P   2694
141.,442.2,0.,3.14159265358979,0.,0.,0.;                            2113P   2695
126,4,2,0,0,0,0,3.14159265358979,3.14159265358979,                  2115P   2696
3.14159265358979,4.71238898038469,4.71238898038469,                 2115P   2697
6.28318530717959,6.28318530717959,6.28318530717959,1.,              2115P   2698
0.707106781186545,1.,0.707106781186545,1.,-453.7,141.,442.2,        2115P   2699
-453.7,145.,442.2,-449.7,145.,442.2,-445.7,145.,442.2,-445.7,       2115P   2700
141.,442.2,3.14159265358979,6.28318530717959,0.,0.,0.;              2115P   2701
126,1,1,0,0,1,0,-2.5,-2.5,2.5,2.5,1.,1.,-453.7,141.,442.2,          2117P   2702
-453.7,141.,422.2,-2.5,2.5,0.,0.,0.;                                2117P   2703
126,4,2,0,0,0,0,3.14159265358979,3.14159265358979,                  2119P   2704
3.14159265358979,4.71238898038469,4.71238898038469,                 2119P   2705
6.28318530717959,6.28318530717959,6.28318530717959,1.,              2119P   2706
0.707106781186545,1.,0.707106781186545,1.,-453.7,141.,422.2,        2119P   2707
-453.7,145.,422.2,-449.7,145.,422.2,-445.7,145.,422.2,-445.7,       2119P   2708
141.,422.2,3.14159265358979,6.28318530717959,0.,0.,0.;              2119P   2709
126,4,2,0,0,0,0,0.,0.,0.,1.5707963267949,1.5707963267949,           2121P   2710
3.14159265358979,3.14159265358979,3.14159265358979,1.,              2121P   2711
0.707106781186545,1.,0.707106781186545,1.,-445.7,141.,422.2,        2121P   2712
-445.7,137.,422.2,-449.7,137.,422.2,-453.7,137.,422.2,-453.7,       2121P   2713
141.,422.2,0.,3.14159265358979,0.,0.,0.;                            2121P   2714
126,1,1,0,0,1,0,0.,0.,1.50000000000001,1.50000000000001,1.,1.,      2123P   2715
-442.2,15.,442.2,-457.2,15.,442.2,0.,1.50000000000001,0.,0.,0.;     2123P   2716
126,1,1,0,0,1,0,0.,0.,78.8685,78.8685,1.,1.,-457.2,15.,442.2,       2125P   2717
-457.2,15.,-346.485,0.,78.8685,0.,0.,0.;                            2125P   2718
126,1,1,0,0,1,0,0.,0.,1.50000000000001,1.50000000000001,1.,1.,      2127P   2719
-442.2,15.,-346.485,-457.2,15.,-346.485,0.,1.50000000000001,0.,     2127P   2720
0.,0.;                                                              2127P   2721
126,1,1,0,0,1,0,0.,0.,78.8685,78.8685,1.,1.,-442.2,15.,442.2,       2129P   2722
-442.2,15.,-346.485,0.,78.8685,0.,0.,0.;                            2129P   2723
126,1,1,0,0,1,0,0.,0.,74.7,74.7,1.,1.,-442.2,762.,442.2,-442.2,     2131P   2724
15.,442.2,0.,74.7,0.,0.,0.;                                         2131P   2725
126,1,1,0,0,1,0,0.,0.,74.7,74.7,1.,1.,-442.2,762.,-346.485,         2133P   2726
-442.2,15.,-346.485,0.,74.7,0.,0.,0.;                               2133P   2727
126,1,1,0,0,1,0,0.,0.,78.8685,78.8685,1.,1.,-442.2,762.,442.2,      2135P   2728
-442.2,762.,-346.485,0.,78.8685,0.,0.,0.;                           2135P   2729
126,1,1,0,0,1,0,0.,0.,1.50000000000001,1.50000000000001,1.,1.,      2137P   2730
-457.2,762.,442.2,-442.2,762.,442.2,0.,1.50000000000001,0.,0.,      2137P   2731
0.;                                                                 2137P   2732
126,1,1,0,0,1,0,0.,0.,1.50000000000001,1.50000000000001,1.,1.,      2139P   2733
-457.2,762.,-346.485,-442.2,762.,-346.485,0.,1.50000000000001,      2139P   2734
0.,0.,0.;                                                           2139P   2735
126,1,1,0,0,1,0,0.,0.,78.8685,78.8685,1.,1.,-457.2,762.,442.2,      2141P   2736
-457.2,762.,-346.485,0.,78.8685,0.,0.,0.;                           2141P   2737
126,1,1,0,0,1,0,0.,0.,74.7,74.7,1.,1.,-457.2,15.,442.2,-457.2,      2143P   2738
762.,442.2,0.,74.7,0.,0.,0.;                                        2143P   2739
126,1,1,0,0,1,0,0.,0.,74.7,74.7,1.,1.,-457.2,15.,-346.485,          2145P   2740
-457.2,762.,-346.485,0.,74.7,0.,0.,0.;                              2145P   2741
126,4,2,0,0,0,0,1.30750764688924D-28,1.30750764688924D-28,          2147P   2742
1.30750764688924D-28,1.5707963267949,1.5707963267949,               2147P   2743
3.14159265358979,3.14159265358979,3.14159265358979,1.,              2147P   2744
0.707106781186508,1.,0.707106781186508,1.,132.4,754.5,152.4,        2147P   2745
132.4,750.5,152.4,128.4,750.5,152.4,124.4,750.5,152.4,124.4,        2147P   2746
754.5,152.4,1.30750764688924D-28,3.14159265358979,0.,0.,0.;         2147P   2747
126,4,2,0,0,0,0,3.14159265358979,3.14159265358979,                  2149P   2748
3.14159265358979,4.71238898038469,4.71238898038469,                 2149P   2749
6.28318530717959,6.28318530717959,6.28318530717959,1.,              2149P   2750
0.707106781186508,1.,0.707106781186508,1.,124.4,754.5,152.4,        2149P   2751
124.4,758.5,152.4,128.4,758.5,152.4,132.4,758.5,152.4,132.4,        2149P   2752
754.5,152.4,3.14159265358979,6.28318530717959,0.,0.,0.;             2149P   2753
126,1,1,0,0,1,0,-1.50000000000003,-1.50000000000003,1.5,1.5,1.,     2151P   2754
1.,124.4,754.5,152.4,124.4,754.5,140.4,-1.50000000000003,1.5,0.,    2151P   2755
0.,0.;                                                              2151P   2756
126,4,2,0,0,0,0,3.14159265358979,3.14159265358979,                  2153P   2757
3.14159265358979,4.71238898038469,4.71238898038469,                 2153P   2758
6.28318530717959,6.28318530717959,6.28318530717959,1.,              2153P   2759
0.707106781186508,1.,0.707106781186508,1.,124.4,754.5,140.4,        2153P   2760
124.4,758.5,140.4,128.4,758.5,140.4,132.4,758.5,140.4,132.4,        2153P   2761
754.5,140.4,3.14159265358979,6.28318530717959,0.,0.,0.;             2153P   2762
126,4,2,0,0,0,0,0.,0.,0.,1.5707963267949,1.5707963267949,           2155P   2763
3.14159265358979,3.14159265358979,3.14159265358979,1.,              2155P   2764
0.707106781186508,1.,0.707106781186508,1.,132.4,754.5,140.4,        2155P   2765
132.4,750.5,140.4,128.4,750.5,140.4,124.4,750.5,140.4,124.4,        2155P   2766
754.5,140.4,0.,3.14159265358979,0.,0.,0.;                           2155P   2767
126,4,2,0,0,0,0,1.30750764688924D-28,1.30750764688924D-28,          2157P   2768
1.30750764688924D-28,1.5707963267949,1.5707963267949,               2157P   2769
3.14159265358979,3.14159265358979,3.14159265358979,1.,              2157P   2770
0.707106781186508,1.,0.707106781186508,1.,100.4,754.5,152.4,        2157P   2771
100.4,750.5,152.4,96.3999999999999,750.5,152.4,92.3999999999999,    2157P   2772
750.5,152.4,92.3999999999999,754.5,152.4,1.30750764688924D-28,      2157P   2773
3.14159265358979,0.,0.,0.;                                          2157P   2774
126,4,2,0,0,0,0,3.14159265358979,3.14159265358979,                  2159P   2775
3.14159265358979,4.71238898038469,4.71238898038469,                 2159P   2776
6.28318530717959,6.28318530717959,6.28318530717959,1.,              2159P   2777
0.707106781186508,1.,0.707106781186508,1.,92.3999999999999,         2159P   2778
754.5,152.4,92.3999999999999,758.5,152.4,96.3999999999999,758.5,    2159P   2779
152.4,100.4,758.5,152.4,100.4,754.5,152.4,3.14159265358979,         2159P   2780
6.28318530717959,0.,0.,0.;                                          2159P   2781
126,1,1,0,0,1,0,-1.50000000000003,-1.50000000000003,1.5,1.5,1.,     2161P   2782
1.,92.3999999999999,754.5,152.4,92.3999999999999,754.5,140.4,       2161P   2783
-1.50000000000003,1.5,0.,0.,0.;                                     2161P   2784
126,4,2,0,0,0,0,3.14159265358979,3.14159265358979,                  2163P   2785
3.14159265358979,4.71238898038469,4.71238898038469,                 2163P   2786
6.28318530717959,6.28318530717959,6.28318530717959,1.,              2163P   2787
0.707106781186508,1.,0.707106781186508,1.,92.3999999999999,         2163P   2788
754.5,140.4,92.3999999999999,758.5,140.4,96.3999999999999,758.5,    2163P   2789
140.4,100.4,758.5,140.4,100.4,754.5,140.4,3.14159265358979,         2163P   2790
6.28318530717959,0.,0.,0.;                                          2163P   2791
126,4,2,0,0,0,0,0.,0.,0.,1.5707963267949,1.5707963267949,           2165P   2792
3.14159265358979,3.14159265358979,3.14159265358979,1.,              2165P   2793
0.707106781186508,1.,0.707106781186508,1.,100.4,754.5,140.4,        2165P   2794
100.4,750.5,140.4,96.3999999999999,750.5,140.4,92.3999999999999,    2165P   2795
750.5,140.4,92.3999999999999,754.5,140.4,0.,3.14159265358979,0.,    2165P   2796
0.,0.;                                                              2165P   2797
126,4,2,0,0,0,0,0.,0.,0.,1.5707963267949,1.5707963267949,           2167P   2798
3.14159265358979,3.14159265358979,3.14159265358979,1.,              2167P   2799
0.707106781186508,1.,0.707106781186508,1.,-442.2,750.5,100.4,       2167P   2800
-442.2,750.5,96.3999999999999,-442.2,754.5,96.3999999999999,        2167P   2801
-442.2,758.5,96.3999999999999,-442.2,758.5,100.4,0.,                2167P   2802
3.14159265358979,0.,0.,0.;                                          2167P   2803
126,4,2,0,0,0,0,3.14159265358979,3.14159265358979,                  2169P   2804
3.14159265358979,4.71238898038469,4.71238898038469,                 2169P   2805
6.28318530717959,6.28318530717959,6.28318530717959,1.,              2169P   2806
0.707106781186508,1.,0.707106781186508,1.,-442.2,758.5,100.4,       2169P   2807
-442.2,758.5,104.4,-442.2,754.5,104.4,-442.2,750.5,104.4,-442.2,    2169P   2808
750.5,100.4,3.14159265358979,6.28318530717959,0.,0.,0.;             2169P   2809
126,1,1,0,0,1,0,-2.5,-2.5,2.5,2.5,1.,1.,-442.2,758.5,100.4,         2171P   2810
-422.2,758.5,100.4,-2.5,2.5,0.,0.,0.;                               2171P   2811
126,4,2,0,0,0,0,3.14159265358979,3.14159265358979,                  2173P   2812
3.14159265358979,4.71238898038469,4.71238898038469,                 2173P   2813
6.28318530717959,6.28318530717959,6.28318530717959,1.,              2173P   2814
0.707106781186508,1.,0.707106781186508,1.,-422.2,758.5,100.4,       2173P   2815
-422.2,758.5,104.4,-422.2,754.5,104.4,-422.2,750.5,104.4,-422.2,    2173P   2816
750.5,100.4,3.14159265358979,6.28318530717959,0.,0.,0.;             2173P   2817
126,4,2,0,0,0,0,0.,0.,0.,1.5707963267949,1.5707963267949,           2175P   2818
3.14159265358979,3.14159265358979,3.14159265358979,1.,              2175P   2819
0.707106781186508,1.,0.707106781186508,1.,-422.2,750.5,100.4,       2175P   2820
-422.2,750.5,96.3999999999999,-422.2,754.5,96.3999999999999,        2175P   2821
-422.2,758.5,96.3999999999999,-422.2,758.5,100.4,0.,                2175P   2822
3.14159265358979,0.,0.,0.;                                          2175P   2823
126,4,2,0,0,0,0,0.,0.,0.,1.5707963267949,1.5707963267949,           2177P   2824
3.14159265358979,3.14159265358979,3.14159265358979,1.,              2177P   2825
0.707106781186515,1.,0.707106781186514,1.,-442.2,750.5,             2177P   2826
4.39999999999994,-442.2,750.5,0.399999999999942,-442.2,754.5,       2177P   2827
0.399999999999942,-442.2,758.5,0.399999999999941,-442.2,758.5,      2177P   2828
4.39999999999994,0.,3.14159265358979,0.,0.,0.;                      2177P   2829
126,4,2,0,0,0,0,3.14159265358979,3.14159265358979,                  2179P   2830
3.14159265358979,4.71238898038469,4.71238898038469,                 2179P   2831
6.28318530717959,6.28318530717959,6.28318530717959,1.,              2179P   2832
0.707106781186515,1.,0.707106781186514,1.,-442.2,758.5,             2179P   2833
4.39999999999994,-442.2,758.5,8.39999999999994,-442.2,754.5,        2179P   2834
8.39999999999994,-442.2,750.5,8.39999999999994,-442.2,750.5,        2179P   2835
4.39999999999994,3.14159265358979,6.28318530717959,0.,0.,0.;        2179P   2836
126,1,1,0,0,1,0,-2.5,-2.5,2.5,2.5,1.,1.,-442.2,758.5,               2181P   2837
4.39999999999994,-422.2,758.5,4.39999999999994,-2.5,2.5,0.,0.,      2181P   2838
0.;                                                                 2181P   2839
126,4,2,0,0,0,0,3.14159265358979,3.14159265358979,                  2183P   2840
3.14159265358979,4.71238898038469,4.71238898038469,                 2183P   2841
6.28318530717959,6.28318530717959,6.28318530717959,1.,              2183P   2842
0.707106781186515,1.,0.707106781186514,1.,-422.2,758.5,             2183P   2843
4.39999999999994,-422.2,758.5,8.39999999999994,-422.2,754.5,        2183P   2844
8.39999999999994,-422.2,750.5,8.39999999999994,-422.2,750.5,        2183P   2845
4.39999999999994,3.14159265358979,6.28318530717959,0.,0.,0.;        2183P   2846
126,4,2,0,0,0,0,0.,0.,0.,1.5707963267949,1.5707963267949,           2185P   2847
3.14159265358979,3.14159265358979,3.14159265358979,1.,              2185P   2848
0.707106781186515,1.,0.707106781186514,1.,-422.2,750.5,             2185P   2849
4.39999999999994,-422.2,750.5,0.399999999999942,-422.2,754.5,       2185P   2850
0.399999999999942,-422.2,758.5,0.399999999999941,-422.2,758.5,      2185P   2851
4.39999999999994,0.,3.14159265358979,0.,0.,0.;                      2185P   2852
126,4,2,0,0,0,0,0.,0.,0.,1.5707963267949,1.5707963267949,           2187P   2853
3.14159265358979,3.14159265358979,3.14159265358979,1.,              2187P   2854
0.707106781186515,1.,0.707106781186514,1.,442.2,758.5,              2187P   2855
4.40000000000001,442.2,758.5,0.400000000000013,442.2,754.5,         2187P   2856
0.400000000000013,442.2,750.5,0.400000000000012,442.2,750.5,        2187P   2857
4.40000000000001,0.,3.14159265358979,0.,0.,0.;                      2187P   2858
126,4,2,0,0,0,0,3.14159265358979,3.14159265358979,                  2189P   2859
3.14159265358979,4.71238898038469,4.71238898038469,                 2189P   2860
6.28318530717959,6.28318530717959,6.28318530717959,1.,              2189P   2861
0.707106781186515,1.,0.707106781186514,1.,442.2,750.5,              2189P   2862
4.40000000000001,442.2,750.5,8.40000000000001,442.2,754.5,          2189P   2863
8.40000000000001,442.2,758.5,8.40000000000001,442.2,758.5,          2189P   2864
4.40000000000001,3.14159265358979,6.28318530717959,0.,0.,0.;        2189P   2865
126,1,1,0,0,1,0,-2.5,-2.5,2.5,2.5,1.,1.,442.2,750.5,                2191P   2866
4.40000000000001,422.2,750.5,4.40000000000001,-2.5,2.5,0.,0.,0.;    2191P   2867
126,4,2,0,0,0,0,3.14159265358979,3.14159265358979,                  2193P   2868
3.14159265358979,4.71238898038469,4.71238898038469,                 2193P   2869
6.28318530717959,6.28318530717959,6.28318530717959,1.,              2193P   2870
0.707106781186515,1.,0.707106781186514,1.,422.2,750.5,              2193P   2871
4.40000000000001,422.2,750.5,8.40000000000001,422.2,754.5,          2193P   2872
8.40000000000001,422.2,758.5,8.40000000000001,422.2,758.5,          2193P   2873
4.40000000000001,3.14159265358979,6.28318530717959,0.,0.,0.;        2193P   2874
126,4,2,0,0,0,0,0.,0.,0.,1.5707963267949,1.5707963267949,           2195P   2875
3.14159265358979,3.14159265358979,3.14159265358979,1.,              2195P   2876
0.707106781186515,1.,0.707106781186514,1.,422.2,758.5,              2195P   2877
4.40000000000001,422.2,758.5,0.400000000000013,422.2,754.5,         2195P   2878
0.400000000000013,422.2,750.5,0.400000000000012,422.2,750.5,        2195P   2879
4.40000000000001,0.,3.14159265358979,0.,0.,0.;                      2195P   2880
126,4,2,0,0,0,0,0.,0.,0.,1.5707963267949,1.5707963267949,           2197P   2881
3.14159265358979,3.14159265358979,3.14159265358979,1.,              2197P   2882
0.707106781186508,1.,0.707106781186508,1.,442.2,758.5,100.4,        2197P   2883
442.2,758.5,96.4,442.2,754.5,96.4,442.2,750.5,96.4,442.2,750.5,     2197P   2884
100.4,0.,3.14159265358979,0.,0.,0.;                                 2197P   2885
126,4,2,0,0,0,0,3.14159265358979,3.14159265358979,                  2199P   2886
3.14159265358979,4.71238898038469,4.71238898038469,                 2199P   2887
6.28318530717959,6.28318530717959,6.28318530717959,1.,              2199P   2888
0.707106781186508,1.,0.707106781186508,1.,442.2,750.5,100.4,        2199P   2889
442.2,750.5,104.4,442.2,754.5,104.4,442.2,758.5,104.4,442.2,        2199P   2890
758.5,100.4,3.14159265358979,6.28318530717959,0.,0.,0.;             2199P   2891
126,1,1,0,0,1,0,-2.5,-2.5,2.5,2.5,1.,1.,442.2,750.5,100.4,422.2,    2201P   2892
750.5,100.4,-2.5,2.5,0.,0.,0.;                                      2201P   2893
126,4,2,0,0,0,0,3.14159265358979,3.14159265358979,                  2203P   2894
3.14159265358979,4.71238898038469,4.71238898038469,                 2203P   2895
6.28318530717959,6.28318530717959,6.28318530717959,1.,              2203P   2896
0.707106781186508,1.,0.707106781186508,1.,422.2,750.5,100.4,        2203P   2897
422.2,750.5,104.4,422.2,754.5,104.4,422.2,758.5,104.4,422.2,        2203P   2898
758.5,100.4,3.14159265358979,6.28318530717959,0.,0.,0.;             2203P   2899
126,4,2,0,0,0,0,0.,0.,0.,1.5707963267949,1.5707963267949,           2205P   2900
3.14159265358979,3.14159265358979,3.14159265358979,1.,              2205P   2901
0.707106781186508,1.,0.707106781186508,1.,422.2,758.5,100.4,        2205P   2902
422.2,758.5,96.4,422.2,754.5,96.4,422.2,750.5,96.4,422.2,750.5,     2205P   2903
100.4,0.,3.14159265358979,0.,0.,0.;                                 2205P   2904
126,1,1,0,0,1,0,0.,0.,20.,20.,1.,1.,442.2,747.,-47.6,442.2,747.,    2207P   2905
152.4,0.,20.,0.,0.,0.;                                              2207P   2906
126,1,1,0,0,1,0,0.,0.,88.44,88.44,1.,1.,442.2,747.,152.4,-442.2,    2209P   2907
747.,152.4,0.,88.44,0.,0.,0.;                                       2209P   2908
126,1,1,0,0,1,0,0.,0.,20.,20.,1.,1.,-442.2,747.,-47.6,-442.2,       2211P   2909
747.,152.4,0.,20.,0.,0.,0.;                                         2211P   2910
126,1,1,0,0,1,0,0.,0.,88.44,88.44,1.,1.,442.2,747.,-47.6,-442.2,    2213P   2911
747.,-47.6,0.,88.44,0.,0.,0.;                                       2213P   2912
126,1,1,0,0,1,0,0.,0.,1.5,1.5,1.,1.,442.2,762.,-47.6,442.2,747.,    2215P   2913
-47.6,0.,1.5,0.,0.,0.;                                              2215P   2914
126,1,1,0,0,1,0,0.,0.,1.5,1.5,1.,1.,-442.2,762.,-47.6,-442.2,       2217P   2915
747.,-47.6,0.,1.5,0.,0.,0.;                                         2217P   2916
126,1,1,0,0,1,0,0.,0.,88.44,88.44,1.,1.,442.2,762.,-47.6,-442.2,    2219P   2917
762.,-47.6,0.,88.44,0.,0.,0.;                                       2219P   2918
126,1,1,0,0,1,0,0.,0.,20.,20.,1.,1.,442.2,762.,152.4,442.2,762.,    2221P   2919
-47.6,0.,20.,0.,0.,0.;                                              2221P   2920
126,1,1,0,0,1,0,0.,0.,20.,20.,1.,1.,-442.2,762.,152.4,-442.2,       2223P   2921
762.,-47.6,0.,20.,0.,0.,0.;                                         2223P   2922
126,1,1,0,0,1,0,0.,0.,88.44,88.44,1.,1.,442.2,762.,152.4,-442.2,    2225P   2923
762.,152.4,0.,88.44,0.,0.,0.;                                       2225P   2924
126,1,1,0,0,1,0,0.,0.,1.5,1.5,1.,1.,442.2,747.,152.4,442.2,762.,    2227P   2925
152.4,0.,1.5,0.,0.,0.;                                              2227P   2926
126,1,1,0,0,1,0,0.,0.,1.5,1.5,1.,1.,-442.2,747.,152.4,-442.2,       2229P   2927
762.,152.4,0.,1.5,0.,0.,0.;                                         2229P   2928
126,4,2,0,0,0,0,3.34348383990249D-27,3.34348383990249D-27,          2231P   2929
3.34348383990249D-27,1.5707963267949,1.5707963267949,               2231P   2930
3.14159265358979,3.14159265358979,3.14159265358979,1.,              2231P   2931
0.707106781186508,1.,0.707106781186508,1.,124.4,754.5,152.4,        2231P   2932
124.4,750.5,152.4,128.4,750.5,152.4,132.4,750.5,152.4,132.4,        2231P   2933
754.5,152.4,3.34348383990249D-27,3.14159265358979,0.,0.,0.;         2231P   2934
126,4,2,0,0,0,0,3.14159265358979,3.14159265358979,                  2233P   2935
3.14159265358979,4.71238898038469,4.71238898038469,                 2233P   2936
6.28318530717959,6.28318530717959,6.28318530717959,1.,              2233P   2937
0.707106781186508,1.,0.707106781186508,1.,132.4,754.5,152.4,        2233P   2938
132.4,758.5,152.4,128.4,758.5,152.4,124.4,758.5,152.4,124.4,        2233P   2939
754.5,152.4,3.14159265358979,6.28318530717959,0.,0.,0.;             2233P   2940
126,1,1,0,0,1,0,-2.49999999999921,-2.49999999999921,2.5,2.5,1.,     2235P   2941
1.,132.4,754.5,152.4,132.4,754.5,172.399999999997,                  2235P   2942
-2.49999999999921,2.5,0.,0.,0.;                                     2235P   2943
126,4,2,0,0,0,0,3.14159265358979,3.14159265358979,                  2237P   2944
3.14159265358979,4.71238898038469,4.71238898038469,                 2237P   2945
6.28318530717959,6.28318530717959,6.28318530717959,1.,              2237P   2946
0.707106781186508,1.,0.707106781186508,1.,132.4,754.5,              2237P   2947
172.399999999997,132.4,758.5,172.399999999997,128.4,758.5,          2237P   2948
172.399999999997,124.4,758.5,172.399999999997,124.4,754.5,          2237P   2949
172.399999999997,3.14159265358979,6.28318530717959,0.,0.,0.;        2237P   2950
126,4,2,0,0,0,0,0.,0.,0.,1.5707963267949,1.5707963267949,           2239P   2951
3.14159265358979,3.14159265358979,3.14159265358979,1.,              2239P   2952
0.707106781186508,1.,0.707106781186508,1.,124.4,754.5,              2239P   2953
172.399999999997,124.4,750.5,172.399999999997,128.4,750.5,          2239P   2954
172.399999999997,132.4,750.5,172.399999999997,132.4,754.5,          2239P   2955
172.399999999997,0.,3.14159265358979,0.,0.,0.;                      2239P   2956
126,4,2,0,0,0,0,3.34348383990249D-27,3.34348383990249D-27,          2241P   2957
3.34348383990249D-27,1.5707963267949,1.5707963267949,               2241P   2958
3.14159265358979,3.14159265358979,3.14159265358979,1.,              2241P   2959
0.707106781186508,1.,0.707106781186508,1.,92.4,754.5,152.4,92.4,    2241P   2960
750.5,152.4,96.4,750.5,152.4,100.4,750.5,152.4,100.4,754.5,         2241P   2961
152.4,3.34348383990249D-27,3.14159265358979,0.,0.,0.;               2241P   2962
126,4,2,0,0,0,0,3.14159265358979,3.14159265358979,                  2243P   2963
3.14159265358979,4.71238898038469,4.71238898038469,                 2243P   2964
6.28318530717959,6.28318530717959,6.28318530717959,1.,              2243P   2965
0.707106781186508,1.,0.707106781186508,1.,100.4,754.5,152.4,        2243P   2966
100.4,758.5,152.4,96.4,758.5,152.4,92.4,758.5,152.4,92.4,754.5,     2243P   2967
152.4,3.14159265358979,6.28318530717959,0.,0.,0.;                   2243P   2968
126,1,1,0,0,1,0,-2.49999999999921,-2.49999999999921,2.5,2.5,1.,     2245P   2969
1.,100.4,754.5,152.4,100.4,754.5,172.399999999997,                  2245P   2970
-2.49999999999921,2.5,0.,0.,0.;                                     2245P   2971
126,4,2,0,0,0,0,3.14159265358979,3.14159265358979,                  2247P   2972
3.14159265358979,4.71238898038469,4.71238898038469,                 2247P   2973
6.28318530717959,6.28318530717959,6.28318530717959,1.,              2247P   2974
0.707106781186508,1.,0.707106781186508,1.,100.4,754.5,              2247P   2975
172.399999999997,100.4,758.5,172.399999999997,96.4,758.5,           2247P   2976
172.399999999997,92.4,758.5,172.399999999997,92.4,754.5,            2247P   2977
172.399999999997,3.14159265358979,6.28318530717959,0.,0.,0.;        2247P   2978
126,4,2,0,0,0,0,0.,0.,0.,1.5707963267949,1.5707963267949,           2249P   2979
3.14159265358979,3.14159265358979,3.14159265358979,1.,              2249P   2980
0.707106781186508,1.,0.707106781186508,1.,92.4,754.5,               2249P   2981
172.399999999997,92.4,750.5,172.399999999997,96.4,750.5,            2249P   2982
172.399999999997,100.4,750.5,172.399999999997,100.4,754.5,          2249P   2983
172.399999999997,0.,3.14159265358979,0.,0.,0.;                      2249P   2984
126,4,2,0,0,0,0,0.,0.,0.,1.5707963267949,1.5707963267949,           2251P   2985
3.14159265358979,3.14159265358979,3.14159265358979,1.,              2251P   2986
0.707106781186508,1.,0.707106781186508,1.,100.4,754.5,442.2,        2251P   2987
100.4,750.5,442.2,96.4,750.5,442.2,92.4,750.5,442.2,92.4,754.5,     2251P   2988
442.2,0.,3.14159265358979,0.,0.,0.;                                 2251P   2989
126,4,2,0,0,0,0,3.14159265358979,3.14159265358979,                  2253P   2990
3.14159265358979,4.71238898038469,4.71238898038469,                 2253P   2991
6.28318530717959,6.28318530717959,6.28318530717959,1.,              2253P   2992
0.707106781186508,1.,0.707106781186508,1.,92.4,754.5,442.2,92.4,    2253P   2993
758.5,442.2,96.4,758.5,442.2,100.4,758.5,442.2,100.4,754.5,         2253P   2994
442.2,3.14159265358979,6.28318530717959,0.,0.,0.;                   2253P   2995
126,1,1,0,0,1,0,-2.5,-2.5,2.5,2.5,1.,1.,92.4,754.5,442.2,92.4,      2255P   2996
754.5,422.2,-2.5,2.5,0.,0.,0.;                                      2255P   2997
126,4,2,0,0,0,0,3.14159265358979,3.14159265358979,                  2257P   2998
3.14159265358979,4.71238898038469,4.71238898038469,                 2257P   2999
6.28318530717959,6.28318530717959,6.28318530717959,1.,              2257P   3000
0.707106781186508,1.,0.707106781186508,1.,92.4,754.5,422.2,92.4,    2257P   3001
758.5,422.2,96.4,758.5,422.2,100.4,758.5,422.2,100.4,754.5,         2257P   3002
422.2,3.14159265358979,6.28318530717959,0.,0.,0.;                   2257P   3003
126,4,2,0,0,0,0,0.,0.,0.,1.5707963267949,1.5707963267949,           2259P   3004
3.14159265358979,3.14159265358979,3.14159265358979,1.,              2259P   3005
0.707106781186508,1.,0.707106781186508,1.,100.4,754.5,422.2,        2259P   3006
100.4,750.5,422.2,96.4,750.5,422.2,92.4,750.5,422.2,92.4,754.5,     2259P   3007
422.2,0.,3.14159265358979,0.,0.,0.;                                 2259P   3008
126,4,2,0,0,0,0,0.,0.,0.,1.5707963267949,1.5707963267949,           2261P   3009
3.14159265358979,3.14159265358979,3.14159265358979,1.,              2261P   3010
0.707106781186508,1.,0.707106781186508,1.,132.4,754.5,442.2,        2261P   3011
132.4,750.5,442.2,128.4,750.5,442.2,124.4,750.5,442.2,124.4,        2261P   3012
754.5,442.2,0.,3.14159265358979,0.,0.,0.;                           2261P   3013
126,4,2,0,0,0,0,3.14159265358979,3.14159265358979,                  2263P   3014
3.14159265358979,4.71238898038469,4.71238898038469,                 2263P   3015
6.28318530717959,6.28318530717959,6.28318530717959,1.,              2263P   3016
0.707106781186508,1.,0.707106781186508,1.,124.4,754.5,442.2,        2263P   3017
124.4,758.5,442.2,128.4,758.5,442.2,132.4,758.5,442.2,132.4,        2263P   3018
754.5,442.2,3.14159265358979,6.28318530717959,0.,0.,0.;             2263P   3019
126,1,1,0,0,1,0,-2.5,-2.5,2.5,2.5,1.,1.,124.4,754.5,442.2,124.4,    2265P   3020
754.5,422.2,-2.5,2.5,0.,0.,0.;                                      2265P   3021
126,4,2,0,0,0,0,3.14159265358979,3.14159265358979,                  2267P   3022
3.14159265358979,4.71238898038469,4.71238898038469,                 2267P   3023
6.28318530717959,6.28318530717959,6.28318530717959,1.,              2267P   3024
0.707106781186508,1.,0.707106781186508,1.,124.4,754.5,422.2,        2267P   3025
124.4,758.5,422.2,128.4,758.5,422.2,132.4,758.5,422.2,132.4,        2267P   3026
754.5,422.2,3.14159265358979,6.28318530717959,0.,0.,0.;             2267P   3027
126,4,2,0,0,0,0,0.,0.,0.,1.5707963267949,1.5707963267949,           2269P   3028
3.14159265358979,3.14159265358979,3.14159265358979,1.,              2269P   3029
0.707106781186508,1.,0.707106781186508,1.,132.4,754.5,422.2,        2269P   3030
132.4,750.5,422.2,128.4,750.5,422.2,124.4,750.5,422.2,124.4,        2269P   3031
754.5,422.2,0.,3.14159265358979,0.,0.,0.;                           2269P   3032
126,1,1,0,0,1,0,-2.,-2.,6.,6.,1.,1.,152.4,747.,152.4,72.4,747.,     2271P   3033
152.4,-2.,6.,0.,0.,0.;                                              2271P   3034
126,1,1,0,0,1,0,0.,0.,28.98,28.98,1.,1.,152.4,747.,442.2,152.4,     2273P   3035
747.,152.4,0.,28.98,0.,0.,0.;                                       2273P   3036
126,1,1,0,0,1,0,0.,0.,8.,8.,1.,1.,72.4,747.,442.2,152.4,747.,       2275P   3037
442.2,0.,8.,0.,0.,0.;                                               2275P   3038
126,1,1,0,0,1,0,0.,0.,28.98,28.98,1.,1.,72.4,747.,442.2,72.4,       2277P   3039
747.,152.4,0.,28.98,0.,0.,0.;                                       2277P   3040
126,1,1,0,0,1,0,-0.374999999999957,-0.374999999999957,              2279P   3041
1.12500000000006,1.12500000000006,1.,1.,152.4,762.,152.4,152.4,     2279P   3042
747.,152.4,-0.374999999999957,1.12500000000006,0.,0.,0.;            2279P   3043
126,1,1,0,0,1,0,0.,0.,28.98,28.98,1.,1.,152.4,762.,442.2,152.4,     2281P   3044
762.,152.4,0.,28.98,0.,0.,0.;                                       2281P   3045
126,1,1,0,0,1,0,0.,0.,1.50000000000001,1.50000000000001,1.,1.,      2283P   3046
152.4,747.,442.2,152.4,762.,442.2,0.,1.50000000000001,0.,0.,0.;     2283P   3047
126,1,1,0,0,1,0,-2.,-2.,6.,6.,1.,1.,72.4,762.,152.4,152.4,762.,     2285P   3048
152.4,-2.,6.,0.,0.,0.;                                              2285P   3049
126,1,1,0,0,1,0,0.,0.,28.98,28.98,1.,1.,72.4,762.,442.2,72.4,       2287P   3050
762.,152.4,0.,28.98,0.,0.,0.;                                       2287P   3051
126,1,1,0,0,1,0,0.,0.,8.,8.,1.,1.,152.4,762.,442.2,72.4,762.,       2289P   3052
442.2,0.,8.,0.,0.,0.;                                               2289P   3053
126,1,1,0,0,1,0,-0.375000000000057,-0.375000000000057,              2291P   3054
1.12499999999996,1.12499999999996,1.,1.,72.4,747.,152.4,72.4,       2291P   3055
762.,152.4,-0.375000000000057,1.12499999999996,0.,0.,0.;            2291P   3056
126,1,1,0,0,1,0,0.,0.,1.50000000000001,1.50000000000001,1.,1.,      2293P   3057
72.4,762.,442.2,72.4,747.,442.2,0.,1.50000000000001,0.,0.,0.;       2293P   3058
126,4,2,0,0,0,0,0.,0.,0.,1.5707963267949,1.5707963267949,           2295P   3059
3.14159265358979,3.14159265358979,3.14159265358979,1.,              2295P   3060
0.707106781186545,1.,0.707106781186545,1.,414.,660.4,152.4,414.,    2295P   3061
642.9,152.4,431.5,642.9,152.4,449.,642.9,152.4,449.,660.4,152.4,    2295P   3062
0.,3.14159265358979,0.,0.,0.;                                       2295P   3063
126,4,2,0,0,0,0,3.14159265358979,3.14159265358979,                  2297P   3064
3.14159265358979,4.71238898038469,4.71238898038469,                 2297P   3065
6.28318530717959,6.28318530717959,6.28318530717959,1.,              2297P   3066
0.707106781186545,1.,0.707106781186545,1.,449.,660.4,152.4,449.,    2297P   3067
677.9,152.4,431.5,677.9,152.4,414.,677.9,152.4,414.,660.4,152.4,    2297P   3068
3.14159265358979,6.28318530717959,0.,0.,0.;                         2297P   3069
126,1,1,0,0,1,0,-0.342857142857142,-0.342857142857142,              2299P   3070
0.342857142857144,0.342857142857144,1.,1.,449.,660.4,152.4,449.,    2299P   3071
660.4,164.4,-0.342857142857142,0.342857142857144,0.,0.,0.;          2299P   3072
126,4,2,0,0,0,0,3.14159265358979,3.14159265358979,                  2301P   3073
3.14159265358979,4.71238898038469,4.71238898038469,                 2301P   3074
6.28318530717959,6.28318530717959,6.28318530717959,1.,              2301P   3075
0.707106781186545,1.,0.707106781186545,1.,449.,660.4,164.4,449.,    2301P   3076
677.9,164.4,431.5,677.9,164.4,414.,677.9,164.4,414.,660.4,164.4,    2301P   3077
3.14159265358979,6.28318530717959,0.,0.,0.;                         2301P   3078
126,4,2,0,0,0,0,0.,0.,0.,1.5707963267949,1.5707963267949,           2303P   3079
3.14159265358979,3.14159265358979,3.14159265358979,1.,              2303P   3080
0.707106781186545,1.,0.707106781186545,1.,414.,660.4,164.4,414.,    2303P   3081
642.9,164.4,431.5,642.9,164.4,449.,642.9,164.4,449.,660.4,164.4,    2303P   3082
0.,3.14159265358979,0.,0.,0.;                                       2303P   3083
126,4,2,0,0,0,0,0.,0.,0.,1.5707963267949,1.5707963267949,           2305P   3084
3.14159265358979,3.14159265358979,3.14159265358979,1.,              2305P   3085
0.707106781186551,1.,0.707106781186551,1.,414.,100.,152.4,414.,     2305P   3086
82.5,152.4,431.5,82.5,152.4,449.,82.5,152.4,449.,100.,152.4,0.,     2305P   3087
3.14159265358979,0.,0.,0.;                                          2305P   3088
126,4,2,0,0,0,0,3.14159265358979,3.14159265358979,                  2307P   3089
3.14159265358979,4.71238898038469,4.71238898038469,                 2307P   3090
6.28318530717959,6.28318530717959,6.28318530717959,1.,              2307P   3091
0.707106781186551,1.,0.707106781186551,1.,449.,100.,152.4,449.,     2307P   3092
117.5,152.4,431.5,117.5,152.4,414.,117.5,152.4,414.,100.,152.4,     2307P   3093
3.14159265358979,6.28318530717959,0.,0.,0.;                         2307P   3094
126,1,1,0,0,1,0,-0.342857142857142,-0.342857142857142,              2309P   3095
0.342857142857144,0.342857142857144,1.,1.,449.,100.,152.4,449.,     2309P   3096
100.,164.4,-0.342857142857142,0.342857142857144,0.,0.,0.;           2309P   3097
126,4,2,0,0,0,0,3.14159265358979,3.14159265358979,                  2311P   3098
3.14159265358979,4.71238898038469,4.71238898038469,                 2311P   3099
6.28318530717959,6.28318530717959,6.28318530717959,1.,              2311P   3100
0.707106781186551,1.,0.707106781186551,1.,449.,100.,164.4,449.,     2311P   3101
117.5,164.4,431.5,117.5,164.4,414.,117.5,164.4,414.,100.,164.4,     2311P   3102
3.14159265358979,6.28318530717959,0.,0.,0.;                         2311P   3103
126,4,2,0,0,0,0,0.,0.,0.,1.5707963267949,1.5707963267949,           2313P   3104
3.14159265358979,3.14159265358979,3.14159265358979,1.,              2313P   3105
0.707106781186551,1.,0.707106781186551,1.,414.,100.,164.4,414.,     2313P   3106
82.5,164.4,431.5,82.5,164.4,449.,82.5,164.4,449.,100.,164.4,0.,     2313P   3107
3.14159265358979,0.,0.,0.;                                          2313P   3108
126,1,1,0,0,1,0,0.,0.,27.94,27.94,1.,1.,454.,760.4,152.4,174.6,     2315P   3109
760.4,152.4,0.,27.94,0.,0.,0.;                                      2315P   3110
126,1,1,0,0,1,0,0.,0.,1.8,1.8,1.,1.,174.6,760.4,152.4,174.6,        2317P   3111
760.4,170.4,0.,1.8,0.,0.,0.;                                        2317P   3112
126,1,1,0,0,1,0,0.,0.,27.94,27.94,1.,1.,454.,760.4,170.4,174.6,     2319P   3113
760.4,170.4,0.,27.94,0.,0.,0.;                                      2319P   3114
126,1,1,0,0,1,0,0.,0.,1.8,1.8,1.,1.,454.,760.4,152.4,454.,760.4,    2321P   3115
170.4,0.,1.8,0.,0.,0.;                                              2321P   3116
126,1,1,0,0,1,0,0.,0.,76.04,76.04,1.,1.,454.,0.,152.4,454.,         2323P   3117
760.4,152.4,0.,76.04,0.,0.,0.;                                      2323P   3118
126,1,1,0,0,1,0,0.,0.,76.04,76.04,1.,1.,454.,0.,170.4,454.,         2325P   3119
760.4,170.4,0.,76.04,0.,0.,0.;                                      2325P   3120
126,1,1,0,0,1,0,0.,0.,1.8,1.8,1.,1.,454.,0.,152.4,454.,0.,170.4,    2327P   3121
0.,1.8,0.,0.,0.;                                                    2327P   3122
126,1,1,0,0,1,0,2.22000000000003,2.22000000000003,30.16,30.16,      2329P   3123
1.,1.,174.6,0.,152.4,454.,0.,152.4,2.22000000000003,30.16,0.,0.,    2329P   3124
0.;                                                                 2329P   3125
126,1,1,0,0,1,0,2.22000000000003,2.22000000000003,30.16,30.16,      2331P   3126
1.,1.,174.6,0.,170.4,454.,0.,170.4,2.22000000000003,30.16,0.,0.,    2331P   3127
0.;                                                                 2331P   3128
126,1,1,0,0,1,0,0.,0.,1.8,1.8,1.,1.,174.6,0.,152.4,174.6,0.,        2333P   3129
170.4,0.,1.8,0.,0.,0.;                                              2333P   3130
126,1,1,0,0,1,0,0.,0.,76.04,76.04,1.,1.,174.6,760.4,152.4,174.6,    2335P   3131
0.,152.4,0.,76.04,0.,0.,0.;                                         2335P   3132
126,1,1,0,0,1,0,0.,0.,76.04,76.04,1.,1.,174.6,760.4,170.4,174.6,    2337P   3133
0.,170.4,0.,76.04,0.,0.,0.;                                         2337P   3134
126,4,2,0,0,0,0,0.,0.,0.,1.5707963267949,1.5707963267949,           2339P   3135
3.14159265358979,3.14159265358979,3.14159265358979,1.,              2339P   3136
0.707106781186539,1.,0.707106781186539,1.,152.4,641.3,178.05,       2339P   3137
152.4,641.3,160.55,152.4,658.8,160.55,152.4,676.3,160.55,152.4,     2339P   3138
676.3,178.05,0.,3.14159265358979,0.,0.,0.;                          2339P   3139
126,4,2,0,0,0,0,3.14159265358979,3.14159265358979,                  2341P   3140
3.14159265358979,4.71238898038469,4.71238898038469,                 2341P   3141
6.28318530717959,6.28318530717959,6.28318530717959,1.,              2341P   3142
0.707106781186539,1.,0.707106781186539,1.,152.4,676.3,178.05,       2341P   3143
152.4,676.3,195.55,152.4,658.8,195.55,152.4,641.3,195.55,152.4,     2341P   3144
641.3,178.05,3.14159265358979,6.28318530717959,0.,0.,0.;            2341P   3145
126,1,1,0,0,1,0,-0.342857142857144,-0.342857142857144,              2343P   3146
0.342857142857143,0.342857142857143,1.,1.,152.4,676.3,178.05,       2343P   3147
164.4,676.3,178.05,-0.342857142857144,0.342857142857143,0.,0.,      2343P   3148
0.;                                                                 2343P   3149
126,4,2,0,0,0,0,3.14159265358979,3.14159265358979,                  2345P   3150
3.14159265358979,4.71238898038469,4.71238898038469,                 2345P   3151
6.28318530717959,6.28318530717959,6.28318530717959,1.,              2345P   3152
0.707106781186539,1.,0.707106781186539,1.,164.4,676.3,178.05,       2345P   3153
164.4,676.3,195.55,164.4,658.8,195.55,164.4,641.3,195.55,164.4,     2345P   3154
641.3,178.05,3.14159265358979,6.28318530717959,0.,0.,0.;            2345P   3155
126,4,2,0,0,0,0,0.,0.,0.,1.5707963267949,1.5707963267949,           2347P   3156
3.14159265358979,3.14159265358979,3.14159265358979,1.,              2347P   3157
0.707106781186539,1.,0.707106781186539,1.,164.4,641.3,178.05,       2347P   3158
164.4,641.3,160.55,164.4,658.8,160.55,164.4,676.3,160.55,164.4,     2347P   3159
676.3,178.05,0.,3.14159265358979,0.,0.,0.;                          2347P   3160
126,4,2,0,0,0,0,0.,0.,0.,1.5707963267949,1.5707963267949,           2349P   3161
3.14159265358979,3.14159265358979,3.14159265358979,1.,              2349P   3162
0.707106781186545,1.,0.707106781186545,1.,152.4,82.5,178.05,        2349P   3163
152.4,82.5,160.55,152.4,100.,160.55,152.4,117.5,160.55,152.4,       2349P   3164
117.5,178.05,0.,3.14159265358979,0.,0.,0.;                          2349P   3165
126,4,2,0,0,0,0,3.14159265358979,3.14159265358979,                  2351P   3166
3.14159265358979,4.71238898038469,4.71238898038469,                 2351P   3167
6.28318530717959,6.28318530717959,6.28318530717959,1.,              2351P   3168
0.707106781186545,1.,0.707106781186545,1.,152.4,117.5,178.05,       2351P   3169
152.4,117.5,195.55,152.4,100.,195.55,152.4,82.5,195.55,152.4,       2351P   3170
82.5,178.05,3.14159265358979,6.28318530717959,0.,0.,0.;             2351P   3171
126,1,1,0,0,1,0,-0.342857142857144,-0.342857142857144,              2353P   3172
0.342857142857143,0.342857142857143,1.,1.,152.4,117.5,178.05,       2353P   3173
164.4,117.5,178.05,-0.342857142857144,0.342857142857143,0.,0.,      2353P   3174
0.;                                                                 2353P   3175
126,4,2,0,0,0,0,3.14159265358979,3.14159265358979,                  2355P   3176
3.14159265358979,4.71238898038469,4.71238898038469,                 2355P   3177
6.28318530717959,6.28318530717959,6.28318530717959,1.,              2355P   3178
0.707106781186545,1.,0.707106781186545,1.,164.4,117.5,178.05,       2355P   3179
164.4,117.5,195.55,164.4,100.,195.55,164.4,82.5,195.55,164.4,       2355P   3180
82.5,178.05,3.14159265358979,6.28318530717959,0.,0.,0.;             2355P   3181
126,4,2,0,0,0,0,0.,0.,0.,1.5707963267949,1.5707963267949,           2357P   3182
3.14159265358979,3.14159265358979,3.14159265358979,1.,              2357P   3183
0.707106781186545,1.,0.707106781186545,1.,164.4,82.5,178.05,        2357P   3184
164.4,82.5,160.55,164.4,100.,160.55,164.4,117.5,160.55,164.4,       2357P   3185
117.5,178.05,0.,3.14159265358979,0.,0.,0.;                          2357P   3186
126,1,1,0,0,1,0,0.,0.,29.845,29.845,1.,1.,152.4,758.8,454.,         2359P   3187
152.4,758.8,155.55,0.,29.845,0.,0.,0.;                              2359P   3188
126,1,1,0,0,1,0,0.,0.,1.8,1.8,1.,1.,152.4,758.8,454.,170.4,         2361P   3189
758.8,454.,0.,1.8,0.,0.,0.;                                         2361P   3190
126,1,1,0,0,1,0,-29.845,-29.845,0.,0.,1.,1.,170.4,758.8,155.55,     2363P   3191
170.4,758.8,454.,-29.845,0.,0.,0.,0.;                               2363P   3192
126,1,1,0,0,1,0,0.,0.,1.8,1.8,1.,1.,152.4,758.8,155.55,170.4,       2365P   3193
758.8,155.55,0.,1.8,0.,0.,0.;                                       2365P   3194
126,1,1,0,0,1,0,0.,0.,75.88,75.88,1.,1.,152.4,758.8,155.55,         2367P   3195
152.4,0.,155.55,0.,75.88,0.,0.,0.;                                  2367P   3196
126,1,1,0,0,1,0,-75.88,-75.88,0.,0.,1.,1.,170.4,0.,155.55,170.4,    2369P   3197
758.8,155.55,-75.88,0.,0.,0.,0.;                                    2369P   3198
126,1,1,0,0,1,0,0.,0.,1.8,1.8,1.,1.,152.4,0.,155.55,170.4,0.,       2371P   3199
155.55,0.,1.8,0.,0.,0.;                                             2371P   3200
126,1,1,0,0,1,0,0.319999999999993,0.319999999999993,30.165,         2373P   3201
30.165,1.,1.,152.4,0.,454.,152.4,0.,155.55,0.319999999999993,       2373P   3202
30.165,0.,0.,0.;                                                    2373P   3203
126,1,1,0,0,1,0,0.319999999999993,0.319999999999993,30.165,         2375P   3204
30.165,1.,1.,170.4,0.,454.,170.4,0.,155.55,0.319999999999993,       2375P   3205
30.165,0.,0.,0.;                                                    2375P   3206
126,1,1,0,0,1,0,0.,0.,1.8,1.8,1.,1.,152.4,0.,454.,170.4,0.,454.,    2377P   3207
0.,1.8,0.,0.,0.;                                                    2377P   3208
126,1,1,0,0,1,0,0.,0.,75.88,75.88,1.,1.,152.4,0.,454.,152.4,        2379P   3209
758.8,454.,0.,75.88,0.,0.,0.;                                       2379P   3210
126,1,1,0,0,1,0,-75.88,-75.88,0.,0.,1.,1.,170.4,758.8,454.,         2381P   3211
170.4,0.,454.,-75.88,0.,0.,0.,0.;                                   2381P   3212
126,4,2,0,0,0,0,0.,0.,0.,1.5707963267949,1.5707963267949,           2383P   3213
3.14159265358979,3.14159265358979,3.14159265358979,1.,              2383P   3214
0.707106781186554,1.,0.707106781186554,1.,-407.268925009384,15.,    2383P   3215
-366.014091013445,-411.268925009384,15.,-366.014091013445,          2383P   3216
-411.268925009384,15.,-362.014091013445,-411.268925009384,15.,      2383P   3217
-358.014091013445,-407.268925009384,15.,-358.014091013445,0.,       2383P   3218
3.14159265358979,0.,0.,0.;                                          2383P   3219
126,4,2,0,0,0,0,3.14159265358979,3.14159265358979,                  2385P   3220
3.14159265358979,4.71238898038469,4.71238898038469,                 2385P   3221
6.28318530717959,6.28318530717959,6.28318530717959,1.,              2385P   3222
0.707106781186554,1.,0.707106781186554,1.,-407.268925009384,15.,    2385P   3223
-358.014091013445,-403.268925009384,15.,-358.014091013445,          2385P   3224
-403.268925009384,15.,-362.014091013445,-403.268925009384,15.,      2385P   3225
-366.014091013445,-407.268925009384,15.,-366.014091013445,          2385P   3226
3.14159265358979,6.28318530717959,0.,0.,0.;                         2385P   3227
126,1,1,0,0,1,0,-2.5,-2.5,2.5,2.5,1.,1.,-407.268925009384,15.,      2387P   3228
-358.014091013445,-407.268925009384,35.,-358.014091013445,-2.5,     2387P   3229
2.5,0.,0.,0.;                                                       2387P   3230
126,4,2,0,0,0,0,3.14159265358979,3.14159265358979,                  2389P   3231
3.14159265358979,4.71238898038469,4.71238898038469,                 2389P   3232
6.28318530717959,6.28318530717959,6.28318530717959,1.,              2389P   3233
0.707106781186554,1.,0.707106781186554,1.,-407.268925009384,35.,    2389P   3234
-358.014091013445,-403.268925009384,35.,-358.014091013445,          2389P   3235
-403.268925009384,35.,-362.014091013445,-403.268925009384,35.,      2389P   3236
-366.014091013445,-407.268925009384,35.,-366.014091013445,          2389P   3237
3.14159265358979,6.28318530717959,0.,0.,0.;                         2389P   3238
126,4,2,0,0,0,0,0.,0.,0.,1.5707963267949,1.5707963267949,           2391P   3239
3.14159265358979,3.14159265358979,3.14159265358979,1.,              2391P   3240
0.707106781186554,1.,0.707106781186554,1.,-407.268925009384,35.,    2391P   3241
-366.014091013445,-411.268925009384,35.,-366.014091013445,          2391P   3242
-411.268925009384,35.,-362.014091013445,-411.268925009384,35.,      2391P   3243
-358.014091013445,-407.268925009384,35.,-358.014091013445,0.,       2391P   3244
3.14159265358979,0.,0.,0.;                                          2391P   3245
126,4,2,0,0,0,0,0.,0.,0.,1.5707963267949,1.5707963267949,           2393P   3246
3.14159265358979,3.14159265358979,3.14159265358979,1.,              2393P   3247
0.707106781186554,1.,0.707106781186554,1.,-362.014091013445,15.,    2393P   3248
-411.268925009384,-366.014091013445,15.,-411.268925009384,          2393P   3249
-366.014091013445,15.,-407.268925009384,-366.014091013445,15.,      2393P   3250
-403.268925009384,-362.014091013445,15.,-403.268925009384,0.,       2393P   3251
3.14159265358979,0.,0.,0.;                                          2393P   3252
126,4,2,0,0,0,0,3.14159265358979,3.14159265358979,                  2395P   3253
3.14159265358979,4.71238898038469,4.71238898038469,                 2395P   3254
6.28318530717959,6.28318530717959,6.28318530717959,1.,              2395P   3255
0.707106781186554,1.,0.707106781186554,1.,-362.014091013445,15.,    2395P   3256
-403.268925009384,-358.014091013445,15.,-403.268925009384,          2395P   3257
-358.014091013445,15.,-407.268925009384,-358.014091013445,15.,      2395P   3258
-411.268925009384,-362.014091013445,15.,-411.268925009384,          2395P   3259
3.14159265358979,6.28318530717959,0.,0.,0.;                         2395P   3260
126,1,1,0,0,1,0,-2.5,-2.5,2.5,2.5,1.,1.,-362.014091013445,15.,      2397P   3261
-403.268925009384,-362.014091013445,35.,-403.268925009384,-2.5,     2397P   3262
2.5,0.,0.,0.;                                                       2397P   3263
126,4,2,0,0,0,0,3.14159265358979,3.14159265358979,                  2399P   3264
3.14159265358979,4.71238898038469,4.71238898038469,                 2399P   3265
6.28318530717959,6.28318530717959,6.28318530717959,1.,              2399P   3266
0.707106781186554,1.,0.707106781186554,1.,-362.014091013445,35.,    2399P   3267
-403.268925009384,-358.014091013445,35.,-403.268925009384,          2399P   3268
-358.014091013445,35.,-407.268925009384,-358.014091013445,35.,      2399P   3269
-411.268925009384,-362.014091013445,35.,-411.268925009384,          2399P   3270
3.14159265358979,6.28318530717959,0.,0.,0.;                         2399P   3271
126,4,2,0,0,0,0,0.,0.,0.,1.5707963267949,1.5707963267949,           2401P   3272
3.14159265358979,3.14159265358979,3.14159265358979,1.,              2401P   3273
0.707106781186554,1.,0.707106781186554,1.,-362.014091013445,35.,    2401P   3274
-411.268925009384,-366.014091013445,35.,-411.268925009384,          2401P   3275
-366.014091013445,35.,-407.268925009384,-366.014091013445,35.,      2401P   3276
-403.268925009384,-362.014091013445,35.,-403.268925009384,0.,       2401P   3277
3.14159265358979,0.,0.,0.;                                          2401P   3278
126,4,2,0,0,0,0,0.,0.,0.,1.5707963267949,1.5707963267949,           2403P   3279
3.14159265358979,3.14159265358979,3.14159265358979,1.,              2403P   3280
0.707106781186548,1.,0.707106781186548,1.,-377.570440199549,        2403P   3281
321.55,-381.105974105482,-377.570440199549,319.05,                  2403P   3282
-381.105974105482,-379.338207152516,319.05,-379.338207152516,       2403P   3283
-381.105974105482,319.05,-377.57044019955,-381.105974105482,        2403P   3284
321.55,-377.57044019955,0.,3.14159265358979,0.,0.,0.;               2403P   3285
126,4,2,0,0,0,0,3.14159265358979,3.14159265358979,                  2405P   3286
3.14159265358979,4.71238898038469,4.71238898038469,                 2405P   3287
6.28318530717959,6.28318530717959,6.28318530717959,1.,              2405P   3288
0.707106781186548,1.,0.707106781186548,1.,-381.105974105482,        2405P   3289
321.55,-377.57044019955,-381.105974105482,324.05,                   2405P   3290
-377.57044019955,-379.338207152516,324.05,-379.338207152516,        2405P   3291
-377.570440199549,324.05,-381.105974105482,-377.570440199549,       2405P   3292
321.55,-381.105974105482,3.14159265358979,6.28318530717959,0.,      2405P   3293
0.,0.;                                                              2405P   3294
126,1,1,0,0,1,0,-2.40000000000004,-2.40000000000004,2.4,2.4,1.,     2407P   3295
1.,-381.105974105482,321.55,-377.57044019955,-389.591255479721,     2407P   3296
321.55,-386.055721573788,-2.40000000000004,2.4,0.,0.,0.;            2407P   3297
126,4,2,0,0,0,0,3.14159265358979,3.14159265358979,                  2409P   3298
3.14159265358979,4.71238898038469,4.71238898038469,                 2409P   3299
6.28318530717959,6.28318530717959,6.28318530717959,1.,              2409P   3300
0.707106781186548,1.,0.707106781186548,1.,-389.591255479721,        2409P   3301
321.55,-386.055721573788,-389.591255479721,324.05,                  2409P   3302
-386.055721573788,-387.823488526754,324.05,-387.823488526755,       2409P   3303
-386.055721573788,324.05,-389.591255479721,-386.055721573788,       2409P   3304
321.55,-389.591255479721,3.14159265358979,6.28318530717959,0.,      2409P   3305
0.,0.;                                                              2409P   3306
126,4,2,0,0,0,0,0.,0.,0.,1.5707963267949,1.5707963267949,           2411P   3307
3.14159265358979,3.14159265358979,3.14159265358979,1.,              2411P   3308
0.707106781186548,1.,0.707106781186548,1.,-386.055721573788,        2411P   3309
321.55,-389.591255479721,-386.055721573788,319.05,                  2411P   3310
-389.591255479721,-387.823488526754,319.05,-387.823488526755,       2411P   3311
-389.591255479721,319.05,-386.055721573788,-389.591255479721,       2411P   3312
321.55,-386.055721573788,0.,3.14159265358979,0.,0.,0.;              2411P   3313
126,4,2,0,0,0,0,0.,0.,0.,1.5707963267949,1.5707963267949,           2413P   3314
3.14159265358979,3.14159265358979,3.14159265358979,1.,              2413P   3315
0.707106781186548,1.,0.707106781186548,1.,-377.570440199549,        2413P   3316
385.55,-381.105974105482,-377.570440199549,383.05,                  2413P   3317
-381.105974105482,-379.338207152516,383.05,-379.338207152516,       2413P   3318
-381.105974105482,383.05,-377.57044019955,-381.105974105482,        2413P   3319
385.55,-377.57044019955,0.,3.14159265358979,0.,0.,0.;               2413P   3320
126,4,2,0,0,0,0,3.14159265358979,3.14159265358979,                  2415P   3321
3.14159265358979,4.71238898038469,4.71238898038469,                 2415P   3322
6.28318530717959,6.28318530717959,6.28318530717959,1.,              2415P   3323
0.707106781186548,1.,0.707106781186548,1.,-381.105974105482,        2415P   3324
385.55,-377.57044019955,-381.105974105482,388.05,                   2415P   3325
-377.57044019955,-379.338207152516,388.05,-379.338207152516,        2415P   3326
-377.570440199549,388.05,-381.105974105482,-377.570440199549,       2415P   3327
385.55,-381.105974105482,3.14159265358979,6.28318530717959,0.,      2415P   3328
0.,0.;                                                              2415P   3329
126,1,1,0,0,1,0,-2.40000000000004,-2.40000000000004,2.4,2.4,1.,     2417P   3330
1.,-381.105974105482,385.55,-377.57044019955,-389.591255479721,     2417P   3331
385.55,-386.055721573788,-2.40000000000004,2.4,0.,0.,0.;            2417P   3332
126,4,2,0,0,0,0,3.14159265358979,3.14159265358979,                  2419P   3333
3.14159265358979,4.71238898038469,4.71238898038469,                 2419P   3334
6.28318530717959,6.28318530717959,6.28318530717959,1.,              2419P   3335
0.707106781186548,1.,0.707106781186548,1.,-389.591255479721,        2419P   3336
385.55,-386.055721573788,-389.591255479721,388.05,                  2419P   3337
-386.055721573788,-387.823488526754,388.05,-387.823488526755,       2419P   3338
-386.055721573788,388.05,-389.591255479721,-386.055721573788,       2419P   3339
385.55,-389.591255479721,3.14159265358979,6.28318530717959,0.,      2419P   3340
0.,0.;                                                              2419P   3341
126,4,2,0,0,0,0,0.,0.,0.,1.5707963267949,1.5707963267949,           2421P   3342
3.14159265358979,3.14159265358979,3.14159265358979,1.,              2421P   3343
0.707106781186548,1.,0.707106781186548,1.,-386.055721573788,        2421P   3344
385.55,-389.591255479721,-386.055721573788,383.05,                  2421P   3345
-389.591255479721,-387.823488526754,383.05,-387.823488526755,       2421P   3346
-389.591255479721,383.05,-386.055721573788,-389.591255479721,       2421P   3347
385.55,-386.055721573788,0.,3.14159265358979,0.,0.,0.;              2421P   3348
126,4,2,0,0,0,0,0.,0.,0.,1.5707963267949,1.5707963267949,           2423P   3349
3.14159265358979,3.14159265358979,3.14159265358979,1.,              2423P   3350
0.707106781186548,1.,0.707106781186548,1.,-377.570440199549,        2423P   3351
257.55,-381.105974105482,-377.570440199549,255.05,                  2423P   3352
-381.105974105482,-379.338207152516,255.05,-379.338207152516,       2423P   3353
-381.105974105482,255.05,-377.57044019955,-381.105974105482,        2423P   3354
257.55,-377.57044019955,0.,3.14159265358979,0.,0.,0.;               2423P   3355
126,4,2,0,0,0,0,3.14159265358979,3.14159265358979,                  2425P   3356
3.14159265358979,4.71238898038469,4.71238898038469,                 2425P   3357
6.28318530717959,6.28318530717959,6.28318530717959,1.,              2425P   3358
0.707106781186548,1.,0.707106781186548,1.,-381.105974105482,        2425P   3359
257.55,-377.57044019955,-381.105974105482,260.05,                   2425P   3360
-377.57044019955,-379.338207152516,260.05,-379.338207152516,        2425P   3361
-377.570440199549,260.05,-381.105974105482,-377.570440199549,       2425P   3362
257.55,-381.105974105482,3.14159265358979,6.28318530717959,0.,      2425P   3363
0.,0.;                                                              2425P   3364
126,1,1,0,0,1,0,-2.40000000000004,-2.40000000000004,2.4,2.4,1.,     2427P   3365
1.,-381.105974105482,257.55,-377.57044019955,-389.591255479721,     2427P   3366
257.55,-386.055721573788,-2.40000000000004,2.4,0.,0.,0.;            2427P   3367
126,4,2,0,0,0,0,3.14159265358979,3.14159265358979,                  2429P   3368
3.14159265358979,4.71238898038469,4.71238898038469,                 2429P   3369
6.28318530717959,6.28318530717959,6.28318530717959,1.,              2429P   3370
0.707106781186548,1.,0.707106781186548,1.,-389.591255479721,        2429P   3371
257.55,-386.055721573788,-389.591255479721,260.05,                  2429P   3372
-386.055721573788,-387.823488526754,260.05,-387.823488526755,       2429P   3373
-386.055721573788,260.05,-389.591255479721,-386.055721573788,       2429P   3374
257.55,-389.591255479721,3.14159265358979,6.28318530717959,0.,      2429P   3375
0.,0.;                                                              2429P   3376
126,4,2,0,0,0,0,0.,0.,0.,1.5707963267949,1.5707963267949,           2431P   3377
3.14159265358979,3.14159265358979,3.14159265358979,1.,              2431P   3378
0.707106781186548,1.,0.707106781186548,1.,-386.055721573788,        2431P   3379
257.55,-389.591255479721,-386.055721573788,255.05,                  2431P   3380
-389.591255479721,-387.823488526754,255.05,-387.823488526755,       2431P   3381
-389.591255479721,255.05,-386.055721573788,-389.591255479721,       2431P   3382
257.55,-386.055721573788,0.,3.14159265358979,0.,0.,0.;              2431P   3383
126,1,1,0,0,1,0,0.,0.,17.78,17.78,1.,1.,-316.476414305032,15.,      2433P   3384
-442.2,-442.2,15.,-316.476414305032,0.,17.78,0.,0.,0.;              2433P   3385
126,1,1,0,0,1,0,0.,0.,74.7,74.7,1.,1.,-316.476414305032,15.,        2435P   3386
-442.2,-316.476414305032,762.,-442.2,0.,74.7,0.,0.,0.;              2435P   3387
126,1,1,0,0,1,0,-17.78,-17.78,0.,0.,1.,1.,-442.2,762.,              2437P   3388
-316.476414305032,-316.476414305032,762.,-442.2,-17.78,0.,0.,0.,    2437P   3389
0.;                                                                 2437P   3390
126,1,1,0,0,1,0,0.,0.,74.7,74.7,1.,1.,-442.2,15.,                   2439P   3391
-316.476414305032,-442.2,762.,-316.476414305032,0.,74.7,0.,0.,      2439P   3392
0.;                                                                 2439P   3393
126,1,1,0,0,1,0,75.8676414305032,75.8676414305032,                  2441P   3394
77.9889617740628,77.9889617740628,1.,1.,-442.2,15.,                 2441P   3395
-316.476414305032,-442.2,15.,-337.689617740628,75.8676414305032,    2441P   3396
77.9889617740628,0.,0.,0.;                                          2441P   3397
126,1,1,0,0,1,0,-77.9889617740628,-77.9889617740628,                2443P   3398
-75.8676414305032,-75.8676414305032,1.,1.,-442.2,762.,              2443P   3399
-337.689617740628,-442.2,762.,-316.476414305032,                    2443P   3400
-77.9889617740628,-75.8676414305032,0.,0.,0.;                       2443P   3401
126,1,1,0,0,1,0,0.,0.,74.7,74.7,1.,1.,-442.2,15.,                   2445P   3402
-337.689617740628,-442.2,762.,-337.689617740628,0.,74.7,0.,0.,      2445P   3403
0.;                                                                 2445P   3404
126,1,1,0,0,1,0,5.02429586778808D-15,5.02429586778808D-15,14.78,    2447P   3405
14.78,1.,1.,-442.2,15.,-337.689617740628,-337.689617740628,15.,     2447P   3406
-442.2,5.02429586778808D-15,14.78,0.,0.,0.;                         2447P   3407
126,1,1,0,0,1,0,-14.78,-14.78,-3.5527136788005D-15,                 2449P   3408
-3.5527136788005D-15,1.,1.,-337.689617740628,762.,-442.2,-442.2,    2449P   3409
762.,-337.689617740628,-14.78,-3.5527136788005D-15,0.,0.,0.;        2449P   3410
126,1,1,0,0,1,0,0.,0.,74.7,74.7,1.,1.,-337.689617740628,15.,        2451P   3411
-442.2,-337.689617740628,762.,-442.2,0.,74.7,0.,0.,0.;              2451P   3412
126,1,1,0,0,1,0,75.8676414305032,75.8676414305032,                  2453P   3413
77.9889617740628,77.9889617740628,1.,1.,-316.476414305032,15.,      2453P   3414
-442.2,-337.689617740628,15.,-442.2,75.8676414305032,               2453P   3415
77.9889617740628,0.,0.,0.;                                          2453P   3416
126,1,1,0,0,1,0,75.8676414305032,75.8676414305032,                  2455P   3417
77.9889617740628,77.9889617740628,1.,1.,-316.476414305032,762.,     2455P   3418
-442.2,-337.689617740628,762.,-442.2,75.8676414305032,              2455P   3419
77.9889617740628,0.,0.,0.;                                          2455P   3420
126,1,1,0,0,1,0,0.,0.,55.88,55.88,1.,1.,426.2,200.,-457.2,426.2,    2457P   3421
200.,101.6,0.,55.88,0.,0.,0.;                                       2457P   3422
126,1,1,0,0,1,0,0.,0.,1.5,1.5,1.,1.,426.2,200.,-457.2,426.2,        2459P   3423
215.,-457.2,0.,1.5,0.,0.,0.;                                        2459P   3424
126,1,1,0,0,1,0,-55.88,-55.88,0.,0.,1.,1.,426.2,215.,101.6,         2461P   3425
426.2,215.,-457.2,-55.88,0.,0.,0.,0.;                               2461P   3426
126,1,1,0,0,1,0,0.,0.,1.5,1.5,1.,1.,426.2,200.,101.6,426.2,215.,    2463P   3427
101.6,0.,1.5,0.,0.,0.;                                              2463P   3428
126,1,1,0,0,1,0,0.,0.,32.46,32.46,1.,1.,426.2,200.,101.6,101.6,     2465P   3429
200.,101.6,0.,32.46,0.,0.,0.;                                       2465P   3430
126,1,1,0,0,1,0,-32.46,-32.46,0.,0.,1.,1.,101.6,215.,101.6,         2467P   3431
426.2,215.,101.6,-32.46,0.,0.,0.,0.;                                2467P   3432
126,1,1,0,0,1,0,0.,0.,1.5,1.5,1.,1.,101.6,200.,101.6,101.6,215.,    2469P   3433
101.6,0.,1.5,0.,0.,0.;                                              2469P   3434
126,1,1,0,0,1,0,0.,0.,32.46,32.46,1.,1.,101.6,200.,101.6,101.6,     2471P   3435
200.,426.2,0.,32.46,0.,0.,0.;                                       2471P   3436
126,1,1,0,0,1,0,-32.46,-32.46,0.,0.,1.,1.,101.6,215.,426.2,         2473P   3437
101.6,215.,101.6,-32.46,0.,0.,0.,0.;                                2473P   3438
126,1,1,0,0,1,0,0.,0.,1.5,1.5,1.,1.,101.6,200.,426.2,101.6,215.,    2475P   3439
426.2,0.,1.5,0.,0.,0.;                                              2475P   3440
126,1,1,0,0,1,0,0.,0.,55.88,55.88,1.,1.,-457.2,200.,426.2,101.6,    2477P   3441
200.,426.2,0.,55.88,0.,0.,0.;                                       2477P   3442
126,1,1,0,0,1,0,0.,0.,55.88,55.88,1.,1.,-457.2,215.,426.2,101.6,    2479P   3443
215.,426.2,0.,55.88,0.,0.,0.;                                       2479P   3444
126,1,1,0,0,1,0,0.,0.,1.5,1.5,1.,1.,-457.2,200.,426.2,-457.2,       2481P   3445
215.,426.2,0.,1.5,0.,0.,0.;                                         2481P   3446
126,1,1,0,0,1,0,0.,0.,75.7667492630521,75.7667492630521,1.,1.,      2483P   3447
-457.2,200.,426.2,-457.2,200.,-331.467492630521,0.,                 2483P   3448
75.7667492630521,0.,0.,0.;                                          2483P   3449
126,1,1,0,0,1,0,-75.7667492630521,-75.7667492630521,0.,0.,1.,1.,    2485P   3450
-457.2,215.,-331.467492630521,-457.2,215.,426.2,                    2485P   3451
-75.7667492630521,0.,0.,0.,0.;                                      2485P   3452
126,1,1,0,0,1,0,0.,0.,1.5,1.5,1.,1.,-457.2,200.,                    2487P   3453
-331.467492630521,-457.2,215.,-331.467492630521,0.,1.5,0.,0.,0.;    2487P   3454
126,1,1,0,0,1,0,0.,0.,17.78,17.78,1.,1.,-457.2,200.,                2489P   3455
-331.467492630521,-331.485336612693,200.,-457.2,0.,17.78,0.,0.,     2489P   3456
0.;                                                                 2489P   3457
126,1,1,0,0,1,0,-17.78,-17.78,0.,0.,1.,1.,-331.485336612693,        2491P   3458
215.,-457.2,-457.2,215.,-331.467492630521,-17.78,0.,0.,0.,0.;       2491P   3459
126,1,1,0,0,1,0,0.,0.,1.5,1.5,1.,1.,-331.485336612693,200.,         2493P   3460
-457.2,-331.485336612693,215.,-457.2,0.,1.5,0.,0.,0.;               2493P   3461
126,1,1,0,0,1,0,12.5714663387307,12.5714663387307,88.34,88.34,      2495P   3462
1.,1.,-331.485336612693,200.,-457.2,426.2,200.,-457.2,              2495P   3463
12.5714663387307,88.34,0.,0.,0.;                                    2495P   3464
126,1,1,0,0,1,0,-88.34,-88.34,-12.5714663387307,                    2497P   3465
-12.5714663387307,1.,1.,426.2,215.,-457.2,-331.485336612693,        2497P   3466
215.,-457.2,-88.34,-12.5714663387307,0.,0.,0.;                      2497P   3467
128,1,8,1,2,0,1,0,0,1,-1.5,-1.5,1.5,1.5,-3.14159265358979,          2499P   3468
-3.14159265358979,-3.14159265358979,-1.5707963267949,               2499P   3469
-1.5707963267949,0.,0.,1.5707963267949,1.5707963267949,             2499P   3470
3.14159265358979,3.14159265358979,3.14159265358979,1.,1.,           2499P   3471
0.707106781186548,0.707106781186548,1.,1.,0.707106781186548,        2499P   3472
0.707106781186548,1.,1.,0.707106781186548,0.707106781186548,1.,     2499P   3473
1.,0.707106781186548,0.707106781186548,1.,1.,-407.486506032707,     2499P   3474
15.,-365.800627555736,-407.486506032707,3.,-365.800627555736,       2499P   3475
-403.486506032707,15.,-365.800627555736,-403.486506032707,3.,       2499P   3476
-365.800627555736,-403.486506032707,15.,-361.800627555736,          2499P   3477
-403.486506032707,3.,-361.800627555736,-403.486506032707,15.,       2499P   3478
-357.800627555736,-403.486506032707,3.,-357.800627555736,           2499P   3479
-407.486506032707,15.,-357.800627555736,-407.486506032707,3.,       2499P   3480
-357.800627555736,-411.486506032707,15.,-357.800627555736,          2499P   3481
-411.486506032707,3.,-357.800627555736,-411.486506032707,15.,       2499P   3482
-361.800627555736,-411.486506032707,3.,-361.800627555736,           2499P   3483
-411.486506032707,15.,-365.800627555736,-411.486506032707,3.,       2499P   3484
-365.800627555736,-407.486506032707,15.,-365.800627555736,          2499P   3485
-407.486506032707,3.,-365.800627555736,-1.5,1.5,                    2499P   3486
-3.14159265358979,3.14159265358979;                                 2499P   3487
128,1,1,1,1,0,0,1,0,0,-0.400999999999999,-0.400999999999999,        2501P   3488
0.400999999999999,0.400999999999999,-0.400999999999999,             2501P   3489
-0.400999999999999,0.400999999999999,0.400999999999999,1.,1.,1.,    2501P   3490
1.,-403.476506032707,3.,-357.790627555736,-403.476506032707,3.,     2501P   3491
-365.810627555736,-411.496506032707,3.,-357.790627555736,           2501P   3492
-411.496506032707,3.,-365.810627555736,-0.400999999999999,          2501P   3493
0.400999999999999,-0.400999999999999,0.400999999999999;             2501P   3494
128,1,8,1,2,0,1,0,0,1,-1.5,-1.5,1.5,1.5,-3.14159265358979,          2503P   3495
-3.14159265358979,-3.14159265358979,-1.5707963267949,               2503P   3496
-1.5707963267949,0.,0.,1.5707963267949,1.5707963267949,             2503P   3497
3.14159265358979,3.14159265358979,3.14159265358979,1.,1.,           2503P   3498
0.707106781186548,0.707106781186548,1.,1.,0.707106781186548,        2503P   3499
0.707106781186548,1.,1.,0.707106781186548,0.707106781186548,1.,     2503P   3500
1.,0.707106781186548,0.707106781186548,1.,1.,-449.7,15.,            2503P   3501
-116.1425,-449.7,3.,-116.1425,-445.7,15.,-116.1425,-445.7,3.,       2503P   3502
-116.1425,-445.7,15.,-112.1425,-445.7,3.,-112.1425,-445.7,15.,      2503P   3503
-108.1425,-445.7,3.,-108.1425,-449.7,15.,-108.1425,-449.7,3.,       2503P   3504
-108.1425,-453.7,15.,-108.1425,-453.7,3.,-108.1425,-453.7,15.,      2503P   3505
-112.1425,-453.7,3.,-112.1425,-453.7,15.,-116.1425,-453.7,3.,       2503P   3506
-116.1425,-449.7,15.,-116.1425,-449.7,3.,-116.1425,-1.5,1.5,        2503P   3507
-3.14159265358979,3.14159265358979;                                 2503P   3508
128,1,1,1,1,0,0,1,0,0,-0.401,-0.401,0.401,0.401,                    2505P   3509
-0.400999999999999,-0.400999999999999,0.400999999999999,            2505P   3510
0.400999999999999,1.,1.,1.,1.,-445.69,3.,-108.1325,-445.69,3.,      2505P   3511
-116.1525,-453.71,3.,-108.1325,-453.71,3.,-116.1525,-0.401,         2505P   3512
0.401,-0.400999999999999,0.400999999999999;                         2505P   3513
128,1,8,1,2,0,1,0,0,1,-1.5,-1.5,1.5,1.5,-3.14159265358979,          2507P   3514
-3.14159265358979,-3.14159265358979,-1.5707963267949,               2507P   3515
-1.5707963267949,0.,0.,1.5707963267949,1.5707963267949,             2507P   3516
3.14159265358979,3.14159265358979,3.14159265358979,1.,1.,           2507P   3517
0.707106781186548,0.707106781186548,1.,1.,0.707106781186548,        2507P   3518
0.707106781186548,1.,1.,0.707106781186548,0.707106781186548,1.,     2507P   3519
1.,0.707106781186548,0.707106781186548,1.,1.,-449.7,15.,            2507P   3520
203.8575,-449.7,3.,203.8575,-445.7,15.,203.8575,-445.7,3.,          2507P   3521
203.8575,-445.7,15.,207.8575,-445.7,3.,207.8575,-445.7,15.,         2507P   3522
211.8575,-445.7,3.,211.8575,-449.7,15.,211.8575,-449.7,3.,          2507P   3523
211.8575,-453.7,15.,211.8575,-453.7,3.,211.8575,-453.7,15.,         2507P   3524
207.8575,-453.7,3.,207.8575,-453.7,15.,203.8575,-453.7,3.,          2507P   3525
203.8575,-449.7,15.,203.8575,-449.7,3.,203.8575,-1.5,1.5,           2507P   3526
-3.14159265358979,3.14159265358979;                                 2507P   3527
128,1,1,1,1,0,0,1,0,0,-0.400999999999999,-0.400999999999999,        2509P   3528
0.400999999999999,0.400999999999999,-0.400999999999999,             2509P   3529
-0.400999999999999,0.400999999999999,0.400999999999999,1.,1.,1.,    2509P   3530
1.,-445.69,3.,211.8675,-445.69,3.,203.8475,-453.71,3.,211.8675,     2509P   3531
-453.71,3.,203.8475,-0.400999999999999,0.400999999999999,           2509P   3532
-0.400999999999999,0.400999999999999;                               2509P   3533
128,1,8,1,2,0,1,0,0,1,-1.5,-1.5,1.5,1.5,-3.14159265358979,          2511P   3534
-3.14159265358979,-3.14159265358979,-1.5707963267949,               2511P   3535
-1.5707963267949,0.,0.,1.5707963267949,1.5707963267949,             2511P   3536
3.14159265358979,3.14159265358979,3.14159265358979,1.,1.,           2511P   3537
0.707106781186548,0.707106781186548,1.,1.,0.707106781186548,        2511P   3538
0.707106781186548,1.,1.,0.707106781186548,0.707106781186548,1.,     2511P   3539
1.,0.707106781186548,0.707106781186548,1.,1.,-392.4,15.,445.7,      2511P   3540
-392.4,3.,445.7,-388.4,15.,445.7,-388.4,3.,445.7,-388.4,15.,        2511P   3541
449.7,-388.4,3.,449.7,-388.4,15.,453.7,-388.4,3.,453.7,-392.4,      2511P   3542
15.,453.7,-392.4,3.,453.7,-396.4,15.,453.7,-396.4,3.,453.7,         2511P   3543
-396.4,15.,449.7,-396.4,3.,449.7,-396.4,15.,445.7,-396.4,3.,        2511P   3544
445.7,-392.4,15.,445.7,-392.4,3.,445.7,-1.5,1.5,                    2511P   3545
-3.14159265358979,3.14159265358979;                                 2511P   3546
128,1,1,1,1,0,0,1,0,0,-0.400999999999999,-0.400999999999999,        2513P   3547
0.400999999999999,0.400999999999999,-0.400999999999999,             2513P   3548
-0.400999999999999,0.400999999999999,0.400999999999999,1.,1.,1.,    2513P   3549
1.,-388.39,3.,453.71,-388.39,3.,445.69,-396.41,3.,453.71,           2513P   3550
-396.41,3.,445.69,-0.400999999999999,0.400999999999999,             2513P   3551
-0.400999999999999,0.400999999999999;                               2513P   3552
128,1,8,1,2,0,1,0,0,1,-1.5,-1.5,1.5,1.5,-3.14159265358979,          2515P   3553
-3.14159265358979,-3.14159265358979,-1.5707963267949,               2515P   3554
-1.5707963267949,0.,0.,1.5707963267949,1.5707963267949,             2515P   3555
3.14159265358979,3.14159265358979,3.14159265358979,1.,1.,           2515P   3556
0.707106781186548,0.707106781186548,1.,1.,0.707106781186548,        2515P   3557
0.707106781186548,1.,1.,0.707106781186548,0.707106781186548,1.,     2515P   3558
1.,0.707106781186548,0.707106781186548,1.,1.,-72.3999999999999,     2515P   3559
15.,445.7,-72.3999999999999,3.,445.7,-68.4,15.,445.7,-68.4,3.,      2515P   3560
445.7,-68.4,15.,449.7,-68.4,3.,449.7,-68.4,15.,453.7,-68.4,3.,      2515P   3561
453.7,-72.3999999999999,15.,453.7,-72.3999999999999,3.,453.7,       2515P   3562
-76.3999999999999,15.,453.7,-76.3999999999999,3.,453.7,             2515P   3563
-76.3999999999999,15.,449.7,-76.3999999999999,3.,449.7,             2515P   3564
-76.3999999999999,15.,445.7,-76.3999999999999,3.,445.7,             2515P   3565
-72.3999999999999,15.,445.7,-72.3999999999999,3.,445.7,-1.5,1.5,    2515P   3566
-3.14159265358979,3.14159265358979;                                 2515P   3567
128,1,1,1,1,0,0,1,0,0,-0.400999999999999,-0.400999999999999,        2517P   3568
0.400999999999999,0.400999999999999,-0.401,-0.401,0.401,0.401,      2517P   3569
1.,1.,1.,1.,-68.3899999999999,3.,453.71,-68.3899999999999,3.,       2517P   3570
445.69,-76.41,3.,453.71,-76.41,3.,445.69,-0.400999999999999,        2517P   3571
0.400999999999999,-0.401,0.401;                                     2517P   3572
128,1,8,1,2,0,1,0,0,1,-1.5,-1.5,1.5,1.5,-3.14159265358979,          2519P   3573
-3.14159265358979,-3.14159265358979,-1.5707963267949,               2519P   3574
-1.5707963267949,0.,0.,1.5707963267949,1.5707963267949,             2519P   3575
3.14159265358979,3.14159265358979,3.14159265358979,1.,1.,           2519P   3576
0.707106781186548,0.707106781186548,1.,1.,0.707106781186548,        2519P   3577
0.707106781186548,1.,1.,0.707106781186548,0.707106781186548,1.,     2519P   3578
1.,0.707106781186548,0.707106781186548,1.,1.,449.7,15.,83.6,        2519P   3579
449.7,3.,83.6,453.7,15.,83.6,453.7,3.,83.6,453.7,15.,87.6,453.7,    2519P   3580
3.,87.6,453.7,15.,91.6,453.7,3.,91.6,449.7,15.,91.6,449.7,3.,       2519P   3581
91.6,445.7,15.,91.6,445.7,3.,91.6,445.7,15.,87.6,445.7,3.,87.6,     2519P   3582
445.7,15.,83.6,445.7,3.,83.6,449.7,15.,83.6,449.7,3.,83.6,-1.5,     2519P   3583
1.5,-3.14159265358979,3.14159265358979;                             2519P   3584
128,1,1,1,1,0,0,1,0,0,-0.401,-0.401,0.401,0.401,                    2521P   3585
-0.400999999999999,-0.400999999999999,0.400999999999999,            2521P   3586
0.400999999999999,1.,1.,1.,1.,453.71,3.,91.61,453.71,3.,83.59,      2521P   3587
445.69,3.,91.61,445.69,3.,83.59,-0.401,0.401,-0.400999999999999,    2521P   3588
0.400999999999999;                                                  2521P   3589
128,1,8,1,2,0,1,0,0,1,-1.5,-1.5,1.5,1.5,-3.14159265358979,          2523P   3590
-3.14159265358979,-3.14159265358979,-1.5707963267949,               2523P   3591
-1.5707963267949,0.,0.,1.5707963267949,1.5707963267949,             2523P   3592
3.14159265358979,3.14159265358979,3.14159265358979,1.,1.,           2523P   3593
0.707106781186548,0.707106781186548,1.,1.,0.707106781186548,        2523P   3594
0.707106781186548,1.,1.,0.707106781186548,0.707106781186548,1.,     2523P   3595
1.,0.707106781186548,0.707106781186548,1.,1.,449.7,15.,-236.4,      2523P   3596
449.7,3.,-236.4,453.7,15.,-236.4,453.7,3.,-236.4,453.7,15.,         2523P   3597
-232.4,453.7,3.,-232.4,453.7,15.,-228.4,453.7,3.,-228.4,449.7,      2523P   3598
15.,-228.4,449.7,3.,-228.4,445.7,15.,-228.4,445.7,3.,-228.4,        2523P   3599
445.7,15.,-232.4,445.7,3.,-232.4,445.7,15.,-236.4,445.7,3.,         2523P   3600
-236.4,449.7,15.,-236.4,449.7,3.,-236.4,-1.5,1.5,                   2523P   3601
-3.14159265358979,3.14159265358979;                                 2523P   3602
128,1,1,1,1,0,0,1,0,0,-0.400999999999999,-0.400999999999999,        2525P   3603
0.400999999999999,0.400999999999999,-0.400999999999999,             2525P   3604
-0.400999999999999,0.400999999999999,0.400999999999999,1.,1.,1.,    2525P   3605
1.,453.71,3.,-228.39,453.71,3.,-236.41,445.69,3.,-228.39,445.69,    2525P   3606
3.,-236.41,-0.400999999999999,0.400999999999999,                    2525P   3607
-0.400999999999999,0.400999999999999;                               2525P   3608
128,1,8,1,2,0,1,0,0,1,-1.5,-1.5,1.5,1.5,-3.14159265358979,          2527P   3609
-3.14159265358979,-3.14159265358979,-1.5707963267949,               2527P   3610
-1.5707963267949,0.,0.,1.5707963267949,1.5707963267949,             2527P   3611
3.14159265358979,3.14159265358979,3.14159265358979,1.,1.,           2527P   3612
0.707106781186548,0.707106781186548,1.,1.,0.707106781186548,        2527P   3613
0.707106781186548,1.,1.,0.707106781186548,0.707106781186548,1.,     2527P   3614
1.,0.707106781186548,0.707106781186548,1.,1.,367.8575,15.,          2527P   3615
-453.7,367.8575,3.,-453.7,371.8575,15.,-453.7,371.8575,3.,          2527P   3616
-453.7,371.8575,15.,-449.7,371.8575,3.,-449.7,371.8575,15.,         2527P   3617
-445.7,371.8575,3.,-445.7,367.8575,15.,-445.7,367.8575,3.,          2527P   3618
-445.7,363.8575,15.,-445.7,363.8575,3.,-445.7,363.8575,15.,         2527P   3619
-449.7,363.8575,3.,-449.7,363.8575,15.,-453.7,363.8575,3.,          2527P   3620
-453.7,367.8575,15.,-453.7,367.8575,3.,-453.7,-1.5,1.5,             2527P   3621
-3.14159265358979,3.14159265358979;                                 2527P   3622
128,1,1,1,1,0,0,1,0,0,-0.400999999999999,-0.400999999999999,        2529P   3623
0.400999999999999,0.400999999999999,-0.400999999999999,             2529P   3624
-0.400999999999999,0.400999999999999,0.400999999999999,1.,1.,1.,    2529P   3625
1.,371.8675,3.,-445.69,371.8675,3.,-453.71,363.8475,3.,-445.69,     2529P   3626
363.8475,3.,-453.71,-0.400999999999999,0.400999999999999,           2529P   3627
-0.400999999999999,0.400999999999999;                               2529P   3628
128,1,8,1,2,0,1,0,0,1,-1.5,-1.5,1.5,1.5,-3.14159265358979,          2531P   3629
-3.14159265358979,-3.14159265358979,-1.5707963267949,               2531P   3630
-1.5707963267949,0.,0.,1.5707963267949,1.5707963267949,             2531P   3631
3.14159265358979,3.14159265358979,3.14159265358979,1.,1.,           2531P   3632
0.707106781186548,0.707106781186548,1.,1.,0.707106781186548,        2531P   3633
0.707106781186548,1.,1.,0.707106781186548,0.707106781186548,1.,     2531P   3634
1.,0.707106781186548,0.707106781186548,1.,1.,47.8575,15.,-453.7,    2531P   3635
47.8575,3.,-453.7,51.8575,15.,-453.7,51.8575,3.,-453.7,51.8575,     2531P   3636
15.,-449.7,51.8575,3.,-449.7,51.8575,15.,-445.7,51.8575,3.,         2531P   3637
-445.7,47.8575,15.,-445.7,47.8575,3.,-445.7,43.8575,15.,-445.7,     2531P   3638
43.8575,3.,-445.7,43.8575,15.,-449.7,43.8575,3.,-449.7,43.8575,     2531P   3639
15.,-453.7,43.8575,3.,-453.7,47.8575,15.,-453.7,47.8575,3.,         2531P   3640
-453.7,-1.5,1.5,-3.14159265358979,3.14159265358979;                 2531P   3641
128,1,1,1,1,0,0,1,0,0,-0.400999999999999,-0.400999999999999,        2533P   3642
0.400999999999999,0.400999999999999,-0.401,-0.401,0.401,0.401,      2533P   3643
1.,1.,1.,1.,51.8675,3.,-445.69,51.8675,3.,-453.71,43.8475,3.,       2533P   3644
-445.69,43.8475,3.,-453.71,-0.400999999999999,0.400999999999999,    2533P   3645
-0.401,0.401;                                                       2533P   3646
128,1,8,1,2,0,1,0,0,1,-1.5,-1.5,1.5,1.5,-3.14159265358979,          2535P   3647
-3.14159265358979,-3.14159265358979,-1.5707963267949,               2535P   3648
-1.5707963267949,0.,0.,1.5707963267949,1.5707963267949,             2535P   3649
3.14159265358979,3.14159265358979,3.14159265358979,1.,1.,           2535P   3650
0.707106781186548,0.707106781186548,1.,1.,0.707106781186548,        2535P   3651
0.707106781186548,1.,1.,0.707106781186548,0.707106781186548,1.,     2535P   3652
1.,0.707106781186548,0.707106781186548,1.,1.,-272.1425,15.,         2535P   3653
-453.7,-272.1425,3.,-453.7,-268.1425,15.,-453.7,-268.1425,3.,       2535P   3654
-453.7,-268.1425,15.,-449.7,-268.1425,3.,-449.7,-268.1425,15.,      2535P   3655
-445.7,-268.1425,3.,-445.7,-272.1425,15.,-445.7,-272.1425,3.,       2535P   3656
-445.7,-276.1425,15.,-445.7,-276.1425,3.,-445.7,-276.1425,15.,      2535P   3657
-449.7,-276.1425,3.,-449.7,-276.1425,15.,-453.7,-276.1425,3.,       2535P   3658
-453.7,-272.1425,15.,-453.7,-272.1425,3.,-453.7,-1.5,1.5,           2535P   3659
-3.14159265358979,3.14159265358979;                                 2535P   3660
128,1,1,1,1,0,0,1,0,0,-0.400999999999999,-0.400999999999999,        2537P   3661
0.400999999999999,0.400999999999999,-0.400999999999999,             2537P   3662
-0.400999999999999,0.400999999999999,0.400999999999999,1.,1.,1.,    2537P   3663
1.,-268.1325,3.,-445.69,-268.1325,3.,-453.71,-276.1525,3.,          2537P   3664
-445.69,-276.1525,3.,-453.71,-0.400999999999999,                    2537P   3665
0.400999999999999,-0.400999999999999,0.400999999999999;             2537P   3666
128,1,8,1,2,0,1,0,0,1,-1.5,-1.5,1.5,1.5,-3.14159265358979,          2539P   3667
-3.14159265358979,-3.14159265358979,-1.5707963267949,               2539P   3668
-1.5707963267949,0.,0.,1.5707963267949,1.5707963267949,             2539P   3669
3.14159265358979,3.14159265358979,3.14159265358979,1.,1.,           2539P   3670
0.707106781186548,0.707106781186548,1.,1.,0.707106781186548,        2539P   3671
0.707106781186548,1.,1.,0.707106781186548,0.707106781186548,1.,     2539P   3672
1.,0.707106781186548,0.707106781186548,1.,1.,-112.1425,15.,         2539P   3673
-453.7,-112.1425,3.,-453.7,-108.1425,15.,-453.7,-108.1425,3.,       2539P   3674
-453.7,-108.1425,15.,-449.7,-108.1425,3.,-449.7,-108.1425,15.,      2539P   3675
-445.7,-108.1425,3.,-445.7,-112.1425,15.,-445.7,-112.1425,3.,       2539P   3676
-445.7,-116.1425,15.,-445.7,-116.1425,3.,-445.7,-116.1425,15.,      2539P   3677
-449.7,-116.1425,3.,-449.7,-116.1425,15.,-453.7,-116.1425,3.,       2539P   3678
-453.7,-112.1425,15.,-453.7,-112.1425,3.,-453.7,-1.5,1.5,           2539P   3679
-3.14159265358979,3.14159265358979;                                 2539P   3680
128,1,1,1,1,0,0,1,0,0,-0.400999999999999,-0.400999999999999,        2541P   3681
0.400999999999999,0.400999999999999,-0.401,-0.401,0.401,0.401,      2541P   3682
1.,1.,1.,1.,-108.1325,3.,-445.69,-108.1325,3.,-453.71,-116.1525,    2541P   3683
3.,-445.69,-116.1525,3.,-453.71,-0.400999999999999,                 2541P   3684
0.400999999999999,-0.401,0.401;                                     2541P   3685
128,1,8,1,2,0,1,0,0,1,-1.5,-1.5,1.5,1.5,-3.14159265358979,          2543P   3686
-3.14159265358979,-3.14159265358979,-1.5707963267949,               2543P   3687
-1.5707963267949,0.,0.,1.5707963267949,1.5707963267949,             2543P   3688
3.14159265358979,3.14159265358979,3.14159265358979,1.,1.,           2543P   3689
0.707106781186548,0.707106781186548,1.,1.,0.707106781186548,        2543P   3690
0.707106781186548,1.,1.,0.707106781186548,0.707106781186548,1.,     2543P   3691
1.,0.707106781186548,0.707106781186548,1.,1.,207.8575,15.,          2543P   3692
-453.7,207.8575,3.,-453.7,211.8575,15.,-453.7,211.8575,3.,          2543P   3693
-453.7,211.8575,15.,-449.7,211.8575,3.,-449.7,211.8575,15.,         2543P   3694
-445.7,211.8575,3.,-445.7,207.8575,15.,-445.7,207.8575,3.,          2543P   3695
-445.7,203.8575,15.,-445.7,203.8575,3.,-445.7,203.8575,15.,         2543P   3696
-449.7,203.8575,3.,-449.7,203.8575,15.,-453.7,203.8575,3.,          2543P   3697
-453.7,207.8575,15.,-453.7,207.8575,3.,-453.7,-1.5,1.5,             2543P   3698
-3.14159265358979,3.14159265358979;                                 2543P   3699
128,1,1,1,1,0,0,1,0,0,-0.400999999999999,-0.400999999999999,        2545P   3700
0.400999999999999,0.400999999999999,-0.400999999999999,             2545P   3701
-0.400999999999999,0.400999999999999,0.400999999999999,1.,1.,1.,    2545P   3702
1.,211.8675,3.,-445.69,211.8675,3.,-453.71,203.8475,3.,-445.69,     2545P   3703
203.8475,3.,-453.71,-0.400999999999999,0.400999999999999,           2545P   3704
-0.400999999999999,0.400999999999999;                               2545P   3705
128,1,8,1,2,0,1,0,0,1,-1.5,-1.5,1.5,1.5,-3.14159265358979,          2547P   3706
-3.14159265358979,-3.14159265358979,-1.5707963267949,               2547P   3707
-1.5707963267949,0.,0.,1.5707963267949,1.5707963267949,             2547P   3708
3.14159265358979,3.14159265358979,3.14159265358979,1.,1.,           2547P   3709
0.707106781186548,0.707106781186548,1.,1.,0.707106781186548,        2547P   3710
0.707106781186548,1.,1.,0.707106781186548,0.707106781186548,1.,     2547P   3711
1.,0.707106781186548,0.707106781186548,1.,1.,449.7,15.,-396.4,      2547P   3712
449.7,3.,-396.4,453.7,15.,-396.4,453.7,3.,-396.4,453.7,15.,         2547P   3713
-392.4,453.7,3.,-392.4,453.7,15.,-388.4,453.7,3.,-388.4,449.7,      2547P   3714
15.,-388.4,449.7,3.,-388.4,445.7,15.,-388.4,445.7,3.,-388.4,        2547P   3715
445.7,15.,-392.4,445.7,3.,-392.4,445.7,15.,-396.4,445.7,3.,         2547P   3716
-396.4,449.7,15.,-396.4,449.7,3.,-396.4,-1.5,1.5,                   2547P   3717
-3.14159265358979,3.14159265358979;                                 2547P   3718
128,1,1,1,1,0,0,1,0,0,-0.400999999999999,-0.400999999999999,        2549P   3719
0.400999999999999,0.400999999999999,-0.400999999999999,             2549P   3720
-0.400999999999999,0.400999999999999,0.400999999999999,1.,1.,1.,    2549P   3721
1.,453.71,3.,-388.39,453.71,3.,-396.41,445.69,3.,-388.39,445.69,    2549P   3722
3.,-396.41,-0.400999999999999,0.400999999999999,                    2549P   3723
-0.400999999999999,0.400999999999999;                               2549P   3724
128,1,8,1,2,0,1,0,0,1,-1.5,-1.5,1.5,1.5,-3.14159265358979,          2551P   3725
-3.14159265358979,-3.14159265358979,-1.5707963267949,               2551P   3726
-1.5707963267949,0.,0.,1.5707963267949,1.5707963267949,             2551P   3727
3.14159265358979,3.14159265358979,3.14159265358979,1.,1.,           2551P   3728
0.707106781186548,0.707106781186548,1.,1.,0.707106781186548,        2551P   3729
0.707106781186548,1.,1.,0.707106781186548,0.707106781186548,1.,     2551P   3730
1.,0.707106781186548,0.707106781186548,1.,1.,449.7,15.,-76.4,       2551P   3731
449.7,3.,-76.4,453.7,15.,-76.4,453.7,3.,-76.4,453.7,15.,-72.4,      2551P   3732
453.7,3.,-72.4,453.7,15.,-68.4,453.7,3.,-68.4,449.7,15.,-68.4,      2551P   3733
449.7,3.,-68.4,445.7,15.,-68.4,445.7,3.,-68.4,445.7,15.,-72.4,      2551P   3734
445.7,3.,-72.4,445.7,15.,-76.4,445.7,3.,-76.4,449.7,15.,-76.4,      2551P   3735
449.7,3.,-76.4,-1.5,1.5,-3.14159265358979,3.14159265358979;         2551P   3736
128,1,1,1,1,0,0,1,0,0,-0.401,-0.401,0.401,0.401,                    2553P   3737
-0.400999999999999,-0.400999999999999,0.400999999999999,            2553P   3738
0.400999999999999,1.,1.,1.,1.,453.71,3.,-68.39,453.71,3.,-76.41,    2553P   3739
445.69,3.,-68.39,445.69,3.,-76.41,-0.401,0.401,                     2553P   3740
-0.400999999999999,0.400999999999999;                               2553P   3741
128,1,8,1,2,0,1,0,0,1,-1.5,-1.5,1.5,1.5,-3.14159265358979,          2555P   3742
-3.14159265358979,-3.14159265358979,-1.5707963267949,               2555P   3743
-1.5707963267949,0.,0.,1.5707963267949,1.5707963267949,             2555P   3744
3.14159265358979,3.14159265358979,3.14159265358979,1.,1.,           2555P   3745
0.707106781186548,0.707106781186548,1.,1.,0.707106781186548,        2555P   3746
0.707106781186548,1.,1.,0.707106781186548,0.707106781186548,1.,     2555P   3747
1.,0.707106781186548,0.707106781186548,1.,1.,87.6000000000001,      2555P   3748
15.,445.7,87.6000000000001,3.,445.7,91.6,15.,445.7,91.6,3.,         2555P   3749
445.7,91.6,15.,449.7,91.6,3.,449.7,91.6,15.,453.7,91.6,3.,453.7,    2555P   3750
87.6000000000001,15.,453.7,87.6000000000001,3.,453.7,               2555P   3751
83.6000000000001,15.,453.7,83.6000000000001,3.,453.7,               2555P   3752
83.6000000000001,15.,449.7,83.6000000000001,3.,449.7,               2555P   3753
83.6000000000001,15.,445.7,83.6000000000001,3.,445.7,               2555P   3754
87.6000000000001,15.,445.7,87.6000000000001,3.,445.7,-1.5,1.5,      2555P   3755
-3.14159265358979,3.14159265358979;                                 2555P   3756
128,1,1,1,1,0,0,1,0,0,-0.400999999999999,-0.400999999999999,        2557P   3757
0.400999999999999,0.400999999999999,-0.401,-0.401,0.401,0.401,      2557P   3758
1.,1.,1.,1.,91.61,3.,453.71,91.61,3.,445.69,83.5900000000001,3.,    2557P   3759
453.71,83.5900000000001,3.,445.69,-0.400999999999999,               2557P   3760
0.400999999999999,-0.401,0.401;                                     2557P   3761
128,1,8,1,2,0,1,0,0,1,-1.5,-1.5,1.5,1.5,-3.14159265358979,          2559P   3762
-3.14159265358979,-3.14159265358979,-1.5707963267949,               2559P   3763
-1.5707963267949,0.,0.,1.5707963267949,1.5707963267949,             2559P   3764
3.14159265358979,3.14159265358979,3.14159265358979,1.,1.,           2559P   3765
0.707106781186548,0.707106781186548,1.,1.,0.707106781186548,        2559P   3766
0.707106781186548,1.,1.,0.707106781186548,0.707106781186548,1.,     2559P   3767
1.,0.707106781186548,0.707106781186548,1.,1.,-232.4,15.,445.7,      2559P   3768
-232.4,3.,445.7,-228.4,15.,445.7,-228.4,3.,445.7,-228.4,15.,        2559P   3769
449.7,-228.4,3.,449.7,-228.4,15.,453.7,-228.4,3.,453.7,-232.4,      2559P   3770
15.,453.7,-232.4,3.,453.7,-236.4,15.,453.7,-236.4,3.,453.7,         2559P   3771
-236.4,15.,449.7,-236.4,3.,449.7,-236.4,15.,445.7,-236.4,3.,        2559P   3772
445.7,-232.4,15.,445.7,-232.4,3.,445.7,-1.5,1.5,                    2559P   3773
-3.14159265358979,3.14159265358979;                                 2559P   3774
128,1,1,1,1,0,0,1,0,0,-0.400999999999999,-0.400999999999999,        2561P   3775
0.400999999999999,0.400999999999999,-0.400999999999999,             2561P   3776
-0.400999999999999,0.400999999999999,0.400999999999999,1.,1.,1.,    2561P   3777
1.,-228.39,3.,453.71,-228.39,3.,445.69,-236.41,3.,453.71,           2561P   3778
-236.41,3.,445.69,-0.400999999999999,0.400999999999999,             2561P   3779
-0.400999999999999,0.400999999999999;                               2561P   3780
128,1,8,1,2,0,1,0,0,1,-1.5,-1.5,1.5,1.5,-3.14159265358979,          2563P   3781
-3.14159265358979,-3.14159265358979,-1.5707963267949,               2563P   3782
-1.5707963267949,0.,0.,1.5707963267949,1.5707963267949,             2563P   3783
3.14159265358979,3.14159265358979,3.14159265358979,1.,1.,           2563P   3784
0.707106781186548,0.707106781186548,1.,1.,0.707106781186548,        2563P   3785
0.707106781186548,1.,1.,0.707106781186548,0.707106781186548,1.,     2563P   3786
1.,0.707106781186548,0.707106781186548,1.,1.,-449.7,15.,            2563P   3787
363.8575,-449.7,3.,363.8575,-445.7,15.,363.8575,-445.7,3.,          2563P   3788
363.8575,-445.7,15.,367.8575,-445.7,3.,367.8575,-445.7,15.,         2563P   3789
371.8575,-445.7,3.,371.8575,-449.7,15.,371.8575,-449.7,3.,          2563P   3790
371.8575,-453.7,15.,371.8575,-453.7,3.,371.8575,-453.7,15.,         2563P   3791
367.8575,-453.7,3.,367.8575,-453.7,15.,363.8575,-453.7,3.,          2563P   3792
363.8575,-449.7,15.,363.8575,-449.7,3.,363.8575,-1.5,1.5,           2563P   3793
-3.14159265358979,3.14159265358979;                                 2563P   3794
128,1,1,1,1,0,0,1,0,0,-0.400999999999999,-0.400999999999999,        2565P   3795
0.400999999999999,0.400999999999999,-0.400999999999999,             2565P   3796
-0.400999999999999,0.400999999999999,0.400999999999999,1.,1.,1.,    2565P   3797
1.,-445.69,3.,371.8675,-445.69,3.,363.8475,-453.71,3.,371.8675,     2565P   3798
-453.71,3.,363.8475,-0.400999999999999,0.400999999999999,           2565P   3799
-0.400999999999999,0.400999999999999;                               2565P   3800
128,1,8,1,2,0,1,0,0,1,-1.5,-1.5,1.5,1.5,-3.14159265358979,          2567P   3801
-3.14159265358979,-3.14159265358979,-1.5707963267949,               2567P   3802
-1.5707963267949,0.,0.,1.5707963267949,1.5707963267949,             2567P   3803
3.14159265358979,3.14159265358979,3.14159265358979,1.,1.,           2567P   3804
0.707106781186548,0.707106781186548,1.,1.,0.707106781186548,        2567P   3805
0.707106781186548,1.,1.,0.707106781186548,0.707106781186548,1.,     2567P   3806
1.,0.707106781186548,0.707106781186548,1.,1.,-449.7,15.,43.8575,    2567P   3807
-449.7,3.,43.8575,-445.7,15.,43.8575,-445.7,3.,43.8575,-445.7,      2567P   3808
15.,47.8575,-445.7,3.,47.8575,-445.7,15.,51.8575,-445.7,3.,         2567P   3809
51.8575,-449.7,15.,51.8575,-449.7,3.,51.8575,-453.7,15.,51.8575,    2567P   3810
-453.7,3.,51.8575,-453.7,15.,47.8575,-453.7,3.,47.8575,-453.7,      2567P   3811
15.,43.8575,-453.7,3.,43.8575,-449.7,15.,43.8575,-449.7,3.,         2567P   3812
43.8575,-1.5,1.5,-3.14159265358979,3.14159265358979;                2567P   3813
128,1,1,1,1,0,0,1,0,0,-0.401,-0.401,0.401,0.401,                    2569P   3814
-0.400999999999999,-0.400999999999999,0.400999999999999,            2569P   3815
0.400999999999999,1.,1.,1.,1.,-445.69,3.,51.8675,-445.69,3.,        2569P   3816
43.8475,-453.71,3.,51.8675,-453.71,3.,43.8475,-0.401,0.401,         2569P   3817
-0.400999999999999,0.400999999999999;                               2569P   3818
128,1,8,1,2,0,1,0,0,1,-1.5,-1.5,1.5,1.5,-3.14159265358979,          2571P   3819
-3.14159265358979,-3.14159265358979,-1.5707963267949,               2571P   3820
-1.5707963267949,0.,0.,1.5707963267949,1.5707963267949,             2571P   3821
3.14159265358979,3.14159265358979,3.14159265358979,1.,1.,           2571P   3822
0.707106781186548,0.707106781186548,1.,1.,0.707106781186548,        2571P   3823
0.707106781186548,1.,1.,0.707106781186548,0.707106781186548,1.,     2571P   3824
1.,0.707106781186548,0.707106781186548,1.,1.,-449.7,15.,            2571P   3825
-276.1425,-449.7,3.,-276.1425,-445.7,15.,-276.1425,-445.7,3.,       2571P   3826
-276.1425,-445.7,15.,-272.1425,-445.7,3.,-272.1425,-445.7,15.,      2571P   3827
-268.1425,-445.7,3.,-268.1425,-449.7,15.,-268.1425,-449.7,3.,       2571P   3828
-268.1425,-453.7,15.,-268.1425,-453.7,3.,-268.1425,-453.7,15.,      2571P   3829
-272.1425,-453.7,3.,-272.1425,-453.7,15.,-276.1425,-453.7,3.,       2571P   3830
-276.1425,-449.7,15.,-276.1425,-449.7,3.,-276.1425,-1.5,1.5,        2571P   3831
-3.14159265358979,3.14159265358979;                                 2571P   3832
128,1,1,1,1,0,0,1,0,0,-0.400999999999999,-0.400999999999999,        2573P   3833
0.400999999999999,0.400999999999999,-0.400999999999999,             2573P   3834
-0.400999999999999,0.400999999999999,0.400999999999999,1.,1.,1.,    2573P   3835
1.,-445.69,3.,-268.1325,-445.69,3.,-276.1525,-453.71,3.,            2573P   3836
-268.1325,-453.71,3.,-276.1525,-0.400999999999999,                  2573P   3837
0.400999999999999,-0.400999999999999,0.400999999999999;             2573P   3838
128,1,8,1,2,0,1,0,0,1,-1.5,-1.5,1.5,1.5,-3.14159265358979,          2575P   3839
-3.14159265358979,-3.14159265358979,-1.5707963267949,               2575P   3840
-1.5707963267949,0.,0.,1.5707963267949,1.5707963267949,             2575P   3841
3.14159265358979,3.14159265358979,3.14159265358979,1.,1.,           2575P   3842
0.707106781186548,0.707106781186548,1.,1.,0.707106781186548,        2575P   3843
0.707106781186548,1.,1.,0.707106781186548,0.707106781186548,1.,     2575P   3844
1.,0.707106781186548,0.707106781186548,1.,1.,-362.234883666072,     2575P   3845
15.,-411.058672953074,-362.234883666072,3.,-411.058672953074,       2575P   3846
-358.234883666072,15.,-411.058672953074,-358.234883666072,3.,       2575P   3847
-411.058672953074,-358.234883666072,15.,-407.058672953074,          2575P   3848
-358.234883666072,3.,-407.058672953074,-358.234883666072,15.,       2575P   3849
-403.058672953074,-358.234883666072,3.,-403.058672953074,           2575P   3850
-362.234883666072,15.,-403.058672953074,-362.234883666072,3.,       2575P   3851
-403.058672953074,-366.234883666072,15.,-403.058672953074,          2575P   3852
-366.234883666072,3.,-403.058672953074,-366.234883666072,15.,       2575P   3853
-407.058672953074,-366.234883666072,3.,-407.058672953074,           2575P   3854
-366.234883666072,15.,-411.058672953074,-366.234883666072,3.,       2575P   3855
-411.058672953074,-362.234883666072,15.,-411.058672953074,          2575P   3856
-362.234883666072,3.,-411.058672953074,-1.5,1.5,                    2575P   3857
-3.14159265358979,3.14159265358979;                                 2575P   3858
128,1,1,1,1,0,0,1,0,0,-0.400999999999999,-0.400999999999999,        2577P   3859
0.400999999999999,0.400999999999999,-0.400999999999999,             2577P   3860
-0.400999999999999,0.400999999999999,0.400999999999999,1.,1.,1.,    2577P   3861
1.,-358.224883666072,3.,-403.048672953074,-358.224883666072,3.,     2577P   3862
-411.068672953074,-366.244883666072,3.,-403.048672953074,           2577P   3863
-366.244883666072,3.,-411.068672953074,-0.400999999999999,          2577P   3864
0.400999999999999,-0.400999999999999,0.400999999999999;             2577P   3865
128,1,1,1,1,0,0,1,0,0,-0.001,-0.001,78.8677492630521,               2579P   3866
78.8677492630521,-0.001,-0.001,1.501,1.501,1.,1.,1.,1.,-457.2,      2579P   3867
-0.01,-331.477492630521,-457.2,-0.01,457.21,-457.2,15.01,           2579P   3868
-331.477492630521,-457.2,15.01,457.21,-0.001,78.8677492630521,      2579P   3869
-0.001,1.501;                                                       2579P   3870
128,1,1,1,1,0,0,1,0,0,-0.001,-0.001,17.781,17.781,-0.001,-0.001,    2581P   3871
1.501,1.501,1.,1.,1.,1.,-331.478266046698,-0.01,                    2581P   3872
-457.207071569593,-457.207070565995,-0.01,-331.460421060927,        2581P   3873
-331.478266046698,15.01,-457.207071569593,-457.207070565995,        2581P   3874
15.01,-331.460421060927,-0.001,17.781,-0.001,1.501;                 2581P   3875
128,1,1,1,1,0,0,1,0,0,-0.001,-0.001,78.8695336612693,               2583P   3876
78.8695336612693,-0.001,-0.001,1.501,1.501,1.,1.,1.,1.,457.21,      2583P   3877
-0.01,-457.2,-331.495336612693,-0.01,-457.2,457.21,15.01,-457.2,    2583P   3878
-331.495336612693,15.01,-457.2,-0.001,78.8695336612693,-0.001,      2583P   3879
1.501;                                                              2583P   3880
128,1,1,1,1,0,0,1,0,0,-0.001,-0.001,60.961,60.961,-0.001,-0.001,    2585P   3881
1.501,1.501,1.,1.,1.,1.,457.2,-0.01,152.41,457.2,-0.01,-457.21,     2585P   3882
457.2,15.01,152.41,457.2,15.01,-457.21,-0.001,60.961,-0.001,        2585P   3883
1.501;                                                              2585P   3884
128,1,1,1,1,0,0,1,0,0,-0.001,-0.001,30.481,30.481,-0.001,-0.001,    2587P   3885
1.501,1.501,1.,1.,1.,1.,152.39,-0.01,152.4,457.21,-0.01,152.4,      2587P   3886
152.39,15.01,152.4,457.21,15.01,152.4,-0.001,30.481,-0.001,         2587P   3887
1.501;                                                              2587P   3888
128,1,1,1,1,0,0,1,0,0,-0.001,-0.001,30.481,30.481,-0.001,-0.001,    2589P   3889
1.501,1.501,1.,1.,1.,1.,152.4,-0.01,457.21,152.4,-0.01,152.39,      2589P   3890
152.4,15.01,457.21,152.4,15.01,152.39,-0.001,30.481,-0.001,         2589P   3891
1.501;                                                              2589P   3892
128,1,1,1,1,0,0,1,0,0,-0.001,-0.001,60.961,60.961,-0.001,-0.001,    2591P   3893
1.501,1.501,1.,1.,1.,1.,-457.21,-0.01,457.2,152.41,-0.01,457.2,     2591P   3894
-457.21,15.01,457.2,152.41,15.01,457.2,-0.001,60.961,-0.001,        2591P   3895
1.501;                                                              2591P   3896
128,1,1,1,1,0,0,1,0,0,-45.721,-45.721,45.721,45.721,-45.721,        2593P   3897
-45.721,45.721,45.721,1.,1.,1.,1.,-457.21,15.,-457.21,-457.21,      2593P   3898
15.,457.21,457.21,15.,-457.21,457.21,15.,457.21,-45.721,45.721,     2593P   3899
-45.721,45.721;                                                     2593P   3900
128,1,1,1,1,0,0,1,0,0,-45.721,-45.721,45.721,45.721,-45.721,        2595P   3901
-45.721,45.721,45.721,1.,1.,1.,1.,457.21,0.,457.21,-457.21,0.,      2595P   3902
457.21,457.21,0.,-457.21,-457.21,0.,-457.21,-45.721,45.721,         2595P   3903
-45.721,45.721;                                                     2595P   3904
128,1,8,1,2,0,1,0,0,1,-2.5,-2.5,2.5,2.5,-3.14159265358979,          2597P   3905
-3.14159265358979,-3.14159265358979,-1.5707963267949,               2597P   3906
-1.5707963267949,0.,0.,1.5707963267949,1.5707963267949,             2597P   3907
3.14159265358979,3.14159265358979,3.14159265358979,1.,1.,           2597P   3908
0.707106781186548,0.707106781186548,1.,1.,0.707106781186548,        2597P   3909
0.707106781186548,1.,1.,0.707106781186548,0.707106781186548,1.,     2597P   3910
1.,0.707106781186548,0.707106781186548,1.,1.,449.7,15.,             2597P   3911
-68.3999999999999,449.7,35.,-68.3999999999999,453.7,15.,            2597P   3912
-68.3999999999999,453.7,35.,-68.3999999999999,453.7,15.,            2597P   3913
-72.3999999999999,453.7,35.,-72.3999999999999,453.7,15.,            2597P   3914
-76.3999999999999,453.7,35.,-76.3999999999999,449.7,15.,            2597P   3915
-76.3999999999999,449.7,35.,-76.3999999999999,445.7,15.,            2597P   3916
-76.3999999999999,445.7,35.,-76.3999999999999,445.7,15.,            2597P   3917
-72.3999999999999,445.7,35.,-72.3999999999999,445.7,15.,            2597P   3918
-68.3999999999999,445.7,35.,-68.3999999999999,449.7,15.,            2597P   3919
-68.3999999999999,449.7,35.,-68.3999999999999,-2.5,2.5,             2597P   3920
-3.14159265358979,3.14159265358979;                                 2597P   3921
128,1,1,1,1,0,0,1,0,0,-0.401,-0.401,0.401,0.401,                    2599P   3922
-0.400999999999999,-0.400999999999999,0.400999999999999,            2599P   3923
0.400999999999999,1.,1.,1.,1.,453.71,35.,-76.41,453.71,35.,         2599P   3924
-68.3899999999999,445.69,35.,-76.41,445.69,35.,                     2599P   3925
-68.3899999999999,-0.401,0.401,-0.400999999999999,                  2599P   3926
0.400999999999999;                                                  2599P   3927
128,1,8,1,2,0,1,0,0,1,-2.5,-2.5,2.5,2.5,-3.14159265358979,          2601P   3928
-3.14159265358979,-3.14159265358979,-1.5707963267949,               2601P   3929
-1.5707963267949,0.,0.,1.5707963267949,1.5707963267949,             2601P   3930
3.14159265358979,3.14159265358979,3.14159265358979,1.,1.,           2601P   3931
0.707106781186548,0.707106781186548,1.,1.,0.707106781186548,        2601P   3932
0.707106781186548,1.,1.,0.707106781186548,0.707106781186548,1.,     2601P   3933
1.,0.707106781186548,0.707106781186548,1.,1.,449.7,15.,-388.4,      2601P   3934
449.7,35.,-388.4,453.7,15.,-388.4,453.7,35.,-388.4,453.7,15.,       2601P   3935
-392.4,453.7,35.,-392.4,453.7,15.,-396.4,453.7,35.,-396.4,449.7,    2601P   3936
15.,-396.4,449.7,35.,-396.4,445.7,15.,-396.4,445.7,35.,-396.4,      2601P   3937
445.7,15.,-392.4,445.7,35.,-392.4,445.7,15.,-388.4,445.7,35.,       2601P   3938
-388.4,449.7,15.,-388.4,449.7,35.,-388.4,-2.5,2.5,                  2601P   3939
-3.14159265358979,3.14159265358979;                                 2601P   3940
128,1,1,1,1,0,0,1,0,0,-0.400999999999999,-0.400999999999999,        2603P   3941
0.400999999999999,0.400999999999999,-0.400999999999999,             2603P   3942
-0.400999999999999,0.400999999999999,0.400999999999999,1.,1.,1.,    2603P   3943
1.,453.71,35.,-396.41,453.71,35.,-388.39,445.69,35.,-396.41,        2603P   3944
445.69,35.,-388.39,-0.400999999999999,0.400999999999999,            2603P   3945
-0.400999999999999,0.400999999999999;                               2603P   3946
128,1,8,1,2,0,1,0,0,1,-2.5,-2.5,2.5,2.5,-3.14159265358979,          2605P   3947
-3.14159265358979,-3.14159265358979,-1.5707963267949,               2605P   3948
-1.5707963267949,0.,0.,1.5707963267949,1.5707963267949,             2605P   3949
3.14159265358979,3.14159265358979,3.14159265358979,1.,1.,           2605P   3950
0.707106781186548,0.707106781186548,1.,1.,0.707106781186548,        2605P   3951
0.707106781186548,1.,1.,0.707106781186548,0.707106781186548,1.,     2605P   3952
1.,0.707106781186548,0.707106781186548,1.,1.,449.7,15.,-228.4,      2605P   3953
449.7,35.,-228.4,453.7,15.,-228.4,453.7,35.,-228.4,453.7,15.,       2605P   3954
-232.4,453.7,35.,-232.4,453.7,15.,-236.4,453.7,35.,-236.4,449.7,    2605P   3955
15.,-236.4,449.7,35.,-236.4,445.7,15.,-236.4,445.7,35.,-236.4,      2605P   3956
445.7,15.,-232.4,445.7,35.,-232.4,445.7,15.,-228.4,445.7,35.,       2605P   3957
-228.4,449.7,15.,-228.4,449.7,35.,-228.4,-2.5,2.5,                  2605P   3958
-3.14159265358979,3.14159265358979;                                 2605P   3959
128,1,1,1,1,0,0,1,0,0,-0.400999999999999,-0.400999999999999,        2607P   3960
0.400999999999999,0.400999999999999,-0.400999999999999,             2607P   3961
-0.400999999999999,0.400999999999999,0.400999999999999,1.,1.,1.,    2607P   3962
1.,453.71,35.,-236.41,453.71,35.,-228.39,445.69,35.,-236.41,        2607P   3963
445.69,35.,-228.39,-0.400999999999999,0.400999999999999,            2607P   3964
-0.400999999999999,0.400999999999999;                               2607P   3965
128,1,8,1,2,0,1,0,0,1,-2.5,-2.5,2.5,2.5,-3.14159265358979,          2609P   3966
-3.14159265358979,-3.14159265358979,-1.5707963267949,               2609P   3967
-1.5707963267949,0.,0.,1.5707963267949,1.5707963267949,             2609P   3968
3.14159265358979,3.14159265358979,3.14159265358979,1.,1.,           2609P   3969
0.707106781186548,0.707106781186548,1.,1.,0.707106781186548,        2609P   3970
0.707106781186548,1.,1.,0.707106781186548,0.707106781186548,1.,     2609P   3971
1.,0.707106781186548,0.707106781186548,1.,1.,449.7,15.,             2609P   3972
91.6000000000001,449.7,35.,91.6000000000001,453.7,15.,              2609P   3973
91.6000000000001,453.7,35.,91.6000000000001,453.7,15.,              2609P   3974
87.6000000000001,453.7,35.,87.6000000000001,453.7,15.,              2609P   3975
83.6000000000001,453.7,35.,83.6000000000001,449.7,15.,              2609P   3976
83.6000000000001,449.7,35.,83.6000000000001,445.7,15.,              2609P   3977
83.6000000000001,445.7,35.,83.6000000000001,445.7,15.,              2609P   3978
87.6000000000001,445.7,35.,87.6000000000001,445.7,15.,              2609P   3979
91.6000000000001,445.7,35.,91.6000000000001,449.7,15.,              2609P   3980
91.6000000000001,449.7,35.,91.6000000000001,-2.5,2.5,               2609P   3981
-3.14159265358979,3.14159265358979;                                 2609P   3982
128,1,1,1,1,0,0,1,0,0,-0.401,-0.401,0.401,0.401,                    2611P   3983
-0.400999999999999,-0.400999999999999,0.400999999999999,            2611P   3984
0.400999999999999,1.,1.,1.,1.,453.71,35.,83.5900000000001,          2611P   3985
453.71,35.,91.61,445.69,35.,83.5900000000001,445.69,35.,91.61,      2611P   3986
-0.401,0.401,-0.400999999999999,0.400999999999999;                  2611P   3987
128,1,8,1,2,0,1,0,0,1,-2.40000000000001,-2.40000000000001,          2613P   3988
2.40000000000001,2.40000000000001,-3.14159265358979,                2613P   3989
-3.14159265358979,-3.14159265358979,-1.5707963267949,               2613P   3990
-1.5707963267949,0.,0.,1.5707963267949,1.5707963267949,             2613P   3991
3.14159265358979,3.14159265358979,3.14159265358979,1.,1.,           2613P   3992
0.707106781186548,0.707106781186548,1.,1.,0.707106781186548,        2613P   3993
0.707106781186548,1.,1.,0.707106781186548,0.707106781186548,1.,     2613P   3994
1.,0.707106781186548,0.707106781186548,1.,1.,442.2,324.05,73.6,     2613P   3995
454.2,324.05,73.6,442.2,324.05,76.1,454.2,324.05,76.1,442.2,        2613P   3996
321.55,76.1,454.2,321.55,76.1,442.2,319.05,76.1,454.2,319.05,       2613P   3997
76.1,442.2,319.05,73.6,454.2,319.05,73.6,442.2,319.05,71.1,         2613P   3998
454.2,319.05,71.1,442.2,321.55,71.1,454.2,321.55,71.1,442.2,        2613P   3999
324.05,71.1,454.2,324.05,71.1,442.2,324.05,73.6,454.2,324.05,       2613P   4000
73.6,-2.40000000000001,2.40000000000001,-3.14159265358979,          2613P   4001
3.14159265358979;                                                   2613P   4002
128,1,1,1,1,0,0,1,0,0,-0.251,-0.251,0.251,0.251,-0.251,-0.251,      2615P   4003
0.251,0.251,1.,1.,1.,1.,454.2,319.04,76.11,454.2,324.06,76.11,      2615P   4004
454.2,319.04,71.09,454.2,324.06,71.09,-0.251,0.251,-0.251,0.251;    2615P   4005
128,1,8,1,2,0,1,0,0,1,-2.40000000000001,-2.40000000000001,          2617P   4006
2.40000000000001,2.40000000000001,-3.14159265358979,                2617P   4007
-3.14159265358979,-3.14159265358979,-1.5707963267949,               2617P   4008
-1.5707963267949,0.,0.,1.5707963267949,1.5707963267949,             2617P   4009
3.14159265358979,3.14159265358979,3.14159265358979,1.,1.,           2617P   4010
0.707106781186548,0.707106781186548,1.,1.,0.707106781186548,        2617P   4011
0.707106781186548,1.,1.,0.707106781186548,0.707106781186548,1.,     2617P   4012
1.,0.707106781186548,0.707106781186548,1.,1.,442.2,260.05,          2617P   4013
-406.4,454.2,260.05,-406.4,442.2,260.05,-403.9,454.2,260.05,        2617P   4014
-403.9,442.2,257.55,-403.9,454.2,257.55,-403.9,442.2,255.05,        2617P   4015
-403.9,454.2,255.05,-403.9,442.2,255.05,-406.4,454.2,255.05,        2617P   4016
-406.4,442.2,255.05,-408.9,454.2,255.05,-408.9,442.2,257.55,        2617P   4017
-408.9,454.2,257.55,-408.9,442.2,260.05,-408.9,454.2,260.05,        2617P   4018
-408.9,442.2,260.05,-406.4,454.2,260.05,-406.4,                     2617P   4019
-2.40000000000001,2.40000000000001,-3.14159265358979,               2617P   4020
3.14159265358979;                                                   2617P   4021
128,1,1,1,1,0,0,1,0,0,-0.251,-0.251,0.251,0.251,-0.251,-0.251,      2619P   4022
0.251,0.251,1.,1.,1.,1.,454.2,255.04,-403.89,454.2,260.06,          2619P   4023
-403.89,454.2,255.04,-408.91,454.2,260.06,-408.91,-0.251,0.251,     2619P   4024
-0.251,0.251;                                                       2619P   4025
128,1,8,1,2,0,1,0,0,1,-2.40000000000001,-2.40000000000001,          2621P   4026
2.40000000000001,2.40000000000001,-3.14159265358979,                2621P   4027
-3.14159265358979,-3.14159265358979,-1.5707963267949,               2621P   4028
-1.5707963267949,0.,0.,1.5707963267949,1.5707963267949,             2621P   4029
3.14159265358979,3.14159265358979,3.14159265358979,1.,1.,           2621P   4030
0.707106781186548,0.707106781186548,1.,1.,0.707106781186548,        2621P   4031
0.707106781186548,1.,1.,0.707106781186548,0.707106781186548,1.,     2621P   4032
1.,0.707106781186548,0.707106781186548,1.,1.,442.2,388.05,          2621P   4033
-406.4,454.2,388.05,-406.4,442.2,388.05,-403.9,454.2,388.05,        2621P   4034
-403.9,442.2,385.55,-403.9,454.2,385.55,-403.9,442.2,383.05,        2621P   4035
-403.9,454.2,383.05,-403.9,442.2,383.05,-406.4,454.2,383.05,        2621P   4036
-406.4,442.2,383.05,-408.9,454.2,383.05,-408.9,442.2,385.55,        2621P   4037
-408.9,454.2,385.55,-408.9,442.2,388.05,-408.9,454.2,388.05,        2621P   4038
-408.9,442.2,388.05,-406.4,454.2,388.05,-406.4,                     2621P   4039
-2.40000000000001,2.40000000000001,-3.14159265358979,               2621P   4040
3.14159265358979;                                                   2621P   4041
128,1,1,1,1,0,0,1,0,0,-0.251,-0.251,0.251,0.251,-0.251,-0.251,      2623P   4042
0.251,0.251,1.,1.,1.,1.,454.2,383.04,-403.89,454.2,388.06,          2623P   4043
-403.89,454.2,383.04,-408.91,454.2,388.06,-408.91,-0.251,0.251,     2623P   4044
-0.251,0.251;                                                       2623P   4045
128,1,8,1,2,0,1,0,0,1,-2.40000000000001,-2.40000000000001,          2625P   4046
2.40000000000001,2.40000000000001,-3.14159265358979,                2625P   4047
-3.14159265358979,-3.14159265358979,-1.5707963267949,               2625P   4048
-1.5707963267949,0.,0.,1.5707963267949,1.5707963267949,             2625P   4049
3.14159265358979,3.14159265358979,3.14159265358979,1.,1.,           2625P   4050
0.707106781186548,0.707106781186548,1.,1.,0.707106781186548,        2625P   4051
0.707106781186548,1.,1.,0.707106781186548,0.707106781186548,1.,     2625P   4052
1.,0.707106781186548,0.707106781186548,1.,1.,442.2,324.05,          2625P   4053
-406.4,454.2,324.05,-406.4,442.2,324.05,-403.9,454.2,324.05,        2625P   4054
-403.9,442.2,321.55,-403.9,454.2,321.55,-403.9,442.2,319.05,        2625P   4055
-403.9,454.2,319.05,-403.9,442.2,319.05,-406.4,454.2,319.05,        2625P   4056
-406.4,442.2,319.05,-408.9,454.2,319.05,-408.9,442.2,321.55,        2625P   4057
-408.9,454.2,321.55,-408.9,442.2,324.05,-408.9,454.2,324.05,        2625P   4058
-408.9,442.2,324.05,-406.4,454.2,324.05,-406.4,                     2625P   4059
-2.40000000000001,2.40000000000001,-3.14159265358979,               2625P   4060
3.14159265358979;                                                   2625P   4061
128,1,1,1,1,0,0,1,0,0,-0.251,-0.251,0.251,0.251,-0.251,-0.251,      2627P   4062
0.251,0.251,1.,1.,1.,1.,454.2,319.04,-403.89,454.2,324.06,          2627P   4063
-403.89,454.2,319.04,-408.91,454.2,324.06,-408.91,-0.251,0.251,     2627P   4064
-0.251,0.251;                                                       2627P   4065
128,1,8,1,2,0,1,0,0,1,-2.40000000000001,-2.40000000000001,          2629P   4066
2.40000000000001,2.40000000000001,-3.14159265358979,                2629P   4067
-3.14159265358979,-3.14159265358979,-1.5707963267949,               2629P   4068
-1.5707963267949,0.,0.,1.5707963267949,1.5707963267949,             2629P   4069
3.14159265358979,3.14159265358979,3.14159265358979,1.,1.,           2629P   4070
0.707106781186548,0.707106781186548,1.,1.,0.707106781186548,        2629P   4071
0.707106781186548,1.,1.,0.707106781186548,0.707106781186548,1.,     2629P   4072
1.,0.707106781186548,0.707106781186548,1.,1.,442.2,388.05,73.6,     2629P   4073
454.2,388.05,73.6,442.2,388.05,76.1,454.2,388.05,76.1,442.2,        2629P   4074
385.55,76.1,454.2,385.55,76.1,442.2,383.05,76.1,454.2,383.05,       2629P   4075
76.1,442.2,383.05,73.6,454.2,383.05,73.6,442.2,383.05,71.1,         2629P   4076
454.2,383.05,71.1,442.2,385.55,71.1,454.2,385.55,71.1,442.2,        2629P   4077
388.05,71.1,454.2,388.05,71.1,442.2,388.05,73.6,454.2,388.05,       2629P   4078
73.6,-2.40000000000001,2.40000000000001,-3.14159265358979,          2629P   4079
3.14159265358979;                                                   2629P   4080
128,1,1,1,1,0,0,1,0,0,-0.251,-0.251,0.251,0.251,-0.251,-0.251,      2631P   4081
0.251,0.251,1.,1.,1.,1.,454.2,383.04,76.11,454.2,388.06,76.11,      2631P   4082
454.2,383.04,71.09,454.2,388.06,71.09,-0.251,0.251,-0.251,0.251;    2631P   4083
128,1,8,1,2,0,1,0,0,1,-2.40000000000001,-2.40000000000001,          2633P   4084
2.40000000000001,2.40000000000001,-3.14159265358979,                2633P   4085
-3.14159265358979,-3.14159265358979,-1.5707963267949,               2633P   4086
-1.5707963267949,0.,0.,1.5707963267949,1.5707963267949,             2633P   4087
3.14159265358979,3.14159265358979,3.14159265358979,1.,1.,           2633P   4088
0.707106781186548,0.707106781186548,1.,1.,0.707106781186548,        2633P   4089
0.707106781186548,1.,1.,0.707106781186548,0.707106781186548,1.,     2633P   4090
1.,0.707106781186548,0.707106781186548,1.,1.,442.2,260.05,73.6,     2633P   4091
454.2,260.05,73.6,442.2,260.05,76.1,454.2,260.05,76.1,442.2,        2633P   4092
257.55,76.1,454.2,257.55,76.1,442.2,255.05,76.1,454.2,255.05,       2633P   4093
76.1,442.2,255.05,73.6,454.2,255.05,73.6,442.2,255.05,71.1,         2633P   4094
454.2,255.05,71.1,442.2,257.55,71.1,454.2,257.55,71.1,442.2,        2633P   4095
260.05,71.1,454.2,260.05,71.1,442.2,260.05,73.6,454.2,260.05,       2633P   4096
73.6,-2.40000000000001,2.40000000000001,-3.14159265358979,          2633P   4097
3.14159265358979;                                                   2633P   4098
128,1,1,1,1,0,0,1,0,0,-0.251,-0.251,0.251,0.251,-0.251,-0.251,      2635P   4099
0.251,0.251,1.,1.,1.,1.,454.2,255.04,76.11,454.2,260.06,76.11,      2635P   4100
454.2,255.04,71.09,454.2,260.06,71.09,-0.251,0.251,-0.251,0.251;    2635P   4101
128,1,8,1,2,0,1,0,0,1,-1.5,-1.5,1.5,1.5,-3.14159265358979,          2637P   4102
-3.14159265358979,-3.14159265358979,-1.5707963267949,               2637P   4103
-1.5707963267949,0.,0.,1.5707963267949,1.5707963267949,             2637P   4104
3.14159265358979,3.14159265358979,3.14159265358979,1.,1.,           2637P   4105
0.707106781186548,0.707106781186548,1.,1.,0.707106781186548,        2637P   4106
0.707106781186548,1.,1.,0.707106781186548,0.707106781186548,1.,     2637P   4107
1.,0.707106781186548,0.707106781186548,1.,1.,442.2,758.5,           2637P   4108
4.40000000000001,454.2,758.5,4.40000000000001,442.2,758.5,          2637P   4109
8.40000000000007,454.2,758.5,8.40000000000007,442.2,754.5,          2637P   4110
8.40000000000007,454.2,754.5,8.40000000000007,442.2,750.5,          2637P   4111
8.40000000000007,454.2,750.5,8.40000000000007,442.2,750.5,          2637P   4112
4.40000000000001,454.2,750.5,4.40000000000001,442.2,750.5,          2637P   4113
0.399999999999957,454.2,750.5,0.399999999999957,442.2,754.5,        2637P   4114
0.399999999999956,454.2,754.5,0.399999999999956,442.2,758.5,        2637P   4115
0.399999999999957,454.2,758.5,0.399999999999957,442.2,758.5,        2637P   4116
4.40000000000001,454.2,758.5,4.40000000000001,-1.5,1.5,             2637P   4117
-3.14159265358979,3.14159265358979;                                 2637P   4118
128,1,1,1,1,0,0,1,0,0,-0.401000000000006,-0.401000000000006,        2639P   4119
0.401000000000006,0.401000000000006,-0.401,-0.401,0.401,0.401,      2639P   4120
1.,1.,1.,1.,454.2,750.49,8.41000000000001,454.2,758.51,             2639P   4121
8.41000000000001,454.2,750.49,0.390000000000013,454.2,758.51,       2639P   4122
0.390000000000013,-0.401000000000006,0.401000000000006,-0.401,      2639P   4123
0.401;                                                              2639P   4124
128,1,8,1,2,0,1,0,0,1,-1.5,-1.5,1.5,1.5,-3.14159265358979,          2641P   4125
-3.14159265358979,-3.14159265358979,-1.5707963267949,               2641P   4126
-1.5707963267949,0.,0.,1.5707963267949,1.5707963267949,             2641P   4127
3.14159265358979,3.14159265358979,3.14159265358979,1.,1.,           2641P   4128
0.707106781186548,0.707106781186548,1.,1.,0.707106781186548,        2641P   4129
0.707106781186548,1.,1.,0.707106781186548,0.707106781186548,1.,     2641P   4130
1.,0.707106781186548,0.707106781186548,1.,1.,442.2,305.,-449.7,     2641P   4131
454.2,305.,-449.7,442.2,305.,-445.7,454.2,305.,-445.7,442.2,        2641P   4132
301.,-445.7,454.2,301.,-445.7,442.2,297.,-445.7,454.2,297.,         2641P   4133
-445.7,442.2,297.,-449.7,454.2,297.,-449.7,442.2,297.,-453.7,       2641P   4134
454.2,297.,-453.7,442.2,301.,-453.7,454.2,301.,-453.7,442.2,        2641P   4135
305.,-453.7,454.2,305.,-453.7,442.2,305.,-449.7,454.2,305.,         2641P   4136
-449.7,-1.5,1.5,-3.14159265358979,3.14159265358979;                 2641P   4137
128,1,1,1,1,0,0,1,0,0,-0.400999999999999,-0.400999999999999,        2643P   4138
0.400999999999999,0.400999999999999,-0.400999999999999,             2643P   4139
-0.400999999999999,0.400999999999999,0.400999999999999,1.,1.,1.,    2643P   4140
1.,454.2,296.99,-445.69,454.2,305.01,-445.69,454.2,296.99,          2643P   4141
-453.71,454.2,305.01,-453.71,-0.400999999999999,                    2643P   4142
0.400999999999999,-0.400999999999999,0.400999999999999;             2643P   4143
128,1,8,1,2,0,1,0,0,1,-1.5,-1.5,1.5,1.5,-3.14159265358979,          2645P   4144
-3.14159265358979,-3.14159265358979,-1.5707963267949,               2645P   4145
-1.5707963267949,0.,0.,1.5707963267949,1.5707963267949,             2645P   4146
3.14159265358979,3.14159265358979,3.14159265358979,1.,1.,           2645P   4147
0.707106781186548,0.707106781186548,1.,1.,0.707106781186548,        2645P   4148
0.707106781186548,1.,1.,0.707106781186548,0.707106781186548,1.,     2645P   4149
1.,0.707106781186548,0.707106781186548,1.,1.,442.2,625.,-449.7,     2645P   4150
454.2,625.,-449.7,442.2,625.,-445.7,454.2,625.,-445.7,442.2,        2645P   4151
621.,-445.7,454.2,621.,-445.7,442.2,617.,-445.7,454.2,617.,         2645P   4152
-445.7,442.2,617.,-449.7,454.2,617.,-449.7,442.2,617.,-453.7,       2645P   4153
454.2,617.,-453.7,442.2,621.,-453.7,454.2,621.,-453.7,442.2,        2645P   4154
625.,-453.7,454.2,625.,-453.7,442.2,625.,-449.7,454.2,625.,         2645P   4155
-449.7,-1.5,1.5,-3.14159265358979,3.14159265358979;                 2645P   4156
128,1,1,1,1,0,0,1,0,0,-0.400999999999999,-0.400999999999999,        2647P   4157
0.400999999999999,0.400999999999999,-0.400999999999999,             2647P   4158
-0.400999999999999,0.400999999999999,0.400999999999999,1.,1.,1.,    2647P   4159
1.,454.2,616.99,-445.69,454.2,625.01,-445.69,454.2,616.99,          2647P   4160
-453.71,454.2,625.01,-453.71,-0.400999999999999,                    2647P   4161
0.400999999999999,-0.400999999999999,0.400999999999999;             2647P   4162
128,1,8,1,2,0,1,0,0,1,-1.5,-1.5,1.5,1.5,-3.14159265358979,          2649P   4163
-3.14159265358979,-3.14159265358979,-1.5707963267949,               2649P   4164
-1.5707963267949,0.,0.,1.5707963267949,1.5707963267949,             2649P   4165
3.14159265358979,3.14159265358979,3.14159265358979,1.,1.,           2649P   4166
0.707106781186548,0.707106781186548,1.,1.,0.707106781186548,        2649P   4167
0.707106781186548,1.,1.,0.707106781186548,0.707106781186548,1.,     2649P   4168
1.,0.707106781186548,0.707106781186548,1.,1.,442.2,465.,-449.7,     2649P   4169
454.2,465.,-449.7,442.2,465.,-445.7,454.2,465.,-445.7,442.2,        2649P   4170
461.,-445.7,454.2,461.,-445.7,442.2,457.,-445.7,454.2,457.,         2649P   4171
-445.7,442.2,457.,-449.7,454.2,457.,-449.7,442.2,457.,-453.7,       2649P   4172
454.2,457.,-453.7,442.2,461.,-453.7,454.2,461.,-453.7,442.2,        2649P   4173
465.,-453.7,454.2,465.,-453.7,442.2,465.,-449.7,454.2,465.,         2649P   4174
-449.7,-1.5,1.5,-3.14159265358979,3.14159265358979;                 2649P   4175
128,1,1,1,1,0,0,1,0,0,-0.400999999999999,-0.400999999999999,        2651P   4176
0.400999999999999,0.400999999999999,-0.400999999999999,             2651P   4177
-0.400999999999999,0.400999999999999,0.400999999999999,1.,1.,1.,    2651P   4178
1.,454.2,456.99,-445.69,454.2,465.01,-445.69,454.2,456.99,          2651P   4179
-453.71,454.2,465.01,-453.71,-0.400999999999999,                    2651P   4180
0.400999999999999,-0.400999999999999,0.400999999999999;             2651P   4181
128,1,8,1,2,0,1,0,0,1,-1.5,-1.5,1.5,1.5,-3.14159265358979,          2653P   4182
-3.14159265358979,-3.14159265358979,-1.5707963267949,               2653P   4183
-1.5707963267949,0.,0.,1.5707963267949,1.5707963267949,             2653P   4184
3.14159265358979,3.14159265358979,3.14159265358979,1.,1.,           2653P   4185
0.707106781186548,0.707106781186548,1.,1.,0.707106781186548,        2653P   4186
0.707106781186548,1.,1.,0.707106781186548,0.707106781186548,1.,     2653P   4187
1.,0.707106781186548,0.707106781186548,1.,1.,442.2,145.,-449.7,     2653P   4188
454.2,145.,-449.7,442.2,145.,-445.7,454.2,145.,-445.7,442.2,        2653P   4189
141.,-445.7,454.2,141.,-445.7,442.2,137.,-445.7,454.2,137.,         2653P   4190
-445.7,442.2,137.,-449.7,454.2,137.,-449.7,442.2,137.,-453.7,       2653P   4191
454.2,137.,-453.7,442.2,141.,-453.7,454.2,141.,-453.7,442.2,        2653P   4192
145.,-453.7,454.2,145.,-453.7,442.2,145.,-449.7,454.2,145.,         2653P   4193
-449.7,-1.5,1.5,-3.14159265358979,3.14159265358979;                 2653P   4194
128,1,1,1,1,0,0,1,0,0,-0.401,-0.401,0.401,0.401,                    2655P   4195
-0.400999999999999,-0.400999999999999,0.400999999999999,            2655P   4196
0.400999999999999,1.,1.,1.,1.,454.2,136.99,-445.69,454.2,145.01,    2655P   4197
-445.69,454.2,136.99,-453.71,454.2,145.01,-453.71,-0.401,0.401,     2655P   4198
-0.400999999999999,0.400999999999999;                               2655P   4199
128,1,8,1,2,0,1,0,0,1,-1.5,-1.5,1.5,1.5,-3.14159265358979,          2657P   4200
-3.14159265358979,-3.14159265358979,-1.5707963267949,               2657P   4201
-1.5707963267949,0.,0.,1.5707963267949,1.5707963267949,             2657P   4202
3.14159265358979,3.14159265358979,3.14159265358979,1.,1.,           2657P   4203
0.707106781186548,0.707106781186548,1.,1.,0.707106781186548,        2657P   4204
0.707106781186548,1.,1.,0.707106781186548,0.707106781186548,1.,     2657P   4205
1.,0.707106781186548,0.707106781186548,1.,1.,442.2,758.5,100.4,     2657P   4206
454.2,758.5,100.4,442.2,758.5,104.4,454.2,758.5,104.4,442.2,        2657P   4207
754.5,104.4,454.2,754.5,104.4,442.2,750.5,104.4,454.2,750.5,        2657P   4208
104.4,442.2,750.5,100.4,454.2,750.5,100.4,442.2,750.5,96.4,         2657P   4209
454.2,750.5,96.4,442.2,754.5,96.4,454.2,754.5,96.4,442.2,758.5,     2657P   4210
96.4,454.2,758.5,96.4,442.2,758.5,100.4,454.2,758.5,100.4,-1.5,     2657P   4211
1.5,-3.14159265358979,3.14159265358979;                             2657P   4212
128,1,1,1,1,0,0,1,0,0,-0.401000000000006,-0.401000000000006,        2659P   4213
0.401000000000006,0.401000000000006,-0.401,-0.401,0.401,0.401,      2659P   4214
1.,1.,1.,1.,454.2,750.49,104.41,454.2,758.51,104.41,454.2,          2659P   4215
750.49,96.39,454.2,758.51,96.39,-0.401000000000006,                 2659P   4216
0.401000000000006,-0.401,0.401;                                     2659P   4217
128,1,1,1,1,0,0,1,0,0,-0.001,-0.001,60.961,60.961,-0.001,-0.001,    2661P   4218
74.701,74.701,1.,1.,1.,1.,457.2,14.99,152.41,457.2,14.99,           2661P   4219
-457.21,457.2,762.01,152.41,457.2,762.01,-457.21,-0.001,60.961,     2661P   4220
-0.001,74.701;                                                      2661P   4221
128,1,1,1,1,0,0,1,0,0,-0.001,-0.001,1.501,1.501,-0.001,-0.001,      2663P   4222
74.701,74.701,1.,1.,1.,1.,442.19,14.99,152.4,457.21,14.99,152.4,    2663P   4223
442.19,762.01,152.4,457.21,762.01,152.4,-0.001,1.501,-0.001,        2663P   4224
74.701;                                                             2663P   4225
128,1,1,1,1,0,0,1,0,0,-0.001,-0.001,60.961,60.961,-0.001,-0.001,    2665P   4226
74.701,74.701,1.,1.,1.,1.,442.2,14.99,-457.21,442.2,14.99,          2665P   4227
152.41,442.2,762.01,-457.21,442.2,762.01,152.41,-0.001,60.961,      2665P   4228
-0.001,74.701;                                                      2665P   4229
128,1,1,1,1,0,0,1,0,0,-0.001,-0.001,1.501,1.501,-0.001,-0.001,      2667P   4230
74.701,74.701,1.,1.,1.,1.,457.21,14.99,-457.2,442.19,14.99,         2667P   4231
-457.2,457.21,762.01,-457.2,442.19,762.01,-457.2,-0.001,1.501,      2667P   4232
-0.001,74.701;                                                      2667P   4233
128,1,1,1,1,0,0,1,0,0,-30.481,-30.481,30.481,30.481,-0.751,         2669P   4234
-0.751,0.751,0.751,1.,1.,1.,1.,442.19,762.,-457.21,442.19,762.,     2669P   4235
152.41,457.21,762.,-457.21,457.21,762.,152.41,-30.481,30.481,       2669P   4236
-0.751,0.751;                                                       2669P   4237
128,1,1,1,1,0,0,1,0,0,-0.751,-0.751,0.751,0.751,-30.481,-30.481,    2671P   4238
30.481,30.481,1.,1.,1.,1.,457.21,15.,152.41,442.19,15.,152.41,      2671P   4239
457.21,15.,-457.21,442.19,15.,-457.21,-0.751,0.751,-30.481,         2671P   4240
30.481;                                                             2671P   4241
128,1,8,1,2,0,1,0,0,1,-2.5,-2.5,2.5,2.5,-3.14159265358979,          2673P   4242
-3.14159265358979,-3.14159265358979,-1.5707963267949,               2673P   4243
-1.5707963267949,0.,0.,1.5707963267949,1.5707963267949,             2673P   4244
3.14159265358979,3.14159265358979,3.14159265358979,1.,1.,           2673P   4245
0.707106781186548,0.707106781186548,1.,1.,0.707106781186548,        2673P   4246
0.707106781186548,1.,1.,0.707106781186548,0.707106781186548,1.,     2673P   4247
1.,0.707106781186548,0.707106781186548,1.,1.,-72.3999999999999,     2673P   4248
15.,453.7,-72.3999999999999,35.,453.7,-68.4,15.,453.7,-68.4,35.,    2673P   4249
453.7,-68.4,15.,449.7,-68.4,35.,449.7,-68.4,15.,445.7,-68.4,35.,    2673P   4250
445.7,-72.3999999999999,15.,445.7,-72.3999999999999,35.,445.7,      2673P   4251
-76.3999999999999,15.,445.7,-76.3999999999999,35.,445.7,            2673P   4252
-76.3999999999999,15.,449.7,-76.3999999999999,35.,449.7,            2673P   4253
-76.3999999999999,15.,453.7,-76.3999999999999,35.,453.7,            2673P   4254
-72.3999999999999,15.,453.7,-72.3999999999999,35.,453.7,-2.5,       2673P   4255
2.5,-3.14159265358979,3.14159265358979;                             2673P   4256
128,1,1,1,1,0,0,1,0,0,-0.400999999999999,-0.400999999999999,        2675P   4257
0.400999999999999,0.400999999999999,-0.401,-0.401,0.401,0.401,      2675P   4258
1.,1.,1.,1.,-68.3899999999999,35.,445.69,-68.3899999999999,35.,     2675P   4259
453.71,-76.41,35.,445.69,-76.41,35.,453.71,-0.400999999999999,      2675P   4260
0.400999999999999,-0.401,0.401;                                     2675P   4261
128,1,8,1,2,0,1,0,0,1,-2.5,-2.5,2.5,2.5,-3.14159265358979,          2677P   4262
-3.14159265358979,-3.14159265358979,-1.5707963267949,               2677P   4263
-1.5707963267949,0.,0.,1.5707963267949,1.5707963267949,             2677P   4264
3.14159265358979,3.14159265358979,3.14159265358979,1.,1.,           2677P   4265
0.707106781186548,0.707106781186548,1.,1.,0.707106781186548,        2677P   4266
0.707106781186548,1.,1.,0.707106781186548,0.707106781186548,1.,     2677P   4267
1.,0.707106781186548,0.707106781186548,1.,1.,-392.4,15.,453.7,      2677P   4268
-392.4,35.,453.7,-388.4,15.,453.7,-388.4,35.,453.7,-388.4,15.,      2677P   4269
449.7,-388.4,35.,449.7,-388.4,15.,445.7,-388.4,35.,445.7,-392.4,    2677P   4270
15.,445.7,-392.4,35.,445.7,-396.4,15.,445.7,-396.4,35.,445.7,       2677P   4271
-396.4,15.,449.7,-396.4,35.,449.7,-396.4,15.,453.7,-396.4,35.,      2677P   4272
453.7,-392.4,15.,453.7,-392.4,35.,453.7,-2.5,2.5,                   2677P   4273
-3.14159265358979,3.14159265358979;                                 2677P   4274
128,1,1,1,1,0,0,1,0,0,-0.400999999999999,-0.400999999999999,        2679P   4275
0.400999999999999,0.400999999999999,-0.400999999999999,             2679P   4276
-0.400999999999999,0.400999999999999,0.400999999999999,1.,1.,1.,    2679P   4277
1.,-388.39,35.,445.69,-388.39,35.,453.71,-396.41,35.,445.69,        2679P   4278
-396.41,35.,453.71,-0.400999999999999,0.400999999999999,            2679P   4279
-0.400999999999999,0.400999999999999;                               2679P   4280
128,1,8,1,2,0,1,0,0,1,-2.5,-2.5,2.5,2.5,-3.14159265358979,          2681P   4281
-3.14159265358979,-3.14159265358979,-1.5707963267949,               2681P   4282
-1.5707963267949,0.,0.,1.5707963267949,1.5707963267949,             2681P   4283
3.14159265358979,3.14159265358979,3.14159265358979,1.,1.,           2681P   4284
0.707106781186548,0.707106781186548,1.,1.,0.707106781186548,        2681P   4285
0.707106781186548,1.,1.,0.707106781186548,0.707106781186548,1.,     2681P   4286
1.,0.707106781186548,0.707106781186548,1.,1.,-232.4,15.,453.7,      2681P   4287
-232.4,35.,453.7,-228.4,15.,453.7,-228.4,35.,453.7,-228.4,15.,      2681P   4288
449.7,-228.4,35.,449.7,-228.4,15.,445.7,-228.4,35.,445.7,-232.4,    2681P   4289
15.,445.7,-232.4,35.,445.7,-236.4,15.,445.7,-236.4,35.,445.7,       2681P   4290
-236.4,15.,449.7,-236.4,35.,449.7,-236.4,15.,453.7,-236.4,35.,      2681P   4291
453.7,-232.4,15.,453.7,-232.4,35.,453.7,-2.5,2.5,                   2681P   4292
-3.14159265358979,3.14159265358979;                                 2681P   4293
128,1,1,1,1,0,0,1,0,0,-0.400999999999999,-0.400999999999999,        2683P   4294
0.400999999999999,0.400999999999999,-0.400999999999999,             2683P   4295
-0.400999999999999,0.400999999999999,0.400999999999999,1.,1.,1.,    2683P   4296
1.,-228.39,35.,445.69,-228.39,35.,453.71,-236.41,35.,445.69,        2683P   4297
-236.41,35.,453.71,-0.400999999999999,0.400999999999999,            2683P   4298
-0.400999999999999,0.400999999999999;                               2683P   4299
128,1,8,1,2,0,1,0,0,1,-2.5,-2.5,2.5,2.5,-3.14159265358979,          2685P   4300
-3.14159265358979,-3.14159265358979,-1.5707963267949,               2685P   4301
-1.5707963267949,0.,0.,1.5707963267949,1.5707963267949,             2685P   4302
3.14159265358979,3.14159265358979,3.14159265358979,1.,1.,           2685P   4303
0.707106781186548,0.707106781186548,1.,1.,0.707106781186548,        2685P   4304
0.707106781186548,1.,1.,0.707106781186548,0.707106781186548,1.,     2685P   4305
1.,0.707106781186548,0.707106781186548,1.,1.,87.6000000000001,      2685P   4306
15.,453.7,87.6000000000001,35.,453.7,91.6,15.,453.7,91.6,35.,       2685P   4307
453.7,91.6,15.,449.7,91.6,35.,449.7,91.6,15.,445.7,91.6,35.,        2685P   4308
445.7,87.6000000000001,15.,445.7,87.6000000000001,35.,445.7,        2685P   4309
83.6000000000001,15.,445.7,83.6000000000001,35.,445.7,              2685P   4310
83.6000000000001,15.,449.7,83.6000000000001,35.,449.7,              2685P   4311
83.6000000000001,15.,453.7,83.6000000000001,35.,453.7,              2685P   4312
87.6000000000001,15.,453.7,87.6000000000001,35.,453.7,-2.5,2.5,     2685P   4313
-3.14159265358979,3.14159265358979;                                 2685P   4314
128,1,1,1,1,0,0,1,0,0,-0.400999999999999,-0.400999999999999,        2687P   4315
0.400999999999999,0.400999999999999,-0.401,-0.401,0.401,0.401,      2687P   4316
1.,1.,1.,1.,91.61,35.,445.69,91.61,35.,453.71,83.5900000000001,     2687P   4317
35.,445.69,83.5900000000001,35.,453.71,-0.400999999999999,          2687P   4318
0.400999999999999,-0.401,0.401;                                     2687P   4319
128,1,8,1,2,0,1,0,0,1,-2.40000000000001,-2.40000000000001,          2689P   4320
2.40000000000001,2.40000000000001,-3.14159265358979,                2689P   4321
-3.14159265358979,-3.14159265358979,-1.5707963267949,               2689P   4322
-1.5707963267949,0.,0.,1.5707963267949,1.5707963267949,             2689P   4323
3.14159265358979,3.14159265358979,3.14159265358979,1.,1.,           2689P   4324
0.707106781186548,0.707106781186548,1.,1.,0.707106781186548,        2689P   4325
0.707106781186548,1.,1.,0.707106781186548,0.707106781186548,1.,     2689P   4326
1.,0.707106781186548,0.707106781186548,1.,1.,76.1,321.55,442.2,     2689P   4327
76.1,321.55,454.2,76.1,324.05,442.2,76.1,324.05,454.2,73.6,         2689P   4328
324.05,442.2,73.6,324.05,454.2,71.1,324.05,442.2,71.1,324.05,       2689P   4329
454.2,71.1,321.55,442.2,71.1,321.55,454.2,71.1,319.05,442.2,        2689P   4330
71.1,319.05,454.2,73.6,319.05,442.2,73.6,319.05,454.2,76.1,         2689P   4331
319.05,442.2,76.1,319.05,454.2,76.1,321.55,442.2,76.1,321.55,       2689P   4332
454.2,-2.40000000000001,2.40000000000001,-3.14159265358979,         2689P   4333
3.14159265358979;                                                   2689P   4334
128,1,1,1,1,0,0,1,0,0,-0.251,-0.251,0.251,0.251,-0.251,-0.251,      2691P   4335
0.251,0.251,1.,1.,1.,1.,71.09,324.06,454.2,76.11,324.06,454.2,      2691P   4336
71.09,319.04,454.2,76.11,319.04,454.2,-0.251,0.251,-0.251,0.251;    2691P   4337
128,1,8,1,2,0,1,0,0,1,-2.40000000000001,-2.40000000000001,          2693P   4338
2.40000000000001,2.40000000000001,-3.14159265358979,                2693P   4339
-3.14159265358979,-3.14159265358979,-1.5707963267949,               2693P   4340
-1.5707963267949,0.,0.,1.5707963267949,1.5707963267949,             2693P   4341
3.14159265358979,3.14159265358979,3.14159265358979,1.,1.,           2693P   4342
0.707106781186548,0.707106781186548,1.,1.,0.707106781186548,        2693P   4343
0.707106781186548,1.,1.,0.707106781186548,0.707106781186548,1.,     2693P   4344
1.,0.707106781186548,0.707106781186548,1.,1.,-403.9,257.55,         2693P   4345
442.2,-403.9,257.55,454.2,-403.9,260.05,442.2,-403.9,260.05,        2693P   4346
454.2,-406.4,260.05,442.2,-406.4,260.05,454.2,-408.9,260.05,        2693P   4347
442.2,-408.9,260.05,454.2,-408.9,257.55,442.2,-408.9,257.55,        2693P   4348
454.2,-408.9,255.05,442.2,-408.9,255.05,454.2,-406.4,255.05,        2693P   4349
442.2,-406.4,255.05,454.2,-403.9,255.05,442.2,-403.9,255.05,        2693P   4350
454.2,-403.9,257.55,442.2,-403.9,257.55,454.2,-2.40000000000001,    2693P   4351
2.40000000000001,-3.14159265358979,3.14159265358979;                2693P   4352
128,1,1,1,1,0,0,1,0,0,-0.251,-0.251,0.251,0.251,-0.251,-0.251,      2695P   4353
0.251,0.251,1.,1.,1.,1.,-408.91,260.06,454.2,-403.89,260.06,        2695P   4354
454.2,-408.91,255.04,454.2,-403.89,255.04,454.2,-0.251,0.251,       2695P   4355
-0.251,0.251;                                                       2695P   4356
128,1,8,1,2,0,1,0,0,1,-2.40000000000001,-2.40000000000001,          2697P   4357
2.40000000000001,2.40000000000001,-3.14159265358979,                2697P   4358
-3.14159265358979,-3.14159265358979,-1.5707963267949,               2697P   4359
-1.5707963267949,0.,0.,1.5707963267949,1.5707963267949,             2697P   4360
3.14159265358979,3.14159265358979,3.14159265358979,1.,1.,           2697P   4361
0.707106781186548,0.707106781186548,1.,1.,0.707106781186548,        2697P   4362
0.707106781186548,1.,1.,0.707106781186548,0.707106781186548,1.,     2697P   4363
1.,0.707106781186548,0.707106781186548,1.,1.,-403.9,385.55,         2697P   4364
442.2,-403.9,385.55,454.2,-403.9,388.05,442.2,-403.9,388.05,        2697P   4365
454.2,-406.4,388.05,442.2,-406.4,388.05,454.2,-408.9,388.05,        2697P   4366
442.2,-408.9,388.05,454.2,-408.9,385.55,442.2,-408.9,385.55,        2697P   4367
454.2,-408.9,383.05,442.2,-408.9,383.05,454.2,-406.4,383.05,        2697P   4368
442.2,-406.4,383.05,454.2,-403.9,383.05,442.2,-403.9,383.05,        2697P   4369
454.2,-403.9,385.55,442.2,-403.9,385.55,454.2,-2.40000000000001,    2697P   4370
2.40000000000001,-3.14159265358979,3.14159265358979;                2697P   4371
128,1,1,1,1,0,0,1,0,0,-0.251,-0.251,0.251,0.251,-0.251,-0.251,      2699P   4372
0.251,0.251,1.,1.,1.,1.,-408.91,388.06,454.2,-403.89,388.06,        2699P   4373
454.2,-408.91,383.04,454.2,-403.89,383.04,454.2,-0.251,0.251,       2699P   4374
-0.251,0.251;                                                       2699P   4375
128,1,8,1,2,0,1,0,0,1,-2.40000000000001,-2.40000000000001,          2701P   4376
2.40000000000001,2.40000000000001,-3.14159265358979,                2701P   4377
-3.14159265358979,-3.14159265358979,-1.5707963267949,               2701P   4378
-1.5707963267949,0.,0.,1.5707963267949,1.5707963267949,             2701P   4379
3.14159265358979,3.14159265358979,3.14159265358979,1.,1.,           2701P   4380
0.707106781186548,0.707106781186548,1.,1.,0.707106781186548,        2701P   4381
0.707106781186548,1.,1.,0.707106781186548,0.707106781186548,1.,     2701P   4382
1.,0.707106781186548,0.707106781186548,1.,1.,-403.9,321.55,         2701P   4383
442.2,-403.9,321.55,454.2,-403.9,324.05,442.2,-403.9,324.05,        2701P   4384
454.2,-406.4,324.05,442.2,-406.4,324.05,454.2,-408.9,324.05,        2701P   4385
442.2,-408.9,324.05,454.2,-408.9,321.55,442.2,-408.9,321.55,        2701P   4386
454.2,-408.9,319.05,442.2,-408.9,319.05,454.2,-406.4,319.05,        2701P   4387
442.2,-406.4,319.05,454.2,-403.9,319.05,442.2,-403.9,319.05,        2701P   4388
454.2,-403.9,321.55,442.2,-403.9,321.55,454.2,-2.40000000000001,    2701P   4389
2.40000000000001,-3.14159265358979,3.14159265358979;                2701P   4390
128,1,1,1,1,0,0,1,0,0,-0.251,-0.251,0.251,0.251,-0.251,-0.251,      2703P   4391
0.251,0.251,1.,1.,1.,1.,-408.91,324.06,454.2,-403.89,324.06,        2703P   4392
454.2,-408.91,319.04,454.2,-403.89,319.04,454.2,-0.251,0.251,       2703P   4393
-0.251,0.251;                                                       2703P   4394
128,1,8,1,2,0,1,0,0,1,-2.40000000000001,-2.40000000000001,          2705P   4395
2.40000000000001,2.40000000000001,-3.14159265358979,                2705P   4396
-3.14159265358979,-3.14159265358979,-1.5707963267949,               2705P   4397
-1.5707963267949,0.,0.,1.5707963267949,1.5707963267949,             2705P   4398
3.14159265358979,3.14159265358979,3.14159265358979,1.,1.,           2705P   4399
0.707106781186548,0.707106781186548,1.,1.,0.707106781186548,        2705P   4400
0.707106781186548,1.,1.,0.707106781186548,0.707106781186548,1.,     2705P   4401
1.,0.707106781186548,0.707106781186548,1.,1.,76.1,257.55,442.2,     2705P   4402
76.1,257.55,454.2,76.1,260.05,442.2,76.1,260.05,454.2,73.6,         2705P   4403
260.05,442.2,73.6,260.05,454.2,71.1,260.05,442.2,71.1,260.05,       2705P   4404
454.2,71.1,257.55,442.2,71.1,257.55,454.2,71.1,255.05,442.2,        2705P   4405
71.1,255.05,454.2,73.6,255.05,442.2,73.6,255.05,454.2,76.1,         2705P   4406
255.05,442.2,76.1,255.05,454.2,76.1,257.55,442.2,76.1,257.55,       2705P   4407
454.2,-2.40000000000001,2.40000000000001,-3.14159265358979,         2705P   4408
3.14159265358979;                                                   2705P   4409
128,1,1,1,1,0,0,1,0,0,-0.251,-0.251,0.251,0.251,-0.251,-0.251,      2707P   4410
0.251,0.251,1.,1.,1.,1.,71.09,260.06,454.2,76.11,260.06,454.2,      2707P   4411
71.09,255.04,454.2,76.11,255.04,454.2,-0.251,0.251,-0.251,0.251;    2707P   4412
128,1,8,1,2,0,1,0,0,1,-2.40000000000001,-2.40000000000001,          2709P   4413
2.40000000000001,2.40000000000001,-3.14159265358979,                2709P   4414
-3.14159265358979,-3.14159265358979,-1.5707963267949,               2709P   4415
-1.5707963267949,0.,0.,1.5707963267949,1.5707963267949,             2709P   4416
3.14159265358979,3.14159265358979,3.14159265358979,1.,1.,           2709P   4417
0.707106781186548,0.707106781186548,1.,1.,0.707106781186548,        2709P   4418
0.707106781186548,1.,1.,0.707106781186548,0.707106781186548,1.,     2709P   4419
1.,0.707106781186548,0.707106781186548,1.,1.,76.1,385.55,442.2,     2709P   4420
76.1,385.55,454.2,76.1,388.05,442.2,76.1,388.05,454.2,73.6,         2709P   4421
388.05,442.2,73.6,388.05,454.2,71.1,388.05,442.2,71.1,388.05,       2709P   4422
454.2,71.1,385.55,442.2,71.1,385.55,454.2,71.1,383.05,442.2,        2709P   4423
71.1,383.05,454.2,73.6,383.05,442.2,73.6,383.05,454.2,76.1,         2709P   4424
383.05,442.2,76.1,383.05,454.2,76.1,385.55,442.2,76.1,385.55,       2709P   4425
454.2,-2.40000000000001,2.40000000000001,-3.14159265358979,         2709P   4426
3.14159265358979;                                                   2709P   4427
128,1,1,1,1,0,0,1,0,0,-0.251,-0.251,0.251,0.251,-0.251,-0.251,      2711P   4428
0.251,0.251,1.,1.,1.,1.,71.09,388.06,454.2,76.11,388.06,454.2,      2711P   4429
71.09,383.04,454.2,76.11,383.04,454.2,-0.251,0.251,-0.251,0.251;    2711P   4430
128,1,8,1,2,0,1,0,0,1,-1.5,-1.5,1.5,1.5,-3.14159265358979,          2713P   4431
-3.14159265358979,-3.14159265358979,-1.5707963267949,               2713P   4432
-1.5707963267949,0.,0.,1.5707963267949,1.5707963267949,             2713P   4433
3.14159265358979,3.14159265358979,3.14159265358979,1.,1.,           2713P   4434
0.707106781186548,0.707106781186548,1.,1.,0.707106781186548,        2713P   4435
0.707106781186548,1.,1.,0.707106781186548,0.707106781186548,1.,     2713P   4436
1.,0.707106781186548,0.707106781186548,1.,1.,-445.7,301.,442.2,     2713P   4437
-445.7,301.,454.2,-445.7,305.,442.2,-445.7,305.,454.2,-449.7,       2713P   4438
305.,442.2,-449.7,305.,454.2,-453.7,305.,442.2,-453.7,305.,         2713P   4439
454.2,-453.7,301.,442.2,-453.7,301.,454.2,-453.7,297.,442.2,        2713P   4440
-453.7,297.,454.2,-449.7,297.,442.2,-449.7,297.,454.2,-445.7,       2713P   4441
297.,442.2,-445.7,297.,454.2,-445.7,301.,442.2,-445.7,301.,         2713P   4442
454.2,-1.5,1.5,-3.14159265358979,3.14159265358979;                  2713P   4443
128,1,1,1,1,0,0,1,0,0,-0.400999999999999,-0.400999999999999,        2715P   4444
0.400999999999999,0.400999999999999,-0.400999999999999,             2715P   4445
-0.400999999999999,0.400999999999999,0.400999999999999,1.,1.,1.,    2715P   4446
1.,-453.71,305.01,454.2,-445.69,305.01,454.2,-453.71,296.99,        2715P   4447
454.2,-445.69,296.99,454.2,-0.400999999999999,0.400999999999999,    2715P   4448
-0.400999999999999,0.400999999999999;                               2715P   4449
128,1,8,1,2,0,1,0,0,1,-1.5,-1.5,1.5,1.5,-3.14159265358979,          2717P   4450
-3.14159265358979,-3.14159265358979,-1.5707963267949,               2717P   4451
-1.5707963267949,0.,0.,1.5707963267949,1.5707963267949,             2717P   4452
3.14159265358979,3.14159265358979,3.14159265358979,1.,1.,           2717P   4453
0.707106781186548,0.707106781186548,1.,1.,0.707106781186548,        2717P   4454
0.707106781186548,1.,1.,0.707106781186548,0.707106781186548,1.,     2717P   4455
1.,0.707106781186548,0.707106781186548,1.,1.,-445.7,621.,442.2,     2717P   4456
-445.7,621.,454.2,-445.7,625.,442.2,-445.7,625.,454.2,-449.7,       2717P   4457
625.,442.2,-449.7,625.,454.2,-453.7,625.,442.2,-453.7,625.,         2717P   4458
454.2,-453.7,621.,442.2,-453.7,621.,454.2,-453.7,617.,442.2,        2717P   4459
-453.7,617.,454.2,-449.7,617.,442.2,-449.7,617.,454.2,-445.7,       2717P   4460
617.,442.2,-445.7,617.,454.2,-445.7,621.,442.2,-445.7,621.,         2717P   4461
454.2,-1.5,1.5,-3.14159265358979,3.14159265358979;                  2717P   4462
128,1,1,1,1,0,0,1,0,0,-0.400999999999999,-0.400999999999999,        2719P   4463
0.400999999999999,0.400999999999999,-0.400999999999999,             2719P   4464
-0.400999999999999,0.400999999999999,0.400999999999999,1.,1.,1.,    2719P   4465
1.,-453.71,625.01,454.2,-445.69,625.01,454.2,-453.71,616.99,        2719P   4466
454.2,-445.69,616.99,454.2,-0.400999999999999,0.400999999999999,    2719P   4467
-0.400999999999999,0.400999999999999;                               2719P   4468
128,1,8,1,2,0,1,0,0,1,-1.5,-1.5,1.5,1.5,-3.14159265358979,          2721P   4469
-3.14159265358979,-3.14159265358979,-1.5707963267949,               2721P   4470
-1.5707963267949,0.,0.,1.5707963267949,1.5707963267949,             2721P   4471
3.14159265358979,3.14159265358979,3.14159265358979,1.,1.,           2721P   4472
0.707106781186548,0.707106781186548,1.,1.,0.707106781186548,        2721P   4473
0.707106781186548,1.,1.,0.707106781186548,0.707106781186548,1.,     2721P   4474
1.,0.707106781186548,0.707106781186548,1.,1.,132.4,754.5,442.2,     2721P   4475
132.4,754.5,454.2,132.4,758.5,442.2,132.4,758.5,454.2,128.4,        2721P   4476
758.5,442.2,128.4,758.5,454.2,124.4,758.5,442.2,124.4,758.5,        2721P   4477
454.2,124.4,754.5,442.2,124.4,754.5,454.2,124.4,750.5,442.2,        2721P   4478
124.4,750.5,454.2,128.4,750.5,442.2,128.4,750.5,454.2,132.4,        2721P   4479
750.5,442.2,132.4,750.5,454.2,132.4,754.5,442.2,132.4,754.5,        2721P   4480
454.2,-1.5,1.5,-3.14159265358979,3.14159265358979;                  2721P   4481
128,1,1,1,1,0,0,1,0,0,-0.401,-0.401,0.401,0.401,                    2723P   4482
-0.401000000000006,-0.401000000000006,0.401000000000006,            2723P   4483
0.401000000000006,1.,1.,1.,1.,124.39,758.51,454.2,132.41,758.51,    2723P   4484
454.2,124.39,750.49,454.2,132.41,750.49,454.2,-0.401,0.401,         2723P   4485
-0.401000000000006,0.401000000000006;                               2723P   4486
128,1,8,1,2,0,1,0,0,1,-1.5,-1.5,1.5,1.5,-3.14159265358979,          2725P   4487
-3.14159265358979,-3.14159265358979,-1.5707963267949,               2725P   4488
-1.5707963267949,0.,0.,1.5707963267949,1.5707963267949,             2725P   4489
3.14159265358979,3.14159265358979,3.14159265358979,1.,1.,           2725P   4490
0.707106781186548,0.707106781186548,1.,1.,0.707106781186548,        2725P   4491
0.707106781186548,1.,1.,0.707106781186548,0.707106781186548,1.,     2725P   4492
1.,0.707106781186548,0.707106781186548,1.,1.,100.4,754.5,442.2,     2725P   4493
100.4,754.5,454.2,100.4,758.5,442.2,100.4,758.5,454.2,              2725P   4494
96.3999999999999,758.5,442.2,96.3999999999999,758.5,454.2,          2725P   4495
92.3999999999999,758.5,442.2,92.3999999999999,758.5,454.2,          2725P   4496
92.3999999999999,754.5,442.2,92.3999999999999,754.5,454.2,          2725P   4497
92.3999999999999,750.5,442.2,92.3999999999999,750.5,454.2,          2725P   4498
96.3999999999999,750.5,442.2,96.3999999999999,750.5,454.2,100.4,    2725P   4499
750.5,442.2,100.4,750.5,454.2,100.4,754.5,442.2,100.4,754.5,        2725P   4500
454.2,-1.5,1.5,-3.14159265358979,3.14159265358979;                  2725P   4501
128,1,1,1,1,0,0,1,0,0,-0.401,-0.401,0.401,0.401,                    2727P   4502
-0.401000000000006,-0.401000000000006,0.401000000000006,            2727P   4503
0.401000000000006,1.,1.,1.,1.,92.3899999999999,758.51,454.2,        2727P   4504
100.41,758.51,454.2,92.3899999999999,750.49,454.2,100.41,750.49,    2727P   4505
454.2,-0.401,0.401,-0.401000000000006,0.401000000000006;            2727P   4506
128,1,8,1,2,0,1,0,0,1,-1.5,-1.5,1.5,1.5,-3.14159265358979,          2729P   4507
-3.14159265358979,-3.14159265358979,-1.5707963267949,               2729P   4508
-1.5707963267949,0.,0.,1.5707963267949,1.5707963267949,             2729P   4509
3.14159265358979,3.14159265358979,3.14159265358979,1.,1.,           2729P   4510
0.707106781186548,0.707106781186548,1.,1.,0.707106781186548,        2729P   4511
0.707106781186548,1.,1.,0.707106781186548,0.707106781186548,1.,     2729P   4512
1.,0.707106781186548,0.707106781186548,1.,1.,-445.7,461.,442.2,     2729P   4513
-445.7,461.,454.2,-445.7,465.,442.2,-445.7,465.,454.2,-449.7,       2729P   4514
465.,442.2,-449.7,465.,454.2,-453.7,465.,442.2,-453.7,465.,         2729P   4515
454.2,-453.7,461.,442.2,-453.7,461.,454.2,-453.7,457.,442.2,        2729P   4516
-453.7,457.,454.2,-449.7,457.,442.2,-449.7,457.,454.2,-445.7,       2729P   4517
457.,442.2,-445.7,457.,454.2,-445.7,461.,442.2,-445.7,461.,         2729P   4518
454.2,-1.5,1.5,-3.14159265358979,3.14159265358979;                  2729P   4519
128,1,1,1,1,0,0,1,0,0,-0.400999999999999,-0.400999999999999,        2731P   4520
0.400999999999999,0.400999999999999,-0.400999999999999,             2731P   4521
-0.400999999999999,0.400999999999999,0.400999999999999,1.,1.,1.,    2731P   4522
1.,-453.71,465.01,454.2,-445.69,465.01,454.2,-453.71,456.99,        2731P   4523
454.2,-445.69,456.99,454.2,-0.400999999999999,0.400999999999999,    2731P   4524
-0.400999999999999,0.400999999999999;                               2731P   4525
128,1,8,1,2,0,1,0,0,1,-1.5,-1.5,1.5,1.5,-3.14159265358979,          2733P   4526
-3.14159265358979,-3.14159265358979,-1.5707963267949,               2733P   4527
-1.5707963267949,0.,0.,1.5707963267949,1.5707963267949,             2733P   4528
3.14159265358979,3.14159265358979,3.14159265358979,1.,1.,           2733P   4529
0.707106781186548,0.707106781186548,1.,1.,0.707106781186548,        2733P   4530
0.707106781186548,1.,1.,0.707106781186548,0.707106781186548,1.,     2733P   4531
1.,0.707106781186548,0.707106781186548,1.,1.,-445.7,141.,442.2,     2733P   4532
-445.7,141.,454.2,-445.7,145.,442.2,-445.7,145.,454.2,-449.7,       2733P   4533
145.,442.2,-449.7,145.,454.2,-453.7,145.,442.2,-453.7,145.,         2733P   4534
454.2,-453.7,141.,442.2,-453.7,141.,454.2,-453.7,137.,442.2,        2733P   4535
-453.7,137.,454.2,-449.7,137.,442.2,-449.7,137.,454.2,-445.7,       2733P   4536
137.,442.2,-445.7,137.,454.2,-445.7,141.,442.2,-445.7,141.,         2733P   4537
454.2,-1.5,1.5,-3.14159265358979,3.14159265358979;                  2733P   4538
128,1,1,1,1,0,0,1,0,0,-0.400999999999999,-0.400999999999999,        2735P   4539
0.400999999999999,0.400999999999999,-0.401,-0.401,0.401,0.401,      2735P   4540
1.,1.,1.,1.,-453.71,145.01,454.2,-445.69,145.01,454.2,-453.71,      2735P   4541
136.99,454.2,-445.69,136.99,454.2,-0.400999999999999,               2735P   4542
0.400999999999999,-0.401,0.401;                                     2735P   4543
128,1,1,1,1,0,0,1,0,0,-0.001,-0.001,1.501,1.501,-0.001,-0.001,      2737P   4544
74.701,74.701,1.,1.,1.,1.,152.4,14.99,457.21,152.4,14.99,442.19,    2737P   4545
152.4,762.01,457.21,152.4,762.01,442.19,-0.001,1.501,-0.001,        2737P   4546
74.701;                                                             2737P   4547
128,1,1,1,1,0,0,1,0,0,-0.001,-0.001,60.961,60.961,-0.001,-0.001,    2739P   4548
74.701,74.701,1.,1.,1.,1.,-457.21,14.99,457.2,152.41,14.99,         2739P   4549
457.2,-457.21,762.01,457.2,152.41,762.01,457.2,-0.001,60.961,       2739P   4550
-0.001,74.701;                                                      2739P   4551
128,1,1,1,1,0,0,1,0,0,-0.001,-0.001,1.501,1.501,-0.001,-0.001,      2741P   4552
74.701,74.701,1.,1.,1.,1.,-457.2,14.99,442.19,-457.2,14.99,         2741P   4553
457.21,-457.2,762.01,442.19,-457.2,762.01,457.21,-0.001,1.501,      2741P   4554
-0.001,74.701;                                                      2741P   4555
128,1,1,1,1,0,0,1,0,0,-0.00100000000000711,-0.00100000000000711,    2743P   4556
60.961,60.961,-0.001,-0.001,74.701,74.701,1.,1.,1.,1.,152.41,       2743P   4557
14.99,442.2,-457.21,14.99,442.2,152.41,762.01,442.2,-457.21,        2743P   4558
762.01,442.2,-0.00100000000000711,60.961,-0.001,74.701;             2743P   4559
128,1,1,1,1,0,0,1,0,0,-0.751,-0.751,0.751,0.751,-30.481,-30.481,    2745P   4560
30.481,30.481,1.,1.,1.,1.,-457.21,762.,442.19,-457.21,762.,         2745P   4561
457.21,152.41,762.,442.19,152.41,762.,457.21,-0.751,0.751,          2745P   4562
-30.481,30.481;                                                     2745P   4563
128,1,1,1,1,0,0,1,0,0,-30.481,-30.481,30.481,30.481,-0.751,         2747P   4564
-0.751,0.751,0.751,1.,1.,1.,1.,152.41,15.,457.21,-457.21,15.,       2747P   4565
457.21,152.41,15.,442.19,-457.21,15.,442.19,-30.481,30.481,         2747P   4566
-0.751,0.751;                                                       2747P   4567
128,1,8,1,2,0,1,0,0,1,-2.49999999999999,-2.49999999999999,2.5,      2749P   4568
2.5,-3.14159265358979,-3.14159265358979,-3.14159265358979,          2749P   4569
-1.5707963267949,-1.5707963267949,0.,0.,1.5707963267949,            2749P   4570
1.5707963267949,3.14159265358979,3.14159265358979,                  2749P   4571
3.14159265358979,1.,1.,0.707106781186548,0.707106781186548,1.,      2749P   4572
1.,0.707106781186548,0.707106781186548,1.,1.,0.707106781186548,     2749P   4573
0.707106781186548,1.,1.,0.707106781186548,0.707106781186548,1.,     2749P   4574
1.,-112.1425,15.,-445.7,-112.1425,34.9999999999999,-445.7,          2749P   4575
-108.1425,15.,-445.7,-108.1425,34.9999999999999,-445.7,             2749P   4576
-108.1425,15.,-449.7,-108.1425,34.9999999999999,-449.7,             2749P   4577
-108.1425,15.,-453.7,-108.1425,34.9999999999999,-453.7,             2749P   4578
-112.1425,15.,-453.7,-112.1425,34.9999999999999,-453.7,             2749P   4579
-116.1425,15.,-453.7,-116.1425,34.9999999999999,-453.7,             2749P   4580
-116.1425,15.,-449.7,-116.1425,34.9999999999999,-449.7,             2749P   4581
-116.1425,15.,-445.7,-116.1425,34.9999999999999,-445.7,             2749P   4582
-112.1425,15.,-445.7,-112.1425,34.9999999999999,-445.7,             2749P   4583
-2.49999999999999,2.5,-3.14159265358979,3.14159265358979;           2749P   4584
128,1,1,1,1,0,0,1,0,0,-0.400999999999999,-0.400999999999999,        2751P   4585
0.400999999999999,0.400999999999999,-0.401,-0.401,0.401,0.401,      2751P   4586
1.,1.,1.,1.,-108.1325,34.9999999999999,-453.71,-108.1325,           2751P   4587
34.9999999999999,-445.69,-116.1525,34.9999999999999,-453.71,        2751P   4588
-116.1525,34.9999999999999,-445.69,-0.400999999999999,              2751P   4589
0.400999999999999,-0.401,0.401;                                     2751P   4590
128,1,8,1,2,0,1,0,0,1,-2.49999999999999,-2.49999999999999,2.5,      2753P   4591
2.5,-3.14159265358979,-3.14159265358979,-3.14159265358979,          2753P   4592
-1.5707963267949,-1.5707963267949,0.,0.,1.5707963267949,            2753P   4593
1.5707963267949,3.14159265358979,3.14159265358979,                  2753P   4594
3.14159265358979,1.,1.,0.707106781186548,0.707106781186548,1.,      2753P   4595
1.,0.707106781186548,0.707106781186548,1.,1.,0.707106781186548,     2753P   4596
0.707106781186548,1.,1.,0.707106781186548,0.707106781186548,1.,     2753P   4597
1.,207.8575,15.,-445.7,207.8575,34.9999999999999,-445.7,            2753P   4598
211.8575,15.,-445.7,211.8575,34.9999999999999,-445.7,211.8575,      2753P   4599
15.,-449.7,211.8575,34.9999999999999,-449.7,211.8575,15.,-453.7,    2753P   4600
211.8575,34.9999999999999,-453.7,207.8575,15.,-453.7,207.8575,      2753P   4601
34.9999999999999,-453.7,203.8575,15.,-453.7,203.8575,               2753P   4602
34.9999999999999,-453.7,203.8575,15.,-449.7,203.8575,               2753P   4603
34.9999999999999,-449.7,203.8575,15.,-445.7,203.8575,               2753P   4604
34.9999999999999,-445.7,207.8575,15.,-445.7,207.8575,               2753P   4605
34.9999999999999,-445.7,-2.49999999999999,2.5,-3.14159265358979,    2753P   4606
3.14159265358979;                                                   2753P   4607
128,1,1,1,1,0,0,1,0,0,-0.400999999999999,-0.400999999999999,        2755P   4608
0.400999999999999,0.400999999999999,-0.400999999999999,             2755P   4609
-0.400999999999999,0.400999999999999,0.400999999999999,1.,1.,1.,    2755P   4610
1.,211.8675,34.9999999999999,-453.71,211.8675,34.9999999999999,     2755P   4611
-445.69,203.8475,34.9999999999999,-453.71,203.8475,                 2755P   4612
34.9999999999999,-445.69,-0.400999999999999,0.400999999999999,      2755P   4613
-0.400999999999999,0.400999999999999;                               2755P   4614
128,1,8,1,2,0,1,0,0,1,-2.49999999999999,-2.49999999999999,2.5,      2757P   4615
2.5,-3.14159265358979,-3.14159265358979,-3.14159265358979,          2757P   4616
-1.5707963267949,-1.5707963267949,0.,0.,1.5707963267949,            2757P   4617
1.5707963267949,3.14159265358979,3.14159265358979,                  2757P   4618
3.14159265358979,1.,1.,0.707106781186548,0.707106781186548,1.,      2757P   4619
1.,0.707106781186548,0.707106781186548,1.,1.,0.707106781186548,     2757P   4620
0.707106781186548,1.,1.,0.707106781186548,0.707106781186548,1.,     2757P   4621
1.,367.8575,15.,-445.7,367.8575,34.9999999999999,-445.7,            2757P   4622
371.8575,15.,-445.7,371.8575,34.9999999999999,-445.7,371.8575,      2757P   4623
15.,-449.7,371.8575,34.9999999999999,-449.7,371.8575,15.,-453.7,    2757P   4624
371.8575,34.9999999999999,-453.7,367.8575,15.,-453.7,367.8575,      2757P   4625
34.9999999999999,-453.7,363.8575,15.,-453.7,363.8575,               2757P   4626
34.9999999999999,-453.7,363.8575,15.,-449.7,363.8575,               2757P   4627
34.9999999999999,-449.7,363.8575,15.,-445.7,363.8575,               2757P   4628
34.9999999999999,-445.7,367.8575,15.,-445.7,367.8575,               2757P   4629
34.9999999999999,-445.7,-2.49999999999999,2.5,-3.14159265358979,    2757P   4630
3.14159265358979;                                                   2757P   4631
128,1,1,1,1,0,0,1,0,0,-0.400999999999999,-0.400999999999999,        2759P   4632
0.400999999999999,0.400999999999999,-0.400999999999999,             2759P   4633
-0.400999999999999,0.400999999999999,0.400999999999999,1.,1.,1.,    2759P   4634
1.,371.8675,34.9999999999999,-453.71,371.8675,34.9999999999999,     2759P   4635
-445.69,363.8475,34.9999999999999,-453.71,363.8475,                 2759P   4636
34.9999999999999,-445.69,-0.400999999999999,0.400999999999999,      2759P   4637
-0.400999999999999,0.400999999999999;                               2759P   4638
128,1,8,1,2,0,1,0,0,1,-2.49999999999999,-2.49999999999999,2.5,      2761P   4639
2.5,-3.14159265358979,-3.14159265358979,-3.14159265358979,          2761P   4640
-1.5707963267949,-1.5707963267949,0.,0.,1.5707963267949,            2761P   4641
1.5707963267949,3.14159265358979,3.14159265358979,                  2761P   4642
3.14159265358979,1.,1.,0.707106781186548,0.707106781186548,1.,      2761P   4643
1.,0.707106781186548,0.707106781186548,1.,1.,0.707106781186548,     2761P   4644
0.707106781186548,1.,1.,0.707106781186548,0.707106781186548,1.,     2761P   4645
1.,47.8575,15.,-445.7,47.8575,34.9999999999999,-445.7,51.8575,      2761P   4646
15.,-445.7,51.8575,34.9999999999999,-445.7,51.8575,15.,-449.7,      2761P   4647
51.8575,34.9999999999999,-449.7,51.8575,15.,-453.7,51.8575,         2761P   4648
34.9999999999999,-453.7,47.8575,15.,-453.7,47.8575,                 2761P   4649
34.9999999999999,-453.7,43.8575,15.,-453.7,43.8575,                 2761P   4650
34.9999999999999,-453.7,43.8575,15.,-449.7,43.8575,                 2761P   4651
34.9999999999999,-449.7,43.8575,15.,-445.7,43.8575,                 2761P   4652
34.9999999999999,-445.7,47.8575,15.,-445.7,47.8575,                 2761P   4653
34.9999999999999,-445.7,-2.49999999999999,2.5,-3.14159265358979,    2761P   4654
3.14159265358979;                                                   2761P   4655
128,1,1,1,1,0,0,1,0,0,-0.400999999999999,-0.400999999999999,        2763P   4656
0.400999999999999,0.400999999999999,-0.401,-0.401,0.401,0.401,      2763P   4657
1.,1.,1.,1.,51.8675,34.9999999999999,-453.71,51.8675,               2763P   4658
34.9999999999999,-445.69,43.8475,34.9999999999999,-453.71,          2763P   4659
43.8475,34.9999999999999,-445.69,-0.400999999999999,                2763P   4660
0.400999999999999,-0.401,0.401;                                     2763P   4661
128,1,8,1,2,0,1,0,0,1,-2.49999999999999,-2.49999999999999,2.5,      2765P   4662
2.5,-3.14159265358979,-3.14159265358979,-3.14159265358979,          2765P   4663
-1.5707963267949,-1.5707963267949,0.,0.,1.5707963267949,            2765P   4664
1.5707963267949,3.14159265358979,3.14159265358979,                  2765P   4665
3.14159265358979,1.,1.,0.707106781186548,0.707106781186548,1.,      2765P   4666
1.,0.707106781186548,0.707106781186548,1.,1.,0.707106781186548,     2765P   4667
0.707106781186548,1.,1.,0.707106781186548,0.707106781186548,1.,     2765P   4668
1.,-272.1425,15.,-445.7,-272.1425,34.9999999999999,-445.7,          2765P   4669
-268.1425,15.,-445.7,-268.1425,34.9999999999999,-445.7,             2765P   4670
-268.1425,15.,-449.7,-268.1425,34.9999999999999,-449.7,             2765P   4671
-268.1425,15.,-453.7,-268.1425,34.9999999999999,-453.7,             2765P   4672
-272.1425,15.,-453.7,-272.1425,34.9999999999999,-453.7,             2765P   4673
-276.1425,15.,-453.7,-276.1425,34.9999999999999,-453.7,             2765P   4674
-276.1425,15.,-449.7,-276.1425,34.9999999999999,-449.7,             2765P   4675
-276.1425,15.,-445.7,-276.1425,34.9999999999999,-445.7,             2765P   4676
-272.1425,15.,-445.7,-272.1425,34.9999999999999,-445.7,             2765P   4677
-2.49999999999999,2.5,-3.14159265358979,3.14159265358979;           2765P   4678
128,1,1,1,1,0,0,1,0,0,-0.400999999999999,-0.400999999999999,        2767P   4679
0.400999999999999,0.400999999999999,-0.400999999999999,             2767P   4680
-0.400999999999999,0.400999999999999,0.400999999999999,1.,1.,1.,    2767P   4681
1.,-268.1325,34.9999999999999,-453.71,-268.1325,                    2767P   4682
34.9999999999999,-445.69,-276.1525,34.9999999999999,-453.71,        2767P   4683
-276.1525,34.9999999999999,-445.69,-0.400999999999999,              2767P   4684
0.400999999999999,-0.400999999999999,0.400999999999999;             2767P   4685
128,1,8,1,2,0,1,0,0,1,-2.5,-2.5,2.5,2.5,-3.14159265358979,          2769P   4686
-3.14159265358979,-3.14159265358979,-1.5707963267949,               2769P   4687
-1.5707963267949,0.,0.,1.5707963267949,1.5707963267949,             2769P   4688
3.14159265358979,3.14159265358979,3.14159265358979,1.,1.,           2769P   4689
0.707106781186548,0.707106781186548,1.,1.,0.707106781186548,        2769P   4690
0.707106781186548,1.,1.,0.707106781186548,0.707106781186548,1.,     2769P   4691
1.,0.707106781186548,0.707106781186548,1.,1.,442.2,297.,-449.7,     2769P   4692
422.2,297.,-449.7,442.2,297.,-445.7,422.2,297.,-445.7,442.2,        2769P   4693
301.,-445.7,422.2,301.,-445.7,442.2,305.,-445.7,422.2,305.,         2769P   4694
-445.7,442.2,305.,-449.7,422.2,305.,-449.7,442.2,305.,-453.7,       2769P   4695
422.2,305.,-453.7,442.2,301.,-453.7,422.2,301.,-453.7,442.2,        2769P   4696
297.,-453.7,422.2,297.,-453.7,442.2,297.,-449.7,422.2,297.,         2769P   4697
-449.7,-2.5,2.5,-3.14159265358979,3.14159265358979;                 2769P   4698
128,1,1,1,1,0,0,1,0,0,-0.400999999999999,-0.400999999999999,        2771P   4699
0.400999999999999,0.400999999999999,-0.400999999999999,             2771P   4700
-0.400999999999999,0.400999999999999,0.400999999999999,1.,1.,1.,    2771P   4701
1.,422.2,305.01,-445.69,422.2,296.99,-445.69,422.2,305.01,          2771P   4702
-453.71,422.2,296.99,-453.71,-0.400999999999999,                    2771P   4703
0.400999999999999,-0.400999999999999,0.400999999999999;             2771P   4704
128,1,8,1,2,0,1,0,0,1,-2.5,-2.5,2.5,2.5,-3.14159265358979,          2773P   4705
-3.14159265358979,-3.14159265358979,-1.5707963267949,               2773P   4706
-1.5707963267949,0.,0.,1.5707963267949,1.5707963267949,             2773P   4707
3.14159265358979,3.14159265358979,3.14159265358979,1.,1.,           2773P   4708
0.707106781186548,0.707106781186548,1.,1.,0.707106781186548,        2773P   4709
0.707106781186548,1.,1.,0.707106781186548,0.707106781186548,1.,     2773P   4710
1.,0.707106781186548,0.707106781186548,1.,1.,442.2,617.,-449.7,     2773P   4711
422.2,617.,-449.7,442.2,617.,-445.7,422.2,617.,-445.7,442.2,        2773P   4712
621.,-445.7,422.2,621.,-445.7,442.2,625.,-445.7,422.2,625.,         2773P   4713
-445.7,442.2,625.,-449.7,422.2,625.,-449.7,442.2,625.,-453.7,       2773P   4714
422.2,625.,-453.7,442.2,621.,-453.7,422.2,621.,-453.7,442.2,        2773P   4715
617.,-453.7,422.2,617.,-453.7,442.2,617.,-449.7,422.2,617.,         2773P   4716
-449.7,-2.5,2.5,-3.14159265358979,3.14159265358979;                 2773P   4717
128,1,1,1,1,0,0,1,0,0,-0.400999999999999,-0.400999999999999,        2775P   4718
0.400999999999999,0.400999999999999,-0.400999999999999,             2775P   4719
-0.400999999999999,0.400999999999999,0.400999999999999,1.,1.,1.,    2775P   4720
1.,422.2,625.01,-445.69,422.2,616.99,-445.69,422.2,625.01,          2775P   4721
-453.71,422.2,616.99,-453.71,-0.400999999999999,                    2775P   4722
0.400999999999999,-0.400999999999999,0.400999999999999;             2775P   4723
128,1,8,1,2,0,1,0,0,1,-2.5,-2.5,2.5,2.5,-3.14159265358979,          2777P   4724
-3.14159265358979,-3.14159265358979,-1.5707963267949,               2777P   4725
-1.5707963267949,0.,0.,1.5707963267949,1.5707963267949,             2777P   4726
3.14159265358979,3.14159265358979,3.14159265358979,1.,1.,           2777P   4727
0.707106781186548,0.707106781186548,1.,1.,0.707106781186548,        2777P   4728
0.707106781186548,1.,1.,0.707106781186548,0.707106781186548,1.,     2777P   4729
1.,0.707106781186548,0.707106781186548,1.,1.,442.2,457.,-449.7,     2777P   4730
422.2,457.,-449.7,442.2,457.,-445.7,422.2,457.,-445.7,442.2,        2777P   4731
461.,-445.7,422.2,461.,-445.7,442.2,465.,-445.7,422.2,465.,         2777P   4732
-445.7,442.2,465.,-449.7,422.2,465.,-449.7,442.2,465.,-453.7,       2777P   4733
422.2,465.,-453.7,442.2,461.,-453.7,422.2,461.,-453.7,442.2,        2777P   4734
457.,-453.7,422.2,457.,-453.7,442.2,457.,-449.7,422.2,457.,         2777P   4735
-449.7,-2.5,2.5,-3.14159265358979,3.14159265358979;                 2777P   4736
128,1,1,1,1,0,0,1,0,0,-0.400999999999999,-0.400999999999999,        2779P   4737
0.400999999999999,0.400999999999999,-0.400999999999999,             2779P   4738
-0.400999999999999,0.400999999999999,0.400999999999999,1.,1.,1.,    2779P   4739
1.,422.2,465.01,-445.69,422.2,456.99,-445.69,422.2,465.01,          2779P   4740
-453.71,422.2,456.99,-453.71,-0.400999999999999,                    2779P   4741
0.400999999999999,-0.400999999999999,0.400999999999999;             2779P   4742
128,1,8,1,2,0,1,0,0,1,-2.5,-2.5,2.5,2.5,-3.14159265358979,          2781P   4743
-3.14159265358979,-3.14159265358979,-1.5707963267949,               2781P   4744
-1.5707963267949,0.,0.,1.5707963267949,1.5707963267949,             2781P   4745
3.14159265358979,3.14159265358979,3.14159265358979,1.,1.,           2781P   4746
0.707106781186548,0.707106781186548,1.,1.,0.707106781186548,        2781P   4747
0.707106781186548,1.,1.,0.707106781186548,0.707106781186548,1.,     2781P   4748
1.,0.707106781186548,0.707106781186548,1.,1.,442.2,137.,-449.7,     2781P   4749
422.2,137.,-449.7,442.2,137.,-445.7,422.2,137.,-445.7,442.2,        2781P   4750
141.,-445.7,422.2,141.,-445.7,442.2,145.,-445.7,422.2,145.,         2781P   4751
-445.7,442.2,145.,-449.7,422.2,145.,-449.7,442.2,145.,-453.7,       2781P   4752
422.2,145.,-453.7,442.2,141.,-453.7,422.2,141.,-453.7,442.2,        2781P   4753
137.,-453.7,422.2,137.,-453.7,442.2,137.,-449.7,422.2,137.,         2781P   4754
-449.7,-2.5,2.5,-3.14159265358979,3.14159265358979;                 2781P   4755
128,1,1,1,1,0,0,1,0,0,-0.401,-0.401,0.401,0.401,                    2783P   4756
-0.400999999999999,-0.400999999999999,0.400999999999999,            2783P   4757
0.400999999999999,1.,1.,1.,1.,422.2,145.01,-445.69,422.2,136.99,    2783P   4758
-445.69,422.2,145.01,-453.71,422.2,136.99,-453.71,-0.401,0.401,     2783P   4759
-0.400999999999999,0.400999999999999;                               2783P   4760
128,1,1,1,1,0,0,1,0,0,-0.001,-0.001,74.701,74.701,-0.001,-0.001,    2785P   4761
78.8695,78.8695,1.,1.,1.,1.,442.21,762.01,-457.2,442.21,14.99,      2785P   4762
-457.2,-346.495,762.01,-457.2,-346.495,14.99,-457.2,-0.001,         2785P   4763
74.701,-0.001,78.8695;                                              2785P   4764
128,1,1,1,1,0,0,1,0,0,-0.001,-0.001,1.501,1.501,-0.001,-0.001,      2787P   4765
78.8695,78.8695,1.,1.,1.,1.,442.21,762.,-442.19,442.21,762.,        2787P   4766
-457.21,-346.495,762.,-442.19,-346.495,762.,-457.21,-0.001,         2787P   4767
1.501,-0.001,78.8695;                                               2787P   4768
128,1,1,1,1,0,0,1,0,0,-0.00100000000000311,-0.00100000000000311,    2789P   4769
74.701,74.701,-0.001,-0.001,78.8695,78.8695,1.,1.,1.,1.,442.21,     2789P   4770
14.99,-442.2,442.21,762.01,-442.2,-346.495,14.99,-442.2,            2789P   4771
-346.495,762.01,-442.2,-0.00100000000000311,74.701,-0.001,          2789P   4772
78.8695;                                                            2789P   4773
128,1,1,1,1,0,0,1,0,0,-0.001,-0.001,1.501,1.501,-0.001,-0.001,      2791P   4774
78.8695,78.8695,1.,1.,1.,1.,442.21,15.,-457.21,442.21,15.,          2791P   4775
-442.19,-346.495,15.,-457.21,-346.495,15.,-442.19,-0.001,1.501,     2791P   4776
-0.001,78.8695;                                                     2791P   4777
128,1,1,1,1,0,0,1,0,0,-0.751,-0.751,0.751000000000001,              2793P   4778
0.751000000000001,-37.351,-37.351,37.351,37.351,1.,1.,1.,1.,        2793P   4779
-346.485,14.99,-457.21,-346.485,14.99,-442.19,-346.485,762.01,      2793P   4780
-457.21,-346.485,762.01,-442.19,-0.751,0.751000000000001,           2793P   4781
-37.351,37.351;                                                     2793P   4782
128,1,1,1,1,0,0,1,0,0,-0.751000000000007,-0.751000000000007,        2795P   4783
0.751000000000002,0.751000000000002,-37.351,-37.351,37.351,         2795P   4784
37.351,1.,1.,1.,1.,442.2,14.99,-442.19,442.2,14.99,-457.21,         2795P   4785
442.2,762.01,-442.19,442.2,762.01,-457.21,-0.751000000000007,       2795P   4786
0.751000000000002,-37.351,37.351;                                   2795P   4787
128,1,8,1,2,0,1,0,0,1,-1.5,-1.5,1.5,1.5,-3.14159265358979,          2797P   4788
-3.14159265358979,-3.14159265358979,-1.5707963267949,               2797P   4789
-1.5707963267949,0.,0.,1.5707963267949,1.5707963267949,             2797P   4790
3.14159265358979,3.14159265358979,3.14159265358979,1.,1.,           2797P   4791
0.707106781186548,0.707106781186548,1.,1.,0.707106781186548,        2797P   4792
0.707106781186548,1.,1.,0.707106781186548,0.707106781186548,1.,     2797P   4793
1.,0.707106781186548,0.707106781186548,1.,1.,-442.2,750.5,100.4,    2797P   4794
-454.2,750.5,100.4,-442.2,750.5,104.4,-454.2,750.5,104.4,-442.2,    2797P   4795
754.5,104.4,-454.2,754.5,104.4,-442.2,758.5,104.4,-454.2,758.5,     2797P   4796
104.4,-442.2,758.5,100.4,-454.2,758.5,100.4,-442.2,758.5,96.4,      2797P   4797
-454.2,758.5,96.4,-442.2,754.5,96.4,-454.2,754.5,96.4,-442.2,       2797P   4798
750.5,96.4,-454.2,750.5,96.4,-442.2,750.5,100.4,-454.2,750.5,       2797P   4799
100.4,-1.5,1.5,-3.14159265358979,3.14159265358979;                  2797P   4800
128,1,1,1,1,0,0,1,0,0,-0.401000000000006,-0.401000000000006,        2799P   4801
0.401000000000006,0.401000000000006,-0.401,-0.401,0.401,0.401,      2799P   4802
1.,1.,1.,1.,-454.2,758.51,104.41,-454.2,750.49,104.41,-454.2,       2799P   4803
758.51,96.3900000000001,-454.2,750.49,96.3900000000001,             2799P   4804
-0.401000000000006,0.401000000000006,-0.401,0.401;                  2799P   4805
128,1,8,1,2,0,1,0,0,1,-1.5,-1.5,1.5,1.5,-3.14159265358979,          2801P   4806
-3.14159265358979,-3.14159265358979,-1.5707963267949,               2801P   4807
-1.5707963267949,0.,0.,1.5707963267949,1.5707963267949,             2801P   4808
3.14159265358979,3.14159265358979,3.14159265358979,1.,1.,           2801P   4809
0.707106781186548,0.707106781186548,1.,1.,0.707106781186548,        2801P   4810
0.707106781186548,1.,1.,0.707106781186548,0.707106781186548,1.,     2801P   4811
1.,0.707106781186548,0.707106781186548,1.,1.,-442.2,750.5,          2801P   4812
4.40000000000005,-454.2,750.5,4.40000000000005,-442.2,750.5,        2801P   4813
8.4000000000001,-454.2,750.5,8.4000000000001,-442.2,754.5,          2801P   4814
8.40000000000011,-454.2,754.5,8.40000000000011,-442.2,758.5,        2801P   4815
8.4000000000001,-454.2,758.5,8.4000000000001,-442.2,758.5,          2801P   4816
4.40000000000005,-454.2,758.5,4.40000000000005,-442.2,758.5,        2801P   4817
0.399999999999993,-454.2,758.5,0.399999999999993,-442.2,754.5,      2801P   4818
0.399999999999991,-454.2,754.5,0.399999999999991,-442.2,750.5,      2801P   4819
0.399999999999993,-454.2,750.5,0.399999999999993,-442.2,750.5,      2801P   4820
4.40000000000005,-454.2,750.5,4.40000000000005,-1.5,1.5,            2801P   4821
-3.14159265358979,3.14159265358979;                                 2801P   4822
128,1,1,1,1,0,0,1,0,0,-0.401000000000006,-0.401000000000006,        2803P   4823
0.401000000000006,0.401000000000006,-0.401,-0.401,0.401,0.401,      2803P   4824
1.,1.,1.,1.,-454.2,758.51,8.41000000000005,-454.2,750.49,           2803P   4825
8.41000000000005,-454.2,758.51,0.390000000000048,-454.2,750.49,     2803P   4826
0.390000000000048,-0.401000000000006,0.401000000000006,-0.401,      2803P   4827
0.401;                                                              2803P   4828
128,1,8,1,2,0,1,0,0,1,-2.5,-2.5,2.5,2.5,-3.14159265358979,          2805P   4829
-3.14159265358979,-3.14159265358979,-1.5707963267949,               2805P   4830
-1.5707963267949,0.,0.,1.5707963267949,1.5707963267949,             2805P   4831
3.14159265358979,3.14159265358979,3.14159265358979,1.,1.,           2805P   4832
0.707106781186548,0.707106781186548,1.,1.,0.707106781186548,        2805P   4833
0.707106781186548,1.,1.,0.707106781186548,0.707106781186548,1.,     2805P   4834
1.,0.707106781186548,0.707106781186548,1.,1.,-449.7,15.,            2805P   4835
-108.1425,-449.7,35.,-108.1425,-445.7,15.,-108.1425,-445.7,35.,     2805P   4836
-108.1425,-445.7,15.,-112.1425,-445.7,35.,-112.1425,-445.7,15.,     2805P   4837
-116.1425,-445.7,35.,-116.1425,-449.7,15.,-116.1425,-449.7,35.,     2805P   4838
-116.1425,-453.7,15.,-116.1425,-453.7,35.,-116.1425,-453.7,15.,     2805P   4839
-112.1425,-453.7,35.,-112.1425,-453.7,15.,-108.1425,-453.7,35.,     2805P   4840
-108.1425,-449.7,15.,-108.1425,-449.7,35.,-108.1425,-2.5,2.5,       2805P   4841
-3.14159265358979,3.14159265358979;                                 2805P   4842
128,1,1,1,1,0,0,1,0,0,-0.401,-0.401,0.401,0.401,                    2807P   4843
-0.400999999999999,-0.400999999999999,0.400999999999999,            2807P   4844
0.400999999999999,1.,1.,1.,1.,-445.69,35.,-116.1525,-445.69,35.,    2807P   4845
-108.1325,-453.71,35.,-116.1525,-453.71,35.,-108.1325,-0.401,       2807P   4846
0.401,-0.400999999999999,0.400999999999999;                         2807P   4847
128,1,8,1,2,0,1,0,0,1,-2.5,-2.5,2.5,2.5,-3.14159265358979,          2809P   4848
-3.14159265358979,-3.14159265358979,-1.5707963267949,               2809P   4849
-1.5707963267949,0.,0.,1.5707963267949,1.5707963267949,             2809P   4850
3.14159265358979,3.14159265358979,3.14159265358979,1.,1.,           2809P   4851
0.707106781186548,0.707106781186548,1.,1.,0.707106781186548,        2809P   4852
0.707106781186548,1.,1.,0.707106781186548,0.707106781186548,1.,     2809P   4853
1.,0.707106781186548,0.707106781186548,1.,1.,-449.7,15.,            2809P   4854
211.8575,-449.7,35.,211.8575,-445.7,15.,211.8575,-445.7,35.,        2809P   4855
211.8575,-445.7,15.,207.8575,-445.7,35.,207.8575,-445.7,15.,        2809P   4856
203.8575,-445.7,35.,203.8575,-449.7,15.,203.8575,-449.7,35.,        2809P   4857
203.8575,-453.7,15.,203.8575,-453.7,35.,203.8575,-453.7,15.,        2809P   4858
207.8575,-453.7,35.,207.8575,-453.7,15.,211.8575,-453.7,35.,        2809P   4859
211.8575,-449.7,15.,211.8575,-449.7,35.,211.8575,-2.5,2.5,          2809P   4860
-3.14159265358979,3.14159265358979;                                 2809P   4861
128,1,1,1,1,0,0,1,0,0,-0.400999999999999,-0.400999999999999,        2811P   4862
0.400999999999999,0.400999999999999,-0.400999999999999,             2811P   4863
-0.400999999999999,0.400999999999999,0.400999999999999,1.,1.,1.,    2811P   4864
1.,-445.69,35.,203.8475,-445.69,35.,211.8675,-453.71,35.,           2811P   4865
203.8475,-453.71,35.,211.8675,-0.400999999999999,                   2811P   4866
0.400999999999999,-0.400999999999999,0.400999999999999;             2811P   4867
128,1,8,1,2,0,1,0,0,1,-2.5,-2.5,2.5,2.5,-3.14159265358979,          2813P   4868
-3.14159265358979,-3.14159265358979,-1.5707963267949,               2813P   4869
-1.5707963267949,0.,0.,1.5707963267949,1.5707963267949,             2813P   4870
3.14159265358979,3.14159265358979,3.14159265358979,1.,1.,           2813P   4871
0.707106781186548,0.707106781186548,1.,1.,0.707106781186548,        2813P   4872
0.707106781186548,1.,1.,0.707106781186548,0.707106781186548,1.,     2813P   4873
1.,0.707106781186548,0.707106781186548,1.,1.,-449.7,15.,            2813P   4874
371.8575,-449.7,35.,371.8575,-445.7,15.,371.8575,-445.7,35.,        2813P   4875
371.8575,-445.7,15.,367.8575,-445.7,35.,367.8575,-445.7,15.,        2813P   4876
363.8575,-445.7,35.,363.8575,-449.7,15.,363.8575,-449.7,35.,        2813P   4877
363.8575,-453.7,15.,363.8575,-453.7,35.,363.8575,-453.7,15.,        2813P   4878
367.8575,-453.7,35.,367.8575,-453.7,15.,371.8575,-453.7,35.,        2813P   4879
371.8575,-449.7,15.,371.8575,-449.7,35.,371.8575,-2.5,2.5,          2813P   4880
-3.14159265358979,3.14159265358979;                                 2813P   4881
128,1,1,1,1,0,0,1,0,0,-0.400999999999999,-0.400999999999999,        2815P   4882
0.400999999999999,0.400999999999999,-0.400999999999999,             2815P   4883
-0.400999999999999,0.400999999999999,0.400999999999999,1.,1.,1.,    2815P   4884
1.,-445.69,35.,363.8475,-445.69,35.,371.8675,-453.71,35.,           2815P   4885
363.8475,-453.71,35.,371.8675,-0.400999999999999,                   2815P   4886
0.400999999999999,-0.400999999999999,0.400999999999999;             2815P   4887
128,1,8,1,2,0,1,0,0,1,-2.5,-2.5,2.5,2.5,-3.14159265358979,          2817P   4888
-3.14159265358979,-3.14159265358979,-1.5707963267949,               2817P   4889
-1.5707963267949,0.,0.,1.5707963267949,1.5707963267949,             2817P   4890
3.14159265358979,3.14159265358979,3.14159265358979,1.,1.,           2817P   4891
0.707106781186548,0.707106781186548,1.,1.,0.707106781186548,        2817P   4892
0.707106781186548,1.,1.,0.707106781186548,0.707106781186548,1.,     2817P   4893
1.,0.707106781186548,0.707106781186548,1.,1.,-449.7,15.,51.8575,    2817P   4894
-449.7,35.,51.8575,-445.7,15.,51.8575,-445.7,35.,51.8575,-445.7,    2817P   4895
15.,47.8575,-445.7,35.,47.8575,-445.7,15.,43.8575,-445.7,35.,       2817P   4896
43.8575,-449.7,15.,43.8575,-449.7,35.,43.8575,-453.7,15.,           2817P   4897
43.8575,-453.7,35.,43.8575,-453.7,15.,47.8575,-453.7,35.,           2817P   4898
47.8575,-453.7,15.,51.8575,-453.7,35.,51.8575,-449.7,15.,           2817P   4899
51.8575,-449.7,35.,51.8575,-2.5,2.5,-3.14159265358979,              2817P   4900
3.14159265358979;                                                   2817P   4901
128,1,1,1,1,0,0,1,0,0,-0.401,-0.401,0.401,0.401,                    2819P   4902
-0.400999999999999,-0.400999999999999,0.400999999999999,            2819P   4903
0.400999999999999,1.,1.,1.,1.,-445.69,35.,43.8475,-445.69,35.,      2819P   4904
51.8675,-453.71,35.,43.8475,-453.71,35.,51.8675,-0.401,0.401,       2819P   4905
-0.400999999999999,0.400999999999999;                               2819P   4906
128,1,8,1,2,0,1,0,0,1,-2.5,-2.5,2.5,2.5,-3.14159265358979,          2821P   4907
-3.14159265358979,-3.14159265358979,-1.5707963267949,               2821P   4908
-1.5707963267949,0.,0.,1.5707963267949,1.5707963267949,             2821P   4909
3.14159265358979,3.14159265358979,3.14159265358979,1.,1.,           2821P   4910
0.707106781186548,0.707106781186548,1.,1.,0.707106781186548,        2821P   4911
0.707106781186548,1.,1.,0.707106781186548,0.707106781186548,1.,     2821P   4912
1.,0.707106781186548,0.707106781186548,1.,1.,-449.7,15.,            2821P   4913
-268.1425,-449.7,35.,-268.1425,-445.7,15.,-268.1425,-445.7,35.,     2821P   4914
-268.1425,-445.7,15.,-272.1425,-445.7,35.,-272.1425,-445.7,15.,     2821P   4915
-276.1425,-445.7,35.,-276.1425,-449.7,15.,-276.1425,-449.7,35.,     2821P   4916
-276.1425,-453.7,15.,-276.1425,-453.7,35.,-276.1425,-453.7,15.,     2821P   4917
-272.1425,-453.7,35.,-272.1425,-453.7,15.,-268.1425,-453.7,35.,     2821P   4918
-268.1425,-449.7,15.,-268.1425,-449.7,35.,-268.1425,-2.5,2.5,       2821P   4919
-3.14159265358979,3.14159265358979;                                 2821P   4920
128,1,1,1,1,0,0,1,0,0,-0.400999999999999,-0.400999999999999,        2823P   4921
0.400999999999999,0.400999999999999,-0.400999999999999,             2823P   4922
-0.400999999999999,0.400999999999999,0.400999999999999,1.,1.,1.,    2823P   4923
1.,-445.69,35.,-276.1525,-445.69,35.,-268.1325,-453.71,35.,         2823P   4924
-276.1525,-453.71,35.,-268.1325,-0.400999999999999,                 2823P   4925
0.400999999999999,-0.400999999999999,0.400999999999999;             2823P   4926
128,1,8,1,2,0,1,0,0,1,-2.5,-2.5,2.5,2.5,-3.14159265358979,          2825P   4927
-3.14159265358979,-3.14159265358979,-1.5707963267949,               2825P   4928
-1.5707963267949,0.,0.,1.5707963267949,1.5707963267949,             2825P   4929
3.14159265358979,3.14159265358979,3.14159265358979,1.,1.,           2825P   4930
0.707106781186548,0.707106781186548,1.,1.,0.707106781186548,        2825P   4931
0.707106781186548,1.,1.,0.707106781186548,0.707106781186548,1.,     2825P   4932
1.,0.707106781186548,0.707106781186548,1.,1.,-453.7,301.,442.2,     2825P   4933
-453.7,301.,422.2,-453.7,305.,442.2,-453.7,305.,422.2,-449.7,       2825P   4934
305.,442.2,-449.7,305.,422.2,-445.7,305.,442.2,-445.7,305.,         2825P   4935
422.2,-445.7,301.,442.2,-445.7,301.,422.2,-445.7,297.,442.2,        2825P   4936
-445.7,297.,422.2,-449.7,297.,442.2,-449.7,297.,422.2,-453.7,       2825P   4937
297.,442.2,-453.7,297.,422.2,-453.7,301.,442.2,-453.7,301.,         2825P   4938
422.2,-2.5,2.5,-3.14159265358979,3.14159265358979;                  2825P   4939
128,1,1,1,1,0,0,1,0,0,-0.400999999999999,-0.400999999999999,        2827P   4940
0.400999999999999,0.400999999999999,-0.400999999999999,             2827P   4941
-0.400999999999999,0.400999999999999,0.400999999999999,1.,1.,1.,    2827P   4942
1.,-445.69,305.01,422.2,-453.71,305.01,422.2,-445.69,296.99,        2827P   4943
422.2,-453.71,296.99,422.2,-0.400999999999999,0.400999999999999,    2827P   4944
-0.400999999999999,0.400999999999999;                               2827P   4945
128,1,8,1,2,0,1,0,0,1,-2.5,-2.5,2.5,2.5,-3.14159265358979,          2829P   4946
-3.14159265358979,-3.14159265358979,-1.5707963267949,               2829P   4947
-1.5707963267949,0.,0.,1.5707963267949,1.5707963267949,             2829P   4948
3.14159265358979,3.14159265358979,3.14159265358979,1.,1.,           2829P   4949
0.707106781186548,0.707106781186548,1.,1.,0.707106781186548,        2829P   4950
0.707106781186548,1.,1.,0.707106781186548,0.707106781186548,1.,     2829P   4951
1.,0.707106781186548,0.707106781186548,1.,1.,-453.7,621.,442.2,     2829P   4952
-453.7,621.,422.2,-453.7,625.,442.2,-453.7,625.,422.2,-449.7,       2829P   4953
625.,442.2,-449.7,625.,422.2,-445.7,625.,442.2,-445.7,625.,         2829P   4954
422.2,-445.7,621.,442.2,-445.7,621.,422.2,-445.7,617.,442.2,        2829P   4955
-445.7,617.,422.2,-449.7,617.,442.2,-449.7,617.,422.2,-453.7,       2829P   4956
617.,442.2,-453.7,617.,422.2,-453.7,621.,442.2,-453.7,621.,         2829P   4957
422.2,-2.5,2.5,-3.14159265358979,3.14159265358979;                  2829P   4958
128,1,1,1,1,0,0,1,0,0,-0.400999999999999,-0.400999999999999,        2831P   4959
0.400999999999999,0.400999999999999,-0.400999999999999,             2831P   4960
-0.400999999999999,0.400999999999999,0.400999999999999,1.,1.,1.,    2831P   4961
1.,-445.69,625.01,422.2,-453.71,625.01,422.2,-445.69,616.99,        2831P   4962
422.2,-453.71,616.99,422.2,-0.400999999999999,0.400999999999999,    2831P   4963
-0.400999999999999,0.400999999999999;                               2831P   4964
128,1,8,1,2,0,1,0,0,1,-2.5,-2.5,2.5,2.5,-3.14159265358979,          2833P   4965
-3.14159265358979,-3.14159265358979,-1.5707963267949,               2833P   4966
-1.5707963267949,0.,0.,1.5707963267949,1.5707963267949,             2833P   4967
3.14159265358979,3.14159265358979,3.14159265358979,1.,1.,           2833P   4968
0.707106781186548,0.707106781186548,1.,1.,0.707106781186548,        2833P   4969
0.707106781186548,1.,1.,0.707106781186548,0.707106781186548,1.,     2833P   4970
1.,0.707106781186548,0.707106781186548,1.,1.,-453.7,461.,442.2,     2833P   4971
-453.7,461.,422.2,-453.7,465.,442.2,-453.7,465.,422.2,-449.7,       2833P   4972
465.,442.2,-449.7,465.,422.2,-445.7,465.,442.2,-445.7,465.,         2833P   4973
422.2,-445.7,461.,442.2,-445.7,461.,422.2,-445.7,457.,442.2,        2833P   4974
-445.7,457.,422.2,-449.7,457.,442.2,-449.7,457.,422.2,-453.7,       2833P   4975
457.,442.2,-453.7,457.,422.2,-453.7,461.,442.2,-453.7,461.,         2833P   4976
422.2,-2.5,2.5,-3.14159265358979,3.14159265358979;                  2833P   4977
128,1,1,1,1,0,0,1,0,0,-0.400999999999999,-0.400999999999999,        2835P   4978
0.400999999999999,0.400999999999999,-0.400999999999999,             2835P   4979
-0.400999999999999,0.400999999999999,0.400999999999999,1.,1.,1.,    2835P   4980
1.,-445.69,465.01,422.2,-453.71,465.01,422.2,-445.69,456.99,        2835P   4981
422.2,-453.71,456.99,422.2,-0.400999999999999,0.400999999999999,    2835P   4982
-0.400999999999999,0.400999999999999;                               2835P   4983
128,1,8,1,2,0,1,0,0,1,-2.5,-2.5,2.5,2.5,-3.14159265358979,          2837P   4984
-3.14159265358979,-3.14159265358979,-1.5707963267949,               2837P   4985
-1.5707963267949,0.,0.,1.5707963267949,1.5707963267949,             2837P   4986
3.14159265358979,3.14159265358979,3.14159265358979,1.,1.,           2837P   4987
0.707106781186548,0.707106781186548,1.,1.,0.707106781186548,        2837P   4988
0.707106781186548,1.,1.,0.707106781186548,0.707106781186548,1.,     2837P   4989
1.,0.707106781186548,0.707106781186548,1.,1.,-453.7,141.,442.2,     2837P   4990
-453.7,141.,422.2,-453.7,145.,442.2,-453.7,145.,422.2,-449.7,       2837P   4991
145.,442.2,-449.7,145.,422.2,-445.7,145.,442.2,-445.7,145.,         2837P   4992
422.2,-445.7,141.,442.2,-445.7,141.,422.2,-445.7,137.,442.2,        2837P   4993
-445.7,137.,422.2,-449.7,137.,442.2,-449.7,137.,422.2,-453.7,       2837P   4994
137.,442.2,-453.7,137.,422.2,-453.7,141.,442.2,-453.7,141.,         2837P   4995
422.2,-2.5,2.5,-3.14159265358979,3.14159265358979;                  2837P   4996
128,1,1,1,1,0,0,1,0,0,-0.400999999999999,-0.400999999999999,        2839P   4997
0.400999999999999,0.400999999999999,-0.401,-0.401,0.401,0.401,      2839P   4998
1.,1.,1.,1.,-445.69,145.01,422.2,-453.71,145.01,422.2,-445.69,      2839P   4999
136.99,422.2,-453.71,136.99,422.2,-0.400999999999999,               2839P   5000
0.400999999999999,-0.401,0.401;                                     2839P   5001
128,1,1,1,1,0,0,1,0,0,-0.001,-0.001,1.50100000000001,               2841P   5002
1.50100000000001,-0.001,-0.001,78.8695,78.8695,1.,1.,1.,1.,         2841P   5003
-442.19,15.,442.21,-457.21,15.,442.21,-442.19,15.,-346.495,         2841P   5004
-457.21,15.,-346.495,-0.001,1.50100000000001,-0.001,78.8695;        2841P   5005
128,1,1,1,1,0,0,1,0,0,-0.001,-0.001,74.701,74.701,-0.001,-0.001,    2843P   5006
78.8695,78.8695,1.,1.,1.,1.,-442.2,762.01,442.21,-442.2,14.99,      2843P   5007
442.21,-442.2,762.01,-346.495,-442.2,14.99,-346.495,-0.001,         2843P   5008
74.701,-0.001,78.8695;                                              2843P   5009
128,1,1,1,1,0,0,1,0,0,-0.001,-0.001,1.50100000000001,               2845P   5010
1.50100000000001,-0.001,-0.001,78.8695,78.8695,1.,1.,1.,1.,         2845P   5011
-457.21,762.,442.21,-442.19,762.,442.21,-457.21,762.,-346.495,      2845P   5012
-442.19,762.,-346.495,-0.001,1.50100000000001,-0.001,78.8695;       2845P   5013
128,1,1,1,1,0,0,1,0,0,-0.001,-0.001,74.701,74.701,-0.001,-0.001,    2847P   5014
78.8695,78.8695,1.,1.,1.,1.,-457.2,14.99,442.21,-457.2,762.01,      2847P   5015
442.21,-457.2,14.99,-346.495,-457.2,762.01,-346.495,-0.001,         2847P   5016
74.701,-0.001,78.8695;                                              2847P   5017
128,1,1,1,1,0,0,1,0,0,-0.751000000000021,-0.751000000000021,        2849P   5018
0.751000000000007,0.751000000000007,-37.351,-37.351,37.351,         2849P   5019
37.351,1.,1.,1.,1.,-442.19,14.99,-346.485,-457.21,14.99,            2849P   5020
-346.485,-442.19,762.01,-346.485,-457.21,762.01,-346.485,           2849P   5021
-0.751000000000021,0.751000000000007,-37.351,37.351;                2849P   5022
128,1,1,1,1,0,0,1,0,0,-0.751000000000021,-0.751000000000021,        2851P   5023
0.751000000000005,0.751000000000005,-37.351,-37.351,37.351,         2851P   5024
37.351,1.,1.,1.,1.,-457.21,14.99,442.2,-442.19,14.99,442.2,         2851P   5025
-457.21,762.01,442.2,-442.19,762.01,442.2,-0.751000000000021,       2851P   5026
0.751000000000005,-37.351,37.351;                                   2851P   5027
128,1,8,1,2,0,1,0,0,1,-1.50000000000003,-1.50000000000003,1.5,      2853P   5028
1.5,-3.14159265358979,-3.14159265358979,-3.14159265358979,          2853P   5029
-1.5707963267949,-1.5707963267949,0.,0.,1.5707963267949,            2853P   5030
1.5707963267949,3.14159265358979,3.14159265358979,                  2853P   5031
3.14159265358979,1.,1.,0.707106781186548,0.707106781186548,1.,      2853P   5032
1.,0.707106781186548,0.707106781186548,1.,1.,0.707106781186548,     2853P   5033
0.707106781186548,1.,1.,0.707106781186548,0.707106781186548,1.,     2853P   5034
1.,124.4,754.5,152.4,124.4,754.5,140.4,124.4,758.5,152.4,124.4,     2853P   5035
758.5,140.4,128.4,758.5,152.4,128.4,758.5,140.4,132.4,758.5,        2853P   5036
152.4,132.4,758.5,140.4,132.4,754.5,152.4,132.4,754.5,140.4,        2853P   5037
132.4,750.5,152.4,132.4,750.5,140.4,128.4,750.5,152.4,128.4,        2853P   5038
750.5,140.4,124.4,750.5,152.4,124.4,750.5,140.4,124.4,754.5,        2853P   5039
152.4,124.4,754.5,140.4,-1.50000000000003,1.5,-3.14159265358979,    2853P   5040
3.14159265358979;                                                   2853P   5041
128,1,1,1,1,0,0,1,0,0,-0.401,-0.401,0.401,0.401,                    2855P   5042
-0.401000000000006,-0.401000000000006,0.401000000000006,            2855P   5043
0.401000000000006,1.,1.,1.,1.,132.41,758.51,140.4,124.39,758.51,    2855P   5044
140.4,132.41,750.49,140.4,124.39,750.49,140.4,-0.401,0.401,         2855P   5045
-0.401000000000006,0.401000000000006;                               2855P   5046
128,1,8,1,2,0,1,0,0,1,-1.50000000000003,-1.50000000000003,1.5,      2857P   5047
1.5,-3.14159265358979,-3.14159265358979,-3.14159265358979,          2857P   5048
-1.5707963267949,-1.5707963267949,0.,0.,1.5707963267949,            2857P   5049
1.5707963267949,3.14159265358979,3.14159265358979,                  2857P   5050
3.14159265358979,1.,1.,0.707106781186548,0.707106781186548,1.,      2857P   5051
1.,0.707106781186548,0.707106781186548,1.,1.,0.707106781186548,     2857P   5052
0.707106781186548,1.,1.,0.707106781186548,0.707106781186548,1.,     2857P   5053
1.,92.3999999999999,754.5,152.4,92.3999999999999,754.5,140.4,       2857P   5054
92.3999999999999,758.5,152.4,92.3999999999999,758.5,140.4,          2857P   5055
96.3999999999999,758.5,152.4,96.3999999999999,758.5,140.4,100.4,    2857P   5056
758.5,152.4,100.4,758.5,140.4,100.4,754.5,152.4,100.4,754.5,        2857P   5057
140.4,100.4,750.5,152.4,100.4,750.5,140.4,96.3999999999999,         2857P   5058
750.5,152.4,96.3999999999999,750.5,140.4,92.3999999999999,750.5,    2857P   5059
152.4,92.3999999999999,750.5,140.4,92.3999999999999,754.5,152.4,    2857P   5060
92.3999999999999,754.5,140.4,-1.50000000000003,1.5,                 2857P   5061
-3.14159265358979,3.14159265358979;                                 2857P   5062
128,1,1,1,1,0,0,1,0,0,-0.401,-0.401,0.401,0.401,                    2859P   5063
-0.401000000000006,-0.401000000000006,0.401000000000006,            2859P   5064
0.401000000000006,1.,1.,1.,1.,100.41,758.51,140.4,                  2859P   5065
92.3899999999999,758.51,140.4,100.41,750.49,140.4,                  2859P   5066
92.3899999999999,750.49,140.4,-0.401,0.401,-0.401000000000006,      2859P   5067
0.401000000000006;                                                  2859P   5068
128,1,8,1,2,0,1,0,0,1,-2.5,-2.5,2.5,2.5,-3.14159265358979,          2861P   5069
-3.14159265358979,-3.14159265358979,-1.5707963267949,               2861P   5070
-1.5707963267949,0.,0.,1.5707963267949,1.5707963267949,             2861P   5071
3.14159265358979,3.14159265358979,3.14159265358979,1.,1.,           2861P   5072
0.707106781186548,0.707106781186548,1.,1.,0.707106781186548,        2861P   5073
0.707106781186548,1.,1.,0.707106781186548,0.707106781186548,1.,     2861P   5074
1.,0.707106781186548,0.707106781186548,1.,1.,-442.2,758.5,100.4,    2861P   5075
-422.2,758.5,100.4,-442.2,758.5,104.4,-422.2,758.5,104.4,-442.2,    2861P   5076
754.5,104.4,-422.2,754.5,104.4,-442.2,750.5,104.4,-422.2,750.5,     2861P   5077
104.4,-442.2,750.5,100.4,-422.2,750.5,100.4,-442.2,750.5,           2861P   5078
96.3999999999999,-422.2,750.5,96.3999999999999,-442.2,754.5,        2861P   5079
96.3999999999999,-422.2,754.5,96.3999999999999,-442.2,758.5,        2861P   5080
96.3999999999999,-422.2,758.5,96.3999999999999,-442.2,758.5,        2861P   5081
100.4,-422.2,758.5,100.4,-2.5,2.5,-3.14159265358979,                2861P   5082
3.14159265358979;                                                   2861P   5083
128,1,1,1,1,0,0,1,0,0,-0.401000000000006,-0.401000000000006,        2863P   5084
0.401000000000006,0.401000000000006,-0.401,-0.401,0.401,0.401,      2863P   5085
1.,1.,1.,1.,-422.2,750.49,104.41,-422.2,758.51,104.41,-422.2,       2863P   5086
750.49,96.39,-422.2,758.51,96.39,-0.401000000000006,                2863P   5087
0.401000000000006,-0.401,0.401;                                     2863P   5088
128,1,8,1,2,0,1,0,0,1,-2.5,-2.5,2.5,2.5,-3.14159265358979,          2865P   5089
-3.14159265358979,-3.14159265358979,-1.5707963267949,               2865P   5090
-1.5707963267949,0.,0.,1.5707963267949,1.5707963267949,             2865P   5091
3.14159265358979,3.14159265358979,3.14159265358979,1.,1.,           2865P   5092
0.707106781186548,0.707106781186548,1.,1.,0.707106781186548,        2865P   5093
0.707106781186548,1.,1.,0.707106781186548,0.707106781186548,1.,     2865P   5094
1.,0.707106781186548,0.707106781186548,1.,1.,-442.2,758.5,          2865P   5095
4.39999999999994,-422.2,758.5,4.39999999999994,-442.2,758.5,8.4,    2865P   5096
-422.2,758.5,8.4,-442.2,754.5,8.4,-422.2,754.5,8.4,-442.2,750.5,    2865P   5097
8.4,-422.2,750.5,8.4,-442.2,750.5,4.39999999999994,-422.2,750.5,    2865P   5098
4.39999999999994,-442.2,750.5,0.399999999999886,-422.2,750.5,       2865P   5099
0.399999999999886,-442.2,754.5,0.399999999999885,-422.2,754.5,      2865P   5100
0.399999999999885,-442.2,758.5,0.399999999999886,-422.2,758.5,      2865P   5101
0.399999999999886,-442.2,758.5,4.39999999999994,-422.2,758.5,       2865P   5102
4.39999999999994,-2.5,2.5,-3.14159265358979,3.14159265358979;       2865P   5103
128,1,1,1,1,0,0,1,0,0,-0.401000000000006,-0.401000000000006,        2867P   5104
0.401000000000006,0.401000000000006,-0.401,-0.401,0.401,0.401,      2867P   5105
1.,1.,1.,1.,-422.2,750.49,8.40999999999994,-422.2,758.51,           2867P   5106
8.40999999999994,-422.2,750.49,0.389999999999942,-422.2,758.51,     2867P   5107
0.389999999999942,-0.401000000000006,0.401000000000006,-0.401,      2867P   5108
0.401;                                                              2867P   5109
128,1,8,1,2,0,1,0,0,1,-2.5,-2.5,2.5,2.5,-3.14159265358979,          2869P   5110
-3.14159265358979,-3.14159265358979,-1.5707963267949,               2869P   5111
-1.5707963267949,0.,0.,1.5707963267949,1.5707963267949,             2869P   5112
3.14159265358979,3.14159265358979,3.14159265358979,1.,1.,           2869P   5113
0.707106781186548,0.707106781186548,1.,1.,0.707106781186548,        2869P   5114
0.707106781186548,1.,1.,0.707106781186548,0.707106781186548,1.,     2869P   5115
1.,0.707106781186548,0.707106781186548,1.,1.,442.2,750.5,           2869P   5116
4.40000000000001,422.2,750.5,4.40000000000001,442.2,750.5,          2869P   5117
8.40000000000007,422.2,750.5,8.40000000000007,442.2,754.5,          2869P   5118
8.40000000000007,422.2,754.5,8.40000000000007,442.2,758.5,          2869P   5119
8.40000000000007,422.2,758.5,8.40000000000007,442.2,758.5,          2869P   5120
4.40000000000001,422.2,758.5,4.40000000000001,442.2,758.5,          2869P   5121
0.399999999999957,422.2,758.5,0.399999999999957,442.2,754.5,        2869P   5122
0.399999999999956,422.2,754.5,0.399999999999956,442.2,750.5,        2869P   5123
0.399999999999957,422.2,750.5,0.399999999999957,442.2,750.5,        2869P   5124
4.40000000000001,422.2,750.5,4.40000000000001,-2.5,2.5,             2869P   5125
-3.14159265358979,3.14159265358979;                                 2869P   5126
128,1,1,1,1,0,0,1,0,0,-0.401000000000006,-0.401000000000006,        2871P   5127
0.401000000000006,0.401000000000006,-0.401,-0.401,0.401,0.401,      2871P   5128
1.,1.,1.,1.,422.2,758.51,8.41000000000001,422.2,750.49,             2871P   5129
8.41000000000001,422.2,758.51,0.390000000000013,422.2,750.49,       2871P   5130
0.390000000000013,-0.401000000000006,0.401000000000006,-0.401,      2871P   5131
0.401;                                                              2871P   5132
128,1,8,1,2,0,1,0,0,1,-2.5,-2.5,2.5,2.5,-3.14159265358979,          2873P   5133
-3.14159265358979,-3.14159265358979,-1.5707963267949,               2873P   5134
-1.5707963267949,0.,0.,1.5707963267949,1.5707963267949,             2873P   5135
3.14159265358979,3.14159265358979,3.14159265358979,1.,1.,           2873P   5136
0.707106781186548,0.707106781186548,1.,1.,0.707106781186548,        2873P   5137
0.707106781186548,1.,1.,0.707106781186548,0.707106781186548,1.,     2873P   5138
1.,0.707106781186548,0.707106781186548,1.,1.,442.2,750.5,100.4,     2873P   5139
422.2,750.5,100.4,442.2,750.5,104.4,422.2,750.5,104.4,442.2,        2873P   5140
754.5,104.4,422.2,754.5,104.4,442.2,758.5,104.4,422.2,758.5,        2873P   5141
104.4,442.2,758.5,100.4,422.2,758.5,100.4,442.2,758.5,              2873P   5142
96.3999999999999,422.2,758.5,96.3999999999999,442.2,754.5,          2873P   5143
96.3999999999999,422.2,754.5,96.3999999999999,442.2,750.5,          2873P   5144
96.3999999999999,422.2,750.5,96.3999999999999,442.2,750.5,100.4,    2873P   5145
422.2,750.5,100.4,-2.5,2.5,-3.14159265358979,3.14159265358979;      2873P   5146
128,1,1,1,1,0,0,1,0,0,-0.401000000000006,-0.401000000000006,        2875P   5147
0.401000000000006,0.401000000000006,-0.401,-0.401,0.401,0.401,      2875P   5148
1.,1.,1.,1.,422.2,758.51,104.41,422.2,750.49,104.41,422.2,          2875P   5149
758.51,96.39,422.2,750.49,96.39,-0.401000000000006,                 2875P   5150
0.401000000000006,-0.401,0.401;                                     2875P   5151
128,1,1,1,1,0,0,1,0,0,-0.001,-0.001,20.001,20.001,-0.001,-0.001,    2877P   5152
88.441,88.441,1.,1.,1.,1.,442.21,747.,-47.61,442.21,747.,152.41,    2877P   5153
-442.21,747.,-47.61,-442.21,747.,152.41,-0.001,20.001,-0.001,       2877P   5154
88.441;                                                             2877P   5155
128,1,1,1,1,0,0,1,0,0,-0.001,-0.001,1.501,1.501,-0.001,-0.001,      2879P   5156
88.441,88.441,1.,1.,1.,1.,442.21,762.01,-47.6,442.21,746.99,        2879P   5157
-47.6,-442.21,762.01,-47.6,-442.21,746.99,-47.6,-0.001,1.501,       2879P   5158
-0.001,88.441;                                                      2879P   5159
128,1,1,1,1,0,0,1,0,0,-0.001,-0.001,20.001,20.001,-0.001,-0.001,    2881P   5160
88.441,88.441,1.,1.,1.,1.,442.21,762.,152.41,442.21,762.,-47.61,    2881P   5161
-442.21,762.,152.41,-442.21,762.,-47.61,-0.001,20.001,-0.001,       2881P   5162
88.441;                                                             2881P   5163
128,1,1,1,1,0,0,1,0,0,-0.001,-0.001,1.501,1.501,-0.001,-0.001,      2883P   5164
88.441,88.441,1.,1.,1.,1.,442.21,746.99,152.4,442.21,762.01,        2883P   5165
152.4,-442.21,746.99,152.4,-442.21,762.01,152.4,-0.001,1.501,       2883P   5166
-0.001,88.441;                                                      2883P   5167
128,1,1,1,1,0,0,1,0,0,-10.001,-10.001,10.001,10.001,-0.751,         2885P   5168
-0.751,0.751,0.751,1.,1.,1.,1.,-442.2,746.99,-47.61,-442.2,         2885P   5169
746.99,152.41,-442.2,762.01,-47.61,-442.2,762.01,152.41,-10.001,    2885P   5170
10.001,-0.751,0.751;                                                2885P   5171
128,1,1,1,1,0,0,1,0,0,-10.001,-10.001,10.001,10.001,                2887P   5172
-0.751000000000001,-0.751000000000001,0.751000000000001,            2887P   5173
0.751000000000001,1.,1.,1.,1.,442.2,746.99,152.41,442.2,746.99,     2887P   5174
-47.61,442.2,762.01,152.41,442.2,762.01,-47.61,-10.001,10.001,      2887P   5175
-0.751000000000001,0.751000000000001;                               2887P   5176
128,1,8,1,2,0,1,0,0,1,-2.49999999999921,-2.49999999999921,2.5,      2889P   5177
2.5,-3.14159265358979,-3.14159265358979,-3.14159265358979,          2889P   5178
-1.5707963267949,-1.5707963267949,0.,0.,1.5707963267949,            2889P   5179
1.5707963267949,3.14159265358979,3.14159265358979,                  2889P   5180
3.14159265358979,1.,1.,0.707106781186548,0.707106781186548,1.,      2889P   5181
1.,0.707106781186548,0.707106781186548,1.,1.,0.707106781186548,     2889P   5182
0.707106781186548,1.,1.,0.707106781186548,0.707106781186548,1.,     2889P   5183
1.,132.4,754.5,152.4,132.4,754.5,172.399999999997,132.4,758.5,      2889P   5184
152.4,132.4,758.5,172.399999999997,128.4,758.5,152.4,128.4,         2889P   5185
758.5,172.399999999997,124.4,758.5,152.4,124.4,758.5,               2889P   5186
172.399999999997,124.4,754.5,152.4,124.4,754.5,172.399999999997,    2889P   5187
124.4,750.5,152.4,124.4,750.5,172.399999999997,128.4,750.5,         2889P   5188
152.4,128.4,750.5,172.399999999997,132.4,750.5,152.4,132.4,         2889P   5189
750.5,172.399999999997,132.4,754.5,152.4,132.4,754.5,               2889P   5190
172.399999999997,-2.49999999999921,2.5,-3.14159265358979,           2889P   5191
3.14159265358979;                                                   2889P   5192
128,1,1,1,1,0,0,1,0,0,-0.401,-0.401,0.401,0.401,                    2891P   5193
-0.401000000000006,-0.401000000000006,0.401000000000006,            2891P   5194
0.401000000000006,1.,1.,1.,1.,124.39,758.51,172.399999999997,       2891P   5195
132.41,758.51,172.399999999997,124.39,750.49,172.399999999997,      2891P   5196
132.41,750.49,172.399999999997,-0.401,0.401,-0.401000000000006,     2891P   5197
0.401000000000006;                                                  2891P   5198
128,1,8,1,2,0,1,0,0,1,-2.49999999999921,-2.49999999999921,2.5,      2893P   5199
2.5,-3.14159265358979,-3.14159265358979,-3.14159265358979,          2893P   5200
-1.5707963267949,-1.5707963267949,0.,0.,1.5707963267949,            2893P   5201
1.5707963267949,3.14159265358979,3.14159265358979,                  2893P   5202
3.14159265358979,1.,1.,0.707106781186548,0.707106781186548,1.,      2893P   5203
1.,0.707106781186548,0.707106781186548,1.,1.,0.707106781186548,     2893P   5204
0.707106781186548,1.,1.,0.707106781186548,0.707106781186548,1.,     2893P   5205
1.,100.4,754.5,152.4,100.4,754.5,172.399999999997,100.4,758.5,      2893P   5206
152.4,100.4,758.5,172.399999999997,96.4,758.5,152.4,96.4,758.5,     2893P   5207
172.399999999997,92.4,758.5,152.4,92.4,758.5,172.399999999997,      2893P   5208
92.4,754.5,152.4,92.4,754.5,172.399999999997,92.4,750.5,152.4,      2893P   5209
92.4,750.5,172.399999999997,96.4,750.5,152.4,96.4,750.5,            2893P   5210
172.399999999997,100.4,750.5,152.4,100.4,750.5,172.399999999997,    2893P   5211
100.4,754.5,152.4,100.4,754.5,172.399999999997,                     2893P   5212
-2.49999999999921,2.5,-3.14159265358979,3.14159265358979;           2893P   5213
128,1,1,1,1,0,0,1,0,0,-0.401,-0.401,0.401,0.401,                    2895P   5214
-0.401000000000006,-0.401000000000006,0.401000000000006,            2895P   5215
0.401000000000006,1.,1.,1.,1.,92.39,758.51,172.399999999997,        2895P   5216
100.41,758.51,172.399999999997,92.39,750.49,172.399999999997,       2895P   5217
100.41,750.49,172.399999999997,-0.401,0.401,-0.401000000000006,     2895P   5218
0.401000000000006;                                                  2895P   5219
128,1,8,1,2,0,1,0,0,1,-2.5,-2.5,2.5,2.5,-3.14159265358979,          2897P   5220
-3.14159265358979,-3.14159265358979,-1.5707963267949,               2897P   5221
-1.5707963267949,0.,0.,1.5707963267949,1.5707963267949,             2897P   5222
3.14159265358979,3.14159265358979,3.14159265358979,1.,1.,           2897P   5223
0.707106781186548,0.707106781186548,1.,1.,0.707106781186548,        2897P   5224
0.707106781186548,1.,1.,0.707106781186548,0.707106781186548,1.,     2897P   5225
1.,0.707106781186548,0.707106781186548,1.,1.,92.4,754.5,442.2,      2897P   5226
92.4,754.5,422.2,92.4,758.5,442.2,92.4,758.5,422.2,96.4,758.5,      2897P   5227
442.2,96.4,758.5,422.2,100.4,758.5,442.2,100.4,758.5,422.2,         2897P   5228
100.4,754.5,442.2,100.4,754.5,422.2,100.4,750.5,442.2,100.4,        2897P   5229
750.5,422.2,96.4,750.5,442.2,96.4,750.5,422.2,92.4,750.5,442.2,     2897P   5230
92.4,750.5,422.2,92.4,754.5,442.2,92.4,754.5,422.2,-2.5,2.5,        2897P   5231
-3.14159265358979,3.14159265358979;                                 2897P   5232
128,1,1,1,1,0,0,1,0,0,-0.401,-0.401,0.401,0.401,                    2899P   5233
-0.401000000000006,-0.401000000000006,0.401000000000006,            2899P   5234
0.401000000000006,1.,1.,1.,1.,100.41,758.51,422.2,92.39,758.51,     2899P   5235
422.2,100.41,750.49,422.2,92.39,750.49,422.2,-0.401,0.401,          2899P   5236
-0.401000000000006,0.401000000000006;                               2899P   5237
128,1,8,1,2,0,1,0,0,1,-2.5,-2.5,2.5,2.5,-3.14159265358979,          2901P   5238
-3.14159265358979,-3.14159265358979,-1.5707963267949,               2901P   5239
-1.5707963267949,0.,0.,1.5707963267949,1.5707963267949,             2901P   5240
3.14159265358979,3.14159265358979,3.14159265358979,1.,1.,           2901P   5241
0.707106781186548,0.707106781186548,1.,1.,0.707106781186548,        2901P   5242
0.707106781186548,1.,1.,0.707106781186548,0.707106781186548,1.,     2901P   5243
1.,0.707106781186548,0.707106781186548,1.,1.,124.4,754.5,442.2,     2901P   5244
124.4,754.5,422.2,124.4,758.5,442.2,124.4,758.5,422.2,128.4,        2901P   5245
758.5,442.2,128.4,758.5,422.2,132.4,758.5,442.2,132.4,758.5,        2901P   5246
422.2,132.4,754.5,442.2,132.4,754.5,422.2,132.4,750.5,442.2,        2901P   5247
132.4,750.5,422.2,128.4,750.5,442.2,128.4,750.5,422.2,124.4,        2901P   5248
750.5,442.2,124.4,750.5,422.2,124.4,754.5,442.2,124.4,754.5,        2901P   5249
422.2,-2.5,2.5,-3.14159265358979,3.14159265358979;                  2901P   5250
128,1,1,1,1,0,0,1,0,0,-0.401,-0.401,0.401,0.401,                    2903P   5251
-0.401000000000006,-0.401000000000006,0.401000000000006,            2903P   5252
0.401000000000006,1.,1.,1.,1.,132.41,758.51,422.2,124.39,758.51,    2903P   5253
422.2,132.41,750.49,422.2,124.39,750.49,422.2,-0.401,0.401,         2903P   5254
-0.401000000000006,0.401000000000006;                               2903P   5255
128,1,1,1,1,0,0,1,0,0,-0.00100000000000178,-0.00100000000000178,    2905P   5256
8.001,8.001,-0.001,-0.001,28.981,28.981,1.,1.,1.,1.,152.41,747.,    2905P   5257
442.21,72.39,747.,442.21,152.41,747.,152.39,72.39,747.,152.39,      2905P   5258
-0.00100000000000178,8.001,-0.001,28.981;                           2905P   5259
128,1,1,1,1,0,0,1,0,0,-0.001,-0.001,1.50100000000001,               2907P   5260
1.50100000000001,-0.001,-0.001,28.981,28.981,1.,1.,1.,1.,152.4,     2907P   5261
762.01,442.21,152.4,746.99,442.21,152.4,762.01,152.39,152.4,        2907P   5262
746.99,152.39,-0.001,1.50100000000001,-0.001,28.981;                2907P   5263
128,1,1,1,1,0,0,1,0,0,-0.00100000000000178,-0.00100000000000178,    2909P   5264
8.001,8.001,-0.001,-0.001,28.981,28.981,1.,1.,1.,1.,72.39,762.,     2909P   5265
442.21,152.41,762.,442.21,72.39,762.,152.39,152.41,762.,152.39,     2909P   5266
-0.00100000000000178,8.001,-0.001,28.981;                           2909P   5267
128,1,1,1,1,0,0,1,0,0,-0.001,-0.001,1.50100000000001,               2911P   5268
1.50100000000001,-0.001,-0.001,28.981,28.981,1.,1.,1.,1.,72.4,      2911P   5269
746.99,442.21,72.4,762.01,442.21,72.4,746.99,152.39,72.4,762.01,    2911P   5270
152.39,-0.001,1.50100000000001,-0.001,28.981;                       2911P   5271
128,1,1,1,1,0,0,1,0,0,-4.001,-4.001,4.001,4.001,-0.751,-0.751,      2913P   5272
0.751000000000014,0.751000000000014,1.,1.,1.,1.,72.39,746.99,       2913P   5273
442.2,152.41,746.99,442.2,72.39,762.01,442.2,152.41,762.01,         2913P   5274
442.2,-4.001,4.001,-0.751,0.751000000000014;                        2913P   5275
128,1,1,1,1,0,0,1,0,0,-4.001,-4.001,4.001,4.001,-0.751,-0.751,      2915P   5276
0.751000000000014,0.751000000000014,1.,1.,1.,1.,152.41,746.99,      2915P   5277
152.4,72.39,746.99,152.4,152.41,762.01,152.4,72.39,762.01,152.4,    2915P   5278
-4.001,4.001,-0.751,0.751000000000014;                              2915P   5279
128,1,8,1,2,0,1,0,0,1,-0.342857142857142,-0.342857142857142,        2917P   5280
0.342857142857144,0.342857142857144,-3.14159265358979,              2917P   5281
-3.14159265358979,-3.14159265358979,-1.5707963267949,               2917P   5282
-1.5707963267949,0.,0.,1.5707963267949,1.5707963267949,             2917P   5283
3.14159265358979,3.14159265358979,3.14159265358979,1.,1.,           2917P   5284
0.707106781186548,0.707106781186548,1.,1.,0.707106781186548,        2917P   5285
0.707106781186548,1.,1.,0.707106781186548,0.707106781186548,1.,     2917P   5286
1.,0.707106781186548,0.707106781186548,1.,1.,449.,660.4,152.4,      2917P   5287
449.,660.4,164.4,449.,677.9,152.4,449.,677.9,164.4,431.5,677.9,     2917P   5288
152.4,431.5,677.9,164.4,414.,677.9,152.4,414.,677.9,164.4,414.,     2917P   5289
660.4,152.4,414.,660.4,164.4,414.,642.9,152.4,414.,642.9,164.4,     2917P   5290
431.5,642.9,152.4,431.5,642.9,164.4,449.,642.9,152.4,449.,642.9,    2917P   5291
164.4,449.,660.4,152.4,449.,660.4,164.4,-0.342857142857142,         2917P   5292
0.342857142857144,-3.14159265358979,3.14159265358979;               2917P   5293
128,1,1,1,1,0,0,1,0,0,-1.751,-1.751,1.751,1.751,-1.751,-1.751,      2919P   5294
1.751,1.751,1.,1.,1.,1.,413.99,677.91,164.4,449.01,677.91,164.4,    2919P   5295
413.99,642.89,164.4,449.01,642.89,164.4,-1.751,1.751,-1.751,        2919P   5296
1.751;                                                              2919P   5297
128,1,8,1,2,0,1,0,0,1,-0.342857142857142,-0.342857142857142,        2921P   5298
0.342857142857144,0.342857142857144,-3.14159265358979,              2921P   5299
-3.14159265358979,-3.14159265358979,-1.5707963267949,               2921P   5300
-1.5707963267949,0.,0.,1.5707963267949,1.5707963267949,             2921P   5301
3.14159265358979,3.14159265358979,3.14159265358979,1.,1.,           2921P   5302
0.707106781186548,0.707106781186548,1.,1.,0.707106781186548,        2921P   5303
0.707106781186548,1.,1.,0.707106781186548,0.707106781186548,1.,     2921P   5304
1.,0.707106781186548,0.707106781186548,1.,1.,449.,100.,152.4,       2921P   5305
449.,100.,164.4,449.,117.5,152.4,449.,117.5,164.4,431.5,117.5,      2921P   5306
152.4,431.5,117.5,164.4,414.,117.5,152.4,414.,117.5,164.4,414.,     2921P   5307
100.,152.4,414.,100.,164.4,414.,82.5,152.4,414.,82.5,164.4,         2921P   5308
431.5,82.5,152.4,431.5,82.5,164.4,449.,82.5,152.4,449.,82.5,        2921P   5309
164.4,449.,100.,152.4,449.,100.,164.4,-0.342857142857142,           2921P   5310
0.342857142857144,-3.14159265358979,3.14159265358979;               2921P   5311
128,1,1,1,1,0,0,1,0,0,-1.751,-1.751,1.751,1.751,-1.751,-1.751,      2923P   5312
1.751,1.751,1.,1.,1.,1.,413.99,117.51,164.4,449.01,117.51,164.4,    2923P   5313
413.99,82.49,164.4,449.01,82.49,164.4,-1.751,1.751,-1.751,1.751;    2923P   5314
128,1,1,1,1,0,0,1,0,0,-0.001,-0.001,27.941,27.941,-0.001,-0.001,    2925P   5315
1.801,1.801,1.,1.,1.,1.,454.01,760.4,152.39,174.59,760.4,152.39,    2925P   5316
454.01,760.4,170.41,174.59,760.4,170.41,-0.001,27.941,-0.001,       2925P   5317
1.801;                                                              2925P   5318
128,1,1,1,1,0,0,1,0,0,-0.001,-0.001,76.041,76.041,-0.001,-0.001,    2927P   5319
1.801,1.801,1.,1.,1.,1.,454.,-0.01,152.39,454.,760.41,152.39,       2927P   5320
454.,-0.01,170.41,454.,760.41,170.41,-0.001,76.041,-0.001,1.801;    2927P   5321
128,1,1,1,1,0,0,1,0,0,-0.001,-0.001,27.941,27.941,-0.001,-0.001,    2929P   5322
1.801,1.801,1.,1.,1.,1.,174.59,0.,152.39,454.01,0.,152.39,          2929P   5323
174.59,0.,170.41,454.01,0.,170.41,-0.001,27.941,-0.001,1.801;       2929P   5324
128,1,1,1,1,0,0,1,0,0,-0.001,-0.001,76.041,76.041,-0.001,-0.001,    2931P   5325
1.801,1.801,1.,1.,1.,1.,174.6,760.41,152.39,174.6,                  2931P   5326
-0.0100000000000477,152.39,174.6,760.41,170.41,174.6,               2931P   5327
-0.0100000000000477,170.41,-0.001,76.041,-0.001,1.801;              2931P   5328
128,1,1,1,1,0,0,1,0,0,-14.131,-14.131,13.811,13.811,-38.101,        2933P   5329
-38.101,37.941,37.941,1.,1.,1.,1.,174.59,-0.00999999999997669,      2933P   5330
170.4,454.01,-0.00999999999997669,170.4,174.59,760.41,170.4,        2933P   5331
454.01,760.41,170.4,-14.131,13.811,-38.101,37.941;                  2933P   5332
128,1,1,1,1,0,0,1,0,0,-14.131,-14.131,13.811,13.811,-38.101,        2935P   5333
-38.101,37.941,37.941,1.,1.,1.,1.,454.01,-0.00999999999997669,      2935P   5334
152.4,174.59,-0.00999999999997669,152.4,454.01,760.41,152.4,        2935P   5335
174.59,760.41,152.4,-14.131,13.811,-38.101,37.941;                  2935P   5336
128,1,8,1,2,0,1,0,0,1,-0.342857142857144,-0.342857142857144,        2937P   5337
0.342857142857143,0.342857142857143,-3.14159265358979,              2937P   5338
-3.14159265358979,-3.14159265358979,-1.5707963267949,               2937P   5339
-1.5707963267949,0.,0.,1.5707963267949,1.5707963267949,             2937P   5340
3.14159265358979,3.14159265358979,3.14159265358979,1.,1.,           2937P   5341
0.707106781186548,0.707106781186548,1.,1.,0.707106781186548,        2937P   5342
0.707106781186548,1.,1.,0.707106781186548,0.707106781186548,1.,     2937P   5343
1.,0.707106781186548,0.707106781186548,1.,1.,152.4,676.3,178.05,    2937P   5344
164.4,676.3,178.05,152.4,676.3,195.55,164.4,676.3,195.55,152.4,     2937P   5345
658.8,195.55,164.4,658.8,195.55,152.4,641.3,195.55,164.4,641.3,     2937P   5346
195.55,152.4,641.3,178.05,164.4,641.3,178.05,152.4,641.3,160.55,    2937P   5347
164.4,641.3,160.55,152.4,658.8,160.55,164.4,658.8,160.55,152.4,     2937P   5348
676.3,160.55,164.4,676.3,160.55,152.4,676.3,178.05,164.4,676.3,     2937P   5349
178.05,-0.342857142857144,0.342857142857143,-3.14159265358979,      2937P   5350
3.14159265358979;                                                   2937P   5351
128,1,1,1,1,0,0,1,0,0,-1.751,-1.751,1.751,1.751,-1.751,-1.751,      2939P   5352
1.751,1.751,1.,1.,1.,1.,164.4,641.29,195.56,164.4,676.31,195.56,    2939P   5353
164.4,641.29,160.54,164.4,676.31,160.54,-1.751,1.751,-1.751,        2939P   5354
1.751;                                                              2939P   5355
128,1,8,1,2,0,1,0,0,1,-0.342857142857144,-0.342857142857144,        2941P   5356
0.342857142857143,0.342857142857143,-3.14159265358979,              2941P   5357
-3.14159265358979,-3.14159265358979,-1.5707963267949,               2941P   5358
-1.5707963267949,0.,0.,1.5707963267949,1.5707963267949,             2941P   5359
3.14159265358979,3.14159265358979,3.14159265358979,1.,1.,           2941P   5360
0.707106781186548,0.707106781186548,1.,1.,0.707106781186548,        2941P   5361
0.707106781186548,1.,1.,0.707106781186548,0.707106781186548,1.,     2941P   5362
1.,0.707106781186548,0.707106781186548,1.,1.,152.4,117.5,178.05,    2941P   5363
164.4,117.5,178.05,152.4,117.5,195.55,164.4,117.5,195.55,152.4,     2941P   5364
100.,195.55,164.4,100.,195.55,152.4,82.5,195.55,164.4,82.5,         2941P   5365
195.55,152.4,82.5,178.05,164.4,82.5,178.05,152.4,82.5,160.55,       2941P   5366
164.4,82.5,160.55,152.4,100.,160.55,164.4,100.,160.55,152.4,        2941P   5367
117.5,160.55,164.4,117.5,160.55,152.4,117.5,178.05,164.4,117.5,     2941P   5368
178.05,-0.342857142857144,0.342857142857143,-3.14159265358979,      2941P   5369
3.14159265358979;                                                   2941P   5370
128,1,1,1,1,0,0,1,0,0,-1.751,-1.751,1.751,1.751,-1.751,-1.751,      2943P   5371
1.751,1.751,1.,1.,1.,1.,164.4,82.49,195.56,164.4,117.51,195.56,     2943P   5372
164.4,82.49,160.54,164.4,117.51,160.54,-1.751,1.751,-1.751,         2943P   5373
1.751;                                                              2943P   5374
128,1,1,1,1,0,0,1,0,0,-0.001,-0.001,29.846,29.846,-0.001,-0.001,    2945P   5375
1.801,1.801,1.,1.,1.,1.,152.39,758.8,155.54,152.39,758.8,454.01,    2945P   5376
170.41,758.8,155.54,170.41,758.8,454.01,-0.001,29.846,-0.001,       2945P   5377
1.801;                                                              2945P   5378
128,1,1,1,1,0,0,1,0,0,-0.001,-0.001,75.881,75.881,-0.001,-0.001,    2947P   5379
1.801,1.801,1.,1.,1.,1.,152.39,-0.01,155.55,152.39,758.81,          2947P   5380
155.55,170.41,-0.01,155.55,170.41,758.81,155.55,-0.001,75.881,      2947P   5381
-0.001,1.801;                                                       2947P   5382
128,1,1,1,1,0,0,1,0,0,-0.001,-0.001,29.846,29.846,-0.001,-0.001,    2949P   5383
1.801,1.801,1.,1.,1.,1.,152.39,0.,454.01,152.39,0.,155.54,          2949P   5384
170.41,0.,454.01,170.41,0.,155.54,-0.001,29.846,-0.001,1.801;       2949P   5385
128,1,1,1,1,0,0,1,0,0,-0.001,-0.001,75.881,75.881,-0.001,-0.001,    2951P   5386
1.801,1.801,1.,1.,1.,1.,152.39,758.81,454.,152.39,                  2951P   5387
-0.0100000000000477,454.,170.41,758.81,454.,170.41,                 2951P   5388
-0.0100000000000477,454.,-0.001,75.881,-0.001,1.801;                2951P   5389
128,1,1,1,1,0,0,1,0,0,-14.7635,-14.7635,15.0835,15.0835,-38.101,    2953P   5390
-38.101,37.781,37.781,1.,1.,1.,1.,170.4,-0.00999999999997669,       2953P   5391
454.01,170.4,-0.00999999999997669,155.54,170.4,758.81,454.01,       2953P   5392
170.4,758.81,155.54,-14.7635,15.0835,-38.101,37.781;                2953P   5393
128,1,1,1,1,0,0,1,0,0,-14.7635,-14.7635,15.0835,15.0835,-38.101,    2955P   5394
-38.101,37.781,37.781,1.,1.,1.,1.,152.4,-0.00999999999997669,       2955P   5395
155.54,152.4,-0.00999999999997669,454.01,152.4,758.81,155.54,       2955P   5396
152.4,758.81,454.01,-14.7635,15.0835,-38.101,37.781;                2955P   5397
128,1,8,1,2,0,1,0,0,1,-2.5,-2.5,2.5,2.5,-3.14159265358979,          2957P   5398
-3.14159265358979,-3.14159265358979,-1.5707963267949,               2957P   5399
-1.5707963267949,0.,0.,1.5707963267949,1.5707963267949,             2957P   5400
3.14159265358979,3.14159265358979,3.14159265358979,1.,1.,           2957P   5401
0.707106781186548,0.707106781186548,1.,1.,0.707106781186548,        2957P   5402
0.707106781186548,1.,1.,0.707106781186548,0.707106781186548,1.,     2957P   5403
1.,0.707106781186548,0.707106781186548,1.,1.,-407.268925009384,     2957P   5404
15.,-358.014091013445,-407.268925009384,35.,-358.014091013445,      2957P   5405
-403.268925009384,15.,-358.014091013445,-403.268925009384,35.,      2957P   5406
-358.014091013445,-403.268925009384,15.,-362.014091013445,          2957P   5407
-403.268925009384,35.,-362.014091013445,-403.268925009384,15.,      2957P   5408
-366.014091013445,-403.268925009384,35.,-366.014091013445,          2957P   5409
-407.268925009384,15.,-366.014091013445,-407.268925009384,35.,      2957P   5410
-366.014091013445,-411.268925009384,15.,-366.014091013445,          2957P   5411
-411.268925009384,35.,-366.014091013445,-411.268925009384,15.,      2957P   5412
-362.014091013445,-411.268925009384,35.,-362.014091013445,          2957P   5413
-411.268925009384,15.,-358.014091013445,-411.268925009384,35.,      2957P   5414
-358.014091013445,-407.268925009384,15.,-358.014091013445,          2957P   5415
-407.268925009384,35.,-358.014091013445,-2.5,2.5,                   2957P   5416
-3.14159265358979,3.14159265358979;                                 2957P   5417
128,1,1,1,1,0,0,1,0,0,-0.400999999999999,-0.400999999999999,        2959P   5418
0.400999999999999,0.400999999999999,-0.400999999999999,             2959P   5419
-0.400999999999999,0.400999999999999,0.400999999999999,1.,1.,1.,    2959P   5420
1.,-403.258925009384,35.,-366.024091013445,-403.258925009384,       2959P   5421
35.,-358.004091013445,-411.278925009384,35.,-366.024091013445,      2959P   5422
-411.278925009384,35.,-358.004091013445,-0.400999999999999,         2959P   5423
0.400999999999999,-0.400999999999999,0.400999999999999;             2959P   5424
128,1,8,1,2,0,1,0,0,1,-2.5,-2.5,2.5,2.5,-3.14159265358979,          2961P   5425
-3.14159265358979,-3.14159265358979,-1.5707963267949,               2961P   5426
-1.5707963267949,0.,0.,1.5707963267949,1.5707963267949,             2961P   5427
3.14159265358979,3.14159265358979,3.14159265358979,1.,1.,           2961P   5428
0.707106781186548,0.707106781186548,1.,1.,0.707106781186548,        2961P   5429
0.707106781186548,1.,1.,0.707106781186548,0.707106781186548,1.,     2961P   5430
1.,0.707106781186548,0.707106781186548,1.,1.,-362.014091013445,     2961P   5431
15.,-403.268925009384,-362.014091013445,35.,-403.268925009384,      2961P   5432
-358.014091013445,15.,-403.268925009384,-358.014091013445,35.,      2961P   5433
-403.268925009384,-358.014091013445,15.,-407.268925009384,          2961P   5434
-358.014091013445,35.,-407.268925009384,-358.014091013445,15.,      2961P   5435
-411.268925009384,-358.014091013445,35.,-411.268925009384,          2961P   5436
-362.014091013445,15.,-411.268925009384,-362.014091013445,35.,      2961P   5437
-411.268925009384,-366.014091013445,15.,-411.268925009384,          2961P   5438
-366.014091013445,35.,-411.268925009384,-366.014091013445,15.,      2961P   5439
-407.268925009384,-366.014091013445,35.,-407.268925009384,          2961P   5440
-366.014091013445,15.,-403.268925009384,-366.014091013445,35.,      2961P   5441
-403.268925009384,-362.014091013445,15.,-403.268925009384,          2961P   5442
-362.014091013445,35.,-403.268925009384,-2.5,2.5,                   2961P   5443
-3.14159265358979,3.14159265358979;                                 2961P   5444
128,1,1,1,1,0,0,1,0,0,-0.400999999999999,-0.400999999999999,        2963P   5445
0.400999999999999,0.400999999999999,-0.400999999999999,             2963P   5446
-0.400999999999999,0.400999999999999,0.400999999999999,1.,1.,1.,    2963P   5447
1.,-358.004091013445,35.,-411.278925009384,-358.004091013445,       2963P   5448
35.,-403.258925009384,-366.024091013445,35.,-411.278925009384,      2963P   5449
-366.024091013445,35.,-403.258925009384,-0.400999999999999,         2963P   5450
0.400999999999999,-0.400999999999999,0.400999999999999;             2963P   5451
128,1,8,1,2,0,1,0,0,1,-2.40000000000004,-2.40000000000004,2.4,      2965P   5452
2.4,-3.14159265358979,-3.14159265358979,-3.14159265358979,          2965P   5453
-1.5707963267949,-1.5707963267949,0.,0.,1.5707963267949,            2965P   5454
1.5707963267949,3.14159265358979,3.14159265358979,                  2965P   5455
3.14159265358979,1.,1.,0.707106781186548,0.707106781186548,1.,      2965P   5456
1.,0.707106781186548,0.707106781186548,1.,1.,0.707106781186548,     2965P   5457
0.707106781186548,1.,1.,0.707106781186548,0.707106781186548,1.,     2965P   5458
1.,-381.105974105482,321.55,-377.57044019955,-389.591255479721,     2965P   5459
321.55,-386.055721573788,-381.105974105482,324.05,                  2965P   5460
-377.57044019955,-389.591255479721,324.05,-386.055721573788,        2965P   5461
-379.338207152516,324.05,-379.338207152516,-387.823488526754,       2965P   5462
324.05,-387.823488526755,-377.570440199549,324.05,                  2965P   5463
-381.105974105482,-386.055721573788,324.05,-389.591255479721,       2965P   5464
-377.570440199549,321.55,-381.105974105482,-386.055721573788,       2965P   5465
321.55,-389.591255479721,-377.570440199549,319.05,                  2965P   5466
-381.105974105482,-386.055721573788,319.05,-389.591255479721,       2965P   5467
-379.338207152516,319.05,-379.338207152516,-387.823488526754,       2965P   5468
319.05,-387.823488526755,-381.105974105482,319.05,                  2965P   5469
-377.57044019955,-389.591255479721,319.05,-386.055721573788,        2965P   5470
-381.105974105482,321.55,-377.57044019955,-389.591255479721,        2965P   5471
321.55,-386.055721573788,-2.40000000000004,2.4,                     2965P   5472
-3.14159265358979,3.14159265358979;                                 2965P   5473
128,1,1,1,1,0,0,1,0,0,-0.251000000000004,-0.251000000000004,        2967P   5474
0.251000000000002,0.251000000000002,-0.251,-0.251,0.251,0.251,      2967P   5475
1.,1.,1.,1.,-386.048650505976,324.06,-389.598326547533,             2967P   5476
-389.598326547533,324.06,-386.048650505976,-386.048650505976,       2967P   5477
319.04,-389.598326547533,-389.598326547533,319.04,                  2967P   5478
-386.048650505976,-0.251000000000004,0.251000000000002,-0.251,      2967P   5479
0.251;                                                              2967P   5480
128,1,8,1,2,0,1,0,0,1,-2.40000000000004,-2.40000000000004,2.4,      2969P   5481
2.4,-3.14159265358979,-3.14159265358979,-3.14159265358979,          2969P   5482
-1.5707963267949,-1.5707963267949,0.,0.,1.5707963267949,            2969P   5483
1.5707963267949,3.14159265358979,3.14159265358979,                  2969P   5484
3.14159265358979,1.,1.,0.707106781186548,0.707106781186548,1.,      2969P   5485
1.,0.707106781186548,0.707106781186548,1.,1.,0.707106781186548,     2969P   5486
0.707106781186548,1.,1.,0.707106781186548,0.707106781186548,1.,     2969P   5487
1.,-381.105974105482,385.55,-377.57044019955,-389.591255479721,     2969P   5488
385.55,-386.055721573788,-381.105974105482,388.05,                  2969P   5489
-377.57044019955,-389.591255479721,388.05,-386.055721573788,        2969P   5490
-379.338207152516,388.05,-379.338207152516,-387.823488526754,       2969P   5491
388.05,-387.823488526755,-377.570440199549,388.05,                  2969P   5492
-381.105974105482,-386.055721573788,388.05,-389.591255479721,       2969P   5493
-377.570440199549,385.55,-381.105974105482,-386.055721573788,       2969P   5494
385.55,-389.591255479721,-377.570440199549,383.05,                  2969P   5495
-381.105974105482,-386.055721573788,383.05,-389.591255479721,       2969P   5496
-379.338207152516,383.05,-379.338207152516,-387.823488526754,       2969P   5497
383.05,-387.823488526755,-381.105974105482,383.05,                  2969P   5498
-377.57044019955,-389.591255479721,383.05,-386.055721573788,        2969P   5499
-381.105974105482,385.55,-377.57044019955,-389.591255479721,        2969P   5500
385.55,-386.055721573788,-2.40000000000004,2.4,                     2969P   5501
-3.14159265358979,3.14159265358979;                                 2969P   5502
128,1,1,1,1,0,0,1,0,0,-0.251000000000004,-0.251000000000004,        2971P   5503
0.251000000000002,0.251000000000002,-0.251,-0.251,0.251,0.251,      2971P   5504
1.,1.,1.,1.,-386.048650505976,388.06,-389.598326547533,             2971P   5505
-389.598326547533,388.06,-386.048650505976,-386.048650505976,       2971P   5506
383.04,-389.598326547533,-389.598326547533,383.04,                  2971P   5507
-386.048650505976,-0.251000000000004,0.251000000000002,-0.251,      2971P   5508
0.251;                                                              2971P   5509
128,1,8,1,2,0,1,0,0,1,-2.40000000000004,-2.40000000000004,2.4,      2973P   5510
2.4,-3.14159265358979,-3.14159265358979,-3.14159265358979,          2973P   5511
-1.5707963267949,-1.5707963267949,0.,0.,1.5707963267949,            2973P   5512
1.5707963267949,3.14159265358979,3.14159265358979,                  2973P   5513
3.14159265358979,1.,1.,0.707106781186548,0.707106781186548,1.,      2973P   5514
1.,0.707106781186548,0.707106781186548,1.,1.,0.707106781186548,     2973P   5515
0.707106781186548,1.,1.,0.707106781186548,0.707106781186548,1.,     2973P   5516
1.,-381.105974105482,257.55,-377.57044019955,-389.591255479721,     2973P   5517
257.55,-386.055721573788,-381.105974105482,260.05,                  2973P   5518
-377.57044019955,-389.591255479721,260.05,-386.055721573788,        2973P   5519
-379.338207152516,260.05,-379.338207152516,-387.823488526754,       2973P   5520
260.05,-387.823488526755,-377.570440199549,260.05,                  2973P   5521
-381.105974105482,-386.055721573788,260.05,-389.591255479721,       2973P   5522
-377.570440199549,257.55,-381.105974105482,-386.055721573788,       2973P   5523
257.55,-389.591255479721,-377.570440199549,255.05,                  2973P   5524
-381.105974105482,-386.055721573788,255.05,-389.591255479721,       2973P   5525
-379.338207152516,255.05,-379.338207152516,-387.823488526754,       2973P   5526
255.05,-387.823488526755,-381.105974105482,255.05,                  2973P   5527
-377.57044019955,-389.591255479721,255.05,-386.055721573788,        2973P   5528
-381.105974105482,257.55,-377.57044019955,-389.591255479721,        2973P   5529
257.55,-386.055721573788,-2.40000000000004,2.4,                     2973P   5530
-3.14159265358979,3.14159265358979;                                 2973P   5531
128,1,1,1,1,0,0,1,0,0,-0.251000000000004,-0.251000000000004,        2975P   5532
0.251000000000002,0.251000000000002,-0.251,-0.251,0.251,0.251,      2975P   5533
1.,1.,1.,1.,-386.048650505976,260.06,-389.598326547533,             2975P   5534
-389.598326547533,260.06,-386.048650505976,-386.048650505976,       2975P   5535
255.04,-389.598326547533,-389.598326547533,255.04,                  2975P   5536
-386.048650505976,-0.251000000000004,0.251000000000002,-0.251,      2975P   5537
0.251;                                                              2975P   5538
128,1,1,1,1,0,0,1,0,0,-0.00100000000000754,-0.00100000000000754,    2977P   5539
17.781,17.781,-0.001,-0.001,74.701,74.701,1.,1.,1.,1.,              2977P   5540
-442.207071067812,14.99,-316.46934323722,-316.46934323722,14.99,    2977P   5541
-442.207071067812,-442.207071067812,762.01,-316.46934323722,        2977P   5542
-316.46934323722,762.01,-442.207071067812,-0.00100000000000754,     2977P   5543
17.781,-0.001,74.701;                                               2977P   5544
128,1,1,1,1,0,0,1,0,0,-0.001,-0.001,2.12232034355966,               2979P   5545
2.12232034355966,-0.001,-0.001,74.701,74.701,1.,1.,1.,1.,-442.2,    2979P   5546
14.99,-337.699617740628,-442.2,14.99,-316.466414305032,-442.2,      2979P   5547
762.01,-337.699617740628,-442.2,762.01,-316.466414305032,-0.001,    2979P   5548
2.12232034355966,-0.001,74.701;                                     2979P   5549
128,1,1,1,1,0,0,1,0,0,-0.001,-0.001,14.781,14.781,-0.001,-0.001,    2981P   5550
74.701,74.701,1.,1.,1.,1.,-337.682546672816,14.99,                  2981P   5551
-442.207071067812,-442.207071067812,14.99,-337.682546672816,        2981P   5552
-337.682546672816,762.01,-442.207071067812,-442.207071067812,       2981P   5553
762.01,-337.682546672816,-0.001,14.781,-0.001,74.701;               2981P   5554
128,1,1,1,1,0,0,1,0,0,-0.001,-0.001,2.12232034355963,               2983P   5555
2.12232034355963,-0.001,-0.001,74.701,74.701,1.,1.,1.,1.,           2983P   5556
-316.466414305032,14.99,-442.2,-337.699617740628,14.99,-442.2,      2983P   5557
-316.466414305032,762.01,-442.2,-337.699617740628,762.01,-442.2,    2983P   5558
-0.001,2.12232034355963,-0.001,74.701;                              2983P   5559
128,1,1,1,1,0,0,1,0,0,-6.28717928474841,-6.28717928474841,          2985P   5560
6.28717928474842,6.28717928474842,-6.28717928474841,                2985P   5561
-6.28717928474841,6.28717928474841,6.28717928474841,1.,1.,1.,1.,    2985P   5562
-442.21,762.,-442.21,-442.21,762.,-316.466414305032,                2985P   5563
-316.466414305032,762.,-442.21,-316.466414305032,762.,              2985P   5564
-316.466414305032,-6.28717928474841,6.28717928474842,               2985P   5565
-6.28717928474841,6.28717928474841;                                 2985P   5566
128,1,1,1,1,0,0,1,0,0,-6.28717928474841,-6.28717928474841,          2987P   5567
6.28717928474841,6.28717928474841,-6.28717928474841,                2987P   5568
-6.28717928474841,6.28717928474841,6.28717928474841,1.,1.,1.,1.,    2987P   5569
-442.21,15.,-442.21,-316.466414305032,15.,-442.21,-442.21,15.,      2987P   5570
-316.466414305032,-316.466414305032,15.,-316.466414305032,          2987P   5571
-6.28717928474841,6.28717928474841,-6.28717928474841,               2987P   5572
6.28717928474841;                                                   2987P   5573
128,1,1,1,1,0,0,1,0,0,-0.001,-0.001,55.881,55.881,-0.001,-0.001,    2989P   5574
1.501,1.501,1.,1.,1.,1.,426.2,199.99,101.61,426.2,199.99,           2989P   5575
-457.21,426.2,215.01,101.61,426.2,215.01,-457.21,-0.001,55.881,     2989P   5576
-0.001,1.501;                                                       2989P   5577
128,1,1,1,1,0,0,1,0,0,-0.001,-0.001,32.461,32.461,-0.001,-0.001,    2991P   5578
1.501,1.501,1.,1.,1.,1.,101.59,199.99,101.6,426.21,199.99,101.6,    2991P   5579
101.59,215.01,101.6,426.21,215.01,101.6,-0.001,32.461,-0.001,       2991P   5580
1.501;                                                              2991P   5581
128,1,1,1,1,0,0,1,0,0,-0.001,-0.001,32.461,32.461,-0.001,-0.001,    2993P   5582
1.501,1.501,1.,1.,1.,1.,101.6,199.99,426.21,101.6,199.99,101.59,    2993P   5583
101.6,215.01,426.21,101.6,215.01,101.59,-0.001,32.461,-0.001,       2993P   5584
1.501;                                                              2993P   5585
128,1,1,1,1,0,0,1,0,0,-0.001,-0.001,55.881,55.881,-0.001,-0.001,    2995P   5586
1.501,1.501,1.,1.,1.,1.,-457.21,199.99,426.2,101.61,199.99,         2995P   5587
426.2,-457.21,215.01,426.2,101.61,215.01,426.2,-0.001,55.881,       2995P   5588
-0.001,1.501;                                                       2995P   5589
128,1,1,1,1,0,0,1,0,0,-0.001,-0.001,75.7677492630521,               2997P   5590
75.7677492630521,-0.001,-0.001,1.501,1.501,1.,1.,1.,1.,-457.2,      2997P   5591
199.99,-331.477492630521,-457.2,199.99,426.21,-457.2,215.01,        2997P   5592
-331.477492630521,-457.2,215.01,426.21,-0.001,75.7677492630521,     2997P   5593
-0.001,1.501;                                                       2997P   5594
128,1,1,1,1,0,0,1,0,0,-0.001,-0.001,17.781,17.781,-0.001,-0.001,    2999P   5595
1.501,1.501,1.,1.,1.,1.,-331.478266046698,199.99,                   2999P   5596
-457.207071569593,-457.207070565995,199.99,-331.460421060927,       2999P   5597
-331.478266046698,215.01,-457.207071569593,-457.207070565995,       2999P   5598
215.01,-331.460421060927,-0.001,17.781,-0.001,1.501;                2999P   5599
128,1,1,1,1,0,0,1,0,0,-0.001,-0.001,75.7695336612693,               3001P   5600
75.7695336612693,-0.001,-0.001,1.501,1.501,1.,1.,1.,1.,426.21,      3001P   5601
199.99,-457.2,-331.495336612693,199.99,-457.2,426.21,215.01,        3001P   5602
-457.2,-331.495336612693,215.01,-457.2,-0.001,75.7695336612693,     3001P   5603
-0.001,1.501;                                                       3001P   5604
128,1,1,1,1,0,0,1,0,0,-44.171,-44.171,44.171,44.171,-44.171,        3003P   5605
-44.171,44.171,44.171,1.,1.,1.,1.,-457.21,215.,-457.21,-457.21,     3003P   5606
215.,426.21,426.21,215.,-457.21,426.21,215.,426.21,-44.171,         3003P   5607
44.171,-44.171,44.171;                                              3003P   5608
128,1,1,1,1,0,0,1,0,0,-44.171,-44.171,44.171,44.171,-44.171,        3005P   5609
-44.171,44.171,44.171,1.,1.,1.,1.,426.21,200.,426.21,-457.21,       3005P   5610
200.,426.21,426.21,200.,-457.21,-457.21,200.,-457.21,-44.171,       3005P   5611
44.171,-44.171,44.171;                                              3005P   5612
502,94,-407.486506032707,15.,-357.800627555736,                     3007P   5613
-407.486506032707,15.,-365.800627555736,-407.486506032707,3.,       3007P   5614
-365.800627555736,-407.486506032707,3.,-357.800627555736,-449.7,    3007P   5615
15.,-108.1425,-449.7,15.,-116.1425,-449.7,3.,-116.1425,-449.7,      3007P   5616
3.,-108.1425,-449.7,15.,211.8575,-449.7,15.,203.8575,-449.7,3.,     3007P   5617
203.8575,-449.7,3.,211.8575,-392.4,15.,453.7,-392.4,15.,445.7,      3007P   5618
-392.4,3.,445.7,-392.4,3.,453.7,-72.3999999999999,15.,453.7,        3007P   5619
-72.3999999999999,15.,445.7,-72.3999999999999,3.,445.7,             3007P   5620
-72.3999999999999,3.,453.7,449.7,15.,91.6,449.7,15.,83.6,449.7,     3007P   5621
3.,83.6,449.7,3.,91.6,449.7,15.,-228.4,449.7,15.,-236.4,449.7,      3007P   5622
3.,-236.4,449.7,3.,-228.4,367.8575,15.,-445.7,367.8575,15.,         3007P   5623
-453.7,367.8575,3.,-453.7,367.8575,3.,-445.7,47.8575,15.,-445.7,    3007P   5624
47.8575,15.,-453.7,47.8575,3.,-453.7,47.8575,3.,-445.7,             3007P   5625
-272.1425,15.,-445.7,-272.1425,15.,-453.7,-272.1425,3.,-453.7,      3007P   5626
-272.1425,3.,-445.7,-112.1425,15.,-445.7,-112.1425,15.,-453.7,      3007P   5627
-112.1425,3.,-453.7,-112.1425,3.,-445.7,207.8575,15.,-445.7,        3007P   5628
207.8575,15.,-453.7,207.8575,3.,-453.7,207.8575,3.,-445.7,449.7,    3007P   5629
15.,-388.4,449.7,15.,-396.4,449.7,3.,-396.4,449.7,3.,-388.4,        3007P   5630
449.7,15.,-68.4,449.7,15.,-76.4,449.7,3.,-76.4,449.7,3.,-68.4,      3007P   5631
87.6000000000001,15.,453.7,87.6000000000001,15.,445.7,              3007P   5632
87.6000000000001,3.,445.7,87.6000000000001,3.,453.7,-232.4,15.,     3007P   5633
453.7,-232.4,15.,445.7,-232.4,3.,445.7,-232.4,3.,453.7,-449.7,      3007P   5634
15.,371.8575,-449.7,15.,363.8575,-449.7,3.,363.8575,-449.7,3.,      3007P   5635
371.8575,-449.7,15.,51.8575,-449.7,15.,43.8575,-449.7,3.,           3007P   5636
43.8575,-449.7,3.,51.8575,-449.7,15.,-268.1425,-449.7,15.,          3007P   5637
-276.1425,-449.7,3.,-276.1425,-449.7,3.,-268.1425,                  3007P   5638
-362.234883666072,15.,-403.058672953074,-362.234883666072,15.,      3007P   5639
-411.058672953074,-362.234883666072,3.,-411.058672953074,           3007P   5640
-362.234883666072,3.,-403.058672953074,-457.2,0.,457.2,-457.2,      3007P   5641
0.,-331.467492630521,-457.2,15.,457.2,-457.2,15.,                   3007P   5642
-331.467492630521,-331.485336612693,0.,-457.2,-331.485336612693,    3007P   5643
15.,-457.2,457.2,0.,-457.2,457.2,15.,-457.2,457.2,0.,152.4,         3007P   5644
457.2,15.,152.4,152.4,0.,152.4,152.4,15.,152.4,152.4,0.,457.2,      3007P   5645
152.4,15.,457.2;                                                    3007P   5646
502,72,449.7,15.,-76.3999999999999,449.7,15.,-68.3999999999999,     3009P   5647
449.7,35.,-68.3999999999999,449.7,35.,-76.3999999999999,449.7,      3009P   5648
15.,-396.4,449.7,15.,-388.4,449.7,35.,-388.4,449.7,35.,-396.4,      3009P   5649
449.7,15.,-236.4,449.7,15.,-228.4,449.7,35.,-228.4,449.7,35.,       3009P   5650
-236.4,449.7,15.,83.6000000000001,449.7,15.,91.6000000000001,       3009P   5651
449.7,35.,91.6000000000001,449.7,35.,83.6000000000001,442.2,        3009P   5652
319.05,73.6,442.2,324.05,73.6,454.2,324.05,73.6,454.2,319.05,       3009P   5653
73.6,442.2,255.05,-406.4,442.2,260.05,-406.4,454.2,260.05,          3009P   5654
-406.4,454.2,255.05,-406.4,442.2,383.05,-406.4,442.2,388.05,        3009P   5655
-406.4,454.2,388.05,-406.4,454.2,383.05,-406.4,442.2,319.05,        3009P   5656
-406.4,442.2,324.05,-406.4,454.2,324.05,-406.4,454.2,319.05,        3009P   5657
-406.4,442.2,383.05,73.6,442.2,388.05,73.6,454.2,388.05,73.6,       3009P   5658
454.2,383.05,73.6,442.2,255.05,73.6,442.2,260.05,73.6,454.2,        3009P   5659
260.05,73.6,454.2,255.05,73.6,442.2,750.5,4.40000000000001,         3009P   5660
442.2,758.5,4.40000000000001,454.2,758.5,4.40000000000001,454.2,    3009P   5661
750.5,4.40000000000001,442.2,297.,-449.7,442.2,305.,-449.7,         3009P   5662
454.2,305.,-449.7,454.2,297.,-449.7,442.2,617.,-449.7,442.2,        3009P   5663
625.,-449.7,454.2,625.,-449.7,454.2,617.,-449.7,442.2,457.,         3009P   5664
-449.7,442.2,465.,-449.7,454.2,465.,-449.7,454.2,457.,-449.7,       3009P   5665
442.2,137.,-449.7,442.2,145.,-449.7,454.2,145.,-449.7,454.2,        3009P   5666
137.,-449.7,442.2,750.5,100.4,442.2,758.5,100.4,454.2,758.5,        3009P   5667
100.4,454.2,750.5,100.4,457.2,15.,152.4,457.2,15.,-457.2,457.2,     3009P   5668
762.,-457.2,457.2,762.,152.4,442.2,15.,152.4,442.2,762.,152.4,      3009P   5669
442.2,15.,-457.2,442.2,762.,-457.2;                                 3009P   5670
502,72,-72.3999999999999,15.,445.7,-72.3999999999999,15.,453.7,     3011P   5671
-72.3999999999999,35.,453.7,-72.3999999999999,35.,445.7,-392.4,     3011P   5672
15.,445.7,-392.4,15.,453.7,-392.4,35.,453.7,-392.4,35.,445.7,       3011P   5673
-232.4,15.,445.7,-232.4,15.,453.7,-232.4,35.,453.7,-232.4,35.,      3011P   5674
445.7,87.6000000000001,15.,445.7,87.6000000000001,15.,453.7,        3011P   5675
87.6000000000001,35.,453.7,87.6000000000001,35.,445.7,71.1,         3011P   5676
321.55,442.2,76.1,321.55,442.2,76.1,321.55,454.2,71.1,321.55,       3011P   5677
454.2,-408.9,257.55,442.2,-403.9,257.55,442.2,-403.9,257.55,        3011P   5678
454.2,-408.9,257.55,454.2,-408.9,385.55,442.2,-403.9,385.55,        3011P   5679
442.2,-403.9,385.55,454.2,-408.9,385.55,454.2,-408.9,321.55,        3011P   5680
442.2,-403.9,321.55,442.2,-403.9,321.55,454.2,-408.9,321.55,        3011P   5681
454.2,71.1,257.55,442.2,76.1,257.55,442.2,76.1,257.55,454.2,        3011P   5682
71.1,257.55,454.2,71.1,385.55,442.2,76.1,385.55,442.2,76.1,         3011P   5683
385.55,454.2,71.1,385.55,454.2,-453.7,301.,442.2,-445.7,301.,       3011P   5684
442.2,-445.7,301.,454.2,-453.7,301.,454.2,-453.7,621.,442.2,        3011P   5685
-445.7,621.,442.2,-445.7,621.,454.2,-453.7,621.,454.2,124.4,        3011P   5686
754.5,442.2,132.4,754.5,442.2,132.4,754.5,454.2,124.4,754.5,        3011P   5687
454.2,92.3999999999999,754.5,442.2,100.4,754.5,442.2,100.4,         3011P   5688
754.5,454.2,92.3999999999999,754.5,454.2,-453.7,461.,442.2,         3011P   5689
-445.7,461.,442.2,-445.7,461.,454.2,-453.7,461.,454.2,-453.7,       3011P   5690
141.,442.2,-445.7,141.,442.2,-445.7,141.,454.2,-453.7,141.,         3011P   5691
454.2,152.4,15.,457.2,152.4,15.,442.2,152.4,762.,442.2,152.4,       3011P   5692
762.,457.2,-457.2,15.,457.2,-457.2,762.,457.2,-457.2,15.,442.2,     3011P   5693
-457.2,762.,442.2;                                                  3011P   5694
502,44,-112.1425,14.9999999999999,-453.7,-112.1425,15.,-445.7,      3013P   5695
-112.1425,34.9999999999999,-445.7,-112.1425,34.9999999999999,       3013P   5696
-453.7,207.8575,14.9999999999999,-453.7,207.8575,15.,-445.7,        3013P   5697
207.8575,34.9999999999999,-445.7,207.8575,34.9999999999999,         3013P   5698
-453.7,367.8575,14.9999999999999,-453.7,367.8575,15.,-445.7,        3013P   5699
367.8575,34.9999999999999,-445.7,367.8575,34.9999999999999,         3013P   5700
-453.7,47.8575,14.9999999999999,-453.7,47.8575,15.,-445.7,          3013P   5701
47.8575,34.9999999999999,-445.7,47.8575,34.9999999999999,-453.7,    3013P   5702
-272.1425,14.9999999999999,-453.7,-272.1425,15.,-445.7,             3013P   5703
-272.1425,34.9999999999999,-445.7,-272.1425,34.9999999999999,       3013P   5704
-453.7,442.2,305.,-449.7,442.2,297.,-449.7,422.2,297.,-449.7,       3013P   5705
422.2,305.,-449.7,442.2,625.,-449.7,442.2,617.,-449.7,422.2,        3013P   5706
617.,-449.7,422.2,625.,-449.7,442.2,465.,-449.7,442.2,457.,         3013P   5707
-449.7,422.2,457.,-449.7,422.2,465.,-449.7,442.2,145.,-449.7,       3013P   5708
442.2,137.,-449.7,422.2,137.,-449.7,422.2,145.,-449.7,442.2,15.,    3013P   5709
-457.2,442.2,762.,-457.2,-346.485,15.,-457.2,-346.485,762.,         3013P   5710
-457.2,442.2,762.,-442.2,-346.485,762.,-442.2,442.2,15.,-442.2,     3013P   5711
-346.485,15.,-442.2;                                                3013P   5712
502,52,-442.2,758.5,100.4,-442.2,750.5,100.4,-454.2,750.5,100.4,    3015P   5713
-454.2,758.5,100.4,-442.2,758.5,4.40000000000005,-442.2,750.5,      3015P   5714
4.40000000000005,-454.2,750.5,4.40000000000005,-454.2,758.5,        3015P   5715
4.40000000000005,-449.7,15.,-116.1425,-449.7,15.,-108.1425,         3015P   5716
-449.7,35.,-108.1425,-449.7,35.,-116.1425,-449.7,15.,203.8575,      3015P   5717
-449.7,15.,211.8575,-449.7,35.,211.8575,-449.7,35.,203.8575,        3015P   5718
-449.7,15.,363.8575,-449.7,15.,371.8575,-449.7,35.,371.8575,        3015P   5719
-449.7,35.,363.8575,-449.7,15.,43.8575,-449.7,15.,51.8575,          3015P   5720
-449.7,35.,51.8575,-449.7,35.,43.8575,-449.7,15.,-276.1425,         3015P   5721
-449.7,15.,-268.1425,-449.7,35.,-268.1425,-449.7,35.,-276.1425,     3015P   5722
-445.7,301.,442.2,-453.7,301.,442.2,-453.7,301.,422.2,-445.7,       3015P   5723
301.,422.2,-445.7,621.,442.2,-453.7,621.,442.2,-453.7,621.,         3015P   5724
422.2,-445.7,621.,422.2,-445.7,461.,442.2,-453.7,461.,442.2,        3015P   5725
-453.7,461.,422.2,-445.7,461.,422.2,-445.7,141.,442.2,-453.7,       3015P   5726
141.,442.2,-453.7,141.,422.2,-445.7,141.,422.2,-442.2,15.,442.2,    3015P   5727
-457.2,15.,442.2,-457.2,15.,-346.485,-442.2,15.,-346.485,-442.2,    3015P   5728
762.,442.2,-442.2,762.,-346.485,-457.2,762.,442.2,-457.2,762.,      3015P   5729
-346.485;                                                           3015P   5730
502,32,132.4,754.5,152.4,124.4,754.5,152.4,124.4,754.5,140.4,       3017P   5731
132.4,754.5,140.4,100.4,754.5,152.4,92.3999999999999,754.5,         3017P   5732
152.4,92.3999999999999,754.5,140.4,100.4,754.5,140.4,-442.2,        3017P   5733
750.5,100.4,-442.2,758.5,100.4,-422.2,758.5,100.4,-422.2,750.5,     3017P   5734
100.4,-442.2,750.5,4.39999999999994,-442.2,758.5,                   3017P   5735
4.39999999999994,-422.2,758.5,4.39999999999994,-422.2,750.5,        3017P   5736
4.39999999999994,442.2,758.5,4.40000000000001,442.2,750.5,          3017P   5737
4.40000000000001,422.2,750.5,4.40000000000001,422.2,758.5,          3017P   5738
4.40000000000001,442.2,758.5,100.4,442.2,750.5,100.4,422.2,         3017P   5739
750.5,100.4,422.2,758.5,100.4,442.2,747.,-47.6,442.2,747.,152.4,    3017P   5740
-442.2,747.,152.4,-442.2,747.,-47.6,442.2,762.,-47.6,-442.2,        3017P   5741
762.,-47.6,442.2,762.,152.4,-442.2,762.,152.4;                      3017P   5742
502,24,124.4,754.5,152.399999999997,132.4,754.5,152.4,132.4,        3019P   5743
754.5,172.399999999997,124.4,754.5,172.399999999997,92.4,754.5,     3019P   5744
152.399999999997,100.4,754.5,152.4,100.4,754.5,172.399999999997,    3019P   5745
92.4,754.5,172.399999999997,100.4,754.5,442.2,92.4,754.5,442.2,     3019P   5746
92.4,754.5,422.2,100.4,754.5,422.2,132.4,754.5,442.2,124.4,         3019P   5747
754.5,442.2,124.4,754.5,422.2,132.4,754.5,422.2,152.4,747.,         3019P   5748
152.4,72.4,747.,152.4,152.4,747.,442.2,72.4,747.,442.2,152.4,       3019P   5749
762.,152.4,152.4,762.,442.2,72.4,762.,152.4,72.4,762.,442.2;        3019P   5750
502,16,414.,660.4,152.4,449.,660.4,152.4,449.,660.4,164.4,414.,     3021P   5751
660.4,164.4,414.,100.,152.4,449.,100.,152.4,449.,100.,164.4,        3021P   5752
414.,100.,164.4,454.,760.4,152.4,174.6,760.4,152.4,174.6,760.4,     3021P   5753
170.4,454.,760.4,170.4,454.,0.,152.4,454.,0.,170.4,174.6,0.,        3021P   5754
152.4,174.6,0.,170.4;                                               3021P   5755
502,16,152.4,641.3,178.05,152.4,676.3,178.05,164.4,676.3,178.05,    3023P   5756
164.4,641.3,178.05,152.4,82.5,178.05,152.4,117.5,178.05,164.4,      3023P   5757
117.5,178.05,164.4,82.5,178.05,152.4,758.8,454.,152.4,758.8,        3023P   5758
155.55,170.4,758.8,454.,170.4,758.8,155.55,152.4,0.,155.55,         3023P   5759
170.4,0.,155.55,152.4,0.,454.,170.4,0.,454.;                        3023P   5760
502,28,-407.268925009384,15.,-366.014091013445,                     3025P   5761
-407.268925009384,15.,-358.014091013445,-407.268925009384,35.,      3025P   5762
-358.014091013445,-407.268925009384,35.,-366.014091013445,          3025P   5763
-362.014091013445,15.,-411.268925009384,-362.014091013445,15.,      3025P   5764
-403.268925009384,-362.014091013445,35.,-403.268925009384,          3025P   5765
-362.014091013445,35.,-411.268925009384,-377.570440199549,          3025P   5766
321.55,-381.105974105482,-381.105974105482,321.55,                  3025P   5767
-377.57044019955,-389.591255479721,321.55,-386.055721573788,        3025P   5768
-386.055721573788,321.55,-389.591255479721,-377.570440199549,       3025P   5769
385.55,-381.105974105482,-381.105974105482,385.55,                  3025P   5770
-377.57044019955,-389.591255479721,385.55,-386.055721573788,        3025P   5771
-386.055721573788,385.55,-389.591255479721,-377.570440199549,       3025P   5772
257.55,-381.105974105482,-381.105974105482,257.55,                  3025P   5773
-377.57044019955,-389.591255479721,257.55,-386.055721573788,        3025P   5774
-386.055721573788,257.55,-389.591255479721,-316.476414305032,       3025P   5775
15.,-442.2,-442.2,15.,-316.476414305032,-316.476414305032,762.,     3025P   5776
-442.2,-442.2,762.,-316.476414305032,-442.2,15.,                    3025P   5777
-337.689617740628,-442.2,762.,-337.689617740628,                    3025P   5778
-337.689617740628,15.,-442.2,-337.689617740628,762.,-442.2;         3025P   5779
502,14,426.2,200.,-457.2,426.2,200.,101.6,426.2,215.,-457.2,        3027P   5780
426.2,215.,101.6,101.6,200.,101.6,101.6,215.,101.6,101.6,200.,      3027P   5781
426.2,101.6,215.,426.2,-457.2,200.,426.2,-457.2,215.,426.2,         3027P   5782
-457.2,200.,-331.467492630521,-457.2,215.,-331.467492630521,        3027P   5783
-331.485336612693,200.,-457.2,-331.485336612693,215.,-457.2;        3027P   5784
504,121,1289,3007,1,3007,2,1291,3007,2,3007,1,1293,3007,2,3007,     3029P   5785
3,1295,3007,3,3007,4,1297,3007,4,3007,3,1299,3007,5,3007,6,1301,    3029P   5786
3007,6,3007,5,1303,3007,6,3007,7,1305,3007,7,3007,8,1307,3007,8,    3029P   5787
3007,7,1309,3007,9,3007,10,1311,3007,10,3007,9,1313,3007,10,        3029P   5788
3007,11,1315,3007,11,3007,12,1317,3007,12,3007,11,1319,3007,13,     3029P   5789
3007,14,1321,3007,14,3007,13,1323,3007,14,3007,15,1325,3007,15,     3029P   5790
3007,16,1327,3007,16,3007,15,1329,3007,17,3007,18,1331,3007,18,     3029P   5791
3007,17,1333,3007,18,3007,19,1335,3007,19,3007,20,1337,3007,20,     3029P   5792
3007,19,1339,3007,21,3007,22,1341,3007,22,3007,21,1343,3007,22,     3029P   5793
3007,23,1345,3007,23,3007,24,1347,3007,24,3007,23,1349,3007,25,     3029P   5794
3007,26,1351,3007,26,3007,25,1353,3007,26,3007,27,1355,3007,27,     3029P   5795
3007,28,1357,3007,28,3007,27,1359,3007,29,3007,30,1361,3007,30,     3029P   5796
3007,29,1363,3007,30,3007,31,1365,3007,31,3007,32,1367,3007,32,     3029P   5797
3007,31,1369,3007,33,3007,34,1371,3007,34,3007,33,1373,3007,34,     3029P   5798
3007,35,1375,3007,35,3007,36,1377,3007,36,3007,35,1379,3007,37,     3029P   5799
3007,38,1381,3007,38,3007,37,1383,3007,38,3007,39,1385,3007,39,     3029P   5800
3007,40,1387,3007,40,3007,39,1389,3007,41,3007,42,1391,3007,42,     3029P   5801
3007,41,1393,3007,42,3007,43,1395,3007,43,3007,44,1397,3007,44,     3029P   5802
3007,43,1399,3007,45,3007,46,1401,3007,46,3007,45,1403,3007,46,     3029P   5803
3007,47,1405,3007,47,3007,48,1407,3007,48,3007,47,1409,3007,49,     3029P   5804
3007,50,1411,3007,50,3007,49,1413,3007,50,3007,51,1415,3007,51,     3029P   5805
3007,52,1417,3007,52,3007,51,1419,3007,53,3007,54,1421,3007,54,     3029P   5806
3007,53,1423,3007,54,3007,55,1425,3007,55,3007,56,1427,3007,56,     3029P   5807
3007,55,1429,3007,57,3007,58,1431,3007,58,3007,57,1433,3007,58,     3029P   5808
3007,59,1435,3007,59,3007,60,1437,3007,60,3007,59,1439,3007,61,     3029P   5809
3007,62,1441,3007,62,3007,61,1443,3007,62,3007,63,1445,3007,63,     3029P   5810
3007,64,1447,3007,64,3007,63,1449,3007,65,3007,66,1451,3007,66,     3029P   5811
3007,65,1453,3007,66,3007,67,1455,3007,67,3007,68,1457,3007,68,     3029P   5812
3007,67,1459,3007,69,3007,70,1461,3007,70,3007,69,1463,3007,70,     3029P   5813
3007,71,1465,3007,71,3007,72,1467,3007,72,3007,71,1469,3007,73,     3029P   5814
3007,74,1471,3007,74,3007,73,1473,3007,74,3007,75,1475,3007,75,     3029P   5815
3007,76,1477,3007,76,3007,75,1479,3007,77,3007,78,1481,3007,78,     3029P   5816
3007,77,1483,3007,78,3007,79,1485,3007,79,3007,80,1487,3007,80,     3029P   5817
3007,79,1489,3007,81,3007,82,1491,3007,81,3007,83,1493,3007,84,     3029P   5818
3007,83,1495,3007,82,3007,84,1497,3007,82,3007,85,1499,3007,86,     3029P   5819
3007,84,1501,3007,85,3007,86,1503,3007,85,3007,87,1505,3007,88,     3029P   5820
3007,86,1507,3007,87,3007,88,1509,3007,87,3007,89,1511,3007,90,     3029P   5821
3007,88,1513,3007,89,3007,90,1515,3007,91,3007,89,1517,3007,92,     3029P   5822
3007,90,1519,3007,91,3007,92,1521,3007,93,3007,91,1523,3007,94,     3029P   5823
3007,92,1525,3007,93,3007,94,1527,3007,81,3007,93,1529,3007,83,     3029P   5824
3007,94;                                                            3029P   5825
504,92,1531,3009,1,3009,2,1533,3009,2,3009,1,1535,3009,2,3009,3,    3031P   5826
1537,3009,3,3009,4,1539,3009,4,3009,3,1541,3009,5,3009,6,1543,      3031P   5827
3009,6,3009,5,1545,3009,6,3009,7,1547,3009,7,3009,8,1549,3009,8,    3031P   5828
3009,7,1551,3009,9,3009,10,1553,3009,10,3009,9,1555,3009,10,        3031P   5829
3009,11,1557,3009,11,3009,12,1559,3009,12,3009,11,1561,3009,13,     3031P   5830
3009,14,1563,3009,14,3009,13,1565,3009,14,3009,15,1567,3009,15,     3031P   5831
3009,16,1569,3009,16,3009,15,1571,3009,17,3009,18,1573,3009,18,     3031P   5832
3009,17,1575,3009,18,3009,19,1577,3009,19,3009,20,1579,3009,20,     3031P   5833
3009,19,1581,3009,21,3009,22,1583,3009,22,3009,21,1585,3009,22,     3031P   5834
3009,23,1587,3009,23,3009,24,1589,3009,24,3009,23,1591,3009,25,     3031P   5835
3009,26,1593,3009,26,3009,25,1595,3009,26,3009,27,1597,3009,27,     3031P   5836
3009,28,1599,3009,28,3009,27,1601,3009,29,3009,30,1603,3009,30,     3031P   5837
3009,29,1605,3009,30,3009,31,1607,3009,31,3009,32,1609,3009,32,     3031P   5838
3009,31,1611,3009,33,3009,34,1613,3009,34,3009,33,1615,3009,34,     3031P   5839
3009,35,1617,3009,35,3009,36,1619,3009,36,3009,35,1621,3009,37,     3031P   5840
3009,38,1623,3009,38,3009,37,1625,3009,38,3009,39,1627,3009,39,     3031P   5841
3009,40,1629,3009,40,3009,39,1631,3009,41,3009,42,1633,3009,42,     3031P   5842
3009,41,1635,3009,42,3009,43,1637,3009,43,3009,44,1639,3009,44,     3031P   5843
3009,43,1641,3009,45,3009,46,1643,3009,46,3009,45,1645,3009,46,     3031P   5844
3009,47,1647,3009,47,3009,48,1649,3009,48,3009,47,1651,3009,49,     3031P   5845
3009,50,1653,3009,50,3009,49,1655,3009,50,3009,51,1657,3009,51,     3031P   5846
3009,52,1659,3009,52,3009,51,1661,3009,53,3009,54,1663,3009,54,     3031P   5847
3009,53,1665,3009,54,3009,55,1667,3009,55,3009,56,1669,3009,56,     3031P   5848
3009,55,1671,3009,57,3009,58,1673,3009,58,3009,57,1675,3009,58,     3031P   5849
3009,59,1677,3009,59,3009,60,1679,3009,60,3009,59,1681,3009,61,     3031P   5850
3009,62,1683,3009,62,3009,61,1685,3009,62,3009,63,1687,3009,63,     3031P   5851
3009,64,1689,3009,64,3009,63,1691,3009,65,3009,66,1693,3009,66,     3031P   5852
3009,67,1695,3009,68,3009,67,1697,3009,65,3009,68,1699,3009,69,     3031P   5853
3009,65,1701,3009,70,3009,68,1703,3009,69,3009,70,1705,3009,71,     3031P   5854
3009,69,1707,3009,72,3009,70,1709,3009,71,3009,72,1711,3009,66,     3031P   5855
3009,71,1713,3009,67,3009,72;                                       3031P   5856
504,92,1715,3011,1,3011,2,1717,3011,2,3011,1,1719,3011,2,3011,3,    3033P   5857
1721,3011,3,3011,4,1723,3011,4,3011,3,1725,3011,5,3011,6,1727,      3033P   5858
3011,6,3011,5,1729,3011,6,3011,7,1731,3011,7,3011,8,1733,3011,8,    3033P   5859
3011,7,1735,3011,9,3011,10,1737,3011,10,3011,9,1739,3011,10,        3033P   5860
3011,11,1741,3011,11,3011,12,1743,3011,12,3011,11,1745,3011,13,     3033P   5861
3011,14,1747,3011,14,3011,13,1749,3011,14,3011,15,1751,3011,15,     3033P   5862
3011,16,1753,3011,16,3011,15,1755,3011,17,3011,18,1757,3011,18,     3033P   5863
3011,17,1759,3011,18,3011,19,1761,3011,19,3011,20,1763,3011,20,     3033P   5864
3011,19,1765,3011,21,3011,22,1767,3011,22,3011,21,1769,3011,22,     3033P   5865
3011,23,1771,3011,23,3011,24,1773,3011,24,3011,23,1775,3011,25,     3033P   5866
3011,26,1777,3011,26,3011,25,1779,3011,26,3011,27,1781,3011,27,     3033P   5867
3011,28,1783,3011,28,3011,27,1785,3011,29,3011,30,1787,3011,30,     3033P   5868
3011,29,1789,3011,30,3011,31,1791,3011,31,3011,32,1793,3011,32,     3033P   5869
3011,31,1795,3011,33,3011,34,1797,3011,34,3011,33,1799,3011,34,     3033P   5870
3011,35,1801,3011,35,3011,36,1803,3011,36,3011,35,1805,3011,37,     3033P   5871
3011,38,1807,3011,38,3011,37,1809,3011,38,3011,39,1811,3011,39,     3033P   5872
3011,40,1813,3011,40,3011,39,1815,3011,41,3011,42,1817,3011,42,     3033P   5873
3011,41,1819,3011,42,3011,43,1821,3011,43,3011,44,1823,3011,44,     3033P   5874
3011,43,1825,3011,45,3011,46,1827,3011,46,3011,45,1829,3011,46,     3033P   5875
3011,47,1831,3011,47,3011,48,1833,3011,48,3011,47,1835,3011,49,     3033P   5876
3011,50,1837,3011,50,3011,49,1839,3011,50,3011,51,1841,3011,51,     3033P   5877
3011,52,1843,3011,52,3011,51,1845,3011,53,3011,54,1847,3011,54,     3033P   5878
3011,53,1849,3011,54,3011,55,1851,3011,55,3011,56,1853,3011,56,     3033P   5879
3011,55,1855,3011,57,3011,58,1857,3011,58,3011,57,1859,3011,58,     3033P   5880
3011,59,1861,3011,59,3011,60,1863,3011,60,3011,59,1865,3011,61,     3033P   5881
3011,62,1867,3011,62,3011,61,1869,3011,62,3011,63,1871,3011,63,     3033P   5882
3011,64,1873,3011,64,3011,63,1875,3011,65,3011,66,1877,3011,66,     3033P   5883
3011,67,1879,3011,68,3011,67,1881,3011,65,3011,68,1883,3011,69,     3033P   5884
3011,65,1885,3011,70,3011,68,1887,3011,69,3011,70,1889,3011,71,     3033P   5885
3011,69,1891,3011,72,3011,70,1893,3011,71,3011,72,1895,3011,66,     3033P   5886
3011,71,1897,3011,67,3011,72;                                       3033P   5887
504,57,1899,3013,1,3013,2,1901,3013,2,3013,1,1903,3013,2,3013,3,    3035P   5888
1905,3013,3,3013,4,1907,3013,4,3013,3,1909,3013,5,3013,6,1911,      3035P   5889
3013,6,3013,5,1913,3013,6,3013,7,1915,3013,7,3013,8,1917,3013,8,    3035P   5890
3013,7,1919,3013,9,3013,10,1921,3013,10,3013,9,1923,3013,10,        3035P   5891
3013,11,1925,3013,11,3013,12,1927,3013,12,3013,11,1929,3013,13,     3035P   5892
3013,14,1931,3013,14,3013,13,1933,3013,14,3013,15,1935,3013,15,     3035P   5893
3013,16,1937,3013,16,3013,15,1939,3013,17,3013,18,1941,3013,18,     3035P   5894
3013,17,1943,3013,18,3013,19,1945,3013,19,3013,20,1947,3013,20,     3035P   5895
3013,19,1949,3013,21,3013,22,1951,3013,22,3013,21,1953,3013,22,     3035P   5896
3013,23,1955,3013,23,3013,24,1957,3013,24,3013,23,1959,3013,25,     3035P   5897
3013,26,1961,3013,26,3013,25,1963,3013,26,3013,27,1965,3013,27,     3035P   5898
3013,28,1967,3013,28,3013,27,1969,3013,29,3013,30,1971,3013,30,     3035P   5899
3013,29,1973,3013,30,3013,31,1975,3013,31,3013,32,1977,3013,32,     3035P   5900
3013,31,1979,3013,33,3013,34,1981,3013,34,3013,33,1983,3013,34,     3035P   5901
3013,35,1985,3013,35,3013,36,1987,3013,36,3013,35,1989,3013,37,     3035P   5902
3013,38,1991,3013,37,3013,39,1993,3013,40,3013,39,1995,3013,38,     3035P   5903
3013,40,1997,3013,38,3013,41,1999,3013,42,3013,40,2001,3013,41,     3035P   5904
3013,42,2003,3013,41,3013,43,2005,3013,44,3013,42,2007,3013,43,     3035P   5905
3013,44,2009,3013,43,3013,37,2011,3013,39,3013,44;                  3035P   5906
504,67,2013,3015,1,3015,2,2015,3015,2,3015,1,2017,3015,2,3015,3,    3037P   5907
2019,3015,3,3015,4,2021,3015,4,3015,3,2023,3015,5,3015,6,2025,      3037P   5908
3015,6,3015,5,2027,3015,6,3015,7,2029,3015,7,3015,8,2031,3015,8,    3037P   5909
3015,7,2033,3015,9,3015,10,2035,3015,10,3015,9,2037,3015,10,        3037P   5910
3015,11,2039,3015,11,3015,12,2041,3015,12,3015,11,2043,3015,13,     3037P   5911
3015,14,2045,3015,14,3015,13,2047,3015,14,3015,15,2049,3015,15,     3037P   5912
3015,16,2051,3015,16,3015,15,2053,3015,17,3015,18,2055,3015,18,     3037P   5913
3015,17,2057,3015,18,3015,19,2059,3015,19,3015,20,2061,3015,20,     3037P   5914
3015,19,2063,3015,21,3015,22,2065,3015,22,3015,21,2067,3015,22,     3037P   5915
3015,23,2069,3015,23,3015,24,2071,3015,24,3015,23,2073,3015,25,     3037P   5916
3015,26,2075,3015,26,3015,25,2077,3015,26,3015,27,2079,3015,27,     3037P   5917
3015,28,2081,3015,28,3015,27,2083,3015,29,3015,30,2085,3015,30,     3037P   5918
3015,29,2087,3015,30,3015,31,2089,3015,31,3015,32,2091,3015,32,     3037P   5919
3015,31,2093,3015,33,3015,34,2095,3015,34,3015,33,2097,3015,34,     3037P   5920
3015,35,2099,3015,35,3015,36,2101,3015,36,3015,35,2103,3015,37,     3037P   5921
3015,38,2105,3015,38,3015,37,2107,3015,38,3015,39,2109,3015,39,     3037P   5922
3015,40,2111,3015,40,3015,39,2113,3015,41,3015,42,2115,3015,42,     3037P   5923
3015,41,2117,3015,42,3015,43,2119,3015,43,3015,44,2121,3015,44,     3037P   5924
3015,43,2123,3015,45,3015,46,2125,3015,46,3015,47,2127,3015,48,     3037P   5925
3015,47,2129,3015,45,3015,48,2131,3015,49,3015,45,2133,3015,50,     3037P   5926
3015,48,2135,3015,49,3015,50,2137,3015,51,3015,49,2139,3015,52,     3037P   5927
3015,50,2141,3015,51,3015,52,2143,3015,46,3015,51,2145,3015,47,     3037P   5928
3015,52;                                                            3037P   5929
504,42,2147,3017,1,3017,2,2149,3017,2,3017,1,2151,3017,2,3017,3,    3039P   5930
2153,3017,3,3017,4,2155,3017,4,3017,3,2157,3017,5,3017,6,2159,      3039P   5931
3017,6,3017,5,2161,3017,6,3017,7,2163,3017,7,3017,8,2165,3017,8,    3039P   5932
3017,7,2167,3017,9,3017,10,2169,3017,10,3017,9,2171,3017,10,        3039P   5933
3017,11,2173,3017,11,3017,12,2175,3017,12,3017,11,2177,3017,13,     3039P   5934
3017,14,2179,3017,14,3017,13,2181,3017,14,3017,15,2183,3017,15,     3039P   5935
3017,16,2185,3017,16,3017,15,2187,3017,17,3017,18,2189,3017,18,     3039P   5936
3017,17,2191,3017,18,3017,19,2193,3017,19,3017,20,2195,3017,20,     3039P   5937
3017,19,2197,3017,21,3017,22,2199,3017,22,3017,21,2201,3017,22,     3039P   5938
3017,23,2203,3017,23,3017,24,2205,3017,24,3017,23,2207,3017,25,     3039P   5939
3017,26,2209,3017,26,3017,27,2211,3017,28,3017,27,2213,3017,25,     3039P   5940
3017,28,2215,3017,29,3017,25,2217,3017,30,3017,28,2219,3017,29,     3039P   5941
3017,30,2221,3017,31,3017,29,2223,3017,32,3017,30,2225,3017,31,     3039P   5942
3017,32,2227,3017,26,3017,31,2229,3017,27,3017,32;                  3039P   5943
504,32,2231,3019,1,3019,2,2233,3019,2,3019,1,2235,3019,2,3019,3,    3041P   5944
2237,3019,3,3019,4,2239,3019,4,3019,3,2241,3019,5,3019,6,2243,      3041P   5945
3019,6,3019,5,2245,3019,6,3019,7,2247,3019,7,3019,8,2249,3019,8,    3041P   5946
3019,7,2251,3019,9,3019,10,2253,3019,10,3019,9,2255,3019,10,        3041P   5947
3019,11,2257,3019,11,3019,12,2259,3019,12,3019,11,2261,3019,13,     3041P   5948
3019,14,2263,3019,14,3019,13,2265,3019,14,3019,15,2267,3019,15,     3041P   5949
3019,16,2269,3019,16,3019,15,2271,3019,17,3019,18,2273,3019,19,     3041P   5950
3019,17,2275,3019,20,3019,19,2277,3019,20,3019,18,2279,3019,21,     3041P   5951
3019,17,2281,3019,22,3019,21,2283,3019,19,3019,22,2285,3019,23,     3041P   5952
3019,21,2287,3019,24,3019,23,2289,3019,22,3019,24,2291,3019,18,     3041P   5953
3019,23,2293,3019,24,3019,20;                                       3041P   5954
504,22,2295,3021,1,3021,2,2297,3021,2,3021,1,2299,3021,2,3021,3,    3043P   5955
2301,3021,3,3021,4,2303,3021,4,3021,3,2305,3021,5,3021,6,2307,      3043P   5956
3021,6,3021,5,2309,3021,6,3021,7,2311,3021,7,3021,8,2313,3021,8,    3043P   5957
3021,7,2315,3021,9,3021,10,2317,3021,10,3021,11,2319,3021,12,       3043P   5958
3021,11,2321,3021,9,3021,12,2323,3021,13,3021,9,2325,3021,14,       3043P   5959
3021,12,2327,3021,13,3021,14,2329,3021,15,3021,13,2331,3021,16,     3043P   5960
3021,14,2333,3021,15,3021,16,2335,3021,10,3021,15,2337,3021,11,     3043P   5961
3021,16;                                                            3043P   5962
504,22,2339,3023,1,3023,2,2341,3023,2,3023,1,2343,3023,2,3023,3,    3045P   5963
2345,3023,3,3023,4,2347,3023,4,3023,3,2349,3023,5,3023,6,2351,      3045P   5964
3023,6,3023,5,2353,3023,6,3023,7,2355,3023,7,3023,8,2357,3023,8,    3045P   5965
3023,7,2359,3023,9,3023,10,2361,3023,9,3023,11,2363,3023,12,        3045P   5966
3023,11,2365,3023,10,3023,12,2367,3023,10,3023,13,2369,3023,14,     3045P   5967
3023,12,2371,3023,13,3023,14,2373,3023,15,3023,13,2375,3023,16,     3045P   5968
3023,14,2377,3023,15,3023,16,2379,3023,15,3023,9,2381,3023,11,      3045P   5969
3023,16;                                                            3045P   5970
504,37,2383,3025,1,3025,2,2385,3025,2,3025,1,2387,3025,2,3025,3,    3047P   5971
2389,3025,3,3025,4,2391,3025,4,3025,3,2393,3025,5,3025,6,2395,      3047P   5972
3025,6,3025,5,2397,3025,6,3025,7,2399,3025,7,3025,8,2401,3025,8,    3047P   5973
3025,7,2403,3025,9,3025,10,2405,3025,10,3025,9,2407,3025,10,        3047P   5974
3025,11,2409,3025,11,3025,12,2411,3025,12,3025,11,2413,3025,13,     3047P   5975
3025,14,2415,3025,14,3025,13,2417,3025,14,3025,15,2419,3025,15,     3047P   5976
3025,16,2421,3025,16,3025,15,2423,3025,17,3025,18,2425,3025,18,     3047P   5977
3025,17,2427,3025,18,3025,19,2429,3025,19,3025,20,2431,3025,20,     3047P   5978
3025,19,2433,3025,21,3025,22,2435,3025,21,3025,23,2437,3025,24,     3047P   5979
3025,23,2439,3025,22,3025,24,2441,3025,22,3025,25,2443,3025,26,     3047P   5980
3025,24,2445,3025,25,3025,26,2447,3025,25,3025,27,2449,3025,28,     3047P   5981
3025,26,2451,3025,27,3025,28,2453,3025,21,3025,27,2455,3025,23,     3047P   5982
3025,28;                                                            3047P   5983
504,21,2457,3027,1,3027,2,2459,3027,1,3027,3,2461,3027,4,3027,3,    3049P   5984
2463,3027,2,3027,4,2465,3027,2,3027,5,2467,3027,6,3027,4,2469,      3049P   5985
3027,5,3027,6,2471,3027,5,3027,7,2473,3027,8,3027,6,2475,3027,7,    3049P   5986
3027,8,2477,3027,9,3027,7,2479,3027,10,3027,8,2481,3027,9,3027,     3049P   5987
10,2483,3027,9,3027,11,2485,3027,12,3027,10,2487,3027,11,3027,      3049P   5988
12,2489,3027,11,3027,13,2491,3027,14,3027,12,2493,3027,13,3027,     3049P   5989
14,2495,3027,13,3027,1,2497,3027,3,3027,14;                         3049P   5990
406,1,7HCuerpo1;                                                    3051P   5991
406,1,6HBase:1;                                                     3053P   5992
406,1,9HLat Der:1;                                                  3055P   5993
406,1,9HLat Izq:1;                                                  3057P   5994
406,1,11HFondo Der:1;                                               3059P   5995
406,1,11HFondo Izq:1;                                               3061P   5996
406,1,5HRef:1;                                                      3063P   5997
406,1,11HRef Medio:1;                                               3065P   5998
406,1,12HPuerta Der:1;                                              3067P   5999
406,1,12HPuerta Izq:1;                                              3069P   6000
406,1,10HRef Tras:1;                                                3071P   6001
406,1,12HEntrepaño:1;                                              3073P   6002
314,62.7450980392157,62.7450980392157,62.7450980392157,16HAcero     3075P   6003
- Satinado;                                                         3075P   6004
S      1G      3D   3076P   6004                                        T      1
