"Creado","DESCRIPCION SKU","LETRA","PIEZA","LARGO","ANCHO","CANTIDAD","Enchape lado largo","Enchape lado Ancho","Enchape largo blanco","Enchape ancho blanco","Total metros canto","Total metros canto blanco","Canto","Espesor","Nivel","Datos adjuntos","Formula","Notas","ID","TipoMaterial","TipoCanto","RotarVeta","Grupo"
"10/2/2026 10:08 AM","HRJ BBLFD45 D19-R SM MBLE DER INF COC ESQUINERO 1 PUERTA 1 ENTREPAÑO","H","GOLA","453.7","80",,"0","0","2","2",,,"0.45","15",,"0",,,"65315","C","C","1","Caja"
"10/2/2026 10:08 AM","HRJ BBLFD45 D19-R SM MBLE DER INF COC ESQUINERO 1 PUERTA 1 ENTREPAÑO","G","REF SM","453.7","80",,"0","0","2","2",,,"0.45","15",,"0",,,"65314","C","C","1","Caja"
"10/2/2026 10:08 AM","HRJ BBLFD45 D19-R SM MBLE DER INF COC ESQUINERO 1 PUERTA 1 ENTREPAÑO","K","SHELF","1,112","458.8",,"0","0","2","2",,,"0.45","15",,"0","LxL{-31}LyL",,"65313","C","C","1","Caja"
"10/2/2026 10:08 AM","HRJ BBLFD45 D19-R SM MBLE DER INF COC ESQUINERO 1 PUERTA 1 ENTREPAÑO","F","REF DEL INF","747","80",,"1","1","0","0",,,"0.45","15",,"0","LxA{-15}AyL",,"65312","C","C","1","Caja"
"10/2/2026 10:08 AM","HRJ BBLFD45 D19-R SM MBLE DER INF COC ESQUINERO 1 PUERTA 1 ENTREPAÑO","E","REF DEL CENTRAL","747","80",,"1","1","0","0",,,"0.45","15",,"0","LxA{-15}AyL",,"65311","C","C","1","Caja"
"10/2/2026 10:08 AM","HRJ BBLFD45 D19-R SM MBLE DER INF COC ESQUINERO 1 PUERTA 1 ENTREPAÑO","N","BACKING","760","1,127",,"0","0","0","0",,,"0","6",,"0","LxA{-2}AyL AxL{-16}LyA",,"65310","F","X","1",
"10/2/2026 10:08 AM","HRJ BBLFD45 D19-R SM MBLE DER INF COC ESQUINERO 1 PUERTA 1 ENTREPAÑO","L","DOOR","732","479.4",,"2","2","0","0",,,"1","18",,"0","LxA{-30}AyL ",,"65309","C","C","1","Frente"
"10/2/2026 10:08 AM","HRJ BBLFD45 D19-R SM MBLE DER INF COC ESQUINERO 1 PUERTA 1 ENTREPAÑO","M","BLIND DOOR","762","658.8",,"2","2","0","0",,,"1","18",,"0","LxA{0}AyL",,"65308","C","C","1","Frente"
"10/2/2026 10:08 AM","HRJ BBLFD45 D19-R SM MBLE DER INF COC ESQUINERO 1 PUERTA 1 ENTREPAÑO","J","RAIL TRAS INF","1,113","80",,"0","0","2","0",,,"0.45","15",,"0","LxL{-30}LyL",,"65307","C","C","1","Caja"
"10/2/2026 10:08 AM","HRJ BBLFD45 D19-R SM MBLE DER INF COC ESQUINERO 1 PUERTA 1 ENTREPAÑO","I","RAIL TRAS SUP","1,113","80",,"0","0","2","0",,,"0.45","15",,"0","LxL{-30}LyL",,"65306","C","C","1","Caja"
"10/2/2026 10:08 AM","HRJ BBLFD45 D19-R SM MBLE DER INF COC ESQUINERO 1 PUERTA 1 ENTREPAÑO","D","RAIL DEL","629.3","80",,"1","0","0","0",,,"0.45","15",,"0",,,"65305","C","C","1","Caja"
"10/2/2026 10:08 AM","HRJ BBLFD45 D19-R SM MBLE DER INF COC ESQUINERO 1 PUERTA 1 ENTREPAÑO","C","SIDE L - R17L762","762","609.6",,"1","2","0","0",,,"0.45","15",,"0","LxA{0}AyL AxP{0}PyA",,"65304","C","C","1","Caja"
"10/2/2026 10:08 AM","HRJ BBLFD45 D19-R SM MBLE DER INF COC ESQUINERO 1 PUERTA 1 ENTREPAÑO","B","SIDE R - R17L762","762","609.6",,"2","2","0","0",,,"0.45","15",,"0","LxA{0}AyL AxP{0}PyA",,"65303","C","C","1","Caja"
"10/2/2026 10:08 AM","HRJ BBLFD45 D19-R SM MBLE DER INF COC ESQUINERO 1 PUERTA 1 ENTREPAÑO","A","BASE","1,113","585.6",,"2","0","0","0",,,"0.45","15",,"0","LxL{-30}LyL AxP{-24}PyA",,"65302","C","C","1","Caja"
"10/1/2026 2:22 PM","BOMH36-1 MBLE INF COC MEDIO HORNO 1 GAVETA","J","FRENTE DER","346","153.2",,"2","0","0","0",,,"1","18",,"0",,,"65287","C","C","1","Frente"
"10/1/2026 2:22 PM","BOMH36-1 MBLE INF COC MEDIO HORNO 1 GAVETA","J","FRENTE DER","346","153.2",,"2","0","0","0",,,"1","18",,"0",,,"65286","C","C","1","Frente"
"10/1/2026 2:22 PM","BOMH36-1 MBLE INF COC MEDIO HORNO 1 GAVETA","G","ENTREPAÑO FIJO","884.4","585.6",,"2","0","0","0",,,"0.45","18",,"0","LxL{-30}LyL AxP{-24}PyA",,"65285","B","C","1","Caja"
"10/1/2026 2:22 PM","BOMH36-1 MBLE INF COC MEDIO HORNO 1 GAVETA","L","BACKING","332.8","898.4",,"0","0","0","0",,,"0","6",,"0","AxL{-16}LyA",,"65284","F","X","1","Sin asignar"
"10/1/2026 2:22 PM","BOMH36-1 MBLE INF COC MEDIO HORNO 1 GAVETA","K","FRENTE GAV INF","332.8","911.2",,"2","2","0","0",,,"1","18",,"0","AxL{-3,2}LyA",,"65283","C","C","1","Frente"
"10/1/2026 2:22 PM","BOMH36-1 MBLE INF COC MEDIO HORNO 1 GAVETA","I","TRASERO CAJON INF","797.4","68",,"0","0","1","0",,,"0.45","15",,"0","LxL{-117}LyL",,"65282","B","C","1","Caja"
"10/1/2026 2:22 PM","BOMH36-1 MBLE INF COC MEDIO HORNO 1 GAVETA","H","FONDO GAVETA INF","809.4","492",,"0","0","2","0",,,"0.45","15",,"0","LxL{-105}LyL",,"65281","B","C","1","Caja"
"10/1/2026 2:22 PM","BOMH36-1 MBLE INF COC MEDIO HORNO 1 GAVETA","F","RAIL TRASERO","884.4","80",,"0","0","2","0",,,"0.45","15",,"0","LxL{-30}LyL",,"65280","B","C","1","Caja"
"10/1/2026 2:22 PM","BOMH36-1 MBLE INF COC MEDIO HORNO 1 GAVETA","E","RAIL TRASERO","884.4","80",,"0","0","2","0",,,"0.45","15",,"0","LxL{-30}LyL",,"65279","B","C","1","Caja"
"10/1/2026 2:22 PM","BOMH36-1 MBLE INF COC MEDIO HORNO 1 GAVETA","D","RAIL DEL VERTICAL","884.4","80",,"2","0","0","0",,,"1","18",,"0","LxL{-30}LyL",,"65278","C","C","1","Frente"
"10/1/2026 2:22 PM","BOMH36-1 MBLE INF COC MEDIO HORNO 1 GAVETA","C","SIDE L - R20L","762","609.6",,"2","2","0","0",,,"0.45","15",,"0","LxA{0}AyL AxP{0}PyA",,"65277","B","C","1","Caja"
"10/1/2026 2:22 PM","BOMH36-1 MBLE INF COC MEDIO HORNO 1 GAVETA","B","SIDE R - R20L","762","609.6",,"2","2","0","0",,,"0.45","15",,"0","LxA{0}AyL AxP{0}PyA",,"65276","B","C","1","Caja"
"10/1/2026 2:22 PM","BOMH36-1 MBLE INF COC MEDIO HORNO 1 GAVETA","A","BASE","884.4","585.6",,"2","0","0","0",,,"0.45","15",,"0","LxL{-30}LyL AxP{-24}PyA",,"65275","B","C","1","Caja"
"10/1/2026 11:35 AM","DB12-2S-SM-FE MBLE INF COC 3 GAVETAS 2 PEQUEÑAS","ZB","FONDO MUEBLE","760","288.8",,"0","0","0","0",,,"0","6",,"0","LxA{-2}AyL AxL{-16}LyA",,"65249","F","X","1",
"10/1/2026 11:35 AM","DB12-2S-SM-FE MBLE INF COC 3 GAVETAS 2 PEQUEÑAS","S","CONTRAP INF R13L","218.8","200",,"0","0","2","0",,,"0.45","15",,"0","LxL{-86}LyL",,"65248","P","P","1","Caja"
"10/1/2026 11:35 AM","DB12-2S-SM-FE MBLE INF COC 3 GAVETAS 2 PEQUEÑAS","T","CONTRAP CENT R13L","218.8","100",,"0","0","2","0",,,"0.45","15",,"0","LxL{-86}LyL",,"65247","P","P","1","Caja"
"10/1/2026 11:35 AM","DB12-2S-SM-FE MBLE INF COC 3 GAVETAS 2 PEQUEÑAS","U","CONTRAP SUP R13L","218.8","100",,"0","0","2","0",,,"0.45","15",,"0","LxL{-86}LyL",,"65246","P","P","1","Caja"
"10/1/2026 11:35 AM","DB12-2S-SM-FE MBLE INF COC 3 GAVETAS 2 PEQUEÑAS","O","LAT IZQ GAV SUP R13L","500","100",,"0","0","2","1",,,"0.45","15",,"0",,,"65245","P","P","1","Caja"
"10/1/2026 11:35 AM","DB12-2S-SM-FE MBLE INF COC 3 GAVETAS 2 PEQUEÑAS","N","LAT DER GAV SUP R13L","500","100",,"0","0","2","1",,,"0.45","15",,"0",,,"65244","P","P","1","Caja"
"10/1/2026 11:35 AM","DB12-2S-SM-FE MBLE INF COC 3 GAVETAS 2 PEQUEÑAS","M","LAT IZQ GAV CENTRAL R13L","500","100",,"0","0","2","1",,,"0.45","15",,"0",,,"65243","P","P","1","Caja"
"10/1/2026 11:35 AM","DB12-2S-SM-FE MBLE INF COC 3 GAVETAS 2 PEQUEÑAS","L","LAT DER GAV CENTRAL R13L","500","100",,"0","0","2","1",,,"0.45","15",,"0",,,"65242","P","P","1","Caja"
"10/1/2026 11:35 AM","DB12-2S-SM-FE MBLE INF COC 3 GAVETAS 2 PEQUEÑAS","K","LAT IZQ GAV INF R13L","500","200",,"0","0","2","1",,,"0.45","15",,"0",,,"65241","P","P","1","Caja"
"10/1/2026 11:35 AM","DB12-2S-SM-FE MBLE INF COC 3 GAVETAS 2 PEQUEÑAS","J","LAT DER GAV INF R13L","500","200",,"0","0","2","1",,,"0.45","15",,"0",,,"65240","P","P","1","Caja"
"10/1/2026 11:35 AM","DB12-2S-SM-FE MBLE INF COC 3 GAVETAS 2 PEQUEÑAS","V","FRENTE GAV INF","351","301.6",,"2","2","0","0",,,"1","18",,"0","AxL{-3,2}LyA",,"65239","C","C","1","Frente"
"10/1/2026 11:35 AM","DB12-2S-SM-FE MBLE INF COC 3 GAVETAS 2 PEQUEÑAS","Q","TRA GAV CENTRAL","218.8","80",,"0","0","2","0",,,"0.45","15",,"0","LxL{-86}LyL",,"65238","P","P","1","Caja"
"10/1/2026 11:35 AM","DB12-2S-SM-FE MBLE INF COC 3 GAVETAS 2 PEQUEÑAS","Z","FONDO GAV CENTRAL","508","232.8",,"0","0","0","0",,,"0","6",,"0","AxL{-72}LyA",,"65237","F","X","1","Sin asignar"
"10/1/2026 11:35 AM","DB12-2S-SM-FE MBLE INF COC 3 GAVETAS 2 PEQUEÑAS","I","GOLA INF","274.8","80",,"2","0","0","0",,,"0.45","15",,"0","LxL{-30}LyL",,"65236","B","C","1","Caja"
"10/1/2026 11:35 AM","DB12-2S-SM-FE MBLE INF COC 3 GAVETAS 2 PEQUEÑAS","H","GOLA SUP","274.8","80",,"2","0","0","0",,,"0.45","15",,"0","LxL{-30}LyL",,"65235","B","C","1","Caja"
"10/1/2026 11:35 AM","DB12-2S-SM-FE MBLE INF COC 3 GAVETAS 2 PEQUEÑAS","X","FRENTE GAV SUP ","173.9","301.6",,"2","2","0","0",,,"1","18",,"0","AxL{-3,2}LyA",,"65234","C","C","1","Frente"
"10/1/2026 11:35 AM","DB12-2S-SM-FE MBLE INF COC 3 GAVETAS 2 PEQUEÑAS","W","FRENTE GAV CENTRAL ","173.9","301.6",,"2","2","0","0",,,"1","18",,"0","AxL{-3,2}LyA",,"65233","C","C","1","Frente"
"10/1/2026 11:35 AM","DB12-2S-SM-FE MBLE INF COC 3 GAVETAS 2 PEQUEÑAS","P","TRAS GAV INF","218.8","180",,"0","0","2","0",,,"0.45","15",,"0","LxL{-86}LyL",,"65232","P","P","1","Caja"
"10/1/2026 11:35 AM","DB12-2S-SM-FE MBLE INF COC 3 GAVETAS 2 PEQUEÑAS","R","TRAS GAV SUP","218.8","80",,"0","0","2","0",,,"0.45","15",,"0","LxL{-86}LyL",,"65231","P","P","1","Caja"
"10/1/2026 11:35 AM","DB12-2S-SM-FE MBLE INF COC 3 GAVETAS 2 PEQUEÑAS","Y","FONDO GAV INF","508","232.8",,"0","0","0","0",,,"0","6",,"0","AxL{-72}LyA",,"65230","F","X","1","Sin asignar"
"10/1/2026 11:35 AM","DB12-2S-SM-FE MBLE INF COC 3 GAVETAS 2 PEQUEÑAS","ZA","FONDO GAV SUP","508","232.8",,"0","0","0","0",,,"0","6",,"0","AxL{-72}LyA",,"65229","F","X","1","Sin asignar"
"10/1/2026 11:35 AM","DB12-2S-SM-FE MBLE INF COC 3 GAVETAS 2 PEQUEÑAS","G","RAIL TRASERO","274.8","80",,"0","0","2","0",,,"0.45","15",,"0","LxL{-30}LyL",,"65228","B","C","1","Caja"
"10/1/2026 11:35 AM","DB12-2S-SM-FE MBLE INF COC 3 GAVETAS 2 PEQUEÑAS","F","RAIL TRASERO","274.8","80",,"0","0","2","0",,,"0.45","15",,"0","LxL{-30}LyL",,"65227","B","C","1","Caja"
"10/1/2026 11:35 AM","DB12-2S-SM-FE MBLE INF COC 3 GAVETAS 2 PEQUEÑAS","E","RAIL DELANTERO","274.8","80",,"2","0","0","0",,,"0.45","15",,"0","LxL{-30}LyL",,"65226","B","C","1","Caja"
"10/1/2026 11:35 AM","DB12-2S-SM-FE MBLE INF COC 3 GAVETAS 2 PEQUEÑAS","D","RAIL DELANTERO","274.8","80",,"2","0","0","0",,,"0.45","15",,"0","LxL{-30}LyL",,"65225","B","C","1","Caja"
"10/1/2026 11:35 AM","DB12-2S-SM-FE MBLE INF COC 3 GAVETAS 2 PEQUEÑAS","C","SIDE L R17L","762","609.6",,"2","2","0","0",,,"0.45","15",,"0","LxA{0}AyL AxP{0}PyA",,"65224","B","C","1","Caja"
"10/1/2026 11:35 AM","DB12-2S-SM-FE MBLE INF COC 3 GAVETAS 2 PEQUEÑAS","B","SIDE R R17L","762","609.6",,"2","2","0","0",,,"0.45","15",,"0","LxA{0}AyL AxP{0}PyA",,"65223","B","C","1","Caja"
"10/1/2026 11:35 AM","DB12-2S-SM-FE MBLE INF COC 3 GAVETAS 2 PEQUEÑAS","A","BASE","274.8","585.6",,"2","0","0","0",,,"0.45","15",,"0","LxL{-30}LyL AxP{-24}PyA",,"65222","B","C","1","Caja"
"10/1/2026 10:30 AM","B10-FE MBLE INF COC 1 GAVETA 1 PUERTA 1/2 ENTREPAÑO","K","LAT IZQ GAV R13L","100","500",,"0","0","2","2",,,"0.45","15",,"0",,,"65221","P","P","1","Caja"
"10/1/2026 10:30 AM","B10-FE MBLE INF COC 1 GAVETA 1 PUERTA 1/2 ENTREPAÑO","J","LAT DER GAV R13L","100","500",,"0","0","2","2",,,"0.45","15",,"0",,,"65220","P","P","1","Caja"
"10/1/2026 10:30 AM","B10-FE MBLE INF COC 1 GAVETA 1 PUERTA 1/2 ENTREPAÑO","L","CONTRAPARCHE R13L","168","100",,"0","0","2","0",,,"0.45","15",,"0","LxL{-86}LyL",,"65219","P","P","1","Caja"
"10/1/2026 10:30 AM","B10-FE MBLE INF COC 1 GAVETA 1 PUERTA 1/2 ENTREPAÑO","P","BACKING","760","238",,"0","0",,,,,"0","6",,"0","LxA{-2}AyL AxL{-16}LyA",,"65218","F","X","1",
"10/1/2026 10:30 AM","B10-FE MBLE INF COC 1 GAVETA 1 PUERTA 1/2 ENTREPAÑO","N","FRENTE GAVETA","152.4","250.8",,"2","2",,,,,"1","18",,"0","AxL{-3,2}LyA",,"65217","C","C","1","Frente"
"10/1/2026 10:30 AM","B10-FE MBLE INF COC 1 GAVETA 1 PUERTA 1/2 ENTREPAÑO","M","DOOR","603.2","250.8",,"2","2",,,,,"1","18",,"0","LxA{-158,8}AyL AxL{-3,2}LyA",,"65216","C","C","1","Frente"
"10/1/2026 10:30 AM","B10-FE MBLE INF COC 1 GAVETA 1 PUERTA 1/2 ENTREPAÑO","I","TRAS GAV","168","80",,"0","0","2",,,,"0.45","15",,"0","LxL{-86}LyL",,"65215","P","P","1","Caja"
"10/1/2026 10:30 AM","B10-FE MBLE INF COC 1 GAVETA 1 PUERTA 1/2 ENTREPAÑO","D","RAIL DEL","224","80",,"2","0",,,,,"0.45","15",,"0","LxL{-30}LyL","Enchape color","65214","P","C","1","Caja"
"10/1/2026 10:30 AM","B10-FE MBLE INF COC 1 GAVETA 1 PUERTA 1/2 ENTREPAÑO","C","SIDE L - R17L","762","609.6",,"2","2",,,,,"0.45","15",,"0","LxA{0}AyL AxP{0}PyA",,"65213","B","C","1","Caja"
"10/1/2026 10:30 AM","B10-FE MBLE INF COC 1 GAVETA 1 PUERTA 1/2 ENTREPAÑO","B","SIDE R - R17L","762","609.6",,"2","2",,,,,"0.45","15",,"0","LxA{0}AyL AxP{0}PyA",,"65212","B","C","1","Caja"
"10/1/2026 10:30 AM","B10-FE MBLE INF COC 1 GAVETA 1 PUERTA 1/2 ENTREPAÑO","A","BASE","224","585.6",,"2","0",,,,,"0.45","15",,"0","LxL{-30}LyL AxP{-24}PyA",,"65211","B","C","1","Caja"
"10/1/2026 10:30 AM","B10-FE MBLE INF COC 1 GAVETA 1 PUERTA 1/2 ENTREPAÑO","O","FONDO GAV","182","492",,"0","0","0",,,,"0","6",,"0","LxL{-72}LyL",,"65210","F","X","1","Sin asignar"
"10/1/2026 10:30 AM","B10-FE MBLE INF COC 1 GAVETA 1 PUERTA 1/2 ENTREPAÑO","H","SHELF","223","300",,"0","0","2","2",,,"0.45","15",,"0","LxL{-31}LyL",,"65209","P","P","1","Caja"
"10/1/2026 10:30 AM","B10-FE MBLE INF COC 1 GAVETA 1 PUERTA 1/2 ENTREPAÑO","G","RAIL TRAS","224","80",,"0","0","2",,,,"0.45","15",,"0","LxL{-30}LyL",,"65208","P","P","1","Caja"
"10/1/2026 10:30 AM","B10-FE MBLE INF COC 1 GAVETA 1 PUERTA 1/2 ENTREPAÑO","F","RAIL TRAS","224","80",,"0","0","2",,,,"0.45","15",,"0","LxL{-30}LyL",,"65207","P","P","1","Caja"
"10/1/2026 10:30 AM","B10-FE MBLE INF COC 1 GAVETA 1 PUERTA 1/2 ENTREPAÑO","E","RAIL DEL","224","80",,"2","0",,,,,"0.45","15",,"0","LxL{-30}LyL","Enchape color","65206","P","C","1","Caja"
"10/1/2026 9:40 AM","BMW36-1 MBLE INF COC MICROONDAS 1 GAVETA","K","FRENTE","535.48","911.2",,"2","2","0","0",,,"1","18",,"0","AxL{-3,2}LyA",,"65205","C","C","1","Frente"
"10/1/2026 9:40 AM","BMW36-1 MBLE INF COC MICROONDAS 1 GAVETA","G","ENTREPAÑO FIJO","884.4","585.6",,"2","0","0","0",,,"0.45","18",,"0","LxL{-30}LyL AxP{-24}PyA",,"65204","B","C","1","Caja"
"10/1/2026 9:40 AM","BMW36-1 MBLE INF COC MICROONDAS 1 GAVETA","L","BACKING","241.33","898.4",,"0","0","0","0",,,"0","6",,"0","AxL{-16}LyA",,"65203","F","X","1","Sin asignar"
"10/1/2026 9:40 AM","BMW36-1 MBLE INF COC MICROONDAS 1 GAVETA","J","FRENTE GAVETA INF","220.13","911.2",,"2","2","0","0",,,"1","18",,"0","AxL{-3,2}LyA",,"65202","C","C","1","Frente"
"10/1/2026 9:40 AM","BMW36-1 MBLE INF COC MICROONDAS 1 GAVETA","I","TRASERO CAJON INF","797.4","68",,"0","0","1","0",,,"0.45","15",,"0","LxL{-117}LyL",,"65201","B","C","1","Caja"
"10/1/2026 9:40 AM","BMW36-1 MBLE INF COC MICROONDAS 1 GAVETA","H","FONDO GAVETA INF","809.4","492",,"0","0","2","0",,,"0.45","15",,"0","LxL{-105}LyL",,"65200","B","C","1","Caja"
"10/1/2026 9:40 AM","BMW36-1 MBLE INF COC MICROONDAS 1 GAVETA","F","RAIL TRASERO","884.4","80",,"0","0","2","0",,,"0.45","18",,"0","LxL{-30}LyL",,"65199","B","C","1","Caja"
"10/1/2026 9:40 AM","BMW36-1 MBLE INF COC MICROONDAS 1 GAVETA","E","RAIL TRASERO","884.4","80",,"0","0","2","0",,,"0.45","18",,"0","LxL{-30}LyL",,"65198","B","C","1","Caja"
"10/1/2026 9:40 AM","BMW36-1 MBLE INF COC MICROONDAS 1 GAVETA","D","RAIL DELANTERO","884.4","80",,"2","0","0","0",,,"0.45","18",,"0","LxL{-30}LyL",,"65197","B","C","1","Caja"
"10/1/2026 9:40 AM","BMW36-1 MBLE INF COC MICROONDAS 1 GAVETA","C","SIDE L - R20L","762","609.6",,"2","2","0","0",,,"0.45","18",,"0","LxA{0}AyL AxP{0}PyA",,"65196","B","C","1","Caja"
"10/1/2026 9:40 AM","BMW36-1 MBLE INF COC MICROONDAS 1 GAVETA","B","SIDE R - R20L","762","609.6",,"2","2","0","0",,,"0.45","18",,"0","LxA{0}AyL AxP{0}PyA",,"65195","B","C","1","Caja"
"10/1/2026 9:40 AM","BMW36-1 MBLE INF COC MICROONDAS 1 GAVETA","A","BASE","884.4","585.6",,"2","0","0","0",,,"0.45","15",,"0","LxL{-30}LyL AxP{-24}PyA",,"65194","B","C","1","Caja"
"9/24/2026 3:38 PM","KF-W3634 FRENTE MBLE","H","DOOR R","860.4","454",,"2","2","0","0",,,"1","18",,"0","LxA{-3,2}AyL AxL[0,49650]LyA",,"65125","C","C","1","Frente"
"9/24/2026 3:38 PM","KF-W3634 FRENTE MBLE","I","DOOR L","860.4","454",,"2","2","0","0",,,"1","18",,"0","LxA{-3,2}AyL AxL[0,49650]LyA",,"65124","C","C","1","Frente"
"9/24/2026 3:31 PM","SB30-SM MBLE INF COC 1 FRENTE FALSO 2 PUERTA CARB2","E","RAIL DEL","732","80",,"2","0","0","0",,,"0.45","15",,"0","LxL{-30}LyL",,"65123","C","C","1","Caja"
"9/24/2026 3:31 PM","SB30-SM MBLE INF COC 1 FRENTE FALSO 2 PUERTA CARB2","F","GOLA","732","80",,"2","0","0","0",,,"0.45","15",,"0","LxL{-30}LyL",,"65122","C","C","1","Caja"
"9/24/2026 3:31 PM","SB30-SM MBLE INF COC 1 FRENTE FALSO 2 PUERTA CARB2","J","DOOR L","579.6","377.8",,"2","2","0","0",,,"1","18",,"0","AxL[0,495800]LyA",,"65121","C","C","1","Frente"
"9/24/2026 3:31 PM","SB30-SM MBLE INF COC 1 FRENTE FALSO 2 PUERTA CARB2","K","FRENTE LISTON","122.4","758.8",,"2","2","0","0",,,"1","18",,"0","AxL{-3,2}LyA",,"65120","C","C","1","Frente"
"9/24/2026 3:31 PM","SB30-SM MBLE INF COC 1 FRENTE FALSO 2 PUERTA CARB2","L","BACKING","760","746",,"0","0",,,,,"0","6",,"0","LxA{-2}AyL AxL{-16}LyA",,"65119","FS","X","1",
"9/24/2026 3:31 PM","SB30-SM MBLE INF COC 1 FRENTE FALSO 2 PUERTA CARB2","I","DOOR R","579.6","377.8",,"2","2",,,,,"1","18",,"0","AxL[0,495800]LyA",,"65118","C","C","1","Frente"
"9/24/2026 3:31 PM","SB30-SM MBLE INF COC 1 FRENTE FALSO 2 PUERTA CARB2","D","RAIL DEL FRENTE","732","152.4",,"2","0",,,,,"0.45","15",,"0","LxL{-30}LyL","Enchape color","65117","C","C","1","Caja"
"9/24/2026 3:31 PM","SB30-SM MBLE INF COC 1 FRENTE FALSO 2 PUERTA CARB2","C","SIDE L - R19L","762","609.6",,"2","2",,,,,"0.45","15",,"0","LxA{0}AyL AxP{0}PyA",,"65116","B","C","1","Caja"
"9/24/2026 3:30 PM","SB30-SM MBLE INF COC 1 FRENTE FALSO 2 PUERTA CARB2","B","SIDE R - R19L","762","609.6",,"2","2",,,,,"0.45","15",,"0","LxA{0}AyL AxP{0}PyA",,"65115","B","C","1","Caja"
"9/24/2026 3:30 PM","SB30-SM MBLE INF COC 1 FRENTE FALSO 2 PUERTA CARB2","A","BASE","732","585.6",,"2","0",,,,,"0.45","15",,"0","LxL{-30}LyL AxP{-24}PyA",,"65114","B","C","1","Caja"
"9/24/2026 3:30 PM","SB30-SM MBLE INF COC 1 FRENTE FALSO 2 PUERTA CARB2","H","RAIL TRAS","732","80",,"0","0","2",,,,"0.45","15",,"0","LxL{-30}LyL",,"65113","P","P","1","Caja"
"9/24/2026 3:30 PM","SB30-SM MBLE INF COC 1 FRENTE FALSO 2 PUERTA CARB2","G","RAIL TRAS","732","80",,"0","0","2",,,,"0.45","15",,"0","LxL{-30}LyL",,"65112","P","P","1","Caja"
"9/24/2026 2:23 PM","KF-UDV1228 3/4-1s FRENTE MBLE","A","DOOR","290.5","301.6",,"2","2","0","0",,,"1","18",,"0",,,"65077","C","C","1","Frente"
"9/24/2026 12:28 PM","BFD17 MBLE INF COC 1 PUERTA 1 ENTREPAÑO CARB2","I","BACKING","760","415.8",,"0","0","0","0",,,"0","6",,"0","LxA{-2}AyL AxL{-16}LyA",,"65065","F","X","1",
"9/24/2026 12:28 PM","BFD17 MBLE INF COC 1 PUERTA 1 ENTREPAÑO CARB2","H","DOOR R","758.8","428.6",,"2","2","0","0",,,"1","18",,"0","LxA{-3,2}AyL AxL{-3,2}LyA",,"65064","C","C","1","Frente"
"9/24/2026 12:28 PM","BFD17 MBLE INF COC 1 PUERTA 1 ENTREPAÑO CARB2","F","RAIL TRASERO","401.8","80",,"0","0","2","0",,,"0.45","15",,"0","LxL{-30}LyL",,"65062","P","P","1","Caja"
"9/24/2026 12:28 PM","BFD17 MBLE INF COC 1 PUERTA 1 ENTREPAÑO CARB2","G","SHLEF","400.8","558.8",,"0","0","2","2",,,"0.45","15",,"0","LxL{-31}LyL",,"65063","P","P","1","Caja"
"9/24/2026 12:28 PM","BFD17 MBLE INF COC 1 PUERTA 1 ENTREPAÑO CARB2","E","RAIL TRASERO","401.8","80",,"0","0","2","0",,,"0.45","15",,"0","LxL{-30}LyL",,"65061","P","P","1","Caja"
"9/24/2026 12:28 PM","BFD17 MBLE INF COC 1 PUERTA 1 ENTREPAÑO CARB2","D","RAIL DELANTERO","401.8","80",,"2","0","0","0",,,"0.45","15",,"0","LxL{-30}LyL","ENCHAPE COLOR","65060","P","C","1","Caja"
"9/24/2026 12:28 PM","BFD17 MBLE INF COC 1 PUERTA 1 ENTREPAÑO CARB2","C","SIDE L - R17L762","762","609.6",,"2","2","0","0",,,"0.45","15",,"0","LxA{0}AyL AxP{0}PyA",,"65059","B","C","1","Caja"
"9/24/2026 12:28 PM","BFD17 MBLE INF COC 1 PUERTA 1 ENTREPAÑO CARB2","B","SIDE R - R17L762","762","609.6",,"2","2","0","0",,,"0.45","15",,"0","LxA{0}AyL AxP{0}PyA",,"65058","B","C","1","Caja"
"9/24/2026 12:28 PM","BFD17 MBLE INF COC 1 PUERTA 1 ENTREPAÑO CARB2","A","BASE","401.8","585.6",,"2","0","0","0",,,"0.45","15",,"0","LxL{-30}LyL AxP{-24}PyA",,"65057","B","C","1","Caja"
"9/23/2026 11:28 AM","USVFD NR5028 3/4 3B MBLE INF LVM 2 PUERTAS CARB2","I","BACKING","728.25","1,254",,"0","0","0","0",,,"0","6",,"0","LxA{-2}AyL AxL{-16}LyA",,"65055","F","X","1",
"9/23/2026 11:28 AM","USVFD NR5028 3/4 3B MBLE INF LVM 2 PUERTAS CARB2","H","DOOR L","727.05","631.8",,"2","2","0","0",,,"1","18",,"0","LxA{-3,2}AyL AxL[0,49748]LyA",,"65054","C","C","1","Frente"
"9/23/2026 11:28 AM","USVFD NR5028 3/4 3B MBLE INF LVM 2 PUERTAS CARB2","G","DOOR R","727.05","631.8",,"2","2","0","0",,,"1","18",,"0","LxA{-3,2}AyL AxL[0,49748]LyA",,"65053","C","C","1","Frente"
"9/23/2026 11:28 AM","USVFD NR5028 3/4 3B MBLE INF LVM 2 PUERTAS CARB2","F","RAIL TRASERO","1,240","80",,"0","0","2","0",,,"0.45","15",,"0","LxL{-30}LyL",,"65052","P","P","1","Caja"
"9/23/2026 11:28 AM","USVFD NR5028 3/4 3B MBLE INF LVM 2 PUERTAS CARB2","E","RAIL TRASERO","1,240","80",,"0","0","2","0",,,"0.45","15",,"0","LxL{-30}LyL",,"65051","P","P","1","Caja"
"9/23/2026 11:28 AM","USVFD NR5028 3/4 3B MBLE INF LVM 2 PUERTAS CARB2","C","SIDE L - R17L","730.25","533.4",,"2","2","0","0",,,"0.45","15",,"0","LxA{0}AyL AxP{0}PyA",,"65049","B","C","1","Caja"
"9/23/2026 11:28 AM","USVFD NR5028 3/4 3B MBLE INF LVM 2 PUERTAS CARB2","D","RAIL DELANTERO","1,240","96",,"2","0","0","0",,,"0.45","15",,"0","LxL{-30}LyL",,"65050","B","C","1","Caja"
"9/23/2026 11:28 AM","USVFD NR5028 3/4 3B MBLE INF LVM 2 PUERTAS CARB2","B","SIDE R - R17L","730.25","533.4",,"2","2","0","0",,,"0.45","15",,"0","LxA{0}AyL AxP{0}PyA",,"65048","B","C","1","Caja"
"9/23/2026 11:28 AM","USVFD NR5028 3/4 3B MBLE INF LVM 2 PUERTAS CARB2","A","BASE","1,240","509.4",,"2","0","0","0",,,"0.45","15",,"0","LxL{-30}LyL AxP{-24}PyA",,"65047","B","C","1","Caja"
"9/23/2026 8:09 AM","OW3018 MBLE SUP COC SIN PUERTAS","G","SHELF","726","266.7",,"0","0","2","2",,,"1","18",,"0","LxL{-36}LyL",,"65046","P","P","1","Caja"
"9/23/2026 8:09 AM","OW3018 MBLE SUP COC SIN PUERTAS","H","BACKING","435.2","740",,"0","0","0","0",,,"0","6",,"0","LxA{-22}AyL AxL{-22}LyA",,"65045","F","X","1",
"9/23/2026 8:09 AM","OW3018 MBLE SUP COC SIN PUERTAS","F","RAIL TRASERO","726","80",,"0","0","2","0",,,"1","18",,"0","LxL{-36}LyL",,"65044","P","P","1","Caja"
"9/23/2026 8:09 AM","OW3018 MBLE SUP COC SIN PUERTAS","E","RAIL TRASERO","726","80",,"0","0","2","0",,,"1","18",,"0","LxL{-36}LyL",,"65043","P","P","1","Caja"
"9/23/2026 8:09 AM","OW3018 MBLE SUP COC SIN PUERTAS","D","SIDE L - R20L","457.2","304.8",,"2","2","0","0",,,"1","18",,"0","LxA{0}AyL AxP{0}PyA",,"65042","B","C","1","Caja"
"9/23/2026 8:09 AM","OW3018 MBLE SUP COC SIN PUERTAS","C","SIDE R - R20L","457.2","304.8",,"2","2","0","0",,,"1","18",,"0","LxA{0}AyL AxP{0}PyA",,"65041","B","C","1","Caja"
"9/23/2026 8:09 AM","OW3018 MBLE SUP COC SIN PUERTAS","B","TAPA - R20L","726","304.8",,"2","0","0","0",,,"1","18",,"0","LxL{-36}LyL AxP{0}PyA",,"65040","B","C","1","Caja"
"9/23/2026 8:09 AM","OW3018 MBLE SUP COC SIN PUERTAS","A","BASE - R20L","726","304.8",,"2","2","0","0",,,"1","18",,"0","LxL{-36}LyL AxP{0}PyA",,"65039","B","C","1","Caja"
"9/22/2026 9:24 AM","VPC1886 TK4 1/2 MBL ALA BAÑO 2 PUERTAS 5 ENTRE CARB2","N","DOOR DOWN","1,031.85","454",,"2","2","0","0",,,"1","18",,"0","AxL{-3,2}LyA",,"65024","C","C","1","Frente"
"9/22/2026 9:24 AM","VPC1886 TK4 1/2 MBL ALA BAÑO 2 PUERTAS 5 ENTRE CARB2","O","BACKING","2,068.1","441.2",,,,,,,,"0","6",,"0","LxA{-116,3}AyL AxL{-16}LyA",,"65023","F","X","1",
"9/22/2026 9:24 AM","VPC1886 TK4 1/2 MBL ALA BAÑO 2 PUERTAS 5 ENTRE CARB2","M","DOOR UP","1,031.85","454",,"2","2",,,,,"1","18",,"0","AxL{-3,2}LyA",,"65022","C","C","1","Frente"
"9/22/2026 9:24 AM","VPC1886 TK4 1/2 MBL ALA BAÑO 2 PUERTAS 5 ENTRE CARB2","L","SHELF4","426.2","494.3",,,,"2","2",,,"0.45","15",,"0","LxL{-31}LyL AxP{-39,1}PyA",,"65021","P","P","1","Caja"
"9/22/2026 9:24 AM","VPC1886 TK4 1/2 MBL ALA BAÑO 2 PUERTAS 5 ENTRE CARB2","K","SHELF3","426.2","494.3",,,,"2","2",,,"0.45","15",,"0","LxL{-31}LyL AxP{-39,1}PyA",,"65020","P","P","1","Caja"
"9/22/2026 9:24 AM","VPC1886 TK4 1/2 MBL ALA BAÑO 2 PUERTAS 5 ENTRE CARB2","J","SHELF2","426.2","494.3",,,,"2","2",,,"0.45","15",,"0","LxL{-31}LyL AxP{-39,1}PyA",,"65019","P","P","1","Caja"
"9/22/2026 9:24 AM","VPC1886 TK4 1/2 MBL ALA BAÑO 2 PUERTAS 5 ENTRE CARB2","I","SHELF1","426.2","494.3",,,,"2","2",,,"0.45","15",,"0","LxL{-31}LyL AxP{-39,1}PyA",,"65018","P","P","1","Caja"
"9/22/2026 9:24 AM","VPC1886 TK4 1/2 MBL ALA BAÑO 2 PUERTAS 5 ENTRE CARB2","H","SHELF0","427.2","509.4",,,,"2",,,,"0.45","15",,"0","LxL{-30}LyL AxP{-24}PyA",,"65017","P","P","1","Caja"
"9/22/2026 9:23 AM","VPC1886 TK4 1/2 MBL ALA BAÑO 2 PUERTAS 5 ENTRE CARB2","G","RAIL TRAS","427.2","80",,,,"2",,,,"0.45","15",,"0","LxL{-30}LyL",,"65016","P","P","1","Caja"
"9/22/2026 9:23 AM","VPC1886 TK4 1/2 MBL ALA BAÑO 2 PUERTAS 5 ENTRE CARB2","F","RAIL TRAS","427.2","80",,,,"2",,,,"0.45","15",,"0","LxL{-30}LyL",,"65015","P","P","1","Caja"
"9/22/2026 9:23 AM","VPC1886 TK4 1/2 MBL ALA BAÑO 2 PUERTAS 5 ENTRE CARB2","E","RAIL TRAS","427.2","80",,"0",,"2",,,,"0.45","15",,"0","LxL{-30}LyL",,"65014","P","P","1","Caja"
"9/22/2026 9:23 AM","VPC1886 TK4 1/2 MBL ALA BAÑO 2 PUERTAS 5 ENTRE CARB2","D","SIDE L R17L","2,070.1","533.4",,"2","2",,,,,"0.45","15",,"0","LxA{-114,3}AyL AxP{0}PyA",,"65013","B","C","1","Caja"
"9/22/2026 9:23 AM","VPC1886 TK4 1/2 MBL ALA BAÑO 2 PUERTAS 5 ENTRE CARB2","C","SIDE R R17L","2,070.1","533.4",,"2","2",,,,,"0.45","15",,"0","LxA{-114,3}AyL AxP{0}PyA",,"65012","B","C","1","Caja"
"9/22/2026 9:23 AM","VPC1886 TK4 1/2 MBL ALA BAÑO 2 PUERTAS 5 ENTRE CARB2","B","TAPA","427.2","509.4",,"2",,,,,,"0.45","15",,"0","LxL{-30}LyL AxP{-24}PyA",,"65011","B","C","1","Caja"
"9/22/2026 9:23 AM","VPC1886 TK4 1/2 MBL ALA BAÑO 2 PUERTAS 5 ENTRE CARB2","A","BASE","427.2","509.4",,"2",,,,,,"0.45","15",,"0","LxL{-30}LyL AxP{-24}PyA",,"65010","B","C","1","Caja"
"9/22/2026 9:21 AM","VPC1786 TK4 1/2 MBL ALA BAÑO 2 PUERTAS 5 ENTRE CARB2","N","DOOR DOWN","1,031.85","428.6",,"2","2","0","0",,,"1","18",,"0","AxL{-3,2}LyA",,"65009","C","C","1","Frente"
"9/22/2026 9:21 AM","VPC1786 TK4 1/2 MBL ALA BAÑO 2 PUERTAS 5 ENTRE CARB2","O","BACKING","2,068.1","415.8",,,,,,,,"0","6",,"0","LxA{-116,3}AyL AxL{-16}LyA",,"65008","F","X","1",
"9/22/2026 9:21 AM","VPC1786 TK4 1/2 MBL ALA BAÑO 2 PUERTAS 5 ENTRE CARB2","M","DOOR UP","1,031.85","428.6",,"2","2",,,,,"1","18",,"0","AxL{-3,2}LyA",,"65007","C","C","1","Frente"
"9/22/2026 9:21 AM","VPC1786 TK4 1/2 MBL ALA BAÑO 2 PUERTAS 5 ENTRE CARB2","L","SHELF4","400.8","494.3",,,,"2","2",,,"0.45","15",,"0","LxL{-31}LyL AxP{-39,1}PyA",,"65006","P","P","1","Caja"
"9/22/2026 9:21 AM","VPC1786 TK4 1/2 MBL ALA BAÑO 2 PUERTAS 5 ENTRE CARB2","K","SHELF3","400.8","494.3",,,,"2","2",,,"0.45","15",,"0","LxL{-31}LyL AxP{-39,1}PyA",,"65005","P","P","1","Caja"
"9/22/2026 9:21 AM","VPC1786 TK4 1/2 MBL ALA BAÑO 2 PUERTAS 5 ENTRE CARB2","J","SHELF2","400.8","494.3",,,,"2","2",,,"0.45","15",,"0","LxL{-31}LyL AxP{-39,1}PyA",,"65004","P","P","1","Caja"
"9/22/2026 9:21 AM","VPC1786 TK4 1/2 MBL ALA BAÑO 2 PUERTAS 5 ENTRE CARB2","I","SHELF1","400.8","494.3",,,,"2","2",,,"0.45","15",,"0","LxL{-31}LyL AxP{-39,1}PyA",,"65003","P","P","1","Caja"
"9/22/2026 9:21 AM","VPC1786 TK4 1/2 MBL ALA BAÑO 2 PUERTAS 5 ENTRE CARB2","H","SHELF0","401.8","509.4",,,,"2",,,,"0.45","15",,"0","LxL{-30}LyL AxP{-24}PyA",,"65002","P","P","1","Caja"
"9/22/2026 9:21 AM","VPC1786 TK4 1/2 MBL ALA BAÑO 2 PUERTAS 5 ENTRE CARB2","G","RAIL TRAS","401.8","80",,,,"2",,,,"0.45","15",,"0","LxL{-30}LyL",,"65001","P","P","1","Caja"
"9/22/2026 9:21 AM","VPC1786 TK4 1/2 MBL ALA BAÑO 2 PUERTAS 5 ENTRE CARB2","F","RAIL TRAS","401.8","80",,,,"2",,,,"0.45","15",,"0","LxL{-30}LyL",,"65000","P","P","1","Caja"
"9/22/2026 9:21 AM","VPC1786 TK4 1/2 MBL ALA BAÑO 2 PUERTAS 5 ENTRE CARB2","E","RAIL TRAS","401.8","80",,"0",,"2",,,,"0.45","15",,"0","LxL{-30}LyL",,"64999","P","P","1","Caja"
"9/22/2026 9:21 AM","VPC1786 TK4 1/2 MBL ALA BAÑO 2 PUERTAS 5 ENTRE CARB2","D","SIDE L R17L","2,070.1","533.4",,"2","2",,,,,"0.45","15",,"0","LxA{-114,3}AyL AxP{0}PyA",,"64998","B","C","1","Caja"
"9/22/2026 9:21 AM","VPC1786 TK4 1/2 MBL ALA BAÑO 2 PUERTAS 5 ENTRE CARB2","C","SIDE R R17L","2,070.1","533.4",,"2","2",,,,,"0.45","15",,"0","LxA{-114,3}AyL AxP{0}PyA",,"64997","B","C","1","Caja"
"9/22/2026 9:21 AM","VPC1786 TK4 1/2 MBL ALA BAÑO 2 PUERTAS 5 ENTRE CARB2","B","TAPA","401.8","509.4",,"2",,,,,,"0.45","15",,"0","LxL{-30}LyL AxP{-24}PyA",,"64996","B","C","1","Caja"
"9/22/2026 9:21 AM","VPC1786 TK4 1/2 MBL ALA BAÑO 2 PUERTAS 5 ENTRE CARB2","A","BASE","401.8","509.4",,"2",,,,,,"0.45","15",,"0","LxL{-30}LyL AxP{-24}PyA",,"64995","B","C","1","Caja"
"9/21/2026 4:09 PM","OUVFD7 1/228 3/4-3S-18MM MBLE INF BAÑO ABIERTO 3 ENTREPAÑOS","I","SHELF","154.5","507.4",,"0","0","2","0",,,"1","18",,"0","LxL{-36}LyL AxP{-26}PyA",,"64994","C","C","1","Caja"
"9/21/2026 4:08 PM","OUVFD7 1/228 3/4-3S-18MM MBLE INF BAÑO ABIERTO 3 ENTREPAÑOS","H","SHELF","154.5","507.4",,"0","0","2","0",,,"1","18",,"0","LxL{-36}LyL AxP{-26}PyA",,"64993","C","C","1","Caja"
"9/21/2026 4:08 PM","OUVFD7 1/228 3/4-3S-18MM MBLE INF BAÑO ABIERTO 3 ENTREPAÑOS","J","BACKING","728.25","168.5",,"0","0","0","0",,,"0","6",,"0","LxA{-2}AyL AxL{-22}LyA",,"64992","F","X","1",
"9/21/2026 4:08 PM","OUVFD7 1/228 3/4-3S-18MM MBLE INF BAÑO ABIERTO 3 ENTREPAÑOS","G","SHELF","154.5","507.4",,"0","0","2","0",,,"1","18",,"0","LxL{-36}LyL AxP{-26}PyA",,"64991","C","C","1","Caja"
"9/21/2026 4:08 PM","OUVFD7 28 3/4-3S-18MM MBLE INF BAÑO ABIERTO 3 ENTREPAÑOS","I","SHELF","141.8","507.4",,"0","0","2","0",,,"1","18",,"0","LxL{-36}LyL AxP{-26}PyA",,"64990","C","C","1","Caja"
"9/21/2026 4:08 PM","OUVFD7 28 3/4-3S-18MM MBLE INF BAÑO ABIERTO 3 ENTREPAÑOS","H","SHELF","141.8","507.4",,"0","0","2","0",,,"1","18",,"0","LxL{-36}LyL AxP{-26}PyA",,"64989","C","C","1","Caja"
"9/21/2026 4:08 PM","OUVFD7 28 3/4-3S-18MM MBLE INF BAÑO ABIERTO 3 ENTREPAÑOS","J","BACKING","728.25","155.8",,"0","0","0","0",,,"0","6",,"0","LxA{-2}AyL AxL{-22}LyA",,"64988","F","X","1",
"9/21/2026 4:08 PM","OUVFD7 28 3/4-3S-18MM MBLE INF BAÑO ABIERTO 3 ENTREPAÑOS","G","SHELF","141.8","507.4",,"0","0","2","0",,,"1","18",,"0","LxL{-36}LyL AxP{-26}PyA",,"64987","C","C","1","Caja"
"9/21/2026 4:08 PM","OUVFD7 28 3/4-3S-18MM MBLE INF BAÑO ABIERTO 3 ENTREPAÑOS","F","RAIL TRAS","141.8","80",,"0","0","2","0",,,"1","18",,"0","LxL{-36}LyL",,"64986","C","C","1","Caja"
"9/21/2026 4:08 PM","OUVFD7 28 3/4-3S-18MM MBLE INF BAÑO ABIERTO 3 ENTREPAÑOS","E","RAIL TRAS","141.8","80",,"0","0","2","0",,,"1","18",,"0","LxL{-36}LyL",,"64985","C","C","1","Caja"
"9/21/2026 4:08 PM","OUVFD7 28 3/4-3S-18MM MBLE INF BAÑO ABIERTO 3 ENTREPAÑOS","D","RAIL DEL","141.8","80",,"2","0","0","0",,,"1","18",,"0","LxL{-36}LyL",,"64984","C","C","1","Caja"
"9/21/2026 4:08 PM","OUVFD7 28 3/4-3S-18MM MBLE INF BAÑO ABIERTO 3 ENTREPAÑOS","C","SIDE L - R19L","730.25","533.4",,"2","2","0","0",,,"1","18",,"0","LxA{0}AyL AxP{0}PyA",,"64983","C","C","1","Caja"
"9/21/2026 4:08 PM","OUVFD7 28 3/4-3S-18MM MBLE INF BAÑO ABIERTO 3 ENTREPAÑOS","B","SIDE R - R19L","730.25","533.4",,"2","2","0","0",,,"1","18",,"0","LxA{0}AyL AxP{0}PyA",,"64982","C","C","1","Caja"
"9/21/2026 4:08 PM","OUVFD7 28 3/4-3S-18MM MBLE INF BAÑO ABIERTO 3 ENTREPAÑOS","A","BASE","141.8","507.4",,"2","0","0","0",,,"1","18",,"0","LxL{-36}LyL AxP{-26}PyA",,"64981","C","C","1","Caja"
"9/21/2026 3:27 PM","W3436-SM MBLE SUP COC 2 PUERTAS 2 ENTREPAÑOS","J","DOOR L","930.25","428.6",,"2","2",,,,,"1","18",,"0","LxA{+15,85}AyL AxL[0,4963]LyA",,"64980","C","C","1","Frente"
"9/21/2026 3:27 PM","W3436-SM MBLE SUP COC 2 PUERTAS 2 ENTREPAÑOS","K","BACKING","898.4","847.6",,"0","0","0","0",,,"0","6",,"0","LxA{-16}AyL AxL{-16}LyA",,"64979","F","X","1",
"9/21/2026 3:27 PM","W3436-SM MBLE SUP COC 2 PUERTAS 2 ENTREPAÑOS","I","DOOR R","930.25","428.6",,"2","2","0","0",,,"1","18",,"0","LxA{+15,85}AyL AxL[0,4963]LyA",,"64978","C","C","1","Frente"
"9/21/2026 3:27 PM","W3436-SM MBLE SUP COC 2 PUERTAS 2 ENTREPAÑOS","H","SHELF 2","832.6","266.7",,"0","0","2","2",,,"0.45","15",,"0","LxL{-31}LyL",,"64977","P","P","1","Caja"
"9/21/2026 3:27 PM","W3436-SM MBLE SUP COC 2 PUERTAS 2 ENTREPAÑOS","G","SHELF 1","832.6","266.7",,"0","0","2","2",,,"0.45","15",,"0","LxL{-31}LyL",,"64976","P","P","1","Caja"
"9/21/2026 3:27 PM","W3436-SM MBLE SUP COC 2 PUERTAS 2 ENTREPAÑOS","F","RAIL TRASERO","833.6","80",,"0","0","2","0",,,"0.45","15",,"0","LxL{-30}LyL",,"64975","P","P","1","Caja"
"9/21/2026 3:27 PM","W3436-SM MBLE SUP COC 2 PUERTAS 2 ENTREPAÑOS","E","RAIL TRASERO","833.6","80",,"0","0","2","0",,,"0.45","15",,"0","LxL{-30}LyL",,"64974","P","P","1","Caja"
"9/21/2026 3:27 PM","W3436-SM MBLE SUP COC 2 PUERTAS 2 ENTREPAÑOS","D","SIDE L - R16L","914.4","304.8",,"2","2","0","0",,,"0.45","15",,"0","LxA{0}AyL AxP{0}PyA",,"64973","B","C","1","Caja"
"9/21/2026 3:27 PM","W3436-SM MBLE SUP COC 2 PUERTAS 2 ENTREPAÑOS","C","SIDE R - R16L","914.4","304.8",,"2","2","0","0",,,"0.45","15",,"0","LxA{0}AyL AxP{0}PyA",,"64972","B","C","1","Caja"
"9/21/2026 3:27 PM","W3436-SM MBLE SUP COC 2 PUERTAS 2 ENTREPAÑOS","B","TAPA - R16L","833.6","304.8",,"2","0","0","0",,,"0.45","15",,"0","LxL{-30}LyL AxP{0}PyA",,"64971","B","C","1","Caja"
"9/21/2026 3:27 PM","W3436-SM MBLE SUP COC 2 PUERTAS 2 ENTREPAÑOS","A","BASE - R16L","833.6","304.8",,"2","0","0","0",,,"0.45","15",,"0","LxL{-30}LyL AxP{0}PyA",,"64970","B","C","1","Caja"
"9/21/2026 3:21 PM","W2736-SM MBLE SUP COC 2 PUERTAS 2 ENTREPAÑOS","J","DOOR L","930.25","339.7",,"2","2",,,,,"1","18",,"0","LxA{+15,85}AyL AxL[0,49534]LyA",,"64969","C","C","1","Frente"
"9/21/2026 3:21 PM","W2736-SM MBLE SUP COC 2 PUERTAS 2 ENTREPAÑOS","K","BACKING","898.4","669.8",,"0","0","0","0",,,"0","6",,"0","LxA{-16}AyL AxL{-16}LyA",,"64968","F","X","1",
"9/21/2026 3:21 PM","W2736-SM MBLE SUP COC 2 PUERTAS 2 ENTREPAÑOS","I","DOOR R","930.25","339.7",,"2","2","0","0",,,"1","18",,"0","LxA{+15,85}AyL AxL[0,49534]LyA",,"64967","C","C","1","Frente"
"9/21/2026 3:21 PM","W2736-SM MBLE SUP COC 2 PUERTAS 2 ENTREPAÑOS","H","SHELF 2","654.8","266.7",,"0","0","2","2",,,"0.45","15",,"0","LxL{-31}LyL",,"64966","P","P","1","Caja"
"9/21/2026 3:21 PM","W2736-SM MBLE SUP COC 2 PUERTAS 2 ENTREPAÑOS","G","SHELF 1","654.8","266.7",,"0","0","2","2",,,"0.45","15",,"0","LxL{-31}LyL",,"64965","P","P","1","Caja"
"9/21/2026 3:21 PM","W2736-SM MBLE SUP COC 2 PUERTAS 2 ENTREPAÑOS","F","RAIL TRASERO","655.8","80",,"0","0","2","0",,,"0.45","15",,"0","LxL{-30}LyL",,"64964","P","P","1","Caja"
"9/21/2026 3:21 PM","W2736-SM MBLE SUP COC 2 PUERTAS 2 ENTREPAÑOS","E","RAIL TRASERO","655.8","80",,"0","0","2","0",,,"0.45","15",,"0","LxL{-30}LyL",,"64963","P","P","1","Caja"
"9/21/2026 3:21 PM","W2736-SM MBLE SUP COC 2 PUERTAS 2 ENTREPAÑOS","D","SIDE L - R16L","914.4","304.8",,"2","2","0","0",,,"0.45","15",,"0","LxA{0}AyL AxP{0}PyA",,"64962","B","C","1","Caja"
"9/21/2026 3:21 PM","W2736-SM MBLE SUP COC 2 PUERTAS 2 ENTREPAÑOS","C","SIDE R - R16L","914.4","304.8",,"2","2","0","0",,,"0.45","15",,"0","LxA{0}AyL AxP{0}PyA",,"64961","B","C","1","Caja"
"9/21/2026 3:21 PM","W2736-SM MBLE SUP COC 2 PUERTAS 2 ENTREPAÑOS","A","BASE - R16L","655.8","304.8",,"2","0","0","0",,,"0.45","15",,"0","LxL{-30}LyL AxP{0}PyA",,"64959","B","C","1","Caja"
"9/21/2026 3:21 PM","W2736-SM MBLE SUP COC 2 PUERTAS 2 ENTREPAÑOS","B","TAPA - R16L","655.8","304.8",,"2","0","0","0",,,"0.45","15",,"0","LxL{-30}LyL AxP{0}PyA",,"64960","B","C","1","Caja"
"9/21/2026 3:16 PM","W2636-SM MBLE SUP COC 2 PUERTAS 2 ENTREPAÑOS","J","DOOR L","930.25","327",,"2","2",,,,,"1","18",,"0","LxA{+15,85}AyL AxL[0,49516]LyA",,"64958","C","C","1","Frente"
"9/21/2026 3:16 PM","W2636-SM MBLE SUP COC 2 PUERTAS 2 ENTREPAÑOS","K","BACKING","898.4","644.4",,"0","0","0","0",,,"0","6",,"0","LxA{-16}AyL AxL{-16}LyA",,"64957","F","X","1",
"9/21/2026 3:16 PM","W2636-SM MBLE SUP COC 2 PUERTAS 2 ENTREPAÑOS","I","DOOR R","930.25","327",,"2","2","0","0",,,"1","18",,"0","LxA{+15,85}AyL AxL[0,49516]LyA",,"64956","C","C","1","Frente"
"9/21/2026 3:16 PM","W2636-SM MBLE SUP COC 2 PUERTAS 2 ENTREPAÑOS","H","SHELF 2","629.4","266.7",,"0","0","2","2",,,"0.45","15",,"0","LxL{-31}LyL",,"64955","P","P","1","Caja"
"9/21/2026 3:16 PM","W2636-SM MBLE SUP COC 2 PUERTAS 2 ENTREPAÑOS","G","SHELF 1","629.4","266.7",,"0","0","2","2",,,"0.45","15",,"0","LxL{-31}LyL",,"64954","P","P","1","Caja"
"9/21/2026 3:16 PM","W2636-SM MBLE SUP COC 2 PUERTAS 2 ENTREPAÑOS","F","RAIL TRASERO","630.4","80",,"0","0","2","0",,,"0.45","15",,"0","LxL{-30}LyL",,"64953","P","P","1","Caja"
"9/21/2026 3:16 PM","W2636-SM MBLE SUP COC 2 PUERTAS 2 ENTREPAÑOS","E","RAIL TRASERO","630.4","80",,"0","0","2","0",,,"0.45","15",,"0","LxL{-30}LyL",,"64952","P","P","1","Caja"
"9/21/2026 3:16 PM","W2636-SM MBLE SUP COC 2 PUERTAS 2 ENTREPAÑOS","D","SIDE L - R16L","914.4","304.8",,"2","2","0","0",,,"0.45","15",,"0","LxA{0}AyL AxP{0}PyA",,"64951","B","C","1","Caja"
"9/21/2026 3:16 PM","W2636-SM MBLE SUP COC 2 PUERTAS 2 ENTREPAÑOS","C","SIDE R - R16L","914.4","304.8",,"2","2","0","0",,,"0.45","15",,"0","LxA{0}AyL AxP{0}PyA",,"64950","B","C","1","Caja"
"9/21/2026 3:16 PM","W2636-SM MBLE SUP COC 2 PUERTAS 2 ENTREPAÑOS","B","TAPA - R16L","630.4","304.8",,"2","0","0","0",,,"0.45","15",,"0","LxL{-30}LyL AxP{0}PyA",,"64949","B","C","1","Caja"
"9/21/2026 3:16 PM","W2636-SM MBLE SUP COC 2 PUERTAS 2 ENTREPAÑOS","A","BASE - R16L","630.4","304.8",,"2","0","0","0",,,"0.45","15",,"0","LxL{-30}LyL AxP{0}PyA",,"64948","B","C","1","Caja"
"9/21/2026 1:43 PM","W2036-SM MBLE SUP COC 1 PUERTA 2 ENTREPAÑOS","J","BACKING","898.4","492",,"0","0","0","0",,,"0","6",,"0","LxA{-16}AyL AxL{-16}LyA",,"64936","F","X","1",
"9/21/2026 1:43 PM","W2036-SM MBLE SUP COC 1 PUERTA 2 ENTREPAÑOS","I","DOOR ","930.25","504.8",,"2","2","0","0",,,"1","18",,"0","LxA{+15,85}AyL AxL{-3,2}LyA",,"64935","C","C","1","Frente"
"9/21/2026 1:43 PM","W2036-SM MBLE SUP COC 1 PUERTA 2 ENTREPAÑOS","H","SHELF 2","477","266.7",,"0","0","2","2",,,"0.45","15",,"0","LxL{-31}LyL",,"64934","P","P","1","Caja"
"9/21/2026 1:43 PM","W2036-SM MBLE SUP COC 1 PUERTA 2 ENTREPAÑOS","G","SHELF 1","477","266.7",,"0","0","2","2",,,"0.45","15",,"0","LxL{-31}LyL",,"64933","P","P","1","Caja"
"9/21/2026 1:43 PM","W2036-SM MBLE SUP COC 1 PUERTA 2 ENTREPAÑOS","F","RAIL TRASERO","478","80",,"0","0","2","0",,,"0.45","15",,"0","LxL{-30}LyL",,"64932","P","P","1","Caja"
"9/21/2026 1:43 PM","W2036-SM MBLE SUP COC 1 PUERTA 2 ENTREPAÑOS","E","RAIL TRASERO","478","80",,"0","0","2","0",,,"0.45","15",,"0","LxL{-30}LyL",,"64931","P","P","1","Caja"
"9/21/2026 1:43 PM","W2036-SM MBLE SUP COC 1 PUERTA 2 ENTREPAÑOS","D","SIDE L - R16L","914.4","304.8",,"2","2","0","0",,,"0.45","15",,"0","LxA{0}AyL AxP{0}PyA",,"64930","B","C","1","Caja"
"9/21/2026 1:43 PM","W2036-SM MBLE SUP COC 1 PUERTA 2 ENTREPAÑOS","C","SIDE R - R16L","914.4","304.8",,"2","2","0","0",,,"0.45","15",,"0","LxA{0}AyL AxP{0}PyA",,"64929","B","C","1","Caja"
"9/21/2026 1:43 PM","W2036-SM MBLE SUP COC 1 PUERTA 2 ENTREPAÑOS","B","TAPA - R16L","478","304.8",,"2","0","0","0",,,"0.45","15",,"0","LxL{-30}LyL AxP{0}PyA",,"64928","B","C","1","Caja"
"9/21/2026 1:43 PM","W2036-SM MBLE SUP COC 1 PUERTA 2 ENTREPAÑOS","A","BASE - R16L","478","304.8",,"2","0","0","0",,,"0.45","15",,"0","LxL{-30}LyL AxP{0}PyA",,"64927","B","C","1","Caja"
"9/21/2026 12:26 PM","BFD22 MBLE INF COC 1 PUERTA 1 ENTREPAÑO CARB2","I","BACKING","760","542.8",,"0","0","0","0",,,"0","6",,"0","LxA{-2}AyL AxL{-16}LyA",,"64907","F","X","1",
"9/21/2026 12:26 PM","BFD22 MBLE INF COC 1 PUERTA 1 ENTREPAÑO CARB2","H","DOOR R","758.8","555.6",,"2","2","0","0",,,"1","18",,"0","LxA{-3,2}AyL AxL{-3,2}LyA",,"64906","C","C","1","Frente"
"9/21/2026 12:26 PM","BFD22 MBLE INF COC 1 PUERTA 1 ENTREPAÑO CARB2","G","SHLEF","527.8","558.8",,"0","0","2","2",,,"0.45","15",,"0","LxL{-31}LyL",,"64905","P","P","1","Caja"
"9/21/2026 12:26 PM","BFD22 MBLE INF COC 1 PUERTA 1 ENTREPAÑO CARB2","F","RAIL TRASERO","528.8","80",,"0","0","2","0",,,"0.45","15",,"0","LxL{-30}LyL",,"64904","P","P","1","Caja"
"9/21/2026 12:26 PM","BFD22 MBLE INF COC 1 PUERTA 1 ENTREPAÑO CARB2","E","RAIL TRASERO","528.8","80",,"0","0","2","0",,,"0.45","15",,"0","LxL{-30}LyL",,"64903","P","P","1","Caja"
"9/21/2026 12:26 PM","BFD22 MBLE INF COC 1 PUERTA 1 ENTREPAÑO CARB2","D","RAIL DELANTERO","528.8","80",,"2","0","0","0",,,"0.45","15",,"0","LxL{-30}LyL","ENCHAPE COLOR","64902","P","C","1","Caja"
"9/21/2026 12:26 PM","BFD22 MBLE INF COC 1 PUERTA 1 ENTREPAÑO CARB2","C","SIDE L - R17L762","762","609.6",,"2","2","0","0",,,"0.45","15",,"0","LxA{0}AyL AxP{0}PyA",,"64901","B","C","1","Caja"
"9/21/2026 12:26 PM","BFD22 MBLE INF COC 1 PUERTA 1 ENTREPAÑO CARB2","B","SIDE R - R17L762","762","609.6",,"2","2","0","0",,,"0.45","15",,"0","LxA{0}AyL AxP{0}PyA",,"64900","B","C","1","Caja"
"9/21/2026 12:26 PM","BFD22 MBLE INF COC 1 PUERTA 1 ENTREPAÑO CARB2","A","BASE","528.8","585.6",,"2","0","0","0",,,"0.45","15",,"0","LxL{-30}LyL AxP{-24}PyA",,"64899","B","C","1","Caja"
"9/21/2026 12:21 PM","BFD21 MBLE INF COC 1 PUERTA 1 ENTREPAÑO CARB2","I","BACKING","760","517.4",,"0","0","0","0",,,"0","6",,"0","LxA{-2}AyL AxL{-16}LyA",,"64889","F","X","1",
"9/21/2026 12:21 PM","BFD21 MBLE INF COC 1 PUERTA 1 ENTREPAÑO CARB2","H","DOOR R","758.8","530.2",,"2","2","0","0",,,"1","18",,"0","LxA{-3,2}AyL AxL{-3,2}LyA",,"64888","C","C","1","Frente"
"9/21/2026 12:21 PM","BFD21 MBLE INF COC 1 PUERTA 1 ENTREPAÑO CARB2","G","SHLEF","502.4","558.8",,"0","0","2","2",,,"0.45","15",,"0","LxL{-31}LyL",,"64887","P","P","1","Caja"
"9/21/2026 12:21 PM","BFD21 MBLE INF COC 1 PUERTA 1 ENTREPAÑO CARB2","F","RAIL TRASERO","503.4","80",,"0","0","2","0",,,"0.45","15",,"0","LxL{-30}LyL",,"64886","P","P","1","Caja"
"9/21/2026 12:21 PM","BFD21 MBLE INF COC 1 PUERTA 1 ENTREPAÑO CARB2","E","RAIL TRASERO","503.4","80",,"0","0","2","0",,,"0.45","15",,"0","LxL{-30}LyL",,"64885","P","P","1","Caja"
"9/21/2026 12:21 PM","BFD21 MBLE INF COC 1 PUERTA 1 ENTREPAÑO CARB2","D","RAIL DELANTERO","503.4","80",,"2","0","0","0",,,"0.45","15",,"0","LxL{-30}LyL","ENCHAPE COLOR","64884","P","C","1","Caja"
"9/21/2026 12:21 PM","BFD21 MBLE INF COC 1 PUERTA 1 ENTREPAÑO CARB2","C","SIDE L - R17L762","762","609.6",,"2","2","0","0",,,"0.45","15",,"0","LxA{0}AyL AxP{0}PyA",,"64883","B","C","1","Caja"
"9/21/2026 12:21 PM","BFD21 MBLE INF COC 1 PUERTA 1 ENTREPAÑO CARB2","B","SIDE R - R17L762","762","609.6",,"2","2","0","0",,,"0.45","15",,"0","LxA{0}AyL AxP{0}PyA",,"64882","B","C","1","Caja"
"9/21/2026 12:21 PM","BFD21 MBLE INF COC 1 PUERTA 1 ENTREPAÑO CARB2","A","BASE","503.4","585.6",,"2","0","0","0",,,"0.45","15",,"0","LxL{-30}LyL AxP{-24}PyA",,"64881","B","C","1","Caja"
"9/21/2026 12:19 PM","BFD20 MBLE INF COC 1 PUERTA 1 ENTREPAÑO CARB2","I","BACKING","760","492",,"0","0","0","0",,,"0","6",,"0","LxA{-2}AyL AxL{-16}LyA",,"64880","F","X","1",
"9/21/2026 12:19 PM","BFD20 MBLE INF COC 1 PUERTA 1 ENTREPAÑO CARB2","H","DOOR R","758.8","504.8",,"2","2","0","0",,,"1","18",,"0","LxA{-3,2}AyL AxL{-3,2}LyA",,"64879","C","C","1","Frente"
"9/21/2026 12:19 PM","BFD20 MBLE INF COC 1 PUERTA 1 ENTREPAÑO CARB2","G","SHLEF","477","558.8",,"0","0","2","2",,,"0.45","15",,"0","LxL{-31}LyL",,"64878","P","P","1","Caja"
"9/21/2026 12:19 PM","BFD20 MBLE INF COC 1 PUERTA 1 ENTREPAÑO CARB2","F","RAIL TRASERO","478","80",,"0","0","2","0",,,"0.45","15",,"0","LxL{-30}LyL",,"64877","P","P","1","Caja"
"9/21/2026 12:19 PM","BFD20 MBLE INF COC 1 PUERTA 1 ENTREPAÑO CARB2","E","RAIL TRASERO","478","80",,"0","0","2","0",,,"0.45","15",,"0","LxL{-30}LyL",,"64876","P","P","1","Caja"
"9/21/2026 12:19 PM","BFD20 MBLE INF COC 1 PUERTA 1 ENTREPAÑO CARB2","C","SIDE L - R17L762","762","609.6",,"2","2","0","0",,,"0.45","15",,"0","LxA{0}AyL AxP{0}PyA",,"64874","B","C","1","Caja"
"9/21/2026 12:19 PM","BFD20 MBLE INF COC 1 PUERTA 1 ENTREPAÑO CARB2","D","RAIL DELANTERO","478","80",,"2","0","0","0",,,"0.45","15",,"0","LxL{-30}LyL","ENCHAPE COLOR","64875","P","C","1","Caja"
"9/21/2026 12:19 PM","BFD20 MBLE INF COC 1 PUERTA 1 ENTREPAÑO CARB2","B","SIDE R - R17L762","762","609.6",,"2","2","0","0",,,"0.45","15",,"0","LxA{0}AyL AxP{0}PyA",,"64873","B","C","1","Caja"
"9/21/2026 12:19 PM","BFD20 MBLE INF COC 1 PUERTA 1 ENTREPAÑO CARB2","A","BASE","478","585.6",,"2","0","0","0",,,"0.45","15",,"0","LxL{-30}LyL AxP{-24}PyA",,"64872","B","C","1","Caja"
"9/21/2026 8:26 AM","UBFD1228 3/4-F9 MBLE INF COC 1 PUERTA 1 ENTREPAÑO CARB2","I","BACKING","728.25","288.8",,"0","0","0","0",,,"0","9",,"0","LxA{-2}AyL AxL{-16}LyA",,"64853","F","X","1",
"9/21/2026 8:26 AM","UBFD1228 3/4-F9 MBLE INF COC 1 PUERTA 1 ENTREPAÑO CARB2","H","DOOR R","727.05","301.6",,"2","2","0","0",,,"1","18",,"0","LxA{-3,2}AyL AxL{-3,2}LyA",,"64852","C","C","1","Frente"
"9/21/2026 8:26 AM","UBFD1228 3/4-F9 MBLE INF COC 1 PUERTA 1 ENTREPAÑO CARB2","G","SHLEF","274.8","558.8",,"0","0","2","2",,,"0.45","15",,"0","LxL{-30}LyL",,"64851","P","P","1","Caja"
"9/21/2026 8:26 AM","UBFD1228 3/4-F9 MBLE INF COC 1 PUERTA 1 ENTREPAÑO CARB2","F","RAIL TRASERO","274.8","80",,"0","0","2","0",,,"0.45","15",,"0","LxL{-30}LyL",,"64850","P","P","1","Caja"
"9/21/2026 8:26 AM","UBFD1228 3/4-F9 MBLE INF COC 1 PUERTA 1 ENTREPAÑO CARB2","D","RAIL DELANTERO","274.8","80",,"2","0","0","0",,,"0.45","15",,"0","LxL{-30}LyL","ENCHAPE COLOR","64848","P","C","1","Caja"
"9/21/2026 8:26 AM","UBFD1228 3/4-F9 MBLE INF COC 1 PUERTA 1 ENTREPAÑO CARB2","E","RAIL TRASERO","274.8","80",,"0","0","2","0",,,"0.45","15",,"0","LxL{-30}LyL",,"64849","P","P","1","Caja"
"9/21/2026 8:26 AM","UBFD1228 3/4-F9 MBLE INF COC 1 PUERTA 1 ENTREPAÑO CARB2","C","SIDE L - R17L762","730.25","609.6",,"2","2","0","0",,,"0.45","15",,"0","LxA{0}AyL AxP{0}PyA",,"64847","B","C","1","Caja"
"9/21/2026 8:26 AM","UBFD1228 3/4-F9 MBLE INF COC 1 PUERTA 1 ENTREPAÑO CARB2","B","SIDE R - R17L762","730.25","609.6",,"2","2","0","0",,,"0.45","15",,"0","LxA{0}AyL AxP{0}PyA",,"64846","B","C","1","Caja"
"9/21/2026 8:26 AM","UBFD1228 3/4-F9 MBLE INF COC 1 PUERTA 1 ENTREPAÑO CARB2","A","BASE","274.8","582.6",,"2","0","0","0",,,"0.45","15",,"0","LxL{-30}LyL AxP{-27}PyA",,"64845","B","C","1","Caja"
"9/21/2026 7:41 AM","UB1228 3/4 MBLE INF COC 1 GAVETA 1 PUERTA 1/2 ENTREPAÑO CARB2","M","BACKING","728.25","286.8",,"0","0",,,,,"0","6",,"0","LxA{-2}AyL AxL{-18}LyA",,"64844","F","X","1",
"9/21/2026 7:41 AM","UB1228 3/4 MBLE INF COC 1 GAVETA 1 PUERTA 1/2 ENTREPAÑO CARB2","L","FRENTE GAVETA","139.7","301.6",,"2","2",,,,,"1","18",,"0","AxL{-3,2}LyA",,"64843","C","C","1","Frente"
"9/21/2026 7:41 AM","UB1228 3/4 MBLE INF COC 1 GAVETA 1 PUERTA 1/2 ENTREPAÑO CARB2","K","DOOR R","584.15","301.6",,"2","2",,,,,"1","18",,"0","LxA{-146,1}AyL AxL{-3,2}LyA",,"64842","C","C","1","Frente"
"9/21/2026 7:41 AM","UB1228 3/4 MBLE INF COC 1 GAVETA 1 PUERTA 1/2 ENTREPAÑO CARB2","J","TRASERO CAJON","187.8","68",,"0","0","1",,,,"0.45","15",,"0","LxL{-117}LyL",,"64841","P","P","1","Caja"
"9/21/2026 7:41 AM","UB1228 3/4 MBLE INF COC 1 GAVETA 1 PUERTA 1/2 ENTREPAÑO CARB2","I","PIEZA CAJON","199.8","492",,"0","0","2",,,,"0.45","15",,"0","LxL{-105}LyL",,"64840","P","P","1","Caja"
"9/21/2026 7:41 AM","UB1228 3/4 MBLE INF COC 1 GAVETA 1 PUERTA 1/2 ENTREPAÑO CARB2","H","SHELF","273.8","300",,"0","0","2","2",,,"0.45","15",,"0","LxL{-31}LyL",,"64839","P","P","1","Caja"
"9/21/2026 7:41 AM","UB1228 3/4 MBLE INF COC 1 GAVETA 1 PUERTA 1/2 ENTREPAÑO CARB2","G","RAIL TRASERO","274.8","80",,"0","0","2",,,,"0.45","15",,"0","LxL{-30}LyL",,"64838","P","P","1","Caja"
"9/21/2026 7:41 AM","UB1228 3/4 MBLE INF COC 1 GAVETA 1 PUERTA 1/2 ENTREPAÑO CARB2","F","RAIL TRASERO","274.8","80",,"0","0","2",,,,"0.45","15",,"0","LxL{-30}LyL",,"64837","P","P","1","Caja"
"9/21/2026 7:41 AM","UB1228 3/4 MBLE INF COC 1 GAVETA 1 PUERTA 1/2 ENTREPAÑO CARB2","E","RAIL DELANTERO","274.8","80",,"2","0",,,,,"0.45","15",,"0","LxL{-30}LyL","Enchape color","64836","P","C","1","Caja"
"9/21/2026 7:41 AM","UB1228 3/4 MBLE INF COC 1 GAVETA 1 PUERTA 1/2 ENTREPAÑO CARB2","D","RAIL DELANTERO","274.8","80",,"2","0",,,,,"0.45","15",,"0","LxL{-30}LyL","Enchape color","64835","P","C","1","Caja"
"9/21/2026 7:41 AM","UB1228 3/4 MBLE INF COC 1 GAVETA 1 PUERTA 1/2 ENTREPAÑO CARB2","C","SIDE L - R17L762","730.25","609.6",,"2","2",,,,,"0.45","15",,"0","LxA{0}AyL AxP{0}PyA",,"64834","B","C","1","Caja"
"9/21/2026 7:41 AM","UB1228 3/4 MBLE INF COC 1 GAVETA 1 PUERTA 1/2 ENTREPAÑO CARB2","B","SIDE R - R17L762","730.25","609.6",,"2","2",,,,,"0.45","15",,"0","LxA{0}AyL AxP{0}PyA",,"64833","B","C","1","Caja"
"9/21/2026 7:41 AM","UB1228 3/4 MBLE INF COC 1 GAVETA 1 PUERTA 1/2 ENTREPAÑO CARB2","A","BASE","274.8","585.6",,"2","0",,,,,"0.45","15",,"0","LxL{-30}LyL AxP{-24}PyA",,"64832","B","C","1","Caja"
"9/18/2026 3:49 PM","B30 MBLE INF COC 1 GAVETA 2 PUERTAS 1/2 ENTREPAÑO CARB2","N","BACKING","760","746",,"0","0",,,,,"0","6",,"0","LxA{-2}AyL AxL{-16}LyA",,"64831","F","X","1",
"9/18/2026 3:49 PM","B30 MBLE INF COC 1 GAVETA 2 PUERTAS 1/2 ENTREPAÑO CARB2","K","DOOR R","603.2","377.8",,"2","2",,,,,"1","18",,"0","LxA{-158,8}AyL AxL[0,4958]LyA",,"64830","C","C","1","Frente"
"9/18/2026 3:49 PM","B30 MBLE INF COC 1 GAVETA 2 PUERTAS 1/2 ENTREPAÑO CARB2","H","SHEFL","731","300",,"0","0","2","2",,,"0.45","15",,"0","LxL{-31}LyL",,"64829","P","P","1","Caja"
"9/18/2026 3:49 PM","B30 MBLE INF COC 1 GAVETA 2 PUERTAS 1/2 ENTREPAÑO CARB2","F","RAIL TRASERO","732","80",,"0","0","2",,,,"0.45","15",,"0","LxL{-30}LyL",,"64828","P","P","1","Caja"
"9/18/2026 3:49 PM","B30 MBLE INF COC 1 GAVETA 2 PUERTAS 1/2 ENTREPAÑO CARB2","A","BASE","732","585.6",,"2",,,,,,"0.45","15",,"0","LxL{-30}LyL AxP{-24}PyA",,"64827","B","C","1","Caja"
"9/18/2026 3:49 PM","B30 MBLE INF COC 1 GAVETA 2 PUERTAS 1/2 ENTREPAÑO CARB2","M","FRENTE GAVETA","152.4","758.8",,"2","2",,,,,"1","18",,"0","AxL{-3,2}LyA",,"64826","C","C","1","Frente"
"9/18/2026 3:49 PM","B30 MBLE INF COC 1 GAVETA 2 PUERTAS 1/2 ENTREPAÑO CARB2","L","DOOR L","603.2","377.8",,"2","2",,,,,"1","18",,"0","LxA{-158,8}AyL AxL[0,4958]LyA",,"64825","C","C","1","Frente"
"9/18/2026 3:49 PM","B30 MBLE INF COC 1 GAVETA 2 PUERTAS 1/2 ENTREPAÑO CARB2","J","TRASERO GAVETA ","645","68",,"0","0","1",,,,"0.45","15",,"0","LxL{-117}LyL",,"64824","P","P","1","Caja"
"9/18/2026 3:49 PM","B30 MBLE INF COC 1 GAVETA 2 PUERTAS 1/2 ENTREPAÑO CARB2","I","BASE GAVETA ","657","492",,"0","0","2",,,,"0.45","15",,"0","LxL{-105}LyL",,"64823","P","P","1","Caja"
"9/18/2026 3:49 PM","B30 MBLE INF COC 1 GAVETA 2 PUERTAS 1/2 ENTREPAÑO CARB2","G","RAIL TRASERO","732","80",,"0","0","2",,,,"0.45","15",,"0","LxL{-30}LyL",,"64822","P","P","1","Caja"
"9/18/2026 3:49 PM","B30 MBLE INF COC 1 GAVETA 2 PUERTAS 1/2 ENTREPAÑO CARB2","E","RAIL DELANTERO","732","80",,"2","0",,,,,"0.45","15",,"0","LxL{-30}LyL","Enchape color","64821","P","C","1","Caja"
"9/18/2026 3:49 PM","B30 MBLE INF COC 1 GAVETA 2 PUERTAS 1/2 ENTREPAÑO CARB2","D","RAIL DELANTERO","732","80",,"2","0",,,,,"0.45","15",,"0","LxL{-30}LyL","Enchape color","64820","P","C","1","Caja"
"9/18/2026 3:49 PM","B30 MBLE INF COC 1 GAVETA 2 PUERTAS 1/2 ENTREPAÑO CARB2","C","SIDE L - R17L762","762","609.6",,"2","2",,,,,"0.45","15",,"0","LxA{0}AyL AxP{0}PyA",,"64819","B","C","1","Caja"
"9/18/2026 3:49 PM","B30 MBLE INF COC 1 GAVETA 2 PUERTAS 1/2 ENTREPAÑO CARB2","B","SIDE R - R17L762","762","609.6",,"2","2",,,,,"0.45","15",,"0","LxA{0}AyL AxP{0}PyA",,"64818","B","C","1","Caja"
"9/18/2026 3:43 PM","B12 MBLE INF COC 1 GAVETA 1 PUERTA 1/2 ENTREPAÑO CARB2","L","FRENTE GAVETA","152.4","301.6",,"2","2",,,,,"1","18",,"0","AxL{-3,2}LyA",,"64816","C","C","1","Frente"
"9/18/2026 3:43 PM","B12 MBLE INF COC 1 GAVETA 1 PUERTA 1/2 ENTREPAÑO CARB2","M","BACKING","760","288.8",,"0","0",,,,,"0","6",,"0","LxA{-2}AyL AxL{-16}LyA",,"64817","F","X","1",
"9/18/2026 3:43 PM","B12 MBLE INF COC 1 GAVETA 1 PUERTA 1/2 ENTREPAÑO CARB2","K","DOOR R","603.2","301.6",,"2","2",,,,,"1","18",,"0","LxA{-158,8}AyL AxL{-3,2}LyA",,"64815","C","C","1","Frente"
"9/18/2026 3:43 PM","B12 MBLE INF COC 1 GAVETA 1 PUERTA 1/2 ENTREPAÑO CARB2","J","TRASERO CAJON","187.8","68",,"0","0","1",,,,"0.45","15",,"0","LxL{-117}LyL",,"64814","P","P","1","Caja"
"9/18/2026 3:43 PM","B12 MBLE INF COC 1 GAVETA 1 PUERTA 1/2 ENTREPAÑO CARB2","D","RAIL DELANTERO","274.8","80",,"2","0",,,,,"0.45","15",,"0","LxL{-30}LyL","Enchape color","64813","P","C","1","Caja"
"9/18/2026 3:43 PM","B12 MBLE INF COC 1 GAVETA 1 PUERTA 1/2 ENTREPAÑO CARB2","C","SIDE L - R17L762","762","609.6",,"2","2",,,,,"0.45","15",,"0","LxA{0}AyL AxP{0}PyA",,"64812","B","C","1","Caja"
"9/18/2026 3:43 PM","B12 MBLE INF COC 1 GAVETA 1 PUERTA 1/2 ENTREPAÑO CARB2","B","SIDE R - R17L762","762","609.6",,"2","2",,,,,"0.45","15",,"0","LxA{0}AyL AxP{0}PyA",,"64811","B","C","1","Caja"
"9/18/2026 3:43 PM","B12 MBLE INF COC 1 GAVETA 1 PUERTA 1/2 ENTREPAÑO CARB2","A","BASE","274.8","585.6",,"2","0",,,,,"0.45","15",,"0","LxL{-30}LyL AxP{-24}PyA",,"64810","B","C","1","Caja"
"9/18/2026 3:42 PM","B12 MBLE INF COC 1 GAVETA 1 PUERTA 1/2 ENTREPAÑO CARB2","I","PIEZA CAJON","199.8","492",,"0","0","2",,,,"0.45","15",,"0","LxL{-105}LyL",,"64809","P","P","1","Caja"
"9/18/2026 3:42 PM","B12 MBLE INF COC 1 GAVETA 1 PUERTA 1/2 ENTREPAÑO CARB2","H","SHELF","273.8","300",,"0","0","2","2",,,"0.45","15",,"0","LxL{-31}LyL",,"64808","P","P","1","Caja"
"9/18/2026 3:42 PM","B12 MBLE INF COC 1 GAVETA 1 PUERTA 1/2 ENTREPAÑO CARB2","G","RAIL TRASERO","274.8","80",,"0","0","2",,,,"0.45","15",,"0","LxL{-30}LyL",,"64807","P","P","1","Caja"
"9/18/2026 3:42 PM","B12 MBLE INF COC 1 GAVETA 1 PUERTA 1/2 ENTREPAÑO CARB2","F","RAIL TRASERO","274.8","80",,"0","0","2",,,,"0.45","15",,"0","LxL{-30}LyL",,"64806","P","P","1","Caja"
"9/18/2026 3:42 PM","B12 MBLE INF COC 1 GAVETA 1 PUERTA 1/2 ENTREPAÑO CARB2","E","RAIL DELANTERO","274.8","80",,"2","0",,,,,"0.45","15",,"0","LxL{-30}LyL","Enchape color","64805","P","C","1","Caja"
"9/18/2026 7:39 AM","WLD3614 MBLE SUP COC 2 PUERTAS CARB2","J","DOOR L","352.4","454",,"2","2",,,,,"1","18",,"0","LxA{-3,2}AyL AxL[0,496500]LyA",,"64804","C","C","1","Frente"
"9/18/2026 7:39 AM","WLD3614 MBLE SUP COC 2 PUERTAS CARB2","K","BACKING","339.6","898.4",,"0","0","0","0",,,"0","6",,"0","LxA{-16}AyL AxL{-16}LyA",,"64803","F","X","1",
"9/18/2026 7:39 AM","WLD3614 MBLE SUP COC 2 PUERTAS CARB2","I","DOOR R","352.4","454",,"2","2","0","0",,,"1","18",,"0","LxA{-3,2}AyL AxL[0,496500]LyA",,"64802","C","C","1","Frente"
"9/18/2026 7:39 AM","WLD3614 MBLE SUP COC 2 PUERTAS CARB2","F","RAIL TRASERO","884.4","80",,"0","0","2","0",,,"0.45","15",,"0","LxL{-30}LyL",,"64801","P","P","1","Caja"
"9/18/2026 7:39 AM","WLD3614 MBLE SUP COC 2 PUERTAS CARB2","E","RAIL TRASERO","884.4","80",,"0","0","2","0",,,"0.45","15",,"0","LxL{-30}LyL",,"64800","P","P","1","Caja"
"9/18/2026 7:39 AM","WLD3614 MBLE SUP COC 2 PUERTAS CARB2","D","SIDE L - R16L","355.6","304.8",,"2","2","0","0",,,"0.45","15",,"0","LxA{0}AyL AxP{0}PyA",,"64799","B","C","1","Caja"
"9/18/2026 7:39 AM","WLD3614 MBLE SUP COC 2 PUERTAS CARB2","C","SIDE R - R16L","355.6","304.8",,"2","2","0","0",,,"0.45","15",,"0","LxA{0}AyL AxP{0}PyA",,"64798","B","C","1","Caja"
"9/18/2026 7:39 AM","WLD3614 MBLE SUP COC 2 PUERTAS CARB2","B","TAPA - R16L","884.4","304.8",,"2","0","0","0",,,"0.45","15",,"0","LxL{-30}LyL AxP{0}PyA",,"64797","B","C","1","Caja"
"9/18/2026 7:39 AM","WLD3614 MBLE SUP COC 2 PUERTAS CARB2","A","BASE - R16L","884.4","304.8",,"2","0","0","0",,,"0.45","15",,"0","LxL{-30}LyL AxP{0}PyA",,"64796","B","C","1","Caja"
"9/18/2026 7:37 AM","WLD3013 MBLE SUP COC 2 PUERTAS CARB2","J","DOOR L","327","377.8",,"2","2",,,,,"1","18",,"0","LxA{-3,2}AyL AxL[0,4958]LyA",,"64795","C","C","1","Frente"
"9/18/2026 7:37 AM","WLD3013 MBLE SUP COC 2 PUERTAS CARB2","K","BACKING","314.2","746",,"0","0","0","0",,,"0","6",,"0","LxA{-16}AyL AxL{-16}LyA",,"64794","F","X","1",
"9/18/2026 7:37 AM","WLD3013 MBLE SUP COC 2 PUERTAS CARB2","I","DOOR R","327","377.8",,"2","2","0","0",,,"1","18",,"0","LxA{-3,2}AyL AxL[0,4958]LyA",,"64793","C","C","1","Frente"
"9/18/2026 7:37 AM","WLD3013 MBLE SUP COC 2 PUERTAS CARB2","F","RAIL TRASERO","732","80",,"0","0","2","0",,,"0.45","15",,"0","LxL{-30}LyL",,"64792","P","P","1","Caja"
"9/18/2026 7:37 AM","WLD3013 MBLE SUP COC 2 PUERTAS CARB2","E","RAIL TRASERO","732","80",,"0","0","2","0",,,"0.45","15",,"0","LxL{-30}LyL",,"64791","P","P","1","Caja"
"9/18/2026 7:37 AM","WLD3013 MBLE SUP COC 2 PUERTAS CARB2","D","SIDE L - R16L","330.2","304.8",,"2","2","0","0",,,"0.45","15",,"0","LxA{-0}AyL AxP{0}PyA",,"64790","B","C","1","Caja"
"9/18/2026 7:37 AM","WLD3013 MBLE SUP COC 2 PUERTAS CARB2","C","SIDE R - R16L","330.2","304.8",,"2","2","0","0",,,"0.45","15",,"0","LxA{-0}AyL AxP{0}PyA",,"64789","B","C","1","Caja"
"9/18/2026 7:37 AM","WLD3013 MBLE SUP COC 2 PUERTAS CARB2","B","TAPA - R16L","732","304.8",,"2","0","0","0",,,"0.45","15",,"0","LxL{-30}LyL AxP{0}PyA",,"64788","B","C","1","Caja"
"9/18/2026 7:37 AM","WLD3013 MBLE SUP COC 2 PUERTAS CARB2","A","BASE - R16L","732","304.8",,"2","0","0","0",,,"0.45","15",,"0","LxL{-30}LyL AxP{0}PyA",,"64787","B","C","1","Caja"
"9/15/2026 1:40 PM","UVFD2628 3/412 MBLE INF COC 2 PUERTAS 1 ENTREPAÑO CARB2","I","DOOR L","727.05","327",,"2","2",,,,,"1","18",,"0","LxA{-3,2}AyL AxL[0,49515]LyA",,"64786","C","C","1","Frente"
"9/15/2026 1:40 PM","UVFD2628 3/412 MBLE INF COC 2 PUERTAS 1 ENTREPAÑO CARB2","J","BACKING","728.25","644.4",,,,,,,,"0","6",,"0","LxA{-2}AyL AxL{-16}LyA",,"64785","F","X","1",
"9/15/2026 1:40 PM","UVFD2628 3/412 MBLE INF COC 2 PUERTAS 1 ENTREPAÑO CARB2","H","DOOR R","727.05","327",,"2","2",,,,,"1","18",,"0","LxA{-3,2}AyL AxL[0,49515]LyA ",,"64784","C","C","1","Frente"
"9/15/2026 1:40 PM","UVFD2628 3/412 MBLE INF COC 2 PUERTAS 1 ENTREPAÑO CARB2","G","SHLEF","629.4","266.7",,,,"2","2",,,"0.45","15",,"0","LxL{-31}LyL",,"64783","B","C","1","Caja"
"9/15/2026 1:40 PM","UVFD2628 3/412 MBLE INF COC 2 PUERTAS 1 ENTREPAÑO CARB2","F","RAIL TRASERO","630.4","80",,,,"2",,,,"0.45","15",,"0","LxL{-30}LyL",,"64782","B","C","1","Caja"
"9/15/2026 1:40 PM","UVFD2628 3/412 MBLE INF COC 2 PUERTAS 1 ENTREPAÑO CARB2","E","RAIL TRASERO","630.4","80",,,,"2",,,,"0.45","15",,"0","LxL{-30}LyL",,"64781","B","C","1","Caja"
"9/15/2026 1:40 PM","UVFD2628 3/412 MBLE INF COC 2 PUERTAS 1 ENTREPAÑO CARB2","D","RAIL DELANTERO","630.4","80",,"2",,"0",,,,"0.45","15",,"0","LxL{-30}LyL",,"64780","B","C","1","Caja"
"9/15/2026 1:40 PM","UVFD2628 3/412 MBLE INF COC 2 PUERTAS 1 ENTREPAÑO CARB2","C","SIDE L - R17L762","730.25","304.8",,"2","2",,,,,"0.45","15",,"0","LxA{0}AyL AxP{0}PyA",,"64779","B","C","1","Caja"
"9/15/2026 1:40 PM","UVFD2628 3/412 MBLE INF COC 2 PUERTAS 1 ENTREPAÑO CARB2","B","SIDE R - R17L762","730.25","304.8",,"2","2",,,,,"0.45","15",,"0","LxA{0}AyL AxP{0}PyA",,"64778","B","C","1","Caja"
"9/15/2026 1:40 PM","UVFD2628 3/412 MBLE INF COC 2 PUERTAS 1 ENTREPAÑO CARB2","A","BASE","630.4","280.8",,"2",,,,,,"0.45","15",,"0","LxL{-30}LyL AxP{-24}PyA",,"64777","B","C","1","Caja"
"9/14/2026 11:50 AM","OUVFD8 1/428 3/4-3S-18MM MBLE INF BAÑO ABIERTO 3 ENTREPAÑOS","I","SHELF","173.55","507.4",,"0","0","2","0",,,"1","18",,"0","LxL{-36}LyL AxP{-26}PyA",,"64766","C","C","1","Caja"
"9/14/2026 11:50 AM","OUVFD8 1/428 3/4-3S-18MM MBLE INF BAÑO ABIERTO 3 ENTREPAÑOS","H","SHELF","173.55","507.4",,"0","0","2","0",,,"1","18",,"0","LxL{-36}LyL AxP{-26}PyA",,"64765","C","C","1","Caja"
"9/14/2026 11:50 AM","OUVFD8 1/428 3/4-3S-18MM MBLE INF BAÑO ABIERTO 3 ENTREPAÑOS","J","BACKING","728.25","187.55",,"0","0","0","0",,,"0","6",,"0","LxA{-2}AyL AxL{-22}LyA",,"64764","F","X","1",
"9/14/2026 11:50 AM","OUVFD8 1/428 3/4-3S-18MM MBLE INF BAÑO ABIERTO 3 ENTREPAÑOS","G","SHELF","173.55","507.4",,"0","0","2","0",,,"1","18",,"0","LxL{-36}LyL AxP{-26}PyA",,"64763","C","C","1","Caja"
"9/14/2026 11:50 AM","OUVFD8 1/428 3/4-3S-18MM MBLE INF BAÑO ABIERTO 3 ENTREPAÑOS","F","RAIL TRAS","173.55","80",,"0","0","2","0",,,"1","18",,"0","LxL{-36}LyL",,"64762","C","C","1","Caja"
"9/14/2026 11:50 AM","OUVFD8 1/428 3/4-3S-18MM MBLE INF BAÑO ABIERTO 3 ENTREPAÑOS","E","RAIL TRAS","173.55","80",,"0","0","2","0",,,"1","18",,"0","LxL{-36}LyL",,"64761","C","C","1","Caja"
"9/14/2026 11:50 AM","OUVFD8 1/428 3/4-3S-18MM MBLE INF BAÑO ABIERTO 3 ENTREPAÑOS","D","RAIL DEL","173.55","80",,"2","0","0","0",,,"1","18",,"0","LxL{-36}LyL",,"64760","C","C","1","Caja"
"9/14/2026 11:50 AM","OUVFD8 1/428 3/4-3S-18MM MBLE INF BAÑO ABIERTO 3 ENTREPAÑOS","C","SIDE L - R19L","730.25","533.4",,"2","2","0","0",,,"1","18",,"0","LxA{0}AyL AxP{0}PyA",,"64759","C","C","1","Caja"
"9/14/2026 11:50 AM","OUVFD8 1/428 3/4-3S-18MM MBLE INF BAÑO ABIERTO 3 ENTREPAÑOS","B","SIDE R - R19L","730.25","533.4",,"2","2","0","0",,,"1","18",,"0","LxA{0}AyL AxP{0}PyA",,"64758","C","C","1","Caja"
"9/14/2026 11:50 AM","OUVFD8 1/428 3/4-3S-18MM MBLE INF BAÑO ABIERTO 3 ENTREPAÑOS","A","BASE","173.55","507.4",,"2","0","0","0",,,"1","18",,"0","LxL{-36}LyL AxP{-26}PyA",,"64757","C","C","1","Caja"
"9/14/2026 11:49 AM","OUVFD8 1/228 3/4-3S-18MM MBLE INF BAÑO ABIERTO 3 ENTREPAÑOS","I","SHELF","179.9","507.4",,"0","0","2","0",,,"1","18",,"0","LxL{-36}LyL AxP{-26}PyA",,"64756","C","C","1","Caja"
"9/14/2026 11:49 AM","OUVFD8 1/228 3/4-3S-18MM MBLE INF BAÑO ABIERTO 3 ENTREPAÑOS","H","SHELF","179.9","507.4",,"0","0","2","0",,,"1","18",,"0","LxL{-36}LyL AxP{-26}PyA",,"64755","C","C","1","Caja"
"9/14/2026 11:49 AM","OUVFD8 1/228 3/4-3S-18MM MBLE INF BAÑO ABIERTO 3 ENTREPAÑOS","J","BACKING","728.25","193.9",,"0","0","0","0",,,"0","6",,"0","LxA{-2}AyL AxL{-22}LyA",,"64754","F","X","1",
"9/14/2026 11:49 AM","OUVFD8 1/228 3/4-3S-18MM MBLE INF BAÑO ABIERTO 3 ENTREPAÑOS","G","SHELF","179.9","507.4",,"0","0","2","0",,,"1","18",,"0","LxL{-36}LyL AxP{-26}PyA",,"64753","C","C","1","Caja"
"9/14/2026 11:49 AM","OUVFD8 1/228 3/4-3S-18MM MBLE INF BAÑO ABIERTO 3 ENTREPAÑOS","F","RAIL TRAS","179.9","80",,"0","0","2","0",,,"1","18",,"0","LxL{-36}LyL",,"64752","C","C","1","Caja"
"9/14/2026 11:49 AM","OUVFD8 1/228 3/4-3S-18MM MBLE INF BAÑO ABIERTO 3 ENTREPAÑOS","E","RAIL TRAS","179.9","80",,"0","0","2","0",,,"1","18",,"0","LxL{-36}LyL",,"64751","C","C","1","Caja"
"9/14/2026 11:49 AM","OUVFD8 1/228 3/4-3S-18MM MBLE INF BAÑO ABIERTO 3 ENTREPAÑOS","D","RAIL DEL","179.9","80",,"2","0","0","0",,,"1","18",,"0","LxL{-36}LyL",,"64750","C","C","1","Caja"
"9/14/2026 11:49 AM","OUVFD8 1/228 3/4-3S-18MM MBLE INF BAÑO ABIERTO 3 ENTREPAÑOS","C","SIDE L - R19L","730.25","533.4",,"2","2","0","0",,,"1","18",,"0","LxA{0}AyL AxP{0}PyA",,"64749","C","C","1","Caja"
"9/14/2026 11:49 AM","OUVFD8 1/228 3/4-3S-18MM MBLE INF BAÑO ABIERTO 3 ENTREPAÑOS","B","SIDE R - R19L","730.25","533.4",,"2","2","0","0",,,"1","18",,"0","LxA{0}AyL AxP{0}PyA",,"64748","C","C","1","Caja"
"9/14/2026 11:49 AM","OUVFD8 1/228 3/4-3S-18MM MBLE INF BAÑO ABIERTO 3 ENTREPAÑOS","A","BASE","179.9","507.4",,"2","0","0","0",,,"1","18",,"0","LxL{-36}LyL AxP{-26}PyA",,"64747","C","C","1","Caja"
"9/14/2026 11:48 AM","OUVFD7 1/228 3/4-3S-18MM MBLE INF BAÑO ABIERTO 3 ENTREPAÑOS","I","SHELF","154.5","507.4",,"0","0","2","0",,,"1","18",,"0","LxL{-36}LyL AxP{-26}PyA",,"64746","C","C","1","Caja"
"9/14/2026 11:48 AM","OUVFD7 1/228 3/4-3S-18MM MBLE INF BAÑO ABIERTO 3 ENTREPAÑOS","H","SHELF","154.5","507.4",,"0","0","2","0",,,"1","18",,"0","LxL{-36}LyL AxP{-26}PyA",,"64745","C","C","1","Caja"
"9/14/2026 11:48 AM","OUVFD7 1/228 3/4-3S-18MM MBLE INF BAÑO ABIERTO 3 ENTREPAÑOS","J","BACKING","728.25","168.5",,"0","0","0","0",,,"0","6",,"0","LxA{-2}AyL AxL{-22}LyA",,"64744","F","X","1",
"9/14/2026 11:48 AM","OUVFD7 1/228 3/4-3S-18MM MBLE INF BAÑO ABIERTO 3 ENTREPAÑOS","G","SHELF","154.5","507.4",,"0","0","2","0",,,"1","18",,"0","LxL{-36}LyL AxP{-26}PyA",,"64743","C","C","1","Caja"
"9/14/2026 11:48 AM","OUVFD7 1/228 3/4-3S-18MM MBLE INF BAÑO ABIERTO 3 ENTREPAÑOS","F","RAIL TRAS","154.5","80",,"0","0","2","0",,,"1","18",,"0","LxL{-36}LyL",,"64742","C","C","1","Caja"
"9/14/2026 11:48 AM","OUVFD7 1/228 3/4-3S-18MM MBLE INF BAÑO ABIERTO 3 ENTREPAÑOS","E","RAIL TRAS","154.5","80",,"0","0","2","0",,,"1","18",,"0","LxL{-36}LyL",,"64741","C","C","1","Caja"
"9/14/2026 11:48 AM","OUVFD7 1/228 3/4-3S-18MM MBLE INF BAÑO ABIERTO 3 ENTREPAÑOS","D","RAIL DEL","154.5","80",,"2","0","0","0",,,"1","18",,"0","LxL{-36}LyL",,"64740","C","C","1","Caja"
"9/14/2026 11:48 AM","OUVFD7 1/228 3/4-3S-18MM MBLE INF BAÑO ABIERTO 3 ENTREPAÑOS","C","SIDE L - R19L","730.25","533.4",,"2","2","0","0",,,"1","18",,"0","LxA{0}AyL AxP{0}PyA",,"64739","C","C","1","Caja"
"9/14/2026 11:48 AM","OUVFD7 1/228 3/4-3S-18MM MBLE INF BAÑO ABIERTO 3 ENTREPAÑOS","B","SIDE R - R19L","730.25","533.4",,"2","2","0","0",,,"1","18",,"0","LxA{0}AyL AxP{0}PyA",,"64738","C","C","1","Caja"
"9/14/2026 11:48 AM","OUVFD7 1/228 3/4-3S-18MM MBLE INF BAÑO ABIERTO 3 ENTREPAÑOS","A","BASE","154.5","507.4",,"2","0","0","0",,,"1","18",,"0","LxL{-36}LyL AxP{-26}PyA",,"64737","C","C","1","Caja"
"9/14/2026 10:57 AM","B12-FE MBLE INF COC 1 GAVETA 1 PUERTA 1/2 ENTREPAÑO","K","LAT IZQ GAV R13L","100","500",,"0","0","2","2",,,"0.45","15",,"0",,,"64736","P","P","1","Caja"
"9/14/2026 10:57 AM","B12-FE MBLE INF COC 1 GAVETA 1 PUERTA 1/2 ENTREPAÑO","J","LAT DER GAV R13L","100","500",,"0","0","2","2",,,"0.45","15",,"0",,,"64735","P","P","1","Caja"
"9/14/2026 10:57 AM","B12-FE MBLE INF COC 1 GAVETA 1 PUERTA 1/2 ENTREPAÑO","L","CONTRAPARCHE R13L","218.8","100",,"0","0","2","0",,,"0.45","15",,"0","LxL{-86}LyL",,"64734","P","P","1","Caja"
"9/14/2026 10:57 AM","B12-FE MBLE INF COC 1 GAVETA 1 PUERTA 1/2 ENTREPAÑO","P","BACKING","760","288.8",,"0","0",,,,,"0","6",,"0","LxA{-2}AyL AxL{-16}LyA",,"64733","F","X","1",
"9/14/2026 10:57 AM","B12-FE MBLE INF COC 1 GAVETA 1 PUERTA 1/2 ENTREPAÑO","N","FRENTE GAVETA","152.4","301.6",,"2","2",,,,,"1","18",,"0","AxL{-3,2}LyA",,"64732","C","C","1","Frente"
"9/14/2026 10:57 AM","B12-FE MBLE INF COC 1 GAVETA 1 PUERTA 1/2 ENTREPAÑO","M","DOOR","603.2","301.6",,"2","2",,,,,"1","18",,"0","LxA{-158,8}AyL AxL{-3,2}LyA",,"64731","C","C","1","Frente"
"9/14/2026 10:57 AM","B12-FE MBLE INF COC 1 GAVETA 1 PUERTA 1/2 ENTREPAÑO","I","TRAS GAV","218.8","80",,"0","0","2",,,,"0.45","15",,"0","LxL{-86}LyL",,"64730","P","P","1","Caja"
"9/14/2026 10:57 AM","B12-FE MBLE INF COC 1 GAVETA 1 PUERTA 1/2 ENTREPAÑO","D","RAIL DEL","274.8","80",,"2","0",,,,,"0.45","15",,"0","LxL{-30}LyL","Enchape color","64729","P","C","1","Caja"
"9/14/2026 10:57 AM","B12-FE MBLE INF COC 1 GAVETA 1 PUERTA 1/2 ENTREPAÑO","C","SIDE L - R17L","762","609.6",,"2","2",,,,,"0.45","15",,"0","LxA{0}AyL AxP{0}PyA",,"64728","B","C","1","Caja"
"9/14/2026 10:57 AM","B12-FE MBLE INF COC 1 GAVETA 1 PUERTA 1/2 ENTREPAÑO","B","SIDE R - R17L","762","609.6",,"2","2",,,,,"0.45","15",,"0","LxA{0}AyL AxP{0}PyA",,"64727","B","C","1","Caja"
"9/14/2026 10:57 AM","B12-FE MBLE INF COC 1 GAVETA 1 PUERTA 1/2 ENTREPAÑO","A","BASE","274.8","585.6",,"2","0",,,,,"0.45","15",,"0","LxL{-30}LyL AxP{-24}PyA",,"64726","B","C","1","Caja"
"9/14/2026 10:57 AM","B12-FE MBLE INF COC 1 GAVETA 1 PUERTA 1/2 ENTREPAÑO","O","FONDO GAV","232.8","492",,"0","0","0",,,,"0","6",,"0","LxL{-72}LyL",,"64725","F","X","1","Sin asignar"
"9/14/2026 10:57 AM","B12-FE MBLE INF COC 1 GAVETA 1 PUERTA 1/2 ENTREPAÑO","H","SHELF","273.8","300",,"0","0","2","2",,,"0.45","15",,"0","LxL{-31}LyL",,"64724","P","P","1","Caja"
"9/14/2026 10:57 AM","B12-FE MBLE INF COC 1 GAVETA 1 PUERTA 1/2 ENTREPAÑO","G","RAIL TRAS","274.8","80",,"0","0","2",,,,"0.45","15",,"0","LxL{-30}LyL",,"64723","P","P","1","Caja"
"9/14/2026 10:57 AM","B12-FE MBLE INF COC 1 GAVETA 1 PUERTA 1/2 ENTREPAÑO","F","RAIL TRAS","274.8","80",,"0","0","2",,,,"0.45","15",,"0","LxL{-30}LyL",,"64722","P","P","1","Caja"
"9/14/2026 10:57 AM","B12-FE MBLE INF COC 1 GAVETA 1 PUERTA 1/2 ENTREPAÑO","E","RAIL DEL","274.8","80",,"2","0",,,,,"0.45","15",,"0","LxL{-30}LyL","Enchape color","64721","P","C","1","Caja"
"9/14/2026 7:50 AM","PN22 1/285 1/2 PANEL MBLE","A","PANEL","2,171.7","571.5",,"2","2","0","0",,,"1","18",,"0","LxA{0}AyL AxL{0}LyA",,"64704","C","C","1","Frente"
"9/14/2026 7:38 AM","PN21 7/828 3/4 PANEL MBLE","A","PANEL","730.25","555.63",,"2","2","0","0",,,"1","18",,"0","LxA{0}AyL AxL{0}LyA",,"64703","C","C","1","Frente"
"9/14/2026 7:21 AM","F685 1/2 FILLER MBLE","A","FILLER","2,171.7","152.4",,"2","2","0","0",,,"1","18",,"0","LxA{0}AyL AxL{0}LyA",,"64700","C","C","1",
"9/11/2026 4:23 PM","UVFD2628 3/4 MBLE INF COC 2 PUERTAS 1 ENTREPAÑO CARB2","I","DOOR L","727.05","327",,"2","2",,,,,"1","18",,"0","LxA{-3,2}AyL AxL[0,49515]LyA",,"64699","C","C","1","Frente"
"9/11/2026 4:23 PM","UVFD2628 3/4 MBLE INF COC 2 PUERTAS 1 ENTREPAÑO CARB2","J","BACKING","728.25","644.4",,,,,,,,"0","6",,"0","LxA{-2}AyL AxL{-16}LyA",,"64698","F","X","1",
"9/11/2026 4:23 PM","UVFD2628 3/4 MBLE INF COC 2 PUERTAS 1 ENTREPAÑO CARB2","H","DOOR R","727.05","327",,"2","2",,,,,"1","18",,"0","LxA{-3,2}AyL AxL[0,49515]LyA ",,"64697","C","C","1","Frente"
"9/11/2026 4:23 PM","UVFD2628 3/4 MBLE INF COC 2 PUERTAS 1 ENTREPAÑO CARB2","G","SHLEF","629.4","482.6",,,,"2","2",,,"0.45","15",,"0","LxL{-31}LyL AxP{-50,8}PyA",,"64696","B","C","1","Caja"
"9/11/2026 4:23 PM","UVFD2628 3/4 MBLE INF COC 2 PUERTAS 1 ENTREPAÑO CARB2","F","RAIL TRASERO","630.4","80",,,,"2",,,,"0.45","15",,"0","LxL{-30}LyL",,"64695","B","C","1","Caja"
"9/11/2026 4:23 PM","UVFD2628 3/4 MBLE INF COC 2 PUERTAS 1 ENTREPAÑO CARB2","E","RAIL TRASERO","630.4","80",,,,"2",,,,"0.45","15",,"0","LxL{-30}LyL",,"64694","B","C","1","Caja"
"9/11/2026 4:23 PM","UVFD2628 3/4 MBLE INF COC 2 PUERTAS 1 ENTREPAÑO CARB2","D","RAIL DELANTERO","630.4","80",,"2",,"0",,,,"0.45","15",,"0","LxL{-30}LyL",,"64693","B","C","1","Caja"
"9/11/2026 4:23 PM","UVFD2628 3/4 MBLE INF COC 2 PUERTAS 1 ENTREPAÑO CARB2","C","SIDE L - R17L762","730.25","533.4",,"2","2",,,,,"0.45","15",,"0","LxA{0}AyL AxP{0}PyA",,"64692","B","C","1","Caja"
"9/11/2026 4:23 PM","UVFD2628 3/4 MBLE INF COC 2 PUERTAS 1 ENTREPAÑO CARB2","B","SIDE R - R17L762","730.25","533.4",,"2","2",,,,,"0.45","15",,"0","LxA{0}AyL AxP{0}PyA",,"64691","B","C","1","Caja"
"9/11/2026 4:23 PM","UVFD2628 3/4 MBLE INF COC 2 PUERTAS 1 ENTREPAÑO CARB2","A","BASE","630.4","509.4",,"2",,,,,,"0.45","15",,"0","LxL{-30}LyL AxP{-24}PyA",,"64690","B","C","1","Caja"
"9/11/2026 4:11 PM","UVFD928 3/4 MBLE INF LVM 1 PUERTA 1 ENTREPAÑO CARB2","I","BACKING","728.25","212.6",,"0","0","0","0",,,"0","6",,"0","LxA{-2}AyL AxL{-16}LyA",,"64679","F","X","1",
"9/11/2026 4:11 PM","UVFD928 3/4 MBLE INF LVM 1 PUERTA 1 ENTREPAÑO CARB2","H","DOOR R","727.05","225.4",,"2","2","0","0",,,"1","18",,"0","LxA{-3,2}AyL AxL[0,98602]LyA",,"64678","C","C","1","Frente"
"9/11/2026 4:11 PM","UVFD928 3/4 MBLE INF LVM 1 PUERTA 1 ENTREPAÑO CARB2","G","SHLEF","198.6","482.6",,"0","0","2","2",,,"0.45","15",,"0","LxL{-30}LyL AxP{-50,8}PyA",,"64677","P","P","1","Caja"
"9/11/2026 4:11 PM","UVFD928 3/4 MBLE INF LVM 1 PUERTA 1 ENTREPAÑO CARB2","F","RAIL TRASERO","198.6","80",,"0","0","2","0",,,"0.45","15",,"0","LxL{-30}LyL",,"64676","P","P","1","Caja"
"9/11/2026 4:11 PM","UVFD928 3/4 MBLE INF LVM 1 PUERTA 1 ENTREPAÑO CARB2","E","RAIL TRASERO","198.6","80",,"0","0","2","0",,,"0.45","15",,"0","LxL{-30}LyL",,"64675","P","P","1","Caja"
"9/11/2026 4:11 PM","UVFD928 3/4 MBLE INF LVM 1 PUERTA 1 ENTREPAÑO CARB2","D","RAIL DELANTERO","198.6","80",,"2","0","0","0",,,"0.45","15",,"0","LxL{-30}LyL",,"64674","P","C","1","Caja"
"9/11/2026 4:11 PM","UVFD928 3/4 MBLE INF LVM 1 PUERTA 1 ENTREPAÑO CARB2","C","SIDE L - R17L762","730.25","533.4",,"2","2","0","0",,,"0.45","15",,"0","LxA{0}AyL AxP{0}PyA",,"64673","B","C","1","Caja"
"9/11/2026 4:11 PM","UVFD928 3/4 MBLE INF LVM 1 PUERTA 1 ENTREPAÑO CARB2","B","SIDE R - R17L762","730.25","533.4",,"2","2","0","0",,,"0.45","15",,"0","LxA{0}AyL AxP{0}PyA",,"64672","B","C","1","Caja"
"9/11/2026 4:11 PM","UVFD928 3/4 MBLE INF LVM 1 PUERTA 1 ENTREPAÑO CARB2","A","BASE","198.6","509.4",,"2","0","0","0",,,"0.45","15",,"0","LxL{-30}LyL AxP{-24}PyA",,"64671","B","C","1","Caja"
"9/11/2026 4:07 PM","UVFD828 3/4 MBLE INF LVM 1 PUERTA 1 ENTREPAÑO CARB2","I","BACKING","728.25","187.2",,"0","0","0","0",,,"0","6",,"0","LxA{-2}AyL AxL{-16}LyA",,"64670","F","X","1",
"9/11/2026 4:07 PM","UVFD828 3/4 MBLE INF LVM 1 PUERTA 1 ENTREPAÑO CARB2","H","DOOR R","727.05","200",,"2","2","0","0",,,"1","18",,"0","LxA{-3,2}AyL AxL[0,98425]LyA",,"64669","C","C","1","Frente"
"9/11/2026 4:07 PM","UVFD828 3/4 MBLE INF LVM 1 PUERTA 1 ENTREPAÑO CARB2","G","SHLEF","173.2","482.6",,"0","0","2","2",,,"0.45","15",,"0","LxL{-30}LyL AxP{-50,8}PyA",,"64668","P","P","1","Caja"
"9/11/2026 4:07 PM","UVFD828 3/4 MBLE INF LVM 1 PUERTA 1 ENTREPAÑO CARB2","F","RAIL TRASERO","173.2","80",,"0","0","2","0",,,"0.45","15",,"0","LxL{-30}LyL",,"64667","P","P","1","Caja"
"9/11/2026 4:07 PM","UVFD828 3/4 MBLE INF LVM 1 PUERTA 1 ENTREPAÑO CARB2","E","RAIL TRASERO","173.2","80",,"0","0","2","0",,,"0.45","15",,"0","LxL{-30}LyL",,"64666","P","P","1","Caja"
"9/11/2026 4:07 PM","UVFD828 3/4 MBLE INF LVM 1 PUERTA 1 ENTREPAÑO CARB2","D","RAIL DELANTERO","173.2","80",,"2","0","0","0",,,"0.45","15",,"0","LxL{-30}LyL",,"64665","P","C","1","Caja"
"9/11/2026 4:07 PM","UVFD828 3/4 MBLE INF LVM 1 PUERTA 1 ENTREPAÑO CARB2","C","SIDE L - R17L762","730.25","533.4",,"2","2","0","0",,,"0.45","15",,"0","LxA{0}AyL AxP{0}PyA",,"64664","B","C","1","Caja"
"9/11/2026 4:07 PM","UVFD828 3/4 MBLE INF LVM 1 PUERTA 1 ENTREPAÑO CARB2","B","SIDE R - R17L762","730.25","533.4",,"2","2","0","0",,,"0.45","15",,"0","LxA{0}AyL AxP{0}PyA",,"64663","B","C","1","Caja"
"9/11/2026 4:07 PM","UVFD828 3/4 MBLE INF LVM 1 PUERTA 1 ENTREPAÑO CARB2","A","BASE","173.2","509.4",,"2","0","0","0",,,"0.45","15",,"0","LxL{-30}LyL AxP{-24}PyA",,"64662","B","C","1","Caja"
"9/11/2026 4:05 PM","UVFD728 3/4 MBLE INF LVM 1 PUERTA 1 ENTREPAÑO CARB2","I","BACKING","728.25","161.8",,"0","0","0","0",,,"0","6",,"0","LxA{-2}AyL AxL{-16}LyA",,"64661","F","X","1",
"9/11/2026 4:05 PM","UVFD728 3/4 MBLE INF LVM 1 PUERTA 1 ENTREPAÑO CARB2","H","DOOR R","727.05","174.6",,"2","2","0","0",,,"1","18",,"0","LxA{-3,2}AyL AxL[0,9820]LyA",,"64660","C","C","1","Frente"
"9/11/2026 4:05 PM","UVFD728 3/4 MBLE INF LVM 1 PUERTA 1 ENTREPAÑO CARB2","G","SHLEF","147.8","482.6",,"0","0","2","2",,,"0.45","15",,"0","LxL{-30}LyL AxP{-50,8}PyA",,"64659","P","P","1","Caja"
"9/11/2026 4:05 PM","UVFD728 3/4 MBLE INF LVM 1 PUERTA 1 ENTREPAÑO CARB2","F","RAIL TRASERO","147.8","80",,"0","0","2","0",,,"0.45","15",,"0","LxL{-30}LyL",,"64658","P","P","1","Caja"
"9/11/2026 4:05 PM","UVFD728 3/4 MBLE INF LVM 1 PUERTA 1 ENTREPAÑO CARB2","E","RAIL TRASERO","147.8","80",,"0","0","2","0",,,"0.45","15",,"0","LxL{-30}LyL",,"64657","P","P","1","Caja"
"9/11/2026 4:05 PM","UVFD728 3/4 MBLE INF LVM 1 PUERTA 1 ENTREPAÑO CARB2","D","RAIL DELANTERO","147.8","80",,"2","0","0","0",,,"0.45","15",,"0","LxL{-30}LyL",,"64656","P","C","1","Caja"
"9/11/2026 4:05 PM","UVFD728 3/4 MBLE INF LVM 1 PUERTA 1 ENTREPAÑO CARB2","C","SIDE L - R17L762","730.25","533.4",,"2","2","0","0",,,"0.45","15",,"0","LxA{0}AyL AxP{0}PyA",,"64655","B","C","1","Caja"
"9/11/2026 4:05 PM","UVFD728 3/4 MBLE INF LVM 1 PUERTA 1 ENTREPAÑO CARB2","B","SIDE R - R17L762","730.25","533.4",,"2","2","0","0",,,"0.45","15",,"0","LxA{0}AyL AxP{0}PyA",,"64654","B","C","1","Caja"
"9/11/2026 4:05 PM","UVFD728 3/4 MBLE INF LVM 1 PUERTA 1 ENTREPAÑO CARB2","A","BASE","147.8","509.4",,"2","0","0","0",,,"0.45","15",,"0","LxL{-30}LyL AxP{-24}PyA",,"64653","B","C","1","Caja"
"9/11/2026 4:03 PM","UVFD1228 3/4 MBLE INF LVM 1 PUERTA 1 ENTREPAÑO CARB2","I","BACKING","728.25","288.8",,"0","0","0","0",,,"0","6",,"0","LxA{-2}AyL AxL{-16}LyA",,"64652","F","X","1",
"9/11/2026 4:03 PM","UVFD1228 3/4 MBLE INF LVM 1 PUERTA 1 ENTREPAÑO CARB2","H","DOOR R","727.05","301.6",,"2","2","0","0",,,"1","18",,"0","LxA{-3,2}AyL AxL[0,9895]LyA",,"64651","C","C","1","Frente"
"9/11/2026 4:03 PM","UVFD1228 3/4 MBLE INF LVM 1 PUERTA 1 ENTREPAÑO CARB2","G","SHLEF","274.8","482.6",,"0","0","2","2",,,"0.45","15",,"0","LxL{-30}LyL AxP{-50,8}PyA",,"64650","P","P","1","Caja"
"9/11/2026 4:03 PM","UVFD1228 3/4 MBLE INF LVM 1 PUERTA 1 ENTREPAÑO CARB2","F","RAIL TRASERO","274.8","80",,"0","0","2","0",,,"0.45","15",,"0","LxL{-30}LyL",,"64649","P","P","1","Caja"
"9/11/2026 4:03 PM","UVFD1228 3/4 MBLE INF LVM 1 PUERTA 1 ENTREPAÑO CARB2","E","RAIL TRASERO","274.8","80",,"0","0","2","0",,,"0.45","15",,"0","LxL{-30}LyL",,"64648","P","P","1","Caja"
"9/11/2026 4:03 PM","UVFD1228 3/4 MBLE INF LVM 1 PUERTA 1 ENTREPAÑO CARB2","D","RAIL DELANTERO","274.8","80",,"2","0","0","0",,,"0.45","15",,"0","LxL{-30}LyL",,"64647","P","C","1","Caja"
"9/11/2026 4:03 PM","UVFD1228 3/4 MBLE INF LVM 1 PUERTA 1 ENTREPAÑO CARB2","C","SIDE L - R17L762","730.25","533.4",,"2","2","0","0",,,"0.45","15",,"0","LxA{0}AyL AxP{0}PyA",,"64646","B","C","1","Caja"
"9/11/2026 4:03 PM","UVFD1228 3/4 MBLE INF LVM 1 PUERTA 1 ENTREPAÑO CARB2","B","SIDE R - R17L762","730.25","533.4",,"2","2","0","0",,,"0.45","15",,"0","LxA{0}AyL AxP{0}PyA",,"64645","B","C","1","Caja"
"9/11/2026 4:03 PM","UVFD1228 3/4 MBLE INF LVM 1 PUERTA 1 ENTREPAÑO CARB2","A","BASE","274.8","509.4",,"2","0","0","0",,,"0.45","15",,"0","LxL{-30}LyL AxP{-24}PyA",,"64644","B","C","1","Caja"
"9/11/2026 4:01 PM","UVFD1128 3/4 MBLE INF LVM 1 PUERTA 1 ENTREPAÑO CARB2","I","BACKING","728.25","263.4",,"0","0","0","0",,,"0","6",,"0","LxA{-2}AyL AxL{-16}LyA",,"64643","F","X","1",
"9/11/2026 4:01 PM","UVFD1128 3/4 MBLE INF LVM 1 PUERTA 1 ENTREPAÑO CARB2","H","DOOR R","727.05","276.2",,"2","2","0","0",,,"1","18",,"0","LxA{-3,2}AyL AxL[0,98855]LyA",,"64642","C","C","1","Frente"
"9/11/2026 4:01 PM","UVFD1128 3/4 MBLE INF LVM 1 PUERTA 1 ENTREPAÑO CARB2","G","SHLEF","249.4","482.6",,"0","0","2","2",,,"0.45","15",,"0","LxL{-30}LyL AxP{-50,8}PyA",,"64641","P","P","1","Caja"
"9/11/2026 4:01 PM","UVFD1128 3/4 MBLE INF LVM 1 PUERTA 1 ENTREPAÑO CARB2","F","RAIL TRASERO","249.4","80",,"0","0","2","0",,,"0.45","15",,"0","LxL{-30}LyL",,"64640","P","P","1","Caja"
"9/11/2026 4:01 PM","UVFD1128 3/4 MBLE INF LVM 1 PUERTA 1 ENTREPAÑO CARB2","E","RAIL TRASERO","249.4","80",,"0","0","2","0",,,"0.45","15",,"0","LxL{-30}LyL",,"64639","P","P","1","Caja"
"9/11/2026 4:01 PM","UVFD1128 3/4 MBLE INF LVM 1 PUERTA 1 ENTREPAÑO CARB2","D","RAIL DELANTERO","249.4","80",,"2","0","0","0",,,"0.45","15",,"0","LxL{-30}LyL",,"64638","P","C","1","Caja"
"9/11/2026 4:01 PM","UVFD1128 3/4 MBLE INF LVM 1 PUERTA 1 ENTREPAÑO CARB2","C","SIDE L - R17L762","730.25","533.4",,"2","2","0","0",,,"0.45","15",,"0","LxA{0}AyL AxP{0}PyA",,"64637","B","C","1","Caja"
"9/11/2026 4:01 PM","UVFD1128 3/4 MBLE INF LVM 1 PUERTA 1 ENTREPAÑO CARB2","B","SIDE R - R17L762","730.25","533.4",,"2","2","0","0",,,"0.45","15",,"0","LxA{0}AyL AxP{0}PyA",,"64636","B","C","1","Caja"
"9/11/2026 4:01 PM","UVFD1128 3/4 MBLE INF LVM 1 PUERTA 1 ENTREPAÑO CARB2","A","BASE","249.4","509.4",,"2","0","0","0",,,"0.45","15",,"0","LxL{-30}LyL AxP{-24}PyA",,"64635","B","C","1","Caja"
"9/11/2026 3:59 PM","UVFD1028 3/4 MBLE INF LVM 1 PUERTA 1 ENTREPAÑO CARB2","I","BACKING","728.25","238",,"0","0","0","0",,,"0","6",,"0","LxA{-2}AyL AxL{-16}LyA",,"64634","F","X","1",
"9/11/2026 3:59 PM","UVFD1028 3/4 MBLE INF LVM 1 PUERTA 1 ENTREPAÑO CARB2","H","DOOR R","727.05","250.8",,"2","2","0","0",,,"1","18",,"0","LxA{-3,2}AyL AxL[0,98742]LyA",,"64633","C","C","1",
"9/11/2026 3:59 PM","UVFD1028 3/4 MBLE INF LVM 1 PUERTA 1 ENTREPAÑO CARB2","G","SHLEF","224","482.6",,"0","0","2","2",,,"0.45","15",,"0","LxL{-30}LyL AxP{-50,8}PyA",,"64632","P","P","1",
"9/11/2026 3:59 PM","UVFD1028 3/4 MBLE INF LVM 1 PUERTA 1 ENTREPAÑO CARB2","F","RAIL TRASERO","224","80",,"0","0","2","0",,,"0.45","15",,"0","LxL{-30}LyL",,"64631","P","P","1",
"9/11/2026 3:59 PM","UVFD1028 3/4 MBLE INF LVM 1 PUERTA 1 ENTREPAÑO CARB2","E","RAIL TRASERO","224","80",,"0","0","2","0",,,"0.45","15",,"0","LxL{-30}LyL",,"64630","P","P","1",
"9/11/2026 3:59 PM","UVFD1028 3/4 MBLE INF LVM 1 PUERTA 1 ENTREPAÑO CARB2","D","RAIL DELANTERO","224","80",,"2","0","0","0",,,"0.45","15",,"0","LxL{-30}LyL",,"64629","P","C","1",
"9/11/2026 3:59 PM","UVFD1028 3/4 MBLE INF LVM 1 PUERTA 1 ENTREPAÑO CARB2","C","SIDE L - R17L762","730.25","533.4",,"2","2","0","0",,,"0.45","15",,"0","LxA{0}AyL AxP{0}PyA",,"64628","B","C","1",
"9/11/2026 3:59 PM","UVFD1028 3/4 MBLE INF LVM 1 PUERTA 1 ENTREPAÑO CARB2","B","SIDE R - R17L762","730.25","533.4",,"2","2","0","0",,,"0.45","15",,"0","LxA{0}AyL AxP{0}PyA",,"64627","B","C","1",
"9/11/2026 3:59 PM","UVFD1028 3/4 MBLE INF LVM 1 PUERTA 1 ENTREPAÑO CARB2","A","BASE","224","509.4",,"2","0","0","0",,,"0.45","15",,"0","LxL{-30}LyL AxP{-24}PyA",,"64626","B","C","1",
"9/11/2026 3:05 PM","USVFD NR5028 3/4 MBLE INF LVM 2 PUERTAS CARB2","I","BACKING","728.25","1,254",,"0","0","0","0",,,"0","6",,"0","LxA{-2}AyL AxL{-16}LyA",,"64571","F","X","1",
"9/11/2026 3:05 PM","USVFD NR5028 3/4 MBLE INF LVM 2 PUERTAS CARB2","H","DOOR L","727.05","631.8",,"2","2","0","0",,,"1","18",,"0","LxA{-3,2}AyL AxL[0,49748]LyA",,"64570","C","C","1","Frente"
"9/11/2026 3:05 PM","USVFD NR5028 3/4 MBLE INF LVM 2 PUERTAS CARB2","G","DOOR R","727.05","631.8",,"2","2","0","0",,,"1","18",,"0","LxA{-3,2}AyL AxL[0,49748]LyA",,"64569","C","C","1","Frente"
"9/11/2026 3:05 PM","USVFD NR5028 3/4 MBLE INF LVM 2 PUERTAS CARB2","F","RAIL TRASERO","1,240","80",,"0","0","2","0",,,"0.45","15",,"0","LxL{-30}LyL",,"64568","P","P","1","Caja"
"9/11/2026 3:05 PM","USVFD NR5028 3/4 MBLE INF LVM 2 PUERTAS CARB2","E","RAIL TRASERO","1,240","80",,"0","0","2","0",,,"0.45","15",,"0","LxL{-30}LyL",,"64567","P","P","1","Caja"
"9/11/2026 3:05 PM","USVFD NR5028 3/4 MBLE INF LVM 2 PUERTAS CARB2","D","RAIL DELANTERO","1,240","96",,"2","0","0","0",,,"0.45","15",,"0","LxL{-30}LyL",,"64566","B","C","1","Caja"
"9/11/2026 3:05 PM","USVFD NR5028 3/4 MBLE INF LVM 2 PUERTAS CARB2","C","SIDE L - R17L","730.25","533.4",,"2","2","0","0",,,"0.45","15",,"0","LxA{0}AyL AxP{0}PyA",,"64565","B","C","1","Caja"
"9/11/2026 3:05 PM","USVFD NR5028 3/4 MBLE INF LVM 2 PUERTAS CARB2","B","SIDE R - R17L","730.25","533.4",,"2","2","0","0",,,"0.45","15",,"0","LxA{0}AyL AxP{0}PyA",,"64564","B","C","1","Caja"
"9/11/2026 3:05 PM","USVFD NR5028 3/4 MBLE INF LVM 2 PUERTAS CARB2","A","BASE","1,240","509.4",,"2","0","0","0",,,"0.45","15",,"0","LxL{-30}LyL AxP{-24}PyA",,"64563","B","C","1","Caja"
"9/11/2026 2:58 PM","USVFD NR4028 3/4 MBLE INF LVM 2 PUERTAS CARB2","I","BACKING","728.25","1,000",,"0","0","0","0",,,"0","6",,"0","LxA{-2}AyL AxL{-16}LyA",,"64562","F","X","1",
"9/11/2026 2:58 PM","USVFD NR4028 3/4 MBLE INF LVM 2 PUERTAS CARB2","H","DOOR L","727.05","504.8",,"2","2","0","0",,,"1","18",,"0","LxA{-3,2}AyL AxL[0,49685]LyA",,"64561","C","C","1","Frente"
"9/11/2026 2:58 PM","USVFD NR4028 3/4 MBLE INF LVM 2 PUERTAS CARB2","G","DOOR R","727.05","504.8",,"2","2","0","0",,,"1","18",,"0","LxA{-3,2}AyL AxL[0,49685]LyA",,"64560","C","C","1","Frente"
"9/11/2026 2:58 PM","USVFD NR4028 3/4 MBLE INF LVM 2 PUERTAS CARB2","F","RAIL TRASERO","986","80",,"0","0","2","0",,,"0.45","15",,"0","LxL{-30}LyL",,"64559","P","P","1","Caja"
"9/11/2026 2:58 PM","USVFD NR4028 3/4 MBLE INF LVM 2 PUERTAS CARB2","E","RAIL TRASERO","986","80",,"0","0","2","0",,,"0.45","15",,"0","LxL{-30}LyL",,"64558","P","P","1","Caja"
"9/11/2026 2:58 PM","USVFD NR4028 3/4 MBLE INF LVM 2 PUERTAS CARB2","D","RAIL DELANTERO","986","96",,"2","0","0","0",,,"0.45","15",,"0","LxL{-30}LyL",,"64557","B","C","1","Caja"
"9/11/2026 2:58 PM","USVFD NR4028 3/4 MBLE INF LVM 2 PUERTAS CARB2","C","SIDE L - R17L","730.25","533.4",,"2","2","0","0",,,"0.45","15",,"0","LxA{0}AyL AxP{0}PyA",,"64556","B","C","1","Caja"
"9/11/2026 2:58 PM","USVFD NR4028 3/4 MBLE INF LVM 2 PUERTAS CARB2","B","SIDE R - R17L","730.25","533.4",,"2","2","0","0",,,"0.45","15",,"0","LxA{0}AyL AxP{0}PyA",,"64555","B","C","1","Caja"
"9/11/2026 2:58 PM","USVFD NR4028 3/4 MBLE INF LVM 2 PUERTAS CARB2","A","BASE","986","509.4",,"2","0","0","0",,,"0.45","15",,"0","LxL{-30}LyL AxP{-24}PyA",,"64554","B","C","1","Caja"
"9/11/2026 2:31 PM","USVFD NR3428 3/4 MBLE INF LVM 2 PUERTAS CARB2","I","BACKING","728.25","847.6",,"0","0","0","0",,,"0","6",,"0","LxA{-2}AyL AxL{-16}LyA",,"64553","F","X","1",
"9/11/2026 2:31 PM","USVFD NR3428 3/4 MBLE INF LVM 2 PUERTAS CARB2","H","DOOR L","727.05","428.17",,"2","2","0","0",,,"1","18",,"0","LxA{-3,2}AyL AxL[0,4958]LyA",,"64552","C","C","1","Frente"
"9/11/2026 2:31 PM","USVFD NR3428 3/4 MBLE INF LVM 2 PUERTAS CARB2","G","DOOR R","727.05","428.17",,"2","2","0","0",,,"1","18",,"0","LxA{-3,2}AyL AxL[0,4958]LyA",,"64551","C","C","1","Frente"
"9/11/2026 2:31 PM","USVFD NR3428 3/4 MBLE INF LVM 2 PUERTAS CARB2","F","RAIL TRASERO","833.6","80",,"0","0","2","0",,,"0.45","15",,"0","LxL{-30}LyL",,"64550","P","P","1","Caja"
"9/11/2026 2:31 PM","USVFD NR3428 3/4 MBLE INF LVM 2 PUERTAS CARB2","E","RAIL TRASERO","833.6","80",,"0","0","2","0",,,"0.45","15",,"0","LxL{-30}LyL",,"64549","P","P","1","Caja"
"9/11/2026 2:31 PM","USVFD NR3428 3/4 MBLE INF LVM 2 PUERTAS CARB2","D","RAIL DELANTERO","833.6","96",,"2","0","0","0",,,"0.45","15",,"0","LxL{-30}LyL",,"64548","B","C","1","Caja"
"9/11/2026 2:31 PM","USVFD NR3428 3/4 MBLE INF LVM 2 PUERTAS CARB2","C","SIDE L - R17L","730.25","533.4",,"2","2","0","0",,,"0.45","15",,"0","LxA{0}AyL AxP{0}PyA",,"64547","B","C","1","Caja"
"9/11/2026 2:31 PM","USVFD NR3428 3/4 MBLE INF LVM 2 PUERTAS CARB2","B","SIDE R - R17L","730.25","533.4",,"2","2","0","0",,,"0.45","15",,"0","LxA{0}AyL AxP{0}PyA",,"64546","B","C","1","Caja"
"9/11/2026 2:31 PM","USVFD NR3428 3/4 MBLE INF LVM 2 PUERTAS CARB2","A","BASE","833.6","509.4",,"2","0","0","0",,,"0.45","15",,"0","LxL{-30}LyL AxP{-24}PyA",,"64545","B","C","1","Caja"
"9/11/2026 2:24 PM","USVFD NR3228 3/4 MBLE INF LVM 2 PUERTAS CARB2","I","BACKING","728.25","796.8",,"0","0","0","0",,,"0","6",,"0","LxA{-2}AyL AxL{-16}LyA",,"64535","F","X","1",
"9/11/2026 2:24 PM","USVFD NR3228 3/4 MBLE INF LVM 2 PUERTAS CARB2","H","DOOR L","727.05","402.99",,"2","2","0","0",,,"1","18",,"0","LxA{-3,2}AyL AxL[0,4958]LyA",,"64534","C","C","1","Frente"
"9/11/2026 2:24 PM","USVFD NR3228 3/4 MBLE INF LVM 2 PUERTAS CARB2","G","DOOR R","727.05","402.99",,"2","2","0","0",,,"1","18",,"0","LxA{-3,2}AyL AxL[0,4958]LyA",,"64533","C","C","1","Frente"
"9/11/2026 2:24 PM","USVFD NR3228 3/4 MBLE INF LVM 2 PUERTAS CARB2","F","RAIL TRASERO","782.8","80",,"0","0","2","0",,,"0.45","15",,"0","LxL{-30}LyL",,"64532","P","P","1","Caja"
"9/11/2026 2:24 PM","USVFD NR3228 3/4 MBLE INF LVM 2 PUERTAS CARB2","E","RAIL TRASERO","782.8","80",,"0","0","2","0",,,"0.45","15",,"0","LxL{-30}LyL",,"64531","P","P","1","Caja"
"9/11/2026 2:24 PM","USVFD NR3228 3/4 MBLE INF LVM 2 PUERTAS CARB2","D","RAIL DELANTERO","782.8","96",,"2","0","0","0",,,"0.45","15",,"0","LxL{-30}LyL",,"64530","B","C","1","Caja"
"9/11/2026 2:24 PM","USVFD NR3228 3/4 MBLE INF LVM 2 PUERTAS CARB2","C","SIDE L - R17L","730.25","533.4",,"2","2","0","0",,,"0.45","15",,"0","LxA{0}AyL AxP{0}PyA",,"64529","B","C","1","Caja"
"9/11/2026 2:24 PM","USVFD NR3228 3/4 MBLE INF LVM 2 PUERTAS CARB2","B","SIDE R - R17L","730.25","533.4",,"2","2","0","0",,,"0.45","15",,"0","LxA{0}AyL AxP{0}PyA",,"64528","B","C","1","Caja"
"9/11/2026 2:24 PM","USVFD NR3228 3/4 MBLE INF LVM 2 PUERTAS CARB2","A","BASE","782.8","509.4",,"2","0","0","0",,,"0.45","15",,"0","LxL{-30}LyL AxP{-24}PyA",,"64527","B","C","1","Caja"
"9/11/2026 1:16 PM","W2336-SM MBLE SUP COC 1 PUERTA 2 ENTREPAÑOS","J","BACKING","898.4","568.2",,"0","0","0","0",,,"0","6",,"0","LxA{-16}AyL AxL{-16}LyA",,"64508","F","X","1",
"9/11/2026 1:16 PM","W2336-SM MBLE SUP COC 1 PUERTA 2 ENTREPAÑOS","I","DOOR ","930.25","581",,"2","2","0","0",,,"1","18",,"0","LxA{+15,85}AyL AxL{-3,2}LyA",,"64507","C","C","1","Frente"
"9/11/2026 1:16 PM","W2336-SM MBLE SUP COC 1 PUERTA 2 ENTREPAÑOS","H","SHELF 2","553.2","266.7",,"0","0","2","2",,,"0.45","15",,"0","LxL{-31}LyL",,"64506","P","P","1","Caja"
"9/11/2026 1:16 PM","W2336-SM MBLE SUP COC 1 PUERTA 2 ENTREPAÑOS","G","SHELF 1","553.2","266.7",,"0","0","2","2",,,"0.45","15",,"0","LxL{-31}LyL",,"64505","P","P","1","Caja"
"9/11/2026 1:16 PM","W2336-SM MBLE SUP COC 1 PUERTA 2 ENTREPAÑOS","F","RAIL TRASERO","554.2","80",,"0","0","2","0",,,"0.45","15",,"0","LxL{-30}LyL",,"64504","P","P","1","Caja"
"9/11/2026 1:16 PM","W2336-SM MBLE SUP COC 1 PUERTA 2 ENTREPAÑOS","E","RAIL TRASERO","554.2","80",,"0","0","2","0",,,"0.45","15",,"0","LxL{-30}LyL",,"64503","P","P","1","Caja"
"9/11/2026 1:16 PM","W2336-SM MBLE SUP COC 1 PUERTA 2 ENTREPAÑOS","D","SIDE L - R16L","914.4","304.8",,"2","2","0","0",,,"0.45","15",,"0","LxA{0}AyL AxP{0}PyA",,"64502","B","C","1","Caja"
"9/11/2026 1:16 PM","W2336-SM MBLE SUP COC 1 PUERTA 2 ENTREPAÑOS","C","SIDE R - R16L","914.4","304.8",,"2","2","0","0",,,"0.45","15",,"0","LxA{0}AyL AxP{0}PyA",,"64501","B","C","1","Caja"
"9/11/2026 1:16 PM","W2336-SM MBLE SUP COC 1 PUERTA 2 ENTREPAÑOS","B","TAPA - R16L","554.2","304.8",,"2","0","0","0",,,"0.45","15",,"0","LxL{-30}LyL AxP{0}PyA",,"64500","B","C","1","Caja"
"9/11/2026 1:16 PM","W2336-SM MBLE SUP COC 1 PUERTA 2 ENTREPAÑOS","A","BASE - R16L","554.2","304.8",,"2","0","0","0",,,"0.45","15",,"0","LxL{-30}LyL AxP{0}PyA",,"64499","B","C","1","Caja"
"9/11/2026 1:15 PM","W2236-SM MBLE SUP COC 1 PUERTA 2 ENTREPAÑOS","J","BACKING","898.4","542.8",,"0","0","0","0",,,"0","6",,"0","LxA{-16}AyL AxL{-16}LyA",,"64498","F","X","1",
"9/11/2026 1:15 PM","W2236-SM MBLE SUP COC 1 PUERTA 2 ENTREPAÑOS","I","DOOR ","930.25","555.6",,"2","2","0","0",,,"1","18",,"0","LxA{+15,85}AyL AxL{-3,2}LyA",,"64497","C","C","1","Frente"
"9/11/2026 1:15 PM","W2236-SM MBLE SUP COC 1 PUERTA 2 ENTREPAÑOS","H","SHELF 2","527.8","266.7",,"0","0","2","2",,,"0.45","15",,"0","LxL{-31}LyL",,"64496","P","P","1","Caja"
"9/11/2026 1:15 PM","W2236-SM MBLE SUP COC 1 PUERTA 2 ENTREPAÑOS","G","SHELF 1","527.8","266.7",,"0","0","2","2",,,"0.45","15",,"0","LxL{-31}LyL",,"64495","P","P","1","Caja"
"9/11/2026 1:15 PM","W2236-SM MBLE SUP COC 1 PUERTA 2 ENTREPAÑOS","F","RAIL TRASERO","528.8","80",,"0","0","2","0",,,"0.45","15",,"0","LxL{-30}LyL",,"64494","P","P","1","Caja"
"9/11/2026 1:15 PM","W2236-SM MBLE SUP COC 1 PUERTA 2 ENTREPAÑOS","E","RAIL TRASERO","528.8","80",,"0","0","2","0",,,"0.45","15",,"0","LxL{-30}LyL",,"64493","P","P","1","Caja"
"9/11/2026 1:15 PM","W2236-SM MBLE SUP COC 1 PUERTA 2 ENTREPAÑOS","D","SIDE L - R16L","914.4","304.8",,"2","2","0","0",,,"0.45","15",,"0","LxA{0}AyL AxP{0}PyA",,"64492","B","C","1","Caja"
"9/11/2026 1:15 PM","W2236-SM MBLE SUP COC 1 PUERTA 2 ENTREPAÑOS","C","SIDE R - R16L","914.4","304.8",,"2","2","0","0",,,"0.45","15",,"0","LxA{0}AyL AxP{0}PyA",,"64491","B","C","1","Caja"
"9/11/2026 1:15 PM","W2236-SM MBLE SUP COC 1 PUERTA 2 ENTREPAÑOS","B","TAPA - R16L","528.8","304.8",,"2","0","0","0",,,"0.45","15",,"0","LxL{-30}LyL AxP{0}PyA",,"64490","B","C","1","Caja"
"9/11/2026 1:15 PM","W2236-SM MBLE SUP COC 1 PUERTA 2 ENTREPAÑOS","A","BASE - R16L","528.8","304.8",,"2","0","0","0",,,"0.45","15",,"0","LxL{-30}LyL AxP{0}PyA",,"64489","B","C","1","Caja"
"9/11/2026 1:12 PM","W2136-SM MBLE SUP COC 1 PUERTA 2 ENTREPAÑOS","J","BACKING","898.4","517.4",,"0","0","0","0",,,"0","6",,"0","LxA{-16}AyL AxL{-16}LyA",,"64488","F","X","1",
"9/11/2026 1:12 PM","W2136-SM MBLE SUP COC 1 PUERTA 2 ENTREPAÑOS","I","DOOR ","930.25","530.2",,"2","2","0","0",,,"1","18",,"0","LxA{+15,85}AyL AxL{-3,2}LyA",,"64487","C","C","1","Frente"
"9/11/2026 1:12 PM","W2136-SM MBLE SUP COC 1 PUERTA 2 ENTREPAÑOS","H","SHELF 2","502.4","266.7",,"0","0","2","2",,,"0.45","15",,"0","LxL{-31}LyL",,"64486","P","P","1","Caja"
"9/11/2026 1:12 PM","W2136-SM MBLE SUP COC 1 PUERTA 2 ENTREPAÑOS","G","SHELF 1","502.4","266.7",,"0","0","2","2",,,"0.45","15",,"0","LxL{-31}LyL",,"64485","P","P","1","Caja"
"9/11/2026 1:12 PM","W2136-SM MBLE SUP COC 1 PUERTA 2 ENTREPAÑOS","F","RAIL TRASERO","503.4","80",,"0","0","2","0",,,"0.45","15",,"0","LxL{-30}LyL",,"64484","P","P","1","Caja"
"9/11/2026 1:12 PM","W2136-SM MBLE SUP COC 1 PUERTA 2 ENTREPAÑOS","E","RAIL TRASERO","503.4","80",,"0","0","2","0",,,"0.45","15",,"0","LxL{-30}LyL",,"64483","P","P","1","Caja"
"9/11/2026 1:12 PM","W2136-SM MBLE SUP COC 1 PUERTA 2 ENTREPAÑOS","D","SIDE L - R16L","914.4","304.8",,"2","2","0","0",,,"0.45","15",,"0","LxA{0}AyL AxP{0}PyA",,"64482","B","C","1","Caja"
"9/11/2026 1:12 PM","W2136-SM MBLE SUP COC 1 PUERTA 2 ENTREPAÑOS","C","SIDE R - R16L","914.4","304.8",,"2","2","0","0",,,"0.45","15",,"0","LxA{0}AyL AxP{0}PyA",,"64481","B","C","1","Caja"
"9/11/2026 1:12 PM","W2136-SM MBLE SUP COC 1 PUERTA 2 ENTREPAÑOS","B","TAPA - R16L","503.4","304.8",,"2","0","0","0",,,"0.45","15",,"0","LxL{-30}LyL AxP{0}PyA",,"64480","B","C","1","Caja"
"9/11/2026 1:12 PM","W2136-SM MBLE SUP COC 1 PUERTA 2 ENTREPAÑOS","A","BASE - R16L","503.4","304.8",,"2","0","0","0",,,"0.45","15",,"0","LxL{-30}LyL AxP{0}PyA",,"64479","B","C","1","Caja"
"9/11/2026 1:11 PM","W1836-SM MBLE SUP COC 1 PUERTA 2 ENTREPAÑOS","J","BACKING","898.4","441.2",,"0","0","0","0",,,"0","6",,"0","LxA{-16}AyL AxL{-16}LyA",,"64478","F","X","1",
"9/11/2026 1:11 PM","W1836-SM MBLE SUP COC 1 PUERTA 2 ENTREPAÑOS","I","DOOR ","930.25","454",,"2","2","0","0",,,"1","18",,"0","LxA{+15,85}AyL AxL{-3,2}LyA",,"64477","C","C","1","Frente"
"9/11/2026 1:11 PM","W1836-SM MBLE SUP COC 1 PUERTA 2 ENTREPAÑOS","H","SHELF 2","426.2","266.7",,"0","0","2","2",,,"0.45","15",,"0","LxL{-31}LyL",,"64476","P","P","1","Caja"
"9/11/2026 1:11 PM","W1836-SM MBLE SUP COC 1 PUERTA 2 ENTREPAÑOS","G","SHELF 1","426.2","266.7",,"0","0","2","2",,,"0.45","15",,"0","LxL{-31}LyL",,"64475","P","P","1","Caja"
"9/11/2026 1:11 PM","W1836-SM MBLE SUP COC 1 PUERTA 2 ENTREPAÑOS","F","RAIL TRASERO","427.2","80",,"0","0","2","0",,,"0.45","15",,"0","LxL{-30}LyL",,"64474","P","P","1","Caja"
"9/11/2026 1:11 PM","W1836-SM MBLE SUP COC 1 PUERTA 2 ENTREPAÑOS","E","RAIL TRASERO","427.2","80",,"0","0","2","0",,,"0.45","15",,"0","LxL{-30}LyL",,"64473","P","P","1","Caja"
"9/11/2026 1:11 PM","W1836-SM MBLE SUP COC 1 PUERTA 2 ENTREPAÑOS","D","SIDE L - R16L","914.4","304.8",,"2","2","0","0",,,"0.45","15",,"0","LxA{0}AyL AxP{0}PyA",,"64472","B","C","1","Caja"
"9/11/2026 1:11 PM","W1836-SM MBLE SUP COC 1 PUERTA 2 ENTREPAÑOS","C","SIDE R - R16L","914.4","304.8",,"2","2","0","0",,,"0.45","15",,"0","LxA{0}AyL AxP{0}PyA",,"64471","B","C","1","Caja"
"9/11/2026 1:11 PM","W1836-SM MBLE SUP COC 1 PUERTA 2 ENTREPAÑOS","B","TAPA - R16L","427.2","304.8",,"2","0","0","0",,,"0.45","15",,"0","LxL{-30}LyL AxP{0}PyA",,"64470","B","C","1","Caja"
"9/11/2026 1:11 PM","W1836-SM MBLE SUP COC 1 PUERTA 2 ENTREPAÑOS","A","BASE - R16L","427.2","304.8",,"2","0","0","0",,,"0.45","15",,"0","LxL{-30}LyL AxP{0}PyA",,"64469","B","C","1","Caja"
"9/11/2026 1:10 PM","W1636-SM MBLE SUP COC 1 PUERTA 2 ENTREPAÑOS","J","BACKING","898.4","390.4",,"0","0","0","0",,,"0","6",,"0","LxA{-16}AyL AxL{-16}LyA",,"64468","F","X","1",
"9/11/2026 1:10 PM","W1636-SM MBLE SUP COC 1 PUERTA 2 ENTREPAÑOS","I","DOOR ","930.25","403.2",,"2","2","0","0",,,"1","18",,"0","LxA{+15,85}AyL AxL{-3,2}LyA",,"64467","C","C","1","Frente"
"9/11/2026 1:10 PM","W1636-SM MBLE SUP COC 1 PUERTA 2 ENTREPAÑOS","H","SHELF 2","375.4","266.7",,"0","0","2","2",,,"0.45","15",,"0","LxL{-31}LyL",,"64466","P","P","1","Caja"
"9/11/2026 1:10 PM","W1636-SM MBLE SUP COC 1 PUERTA 2 ENTREPAÑOS","G","SHELF 1","375.4","266.7",,"0","0","2","2",,,"0.45","15",,"0","LxL{-31}LyL",,"64465","P","P","1","Caja"
"9/11/2026 1:10 PM","W1636-SM MBLE SUP COC 1 PUERTA 2 ENTREPAÑOS","F","RAIL TRASERO","376.4","80",,"0","0","2","0",,,"0.45","15",,"0","LxL{-30}LyL",,"64464","P","P","1","Caja"
"9/11/2026 1:10 PM","W1636-SM MBLE SUP COC 1 PUERTA 2 ENTREPAÑOS","E","RAIL TRASERO","376.4","80",,"0","0","2","0",,,"0.45","15",,"0","LxL{-30}LyL",,"64463","P","P","1","Caja"
"9/11/2026 1:10 PM","W1636-SM MBLE SUP COC 1 PUERTA 2 ENTREPAÑOS","D","SIDE L - R16L","914.4","304.8",,"2","2","0","0",,,"0.45","15",,"0","LxA{0}AyL AxP{0}PyA",,"64462","B","C","1","Caja"
"9/11/2026 1:10 PM","W1636-SM MBLE SUP COC 1 PUERTA 2 ENTREPAÑOS","C","SIDE R - R16L","914.4","304.8",,"2","2","0","0",,,"0.45","15",,"0","LxA{0}AyL AxP{0}PyA",,"64461","B","C","1","Caja"
"9/11/2026 1:10 PM","W1636-SM MBLE SUP COC 1 PUERTA 2 ENTREPAÑOS","B","TAPA - R16L","376.4","304.8",,"2","0","0","0",,,"0.45","15",,"0","LxL{-30}LyL AxP{0}PyA",,"64460","B","C","1","Caja"
"9/11/2026 1:10 PM","W1636-SM MBLE SUP COC 1 PUERTA 2 ENTREPAÑOS","A","BASE - R16L","376.4","304.8",,"2","0","0","0",,,"0.45","15",,"0","LxL{-30}LyL AxP{0}PyA",,"64459","B","C","1","Caja"
"9/11/2026 1:09 PM","W1536-SM MBLE SUP COC 1 PUERTA 2 ENTREPAÑOS","J","BACKING","898.4","365",,"0","0","0","0",,,"0","6",,"0","LxA{-16}AyL AxL{-16}LyA",,"64458","F","X","1",
"9/11/2026 1:09 PM","W1536-SM MBLE SUP COC 1 PUERTA 2 ENTREPAÑOS","I","DOOR ","930.25","377.8",,"2","2","0","0",,,"1","18",,"0","LxA{+15,85}AyL AxL{-3,2}LyA",,"64457","C","C","1","Frente"
"9/11/2026 1:09 PM","W1536-SM MBLE SUP COC 1 PUERTA 2 ENTREPAÑOS","H","SHELF 2","350","266.7",,"0","0","2","2",,,"0.45","15",,"0","LxL{-31}LyL",,"64456","P","P","1","Caja"
"9/11/2026 1:09 PM","W1536-SM MBLE SUP COC 1 PUERTA 2 ENTREPAÑOS","G","SHELF 1","350","266.7",,"0","0","2","2",,,"0.45","15",,"0","LxL{-31}LyL",,"64455","P","P","1","Caja"
"9/11/2026 1:09 PM","W1536-SM MBLE SUP COC 1 PUERTA 2 ENTREPAÑOS","F","RAIL TRASERO","351","80",,"0","0","2","0",,,"0.45","15",,"0","LxL{-30}LyL",,"64454","P","P","1","Caja"
"9/11/2026 1:09 PM","W1536-SM MBLE SUP COC 1 PUERTA 2 ENTREPAÑOS","E","RAIL TRASERO","351","80",,"0","0","2","0",,,"0.45","15",,"0","LxL{-30}LyL",,"64453","P","P","1","Caja"
"9/11/2026 1:09 PM","W1536-SM MBLE SUP COC 1 PUERTA 2 ENTREPAÑOS","D","SIDE L - R16L","914.4","304.8",,"2","2","0","0",,,"0.45","15",,"0","LxA{0}AyL AxP{0}PyA",,"64452","B","C","1","Caja"
"9/11/2026 1:09 PM","W1536-SM MBLE SUP COC 1 PUERTA 2 ENTREPAÑOS","C","SIDE R - R16L","914.4","304.8",,"2","2","0","0",,,"0.45","15",,"0","LxA{0}AyL AxP{0}PyA",,"64451","B","C","1","Caja"
"9/11/2026 1:09 PM","W1536-SM MBLE SUP COC 1 PUERTA 2 ENTREPAÑOS","B","TAPA - R16L","351","304.8",,"2","0","0","0",,,"0.45","15",,"0","LxL{-30}LyL AxP{0}PyA",,"64450","B","C","1","Caja"
"9/11/2026 1:09 PM","W1536-SM MBLE SUP COC 1 PUERTA 2 ENTREPAÑOS","A","BASE - R16L","351","304.8",,"2","0","0","0",,,"0.45","15",,"0","LxL{-30}LyL AxP{0}PyA",,"64449","B","C","1","Caja"
"9/11/2026 1:08 PM","W1436-SM MBLE SUP COC 1 PUERTA 2 ENTREPAÑOS","J","BACKING","898.4","339.6",,"0","0","0","0",,,"0","6",,"0","LxA{-16}AyL AxL{-16}LyA",,"64448","F","X","1",
"9/11/2026 1:08 PM","W1436-SM MBLE SUP COC 1 PUERTA 2 ENTREPAÑOS","I","DOOR ","930.25","352.4",,"2","2","0","0",,,"1","18",,"0","LxA{+15,85}AyL AxL{-3,2}LyA",,"64447","C","C","1","Frente"
"9/11/2026 1:08 PM","W1436-SM MBLE SUP COC 1 PUERTA 2 ENTREPAÑOS","H","SHELF 2","324.6","266.7",,"0","0","2","2",,,"0.45","15",,"0","LxL{-31}LyL",,"64446","P","P","1","Caja"
"9/11/2026 1:08 PM","W1436-SM MBLE SUP COC 1 PUERTA 2 ENTREPAÑOS","G","SHELF 1","324.6","266.7",,"0","0","2","2",,,"0.45","15",,"0","LxL{-31}LyL",,"64445","P","P","1","Caja"
"9/11/2026 1:08 PM","W1436-SM MBLE SUP COC 1 PUERTA 2 ENTREPAÑOS","F","RAIL TRASERO","325.6","80",,"0","0","2","0",,,"0.45","15",,"0","LxL{-30}LyL",,"64444","P","P","1","Caja"
"9/11/2026 1:08 PM","W1436-SM MBLE SUP COC 1 PUERTA 2 ENTREPAÑOS","E","RAIL TRASERO","325.6","80",,"0","0","2","0",,,"0.45","15",,"0","LxL{-30}LyL",,"64443","P","P","1","Caja"
"9/11/2026 1:08 PM","W1436-SM MBLE SUP COC 1 PUERTA 2 ENTREPAÑOS","D","SIDE L - R16L","914.4","304.8",,"2","2","0","0",,,"0.45","15",,"0","LxA{0}AyL AxP{0}PyA",,"64442","B","C","1","Caja"
"9/11/2026 1:08 PM","W1436-SM MBLE SUP COC 1 PUERTA 2 ENTREPAÑOS","C","SIDE R - R16L","914.4","304.8",,"2","2","0","0",,,"0.45","15",,"0","LxA{0}AyL AxP{0}PyA",,"64441","B","C","1","Caja"
"9/11/2026 1:08 PM","W1436-SM MBLE SUP COC 1 PUERTA 2 ENTREPAÑOS","B","TAPA - R16L","325.6","304.8",,"2","0","0","0",,,"0.45","15",,"0","LxL{-30}LyL AxP{0}PyA",,"64440","B","C","1","Caja"
"9/11/2026 1:08 PM","W1436-SM MBLE SUP COC 1 PUERTA 2 ENTREPAÑOS","A","BASE - R16L","325.6","304.8",,"2","0","0","0",,,"0.45","15",,"0","LxL{-30}LyL AxP{0}PyA",,"64439","B","C","1","Caja"
"9/11/2026 1:07 PM","W1336-SM MBLE SUP COC 1 PUERTA 2 ENTREPAÑOS","J","BACKING","898.4","314.2",,"0","0","0","0",,,"0","6",,"0","LxA{-16}AyL AxL{-16}LyA",,"64438","F","X","1",
"9/11/2026 1:07 PM","W1336-SM MBLE SUP COC 1 PUERTA 2 ENTREPAÑOS","I","DOOR ","930.25","327",,"2","2","0","0",,,"1","18",,"0","LxA{+15,85}AyL AxL{-3,2}LyA",,"64437","C","C","1","Frente"
"9/11/2026 1:07 PM","W1336-SM MBLE SUP COC 1 PUERTA 2 ENTREPAÑOS","H","SHELF 2","299.2","266.7",,"0","0","2","2",,,"0.45","15",,"0","LxL{-31}LyL",,"64436","P","P","1","Caja"
"9/11/2026 1:07 PM","W1336-SM MBLE SUP COC 1 PUERTA 2 ENTREPAÑOS","G","SHELF 1","299.2","266.7",,"0","0","2","2",,,"0.45","15",,"0","LxL{-31}LyL",,"64435","P","P","1","Caja"
"9/11/2026 1:07 PM","W1336-SM MBLE SUP COC 1 PUERTA 2 ENTREPAÑOS","F","RAIL TRASERO","300.2","80",,"0","0","2","0",,,"0.45","15",,"0","LxL{-30}LyL",,"64434","P","P","1","Caja"
"9/11/2026 1:07 PM","W1336-SM MBLE SUP COC 1 PUERTA 2 ENTREPAÑOS","E","RAIL TRASERO","300.2","80",,"0","0","2","0",,,"0.45","15",,"0","LxL{-30}LyL",,"64433","P","P","1","Caja"
"9/11/2026 1:07 PM","W1336-SM MBLE SUP COC 1 PUERTA 2 ENTREPAÑOS","D","SIDE L - R16L","914.4","304.8",,"2","2","0","0",,,"0.45","15",,"0","LxA{0}AyL AxP{0}PyA",,"64432","B","C","1","Caja"
"9/11/2026 1:07 PM","W1336-SM MBLE SUP COC 1 PUERTA 2 ENTREPAÑOS","C","SIDE R - R16L","914.4","304.8",,"2","2","0","0",,,"0.45","15",,"0","LxA{0}AyL AxP{0}PyA",,"64431","B","C","1","Caja"
"9/11/2026 1:07 PM","W1336-SM MBLE SUP COC 1 PUERTA 2 ENTREPAÑOS","B","TAPA - R16L","300.2","304.8",,"2","0","0","0",,,"0.45","15",,"0","LxL{-30}LyL AxP{0}PyA",,"64430","B","C","1","Caja"
"9/11/2026 1:07 PM","W1336-SM MBLE SUP COC 1 PUERTA 2 ENTREPAÑOS","A","BASE - R16L","300.2","304.8",,"2","0","0","0",,,"0.45","15",,"0","LxL{-30}LyL AxP{0}PyA",,"64429","B","C","1","Caja"
"9/11/2026 1:05 PM","W1236-SM MBLE SUP COC 1 PUERTA 2 ENTREPAÑOS","J","BACKING","898.4","288.8",,"0","0","0","0",,,"0","6",,"0","LxA{-16}AyL AxL{-16}LyA",,"64428","F","X","1",
"9/11/2026 1:05 PM","W1236-SM MBLE SUP COC 1 PUERTA 2 ENTREPAÑOS","I","DOOR ","930.25","301.6",,"2","2","0","0",,,"1","18",,"0","LxA{+15,85}AyL AxL{-3,2}LyA",,"64427","C","C","1","Frente"
"9/11/2026 1:05 PM","W1236-SM MBLE SUP COC 1 PUERTA 2 ENTREPAÑOS","H","SHELF 2","273.8","266.7",,"0","0","2","2",,,"0.45","15",,"0","LxL{-31}LyL",,"64426","P","P","1","Caja"
"9/11/2026 1:05 PM","W1236-SM MBLE SUP COC 1 PUERTA 2 ENTREPAÑOS","G","SHELF 1","273.8","266.7",,"0","0","2","2",,,"0.45","15",,"0","LxL{-31}LyL",,"64425","P","P","1","Caja"
"9/11/2026 1:05 PM","W1236-SM MBLE SUP COC 1 PUERTA 2 ENTREPAÑOS","F","RAIL TRASERO","274.8","80",,"0","0","2","0",,,"0.45","15",,"0","LxL{-30}LyL",,"64424","P","P","1","Caja"
"9/11/2026 1:05 PM","W1236-SM MBLE SUP COC 1 PUERTA 2 ENTREPAÑOS","E","RAIL TRASERO","274.8","80",,"0","0","2","0",,,"0.45","15",,"0","LxL{-30}LyL",,"64423","P","P","1","Caja"
"9/11/2026 1:05 PM","W1236-SM MBLE SUP COC 1 PUERTA 2 ENTREPAÑOS","D","SIDE L - R16L","914.4","304.8",,"2","2","0","0",,,"0.45","15",,"0","LxA{0}AyL AxP{0}PyA",,"64422","B","C","1","Caja"
"9/11/2026 1:05 PM","W1236-SM MBLE SUP COC 1 PUERTA 2 ENTREPAÑOS","C","SIDE R - R16L","914.4","304.8",,"2","2","0","0",,,"0.45","15",,"0","LxA{0}AyL AxP{0}PyA",,"64421","B","C","1","Caja"
"9/11/2026 1:05 PM","W1236-SM MBLE SUP COC 1 PUERTA 2 ENTREPAÑOS","B","TAPA - R16L","274.8","304.8",,"2","0","0","0",,,"0.45","15",,"0","LxL{-30}LyL AxP{0}PyA",,"64420","B","C","1","Caja"
"9/11/2026 1:05 PM","W1236-SM MBLE SUP COC 1 PUERTA 2 ENTREPAÑOS","A","BASE - R16L","274.8","304.8",,"2","0","0","0",,,"0.45","15",,"0","LxL{-30}LyL AxP{0}PyA",,"64419","B","C","1","Caja"
"9/11/2026 12:56 PM","W1136-SM MBLE SUP COC 1 PUERTA 2 ENTREPAÑOS","J","BACKING","898.4","263.4",,"0","0","0","0",,,"0","6",,"0","LxA{-16}AyL AxL{-16}LyA",,"64388","F","X","1",
"9/11/2026 12:56 PM","W1136-SM MBLE SUP COC 1 PUERTA 2 ENTREPAÑOS","H","SHELF 2","248.4","266.7",,"0","0","2","2",,,"0.45","15",,"0","LxL{-31}LyL",,"64386","P","P","1","Caja"
"9/11/2026 12:56 PM","W1136-SM MBLE SUP COC 1 PUERTA 2 ENTREPAÑOS","I","DOOR ","930.25","276.2",,"2","2","0","0",,,"1","18",,"0","LxA{+15,85}AyL AxL{-3,2}LyA",,"64387","C","C","1","Frente"
"9/11/2026 12:56 PM","W1136-SM MBLE SUP COC 1 PUERTA 2 ENTREPAÑOS","G","SHELF 1","248.4","266.7",,"0","0","2","2",,,"0.45","15",,"0","LxL{-31}LyL",,"64385","P","P","1","Caja"
"9/11/2026 12:56 PM","W1136-SM MBLE SUP COC 1 PUERTA 2 ENTREPAÑOS","F","RAIL TRASERO","249.4","80",,"0","0","2","0",,,"0.45","15",,"0","LxL{-30}LyL",,"64384","P","P","1","Caja"
"9/11/2026 12:56 PM","W1136-SM MBLE SUP COC 1 PUERTA 2 ENTREPAÑOS","E","RAIL TRASERO","249.4","80",,"0","0","2","0",,,"0.45","15",,"0","LxL{-30}LyL",,"64383","P","P","1","Caja"
"9/11/2026 12:56 PM","W1136-SM MBLE SUP COC 1 PUERTA 2 ENTREPAÑOS","D","SIDE L - R16L","914.4","304.8",,"2","2","0","0",,,"0.45","15",,"0","LxA{0}AyL AxP{0}PyA",,"64382","B","C","1","Caja"
"9/11/2026 12:56 PM","W1136-SM MBLE SUP COC 1 PUERTA 2 ENTREPAÑOS","C","SIDE R - R16L","914.4","304.8",,"2","2","0","0",,,"0.45","15",,"0","LxA{0}AyL AxP{0}PyA",,"64381","B","C","1","Caja"
"9/11/2026 12:56 PM","W1136-SM MBLE SUP COC 1 PUERTA 2 ENTREPAÑOS","B","TAPA - R16L","249.4","304.8",,"2","0","0","0",,,"0.45","15",,"0","LxL{-30}LyL AxP{0}PyA",,"64380","B","C","1","Caja"
"9/11/2026 12:56 PM","W1136-SM MBLE SUP COC 1 PUERTA 2 ENTREPAÑOS","A","BASE - R16L","249.4","304.8",,"2","0","0","0",,,"0.45","15",,"0","LxL{-30}LyL AxP{0}PyA",,"64379","B","C","1","Caja"
"9/11/2026 12:55 PM","W1036-SM MBLE SUP COC 1 PUERTA 2 ENTREPAÑOS","J","BACKING","898.4","238",,"0","0","0","0",,,"0","6",,"0","LxA{-16}AyL AxL{-16}LyA",,"64378","F","X","1",
"9/11/2026 12:55 PM","W1036-SM MBLE SUP COC 1 PUERTA 2 ENTREPAÑOS","I","DOOR ","930.25","250.8",,"2","2","0","0",,,"1","18",,"0","LxA{+15,85}AyL AxL{-3,2}LyA",,"64377","C","C","1","Frente"
"9/11/2026 12:55 PM","W1036-SM MBLE SUP COC 1 PUERTA 2 ENTREPAÑOS","H","SHELF 2","223","266.7",,"0","0","2","2",,,"0.45","15",,"0","LxL{-31}LyL",,"64376","P","P","1","Caja"
"9/11/2026 12:55 PM","W1036-SM MBLE SUP COC 1 PUERTA 2 ENTREPAÑOS","G","SHELF 1","223","266.7",,"0","0","2","2",,,"0.45","15",,"0","LxL{-31}LyL",,"64375","P","P","1","Caja"
"9/11/2026 12:55 PM","W1036-SM MBLE SUP COC 1 PUERTA 2 ENTREPAÑOS","F","RAIL TRASERO","224","80",,"0","0","2","0",,,"0.45","15",,"0","LxL{-30}LyL",,"64374","P","P","1","Caja"
"9/11/2026 12:55 PM","W1036-SM MBLE SUP COC 1 PUERTA 2 ENTREPAÑOS","E","RAIL TRASERO","224","80",,"0","0","2","0",,,"0.45","15",,"0","LxL{-30}LyL",,"64373","P","P","1","Caja"
"9/11/2026 12:55 PM","W1036-SM MBLE SUP COC 1 PUERTA 2 ENTREPAÑOS","D","SIDE L - R16L","914.4","304.8",,"2","2","0","0",,,"0.45","15",,"0","LxA{0}AyL AxP{0}PyA",,"64372","B","C","1","Caja"
"9/11/2026 12:55 PM","W1036-SM MBLE SUP COC 1 PUERTA 2 ENTREPAÑOS","C","SIDE R - R16L","914.4","304.8",,"2","2","0","0",,,"0.45","15",,"0","LxA{0}AyL AxP{0}PyA",,"64371","B","C","1","Caja"
"9/11/2026 12:55 PM","W1036-SM MBLE SUP COC 1 PUERTA 2 ENTREPAÑOS","A","BASE - R16L","224","304.8",,"2","0","0","0",,,"0.45","15",,"0","LxL{-30}LyL AxP{0}PyA",,"64369","B","C","1","Caja"
"9/11/2026 12:55 PM","W1036-SM MBLE SUP COC 1 PUERTA 2 ENTREPAÑOS","B","TAPA - R16L","224","304.8",,"2","0","0","0",,,"0.45","15",,"0","LxL{-30}LyL AxP{0}PyA",,"64370","B","C","1","Caja"
"9/11/2026 12:54 PM","W936-SM MBLE SUP COC 1 PUERTA 2 ENTREPAÑOS","J","BACKING","898.4","212.6",,"0","0","0","0",,,"0","6",,"0","LxA{-16}AyL AxL{-16}LyA",,"64368","F","X","1",
"9/11/2026 12:54 PM","W936-SM MBLE SUP COC 1 PUERTA 2 ENTREPAÑOS","I","DOOR ","930.25","225.4",,"2","2","0","0",,,"1","18",,"0","LxA{+15,85}AyL AxL{-3,2}LyA",,"64367","C","C","1","Frente"
"9/11/2026 12:54 PM","W936-SM MBLE SUP COC 1 PUERTA 2 ENTREPAÑOS","H","SHELF 2","197.6","266.7",,"0","0","2","2",,,"0.45","15",,"0","LxL{-31}LyL",,"64366","P","P","1","Caja"
"9/11/2026 12:54 PM","W936-SM MBLE SUP COC 1 PUERTA 2 ENTREPAÑOS","G","SHELF 1","197.6","266.7",,"0","0","2","2",,,"0.45","15",,"0","LxL{-31}LyL",,"64365","P","P","1","Caja"
"9/11/2026 12:54 PM","W936-SM MBLE SUP COC 1 PUERTA 2 ENTREPAÑOS","F","RAIL TRASERO","198.6","80",,"0","0","2","0",,,"0.45","15",,"0","LxL{-30}LyL",,"64364","P","P","1","Caja"
"9/11/2026 12:54 PM","W936-SM MBLE SUP COC 1 PUERTA 2 ENTREPAÑOS","E","RAIL TRASERO","198.6","80",,"0","0","2","0",,,"0.45","15",,"0","LxL{-30}LyL",,"64363","P","P","1","Caja"
"9/11/2026 12:54 PM","W936-SM MBLE SUP COC 1 PUERTA 2 ENTREPAÑOS","D","SIDE L - R16L","914.4","304.8",,"2","2","0","0",,,"0.45","15",,"0","LxA{0}AyL AxP{0}PyA",,"64362","B","C","1","Caja"
"9/11/2026 12:54 PM","W936-SM MBLE SUP COC 1 PUERTA 2 ENTREPAÑOS","C","SIDE R - R16L","914.4","304.8",,"2","2","0","0",,,"0.45","15",,"0","LxA{0}AyL AxP{0}PyA",,"64361","B","C","1","Caja"
"9/11/2026 12:54 PM","W936-SM MBLE SUP COC 1 PUERTA 2 ENTREPAÑOS","B","TAPA - R16L","198.6","304.8",,"2","0","0","0",,,"0.45","15",,"0","LxL{-30}LyL AxP{0}PyA",,"64360","B","C","1","Caja"
"9/11/2026 12:54 PM","W936-SM MBLE SUP COC 1 PUERTA 2 ENTREPAÑOS","A","BASE - R16L","198.6","304.8",,"2","0","0","0",,,"0.45","15",,"0","LxL{-30}LyL AxP{0}PyA",,"64359","B","C","1","Caja"
"9/11/2026 12:47 PM","W3817 1/224-SM-PUSH MBLE SUP COC 2 PUERTAS 1 ENTREPAÑO","J","BACKING","428.5","949.2",,"0","0","0","0",,,"0","6",,"0","LxA{-16}AyL AxL{-16}LyA",,"64348","F","X","1",
"9/11/2026 12:47 PM","W3817 1/224-SM-PUSH MBLE SUP COC 2 PUERTAS 1 ENTREPAÑO","I","DOOR L","441.3","479.4",,"2","2","0","0",,,"1","18",,"0","LxA{-3,2}AyL AxL[0,496684]LyA",,"64347","C","C","1","Frente"
"9/11/2026 12:47 PM","W3817 1/224-SM-PUSH MBLE SUP COC 2 PUERTAS 1 ENTREPAÑO","H","DOOR R","441.3","479.4",,"2","2","0","0",,,"1","18",,"0","LxA{-3,2}AyL AxL[0,496684]LyA",,"64346","C","C","1","Frente"
"9/11/2026 12:47 PM","W3817 1/224-SM-PUSH MBLE SUP COC 2 PUERTAS 1 ENTREPAÑO","G","SHELF 1","934.2","558.8",,"0","0","2","2",,,"0.45","15",,"0","LxL{-31}LyL",,"64345","P","P","1","Caja"
"9/11/2026 12:47 PM","W3817 1/224-SM-PUSH MBLE SUP COC 2 PUERTAS 1 ENTREPAÑO","F","RAIL TRASERO","935.2","80",,"0","0","2","0",,,"0.45","15",,"0","LxL{-30}LyL",,"64344","P","P","1","Caja"
"9/11/2026 12:47 PM","W3817 1/224-SM-PUSH MBLE SUP COC 2 PUERTAS 1 ENTREPAÑO","E","RAIL TRASERO","935.2","80",,"0","0","2","0",,,"0.45","15",,"0","LxL{-30}LyL",,"64343","P","P","1","Caja"
"9/11/2026 12:47 PM","W3817 1/224-SM-PUSH MBLE SUP COC 2 PUERTAS 1 ENTREPAÑO","D","SIDE L - R16L","444.5","609.6",,"2","2","0","0",,,"0.45","15",,"0","LxA{0}AyL AxP{0}PyA",,"64342","B","C","1","Caja"
"9/11/2026 12:47 PM","W3817 1/224-SM-PUSH MBLE SUP COC 2 PUERTAS 1 ENTREPAÑO","C","SIDE R - R16L","444.5","609.6",,"2","2","0","0",,,"0.45","15",,"0","LxA{0}AyL AxP{0}PyA",,"64341","B","C","1","Caja"
"9/11/2026 12:47 PM","W3817 1/224-SM-PUSH MBLE SUP COC 2 PUERTAS 1 ENTREPAÑO","B","TAPA-R16L","935.2","609.6",,"2","0","0","0",,,"0.45","15",,"0","LxL{-30}LyL AxP{0}PyA",,"64340","B","C","1","Caja"
"9/11/2026 12:47 PM","W3817 1/224-SM-PUSH MBLE SUP COC 2 PUERTAS 1 ENTREPAÑO","A","BASE - R16L","935.2","609.6",,"2","0","0","0",,,"0.45","15",,"0","LxL{-30}LyL AxP{0}PyA",,"64339","B","C","1","Caja"
"9/11/2026 12:45 PM","W3617 1/224-SM-PUSH MBLE SUP COC 2 PUERTAS 1 ENTREPAÑO","J","BACKING","428.5","898.4",,"0","0","0","0",,,"0","6",,"0","LxA{-16}AyL AxL{-16}LyA",,"64338","F","X","1",
"9/11/2026 12:45 PM","W3617 1/224-SM-PUSH MBLE SUP COC 2 PUERTAS 1 ENTREPAÑO","I","DOOR L","441.3","454",,"2","2","0","0",,,"1","18",,"0","LxA{-3,2}AyL AxL[0,496500]LyA",,"64337","C","C","1","Frente"
"9/11/2026 12:45 PM","W3617 1/224-SM-PUSH MBLE SUP COC 2 PUERTAS 1 ENTREPAÑO","H","DOOR R","441.3","454",,"2","2","0","0",,,"1","18",,"0","LxA{-3,2}AyL AxL[0,496500]LyA",,"64336","C","C","1","Frente"
"9/11/2026 12:45 PM","W3617 1/224-SM-PUSH MBLE SUP COC 2 PUERTAS 1 ENTREPAÑO","G","SHELF 1","883.4","558.8",,"0","0","2","2",,,"0.45","15",,"0","LxL{-31}LyL",,"64335","P","P","1","Caja"
"9/11/2026 12:45 PM","W3617 1/224-SM-PUSH MBLE SUP COC 2 PUERTAS 1 ENTREPAÑO","F","RAIL TRASERO","884.4","80",,"0","0","2","0",,,"0.45","15",,"0","LxL{-30}LyL",,"64334","P","P","1","Caja"
"9/11/2026 12:45 PM","W3617 1/224-SM-PUSH MBLE SUP COC 2 PUERTAS 1 ENTREPAÑO","E","RAIL TRASERO","884.4","80",,"0","0","2","0",,,"0.45","15",,"0","LxL{-30}LyL",,"64333","P","P","1","Caja"
"9/11/2026 12:45 PM","W3617 1/224-SM-PUSH MBLE SUP COC 2 PUERTAS 1 ENTREPAÑO","C","SIDE R - R16L","444.5","609.6",,"2","2","0","0",,,"0.45","15",,"0","LxA{0}AyL AxP{0}PyA",,"64331","B","C","1","Caja"
"9/11/2026 12:45 PM","W3617 1/224-SM-PUSH MBLE SUP COC 2 PUERTAS 1 ENTREPAÑO","D","SIDE L - R16L","444.5","609.6",,"2","2","0","0",,,"0.45","15",,"0","LxA{0}AyL AxP{0}PyA",,"64332","B","C","1","Caja"
"9/11/2026 12:45 PM","W3617 1/224-SM-PUSH MBLE SUP COC 2 PUERTAS 1 ENTREPAÑO","B","TAPA-R16L","884.4","609.6",,"2","0","0","0",,,"0.45","15",,"0","LxL{-30}LyL AxP{0}PyA",,"64330","B","C","1","Caja"
"9/11/2026 12:45 PM","W3617 1/224-SM-PUSH MBLE SUP COC 2 PUERTAS 1 ENTREPAÑO","A","BASE - R16L","884.4","609.6",,"2","0","0","0",,,"0.45","15",,"0","LxL{-30}LyL AxP{0}PyA",,"64329","B","C","1","Caja"
"9/11/2026 12:44 PM","W332124-SM-PUSH MBLE SUP COC 2 PUERTAS 1 ENTREPAÑO","J","BACKING","517.4","822.2",,"0","0","0","0",,,"0","6",,"0","LxA{-16}AyL AxL{-16}LyA",,"64328","F","X","1",
"9/11/2026 12:44 PM","W332124-SM-PUSH MBLE SUP COC 2 PUERTAS 1 ENTREPAÑO","I","DOOR L","530.2","415.9",,"2","2","0","0",,,"1","18",,"0","LxA{-3,2}AyL AxL[0,496182]LyA",,"64327","C","C","1","Frente"
"9/11/2026 12:44 PM","W332124-SM-PUSH MBLE SUP COC 2 PUERTAS 1 ENTREPAÑO","H","DOOR R","530.2","415.9",,"2","2","0","0",,,"1","18",,"0","LxA{-3,2}AyL AxL[0,496182]LyA",,"64326","C","C","1","Frente"
"9/11/2026 12:44 PM","W332124-SM-PUSH MBLE SUP COC 2 PUERTAS 1 ENTREPAÑO","G","SHELF 1","807.2","558.8",,"0","0","2","2",,,"0.45","15",,"0","LxL{-31}LyL",,"64325","P","P","1","Caja"
"9/11/2026 12:44 PM","W332124-SM-PUSH MBLE SUP COC 2 PUERTAS 1 ENTREPAÑO","F","RAIL TRASERO","808.2","80",,"0","0","2","0",,,"0.45","15",,"0","LxL{-30}LyL",,"64324","P","P","1","Caja"
"9/11/2026 12:44 PM","W332124-SM-PUSH MBLE SUP COC 2 PUERTAS 1 ENTREPAÑO","E","RAIL TRASERO","808.2","80",,"0","0","2","0",,,"0.45","15",,"0","LxL{-30}LyL",,"64323","P","P","1","Caja"
"9/11/2026 12:44 PM","W332124-SM-PUSH MBLE SUP COC 2 PUERTAS 1 ENTREPAÑO","D","SIDE L - R16L","533.4","609.6",,"2","2","0","0",,,"0.45","15",,"0","LxA{0}AyL AxP{0}PyA",,"64322","B","C","1","Caja"
"9/11/2026 12:44 PM","W332124-SM-PUSH MBLE SUP COC 2 PUERTAS 1 ENTREPAÑO","B","TAPA-R16L","808.2","609.6",,"2","0","0","0",,,"0.45","15",,"0","LxL{-30}LyL AxP{0}PyA",,"64320","B","C","1","Caja"
"9/11/2026 12:44 PM","W332124-SM-PUSH MBLE SUP COC 2 PUERTAS 1 ENTREPAÑO","C","SIDE R - R16L","533.4","609.6",,"2","2","0","0",,,"0.45","15",,"0","LxA{0}AyL AxP{0}PyA",,"64321","B","C","1","Caja"
"9/11/2026 12:44 PM","W332124-SM-PUSH MBLE SUP COC 2 PUERTAS 1 ENTREPAÑO","A","BASE - R16L","808.2","609.6",,"2","0","0","0",,,"0.45","15",,"0","LxL{-30}LyL AxP{0}PyA",,"64319","B","C","1","Caja"
"9/11/2026 12:43 PM","W322124-SM-PUSH MBLE SUP COC 2 PUERTAS 1 ENTREPAÑO","J","BACKING","517.4","796.8",,"0","0","0","0",,,"0","6",,"0","LxA{-16}AyL AxL{-16}LyA",,"64318","F","X","1",
"9/11/2026 12:43 PM","W322124-SM-PUSH MBLE SUP COC 2 PUERTAS 1 ENTREPAÑO","I","DOOR L","530.2","403.2",,"2","2","0","0",,,"1","18",,"0","LxA{-3,2}AyL AxL[0,496062]LyA",,"64317","C","C","1","Frente"
"9/11/2026 12:43 PM","W322124-SM-PUSH MBLE SUP COC 2 PUERTAS 1 ENTREPAÑO","H","DOOR R","530.2","403.2",,"2","2","0","0",,,"1","18",,"0","LxA{-3,2}AyL AxL[0,496062]LyA",,"64316","C","C","1","Frente"
"9/11/2026 12:43 PM","W322124-SM-PUSH MBLE SUP COC 2 PUERTAS 1 ENTREPAÑO","F","RAIL TRASERO","782.8","80",,"0","0","2","0",,,"0.45","15",,"0","LxL{-30}LyL",,"64314","P","P","1","Caja"
"9/11/2026 12:43 PM","W322124-SM-PUSH MBLE SUP COC 2 PUERTAS 1 ENTREPAÑO","G","SHELF 1","781.8","558.8",,"0","0","2","2",,,"0.45","15",,"0","LxL{-31}LyL",,"64315","P","P","1","Caja"
"9/11/2026 12:43 PM","W322124-SM-PUSH MBLE SUP COC 2 PUERTAS 1 ENTREPAÑO","E","RAIL TRASERO","782.8","80",,"0","0","2","0",,,"0.45","15",,"0","LxL{-30}LyL",,"64313","P","P","1","Caja"
"9/11/2026 12:43 PM","W322124-SM-PUSH MBLE SUP COC 2 PUERTAS 1 ENTREPAÑO","D","SIDE L - R16L","533.4","609.6",,"2","2","0","0",,,"0.45","15",,"0","LxA{0}AyL AxP{0}PyA",,"64312","B","C","1","Caja"
"9/11/2026 12:43 PM","W322124-SM-PUSH MBLE SUP COC 2 PUERTAS 1 ENTREPAÑO","C","SIDE R - R16L","533.4","609.6",,"2","2","0","0",,,"0.45","15",,"0","LxA{0}AyL AxP{0}PyA",,"64311","B","C","1","Caja"
"9/11/2026 12:43 PM","W322124-SM-PUSH MBLE SUP COC 2 PUERTAS 1 ENTREPAÑO","B","TAPA-R16L","782.8","609.6",,"2","0","0","0",,,"0.45","15",,"0","LxL{-30}LyL AxP{0}PyA",,"64310","B","C","1","Caja"
"9/11/2026 12:43 PM","W322124-SM-PUSH MBLE SUP COC 2 PUERTAS 1 ENTREPAÑO","A","BASE - R16L","782.8","609.6",,"2","0","0","0",,,"0.45","15",,"0","LxL{-30}LyL AxP{0}PyA",,"64309","B","C","1","Caja"
"9/11/2026 11:41 AM","W3336-SM MBLE SUP COC 2 PUERTAS 2 ENTREPAÑOS","J","DOOR L","930.25","415.9",,"2","2",,,,,"1","18",,"0","LxA{+15,85}AyL AxL[0,496182]LyA",,"64278","C","C","1","Frente"
"9/11/2026 11:41 AM","W3336-SM MBLE SUP COC 2 PUERTAS 2 ENTREPAÑOS","K","BACKING","898.4","822.2",,"0","0","0","0",,,"0","6",,"0","LxA{-16}AyL AxL{-16}LyA",,"64277","F","X","1",
"9/11/2026 11:41 AM","W3336-SM MBLE SUP COC 2 PUERTAS 2 ENTREPAÑOS","I","DOOR R","930.25","415.9",,"2","2","0","0",,,"1","18",,"0","LxA{+15,85}AyL AxL[0,496182]LyA",,"64276","C","C","1","Frente"
"9/11/2026 11:41 AM","W3336-SM MBLE SUP COC 2 PUERTAS 2 ENTREPAÑOS","H","SHELF 2","807.2","266.7",,"0","0","2","2",,,"0.45","15",,"0","LxL{-31}LyL",,"64275","P","P","1","Caja"
"9/11/2026 11:41 AM","W3336-SM MBLE SUP COC 2 PUERTAS 2 ENTREPAÑOS","G","SHELF 1","807.2","266.7",,"0","0","2","2",,,"0.45","15",,"0","LxL{-31}LyL",,"64274","P","P","1","Caja"
"9/11/2026 11:41 AM","W3336-SM MBLE SUP COC 2 PUERTAS 2 ENTREPAÑOS","F","RAIL TRASERO","808.2","80",,"0","0","2","0",,,"0.45","15",,"0","LxL{-30}LyL",,"64273","P","P","1","Caja"
"9/11/2026 11:41 AM","W3336-SM MBLE SUP COC 2 PUERTAS 2 ENTREPAÑOS","E","RAIL TRASERO","808.2","80",,"0","0","2","0",,,"0.45","15",,"0","LxL{-30}LyL",,"64272","P","P","1","Caja"
"9/11/2026 11:41 AM","W3336-SM MBLE SUP COC 2 PUERTAS 2 ENTREPAÑOS","D","SIDE L - R16L","914.4","304.8",,"2","2","0","0",,,"0.45","15",,"0","LxA{0}AyL AxP{0}PyA",,"64271","B","C","1","Caja"
"9/11/2026 11:41 AM","W3336-SM MBLE SUP COC 2 PUERTAS 2 ENTREPAÑOS","C","SIDE R - R16L","914.4","304.8",,"2","2","0","0",,,"0.45","15",,"0","LxA{0}AyL AxP{0}PyA",,"64270","B","C","1","Caja"
"9/11/2026 11:41 AM","W3336-SM MBLE SUP COC 2 PUERTAS 2 ENTREPAÑOS","B","TAPA - R16L","808.2","304.8",,"2","0","0","0",,,"0.45","15",,"0","LxL{-30}LyL AxP{0}PyA",,"64269","B","C","1","Caja"
"9/11/2026 11:41 AM","W3336-SM MBLE SUP COC 2 PUERTAS 2 ENTREPAÑOS","A","BASE - R16L","808.2","304.8",,"2","0","0","0",,,"0.45","15",,"0","LxL{-30}LyL AxP{0}PyA",,"64268","B","C","1","Caja"
"9/11/2026 11:39 AM","W3236-SM MBLE SUP COC 2 PUERTAS 2 ENTREPAÑOS","J","DOOR L","930.25","403.2",,"2","2",,,,,"1","18",,"0","LxA{+15,85}AyL AxL[0,496062]LyA",,"64267","C","C","1","Frente"
"9/11/2026 11:39 AM","W3236-SM MBLE SUP COC 2 PUERTAS 2 ENTREPAÑOS","K","BACKING","898.4","796.8",,"0","0","0","0",,,"0","6",,"0","LxA{-16}AyL AxL{-16}LyA",,"64266","F","X","1",
"9/11/2026 11:39 AM","W3236-SM MBLE SUP COC 2 PUERTAS 2 ENTREPAÑOS","I","DOOR R","930.25","403.2",,"2","2","0","0",,,"1","18",,"0","LxA{+15,85}AyL AxL[0,496062]LyA",,"64265","C","C","1","Frente"
"9/11/2026 11:39 AM","W3236-SM MBLE SUP COC 2 PUERTAS 2 ENTREPAÑOS","H","SHELF 2","781.8","266.7",,"0","0","2","2",,,"0.45","15",,"0","LxL{-31}LyL",,"64264","P","P","1","Caja"
"9/11/2026 11:39 AM","W3236-SM MBLE SUP COC 2 PUERTAS 2 ENTREPAÑOS","G","SHELF 1","781.8","266.7",,"0","0","2","2",,,"0.45","15",,"0","LxL{-31}LyL",,"64263","P","P","1","Caja"
"9/11/2026 11:39 AM","W3236-SM MBLE SUP COC 2 PUERTAS 2 ENTREPAÑOS","F","RAIL TRASERO","782.8","80",,"0","0","2","0",,,"0.45","15",,"0","LxL{-30}LyL",,"64262","P","P","1","Caja"
"9/11/2026 11:39 AM","W3236-SM MBLE SUP COC 2 PUERTAS 2 ENTREPAÑOS","E","RAIL TRASERO","782.8","80",,"0","0","2","0",,,"0.45","15",,"0","LxL{-30}LyL",,"64261","P","P","1","Caja"
"9/11/2026 11:39 AM","W3236-SM MBLE SUP COC 2 PUERTAS 2 ENTREPAÑOS","D","SIDE L - R16L","914.4","304.8",,"2","2","0","0",,,"0.45","15",,"0","LxA{0}AyL AxP{0}PyA",,"64260","B","C","1","Caja"
"9/11/2026 11:39 AM","W3236-SM MBLE SUP COC 2 PUERTAS 2 ENTREPAÑOS","C","SIDE R - R16L","914.4","304.8",,"2","2","0","0",,,"0.45","15",,"0","LxA{0}AyL AxP{0}PyA",,"64259","B","C","1","Caja"
"9/11/2026 11:39 AM","W3236-SM MBLE SUP COC 2 PUERTAS 2 ENTREPAÑOS","B","TAPA - R16L","782.8","304.8",,"2","0","0","0",,,"0.45","15",,"0","LxL{-30}LyL AxP{0}PyA",,"64258","B","C","1","Caja"
"9/11/2026 11:39 AM","W3236-SM MBLE SUP COC 2 PUERTAS 2 ENTREPAÑOS","A","BASE - R16L","782.8","304.8",,"2","0","0","0",,,"0.45","15",,"0","LxL{-30}LyL AxP{0}PyA",,"64257","B","C","1","Caja"
"9/11/2026 11:36 AM","W3136-SM MBLE SUP COC 2 PUERTAS 2 ENTREPAÑOS","J","DOOR L","930.25","390.5",,"2","2",,,,,"1","18",,"0","LxA{+15,85}AyL AxL[0,495935]LyA",,"64256","C","C","1","Frente"
"9/11/2026 11:36 AM","W3136-SM MBLE SUP COC 2 PUERTAS 2 ENTREPAÑOS","K","BACKING","898.4","771.4",,"0","0","0","0",,,"0","6",,"0","LxA{-16}AyL AxL{-16}LyA",,"64255","F","X","1",
"9/11/2026 11:36 AM","W3136-SM MBLE SUP COC 2 PUERTAS 2 ENTREPAÑOS","I","DOOR R","930.25","390.5",,"2","2","0","0",,,"1","18",,"0","LxA{+15,85}AyL AxL[0,495935]LyA",,"64254","C","C","1","Frente"
"9/11/2026 11:36 AM","W3136-SM MBLE SUP COC 2 PUERTAS 2 ENTREPAÑOS","H","SHELF 2","756.4","266.7",,"0","0","2","2",,,"0.45","15",,"0","LxL{-31}LyL",,"64253","P","P","1","Caja"
"9/11/2026 11:36 AM","W3136-SM MBLE SUP COC 2 PUERTAS 2 ENTREPAÑOS","G","SHELF 1","756.4","266.7",,"0","0","2","2",,,"0.45","15",,"0","LxL{-31}LyL",,"64252","P","P","1","Caja"
"9/11/2026 11:36 AM","W3136-SM MBLE SUP COC 2 PUERTAS 2 ENTREPAÑOS","F","RAIL TRASERO","757.4","80",,"0","0","2","0",,,"0.45","15",,"0","LxL{-30}LyL",,"64251","P","P","1","Caja"
"9/11/2026 11:36 AM","W3136-SM MBLE SUP COC 2 PUERTAS 2 ENTREPAÑOS","E","RAIL TRASERO","757.4","80",,"0","0","2","0",,,"0.45","15",,"0","LxL{-30}LyL",,"64250","P","P","1","Caja"
"9/11/2026 11:36 AM","W3136-SM MBLE SUP COC 2 PUERTAS 2 ENTREPAÑOS","D","SIDE L - R16L","914.4","304.8",,"2","2","0","0",,,"0.45","15",,"0","LxA{0}AyL AxP{0}PyA",,"64249","B","C","1","Caja"
"9/11/2026 11:36 AM","W3136-SM MBLE SUP COC 2 PUERTAS 2 ENTREPAÑOS","C","SIDE R - R16L","914.4","304.8",,"2","2","0","0",,,"0.45","15",,"0","LxA{0}AyL AxP{0}PyA",,"64248","B","C","1","Caja"
"9/11/2026 11:36 AM","W3136-SM MBLE SUP COC 2 PUERTAS 2 ENTREPAÑOS","B","TAPA - R16L","757.4","304.8",,"2","0","0","0",,,"0.45","15",,"0","LxL{-30}LyL AxP{0}PyA",,"64247","B","C","1","Caja"
"9/11/2026 11:36 AM","W3136-SM MBLE SUP COC 2 PUERTAS 2 ENTREPAÑOS","A","BASE - R16L","757.4","304.8",,"2","0","0","0",,,"0.45","15",,"0","LxL{-30}LyL AxP{0}PyA",,"64246","B","C","1","Caja"
"9/11/2026 11:33 AM","W3036-SM MBLE SUP COC 2 PUERTAS 2 ENTREPAÑOS","J","DOOR L","930.25","377.8",,"2","2",,,,,"1","18",,"0","LxA{+15,85}AyL AxL[0,495800]LyA",,"64245","C","C","1","Frente"
"9/11/2026 11:33 AM","W3036-SM MBLE SUP COC 2 PUERTAS 2 ENTREPAÑOS","K","BACKING","898.4","746",,"0","0","0","0",,,"0","6",,"0","LxA{-16}AyL AxL{-16}LyA",,"64244","F","X","1",
"9/11/2026 11:33 AM","W3036-SM MBLE SUP COC 2 PUERTAS 2 ENTREPAÑOS","I","DOOR R","930.25","377.8",,"2","2","0","0",,,"1","18",,"0","LxA{+15,85}AyL AxL[0,495800]LyA",,"64243","C","C","1","Frente"
"9/11/2026 11:33 AM","W3036-SM MBLE SUP COC 2 PUERTAS 2 ENTREPAÑOS","H","SHELF 2","731","266.7",,"0","0","2","2",,,"0.45","15",,"0","LxL{-31}LyL",,"64242","P","P","1","Caja"
"9/11/2026 11:33 AM","W3036-SM MBLE SUP COC 2 PUERTAS 2 ENTREPAÑOS","G","SHELF 1","731","266.7",,"0","0","2","2",,,"0.45","15",,"0","LxL{-31}LyL",,"64241","P","P","1","Caja"
"9/11/2026 11:33 AM","W3036-SM MBLE SUP COC 2 PUERTAS 2 ENTREPAÑOS","F","RAIL TRASERO","732","80",,"0","0","2","0",,,"0.45","15",,"0","LxL{-30}LyL",,"64240","P","P","1","Caja"
"9/11/2026 11:33 AM","W3036-SM MBLE SUP COC 2 PUERTAS 2 ENTREPAÑOS","E","RAIL TRASERO","732","80",,"0","0","2","0",,,"0.45","15",,"0","LxL{-30}LyL",,"64239","P","P","1","Caja"
"9/11/2026 11:33 AM","W3036-SM MBLE SUP COC 2 PUERTAS 2 ENTREPAÑOS","D","SIDE L - R16L","914.4","304.8",,"2","2","0","0",,,"0.45","15",,"0","LxA{0}AyL AxP{0}PyA",,"64238","B","C","1","Caja"
"9/11/2026 11:33 AM","W3036-SM MBLE SUP COC 2 PUERTAS 2 ENTREPAÑOS","C","SIDE R - R16L","914.4","304.8",,"2","2","0","0",,,"0.45","15",,"0","LxA{0}AyL AxP{0}PyA",,"64237","B","C","1","Caja"
"9/11/2026 11:33 AM","W3036-SM MBLE SUP COC 2 PUERTAS 2 ENTREPAÑOS","B","TAPA - R16L","732","304.8",,"2","0","0","0",,,"0.45","15",,"0","LxL{-30}LyL AxP{0}PyA",,"64236","B","C","1","Caja"
"9/11/2026 11:33 AM","W3036-SM MBLE SUP COC 2 PUERTAS 2 ENTREPAÑOS","A","BASE - R16L","732","304.8",,"2","0","0","0",,,"0.45","15",,"0","LxL{-30}LyL AxP{0}PyA",,"64235","B","C","1","Caja"
"9/11/2026 11:31 AM","W2936-SM MBLE SUP COC 2 PUERTAS 2 ENTREPAÑOS","J","DOOR L","930.25","365.1",,"2","2",,,,,"1","18",,"0","LxA{+15,85}AyL AxL[0,495655]LyA",,"64234","C","C","1","Frente"
"9/11/2026 11:31 AM","W2936-SM MBLE SUP COC 2 PUERTAS 2 ENTREPAÑOS","K","BACKING","898.4","720.6",,"0","0","0","0",,,"0","6",,"0","LxA{-16}AyL AxL{-16}LyA",,"64233","F","X","1",
"9/11/2026 11:31 AM","W2936-SM MBLE SUP COC 2 PUERTAS 2 ENTREPAÑOS","I","DOOR R","930.25","365.1",,"2","2","0","0",,,"1","18",,"0","LxA{+15,85}AyL AxL[0,495655]LyA",,"64232","C","C","1","Frente"
"9/11/2026 11:31 AM","W2936-SM MBLE SUP COC 2 PUERTAS 2 ENTREPAÑOS","H","SHELF 2","705.6","266.7",,"0","0","2","2",,,"0.45","15",,"0","LxL{-31}LyL",,"64231","P","P","1","Caja"
"9/11/2026 11:31 AM","W2936-SM MBLE SUP COC 2 PUERTAS 2 ENTREPAÑOS","G","SHELF 1","705.6","266.7",,"0","0","2","2",,,"0.45","15",,"0","LxL{-31}LyL",,"64230","P","P","1","Caja"
"9/11/2026 11:31 AM","W2936-SM MBLE SUP COC 2 PUERTAS 2 ENTREPAÑOS","F","RAIL TRASERO","706.6","80",,"0","0","2","0",,,"0.45","15",,"0","LxL{-30}LyL",,"64229","P","P","1","Caja"
"9/11/2026 11:31 AM","W2936-SM MBLE SUP COC 2 PUERTAS 2 ENTREPAÑOS","E","RAIL TRASERO","706.6","80",,"0","0","2","0",,,"0.45","15",,"0","LxL{-30}LyL",,"64228","P","P","1","Caja"
"9/11/2026 11:31 AM","W2936-SM MBLE SUP COC 2 PUERTAS 2 ENTREPAÑOS","D","SIDE L - R16L","914.4","304.8",,"2","2","0","0",,,"0.45","15",,"0","LxA{0}AyL AxP{0}PyA",,"64227","B","C","1","Caja"
"9/11/2026 11:31 AM","W2936-SM MBLE SUP COC 2 PUERTAS 2 ENTREPAÑOS","C","SIDE R - R16L","914.4","304.8",,"2","2","0","0",,,"0.45","15",,"0","LxA{0}AyL AxP{0}PyA",,"64226","B","C","1","Caja"
"9/11/2026 11:31 AM","W2936-SM MBLE SUP COC 2 PUERTAS 2 ENTREPAÑOS","B","TAPA - R16L","706.6","304.8",,"2","0","0","0",,,"0.45","15",,"0","LxL{-30}LyL AxP{0}PyA",,"64225","B","C","1","Caja"
"9/11/2026 11:31 AM","W2936-SM MBLE SUP COC 2 PUERTAS 2 ENTREPAÑOS","A","BASE - R16L","706.6","304.8",,"2","0","0","0",,,"0.45","15",,"0","LxL{-30}LyL AxP{0}PyA",,"64224","B","C","1","Caja"
"9/11/2026 11:25 AM","W2836-SM MBLE SUP COC 2 PUERTAS 2 ENTREPAÑOS","J","DOOR L","930.25","352.4",,"2","2",,,,,"1","18",,"0","LxA{+15,85}AyL AxL[0,495500]LyA",,"64223","C","C","1","Frente"
"9/11/2026 11:25 AM","W2836-SM MBLE SUP COC 2 PUERTAS 2 ENTREPAÑOS","K","BACKING","898.4","695.2",,"0","0","0","0",,,"0","6",,"0","LxA{-16}AyL AxL{-16}LyA",,"64222","F","X","1",
"9/11/2026 11:25 AM","W2836-SM MBLE SUP COC 2 PUERTAS 2 ENTREPAÑOS","I","DOOR R","930.25","352.4",,"2","2","0","0",,,"1","18",,"0","LxA{+15,85}AyL AxL[0,495500]LyA",,"64221","C","C","1","Frente"
"9/11/2026 11:25 AM","W2836-SM MBLE SUP COC 2 PUERTAS 2 ENTREPAÑOS","H","SHELF 2","680.2","266.7",,"0","0","2","2",,,"0.45","15",,"0","LxL{-31}LyL",,"64220","P","P","1","Caja"
"9/11/2026 11:25 AM","W2836-SM MBLE SUP COC 2 PUERTAS 2 ENTREPAÑOS","G","SHELF 1","680.2","266.7",,"0","0","2","2",,,"0.45","15",,"0","LxL{-31}LyL",,"64219","P","P","1","Caja"
"9/11/2026 11:25 AM","W2836-SM MBLE SUP COC 2 PUERTAS 2 ENTREPAÑOS","F","RAIL TRASERO","681.2","80",,"0","0","2","0",,,"0.45","15",,"0","LxL{-30}LyL",,"64218","P","P","1","Caja"
"9/11/2026 11:25 AM","W2836-SM MBLE SUP COC 2 PUERTAS 2 ENTREPAÑOS","E","RAIL TRASERO","681.2","80",,"0","0","2","0",,,"0.45","15",,"0","LxL{-30}LyL",,"64217","P","P","1","Caja"
"9/11/2026 11:25 AM","W2836-SM MBLE SUP COC 2 PUERTAS 2 ENTREPAÑOS","D","SIDE L - R16L","914.4","304.8",,"2","2","0","0",,,"0.45","15",,"0","LxA{0}AyL AxP{0}PyA",,"64216","B","C","1","Caja"
"9/11/2026 11:25 AM","W2836-SM MBLE SUP COC 2 PUERTAS 2 ENTREPAÑOS","C","SIDE R - R16L","914.4","304.8",,"2","2","0","0",,,"0.45","15",,"0","LxA{0}AyL AxP{0}PyA",,"64215","B","C","1","Caja"
"9/11/2026 11:25 AM","W2836-SM MBLE SUP COC 2 PUERTAS 2 ENTREPAÑOS","B","TAPA - R16L","681.2","304.8",,"2","0","0","0",,,"0.45","15",,"0","LxL{-30}LyL AxP{0}PyA",,"64214","B","C","1","Caja"
"9/11/2026 11:25 AM","W2836-SM MBLE SUP COC 2 PUERTAS 2 ENTREPAÑOS","A","BASE - R16L","681.2","304.8",,"2","0","0","0",,,"0.45","15",,"0","LxL{-30}LyL AxP{0}PyA",,"64213","B","C","1","Caja"
"9/11/2026 11:22 AM","W2536-SM MBLE SUP COC 2 PUERTAS 2 ENTREPAÑOS","J","DOOR L","930.25","314.3",,"2","2",,,,,"1","18",,"0","LxA{+15,85}AyL AxL[0,494960]LyA",,"64202","C","C","1","Frente"
"9/11/2026 11:22 AM","W2536-SM MBLE SUP COC 2 PUERTAS 2 ENTREPAÑOS","K","BACKING","898.4","619",,"0","0","0","0",,,"0","6",,"0","LxA{-16}AyL AxL{-16}LyA",,"64201","F","X","1",
"9/11/2026 11:22 AM","W2536-SM MBLE SUP COC 2 PUERTAS 2 ENTREPAÑOS","I","DOOR R","930.25","314.3",,"2","2","0","0",,,"1","18",,"0","LxA{+15,85}AyL AxL[0,494960]LyA",,"64200","C","C","1","Frente"
"9/11/2026 11:22 AM","W2536-SM MBLE SUP COC 2 PUERTAS 2 ENTREPAÑOS","H","SHELF 2","604","266.7",,"0","0","2","2",,,"0.45","15",,"0","LxL{-31}LyL",,"64199","P","P","1","Caja"
"9/11/2026 11:22 AM","W2536-SM MBLE SUP COC 2 PUERTAS 2 ENTREPAÑOS","G","SHELF 1","604","266.7",,"0","0","2","2",,,"0.45","15",,"0","LxL{-31}LyL",,"64198","P","P","1","Caja"
"9/11/2026 11:22 AM","W2536-SM MBLE SUP COC 2 PUERTAS 2 ENTREPAÑOS","F","RAIL TRASERO","605","80",,"0","0","2","0",,,"0.45","15",,"0","LxL{-30}LyL",,"64197","P","P","1","Caja"
"9/11/2026 11:22 AM","W2536-SM MBLE SUP COC 2 PUERTAS 2 ENTREPAÑOS","E","RAIL TRASERO","605","80",,"0","0","2","0",,,"0.45","15",,"0","LxL{-30}LyL",,"64196","P","P","1","Caja"
"9/11/2026 11:22 AM","W2536-SM MBLE SUP COC 2 PUERTAS 2 ENTREPAÑOS","D","SIDE L - R16L","914.4","304.8",,"2","2","0","0",,,"0.45","15",,"0","LxA{0}AyL AxP{0}PyA",,"64195","B","C","1","Caja"
"9/11/2026 11:22 AM","W2536-SM MBLE SUP COC 2 PUERTAS 2 ENTREPAÑOS","C","SIDE R - R16L","914.4","304.8",,"2","2","0","0",,,"0.45","15",,"0","LxA{0}AyL AxP{0}PyA",,"64194","B","C","1","Caja"
"9/11/2026 11:22 AM","W2536-SM MBLE SUP COC 2 PUERTAS 2 ENTREPAÑOS","B","TAPA - R16L","605","304.8",,"2","0","0","0",,,"0.45","15",,"0","LxL{-30}LyL AxP{0}PyA",,"64193","B","C","1","Caja"
"9/11/2026 11:22 AM","W2536-SM MBLE SUP COC 2 PUERTAS 2 ENTREPAÑOS","A","BASE - R16L","605","304.8",,"2","0","0","0",,,"0.45","15",,"0","LxL{-30}LyL AxP{0}PyA",,"64192","B","C","1","Caja"
"9/11/2026 11:17 AM","PN25 1/289 PANEL MUEBLE","A","PANEL","2,260.6","647.7",,"2","2","0","0",,,"1","18",,"0","LxA{0}AyL AxL{0}LyA",,"64191","C","C","1","Frente"
"9/11/2026 11:14 AM","PN24 7/830 PANEL MBLE","A","PANEL","762","631.83",,"2","2","0","0",,,"1","18",,"0","LxA{0}AyL AxP{0}PyA",,"64189","C","C","1","Frente"
"9/11/2026 11:14 AM","PN12 7/836 PANEL MBLE","A","PANEL","914.4","327.03",,"2","2","0","0",,,"1","18",,"0","LxA{0}AyL AxP{0}PyA",,"64188","C","C","1","Frente"
"9/11/2026 11:12 AM","F836 FILLER MBLE INF","A","FILLER","914.4","203.2",,"2","2","0","0",,,"1","18",,"0","LxA{0}AyL AxL{0}LyA",,"64187","C","C","1","Frente"
"9/11/2026 11:11 AM","F636 FILLER MBLE SUP","A","FILLER","914.4","152.4",,"2","2","0","0",,,"1","18",,"0","LxA{0}AyL AxL{0}LyA",,"64186","C","C","1","Frente"
"9/11/2026 11:10 AM","F621 FILLER MBLE","A","FILLER","533.4","152.4",,"2","2","0","0",,,"1","18",,"0","LxA{0}AyL AxL{0}LyA",,"64185","C","C","1","Frente"
"9/11/2026 11:10 AM","F617 1/2 FILLER MBLE","A","FILLER","444.5","152.4",,"2","2","0","0",,,"1","18",,"0","LxA{0}AyL AxL{0}LyA",,"64184","C","C","1","Frente"
"9/11/2026 11:06 AM","W2436-SM MBLE SUP COC 2 PUERTAS 2 ENTREPAÑOS","J","DOOR L","930.25","301.6",,"2","2",,,,,"1","18",,"0","LxA{+15,85}AyL AxL[0,494750]LyA",,"64183","C","C","1","Frente"
"9/11/2026 11:06 AM","W2436-SM MBLE SUP COC 2 PUERTAS 2 ENTREPAÑOS","K","BACKING","898.4","593.6",,"0","0","0","0",,,"0","6",,"0","LxA{-16}AyL AxL{-16}LyA",,"64182","F","X","1",
"9/11/2026 11:06 AM","W2436-SM MBLE SUP COC 2 PUERTAS 2 ENTREPAÑOS","I","DOOR R","930.25","301.6",,"2","2","0","0",,,"1","18",,"0","LxA{+15,85}AyL AxL[0,494750]LyA",,"64181","C","C","1","Frente"
"9/11/2026 11:06 AM","W2436-SM MBLE SUP COC 2 PUERTAS 2 ENTREPAÑOS","H","SHELF 2","578.6","266.7",,"0","0","2","2",,,"0.45","15",,"0","LxL{-31}LyL",,"64180","P","P","1","Caja"
"9/11/2026 11:06 AM","W2436-SM MBLE SUP COC 2 PUERTAS 2 ENTREPAÑOS","G","SHELF 1","578.6","266.7",,"0","0","2","2",,,"0.45","15",,"0","LxL{-31}LyL",,"64179","P","P","1","Caja"
"9/11/2026 11:06 AM","W2436-SM MBLE SUP COC 2 PUERTAS 2 ENTREPAÑOS","F","RAIL TRASERO","579.6","80",,"0","0","2","0",,,"0.45","15",,"0","LxL{-30}LyL",,"64178","P","P","1","Caja"
"9/11/2026 11:06 AM","W2436-SM MBLE SUP COC 2 PUERTAS 2 ENTREPAÑOS","E","RAIL TRASERO","579.6","80",,"0","0","2","0",,,"0.45","15",,"0","LxL{-30}LyL",,"64177","P","P","1","Caja"
"9/11/2026 11:06 AM","W2436-SM MBLE SUP COC 2 PUERTAS 2 ENTREPAÑOS","D","SIDE L - R16L","914.4","304.8",,"2","2","0","0",,,"0.45","15",,"0","LxA{0}AyL AxP{0}PyA",,"64176","B","C","1","Caja"
"9/11/2026 11:06 AM","W2436-SM MBLE SUP COC 2 PUERTAS 2 ENTREPAÑOS","C","SIDE R - R16L","914.4","304.8",,"2","2","0","0",,,"0.45","15",,"0","LxA{0}AyL AxP{0}PyA",,"64175","B","C","1","Caja"
"9/11/2026 11:06 AM","W2436-SM MBLE SUP COC 2 PUERTAS 2 ENTREPAÑOS","B","TAPA - R16L","579.6","304.8",,"2","0","0","0",,,"0.45","15",,"0","LxL{-30}LyL AxP{0}PyA",,"64174","B","C","1","Caja"
"9/11/2026 11:06 AM","W2436-SM MBLE SUP COC 2 PUERTAS 2 ENTREPAÑOS","A","BASE - R16L","579.6","304.8",,"2","0","0","0",,,"0.45","15",,"0","LxL{-30}LyL AxP{0}PyA",,"64173","B","C","1","Caja"
"9/11/2026 10:04 AM","W3017 1/2-SM-PUSH MBLE SUP COC 2 PUERTAS 1 ENTREPAÑO","J","BACKING","428.5","746",,"0","0","0","0",,,"0","6",,"0","LxA{-16}AyL AxL{-16}LyA",,"64002","F","X","1",
"9/11/2026 10:04 AM","W3017 1/2-SM-PUSH MBLE SUP COC 2 PUERTAS 1 ENTREPAÑO","I","DOOR L","441.3","377.8",,"2","2","0","0",,,"1","18",,"0","LxA{-3,2}AyL AxL[0,4958]LyA",,"64001","C","C","1","Frente"
"9/11/2026 10:04 AM","W3017 1/2-SM-PUSH MBLE SUP COC 2 PUERTAS 1 ENTREPAÑO","H","DOOR R","441.3","377.8",,"2","2","0","0",,,"1","18",,"0","LxA{-3,2}AyL AxL[0,4958]LyA",,"64000","C","C","1","Frente"
"9/11/2026 10:04 AM","W3017 1/2-SM-PUSH MBLE SUP COC 2 PUERTAS 1 ENTREPAÑO","G","SHELF 1","731","266.7",,"0","0","2","2",,,"0.45","15",,"0","LxL{-31}LyL",,"63999","P","P","1","Caja"
"9/11/2026 10:04 AM","W3017 1/2-SM-PUSH MBLE SUP COC 2 PUERTAS 1 ENTREPAÑO","F","RAIL TRASERO","732","80",,"0","0","2","0",,,"0.45","15",,"0","LxL{-30}LyL",,"63998","P","P","1","Caja"
"9/11/2026 10:04 AM","W3017 1/2-SM-PUSH MBLE SUP COC 2 PUERTAS 1 ENTREPAÑO","E","RAIL TRASERO","732","80",,"0","0","2","0",,,"0.45","15",,"0","LxL{-30}LyL",,"63997","P","P","1","Caja"
"9/11/2026 10:04 AM","W3017 1/2-SM-PUSH MBLE SUP COC 2 PUERTAS 1 ENTREPAÑO","D","SIDE L - R16L","444.5","304.8",,"2","2","0","0",,,"0.45","15",,"0","LxA{0}AyL AxP{0}PyA",,"63996","B","C","1","Caja"
"9/11/2026 10:04 AM","W3017 1/2-SM-PUSH MBLE SUP COC 2 PUERTAS 1 ENTREPAÑO","C","SIDE R - R16L","444.5","304.8",,"2","2","0","0",,,"0.45","15",,"0","LxA{0}AyL AxP{0}PyA",,"63995","B","C","1","Caja"
"9/11/2026 10:04 AM","W3017 1/2-SM-PUSH MBLE SUP COC 2 PUERTAS 1 ENTREPAÑO","B","TAPA-R16L","732","304.8",,"2","0","0","0",,,"0.45","15",,"0","LxL{-30}LyL AxP{0}PyA",,"63994","B","C","1","Caja"
"9/11/2026 10:04 AM","W3017 1/2-SM-PUSH MBLE SUP COC 2 PUERTAS 1 ENTREPAÑO","A","BASE - R16L","732","304.8",,"2","0","0","0",,,"0.45","15",,"0","LxL{-30}LyL AxP{0}PyA",,"63993","B","C","1","Caja"
"9/11/2026 10:00 AM","SBFD30 MBLE INF LVP 2 PUERTAS CARB2","I","BACKING","760","746",,"0","0","0","0",,,"0","6",,"0","LxA{-2}AyL AxL{-16}LyA",,"63992","F","X","1",
"9/11/2026 10:00 AM","SBFD30 MBLE INF LVP 2 PUERTAS CARB2","H","DOOR L","758.8","377.8",,"2","2","0","0",,,"1","18",,"0","LxA{-3,2}AyL AxL[0,4958]LyA",,"63991","C","C","1","Frente"
"9/11/2026 10:00 AM","SBFD30 MBLE INF LVP 2 PUERTAS CARB2","G","DOOR R","758.8","377.8",,"2","2","0","0",,,"1","18",,"0","LxA{-3,2}AyL AxL[0,4958]LyA",,"63990","C","C","1","Frente"
"9/11/2026 10:00 AM","SBFD30 MBLE INF LVP 2 PUERTAS CARB2","F","RAIL TRASERO","732","80",,"0","0","2","0",,,"0.45","15",,"0","LxL{-30}LyL",,"63989","P","P","1","Caja"
"9/11/2026 10:00 AM","SBFD30 MBLE INF LVP 2 PUERTAS CARB2","E","RAIL TRASERO","732","80",,"0","0","2","0",,,"0.45","15",,"0","LxL{-30}LyL",,"63988","P","P","1","Caja"
"9/11/2026 10:00 AM","SBFD30 MBLE INF LVP 2 PUERTAS CARB2","D","RAIL DELANTERO","732","128",,"2","0","0","0",,,"0.45","15",,"0","LxL{-30}LyL",,"63987","B","C","1","Caja"
"9/11/2026 10:00 AM","SBFD30 MBLE INF LVP 2 PUERTAS CARB2","C","SIDE L - R17L762","762","609.6",,"2","2","0","0",,,"0.45","15",,"0","LxA{0}AyL AxP{0}PyA",,"63986","B","C","1","Caja"
"9/11/2026 10:00 AM","SBFD30 MBLE INF LVP 2 PUERTAS CARB2","B","SIDE R - R17L762","762","609.6",,"2","2","0","0",,,"0.45","15",,"0","LxA{0}AyL AxP{0}PyA",,"63985","B","C","1","Caja"
"9/11/2026 10:00 AM","SBFD30 MBLE INF LVP 2 PUERTAS CARB2","A","BASE","732","585.6",,"2","0","0","0",,,"0.45","15",,"0","LxL{-30}LyL AxP{-24}PyA",,"63984","B","C","1","Caja"
"9/11/2026 9:57 AM","B18-FE MBLE INF COC 1 GAVETA 1 PUERTA 1/2 ENTREPAÑO","K","LAT IZQ GAV R13L","100","500",,"0","0","2","2",,,"0.45","15",,"0",,,"63983","P","P","1","Caja"
"9/11/2026 9:57 AM","B18-FE MBLE INF COC 1 GAVETA 1 PUERTA 1/2 ENTREPAÑO","J","LAT DER GAV R13L","100","500",,"0","0","2","2",,,"0.45","15",,"0",,,"63982","P","P","1","Caja"
"9/11/2026 9:57 AM","B18-FE MBLE INF COC 1 GAVETA 1 PUERTA 1/2 ENTREPAÑO","L","CONTRAPARCHE R13L","371.2","100",,"0","0","2","0",,,"0.45","15",,"0","LxL{-86}LyL",,"63981","P","P","1","Caja"
"9/11/2026 9:57 AM","B18-FE MBLE INF COC 1 GAVETA 1 PUERTA 1/2 ENTREPAÑO","P","BACKING","760","441.2",,"0","0",,,,,"0","6",,"0","LxA{-2}AyL AxL{-16}LyA",,"63980","F","X","1",
"9/11/2026 9:57 AM","B18-FE MBLE INF COC 1 GAVETA 1 PUERTA 1/2 ENTREPAÑO","N","FRENTE GAVETA","152.4","454",,"2","2",,,,,"1","18",,"0","AxL{-3,2}LyA",,"63979","C","C","1","Frente"
"9/11/2026 9:57 AM","B18-FE MBLE INF COC 1 GAVETA 1 PUERTA 1/2 ENTREPAÑO","M","DOOR","603.2","454",,"2","2",,,,,"1","18",,"0","LxA{-158,8}AyL AxL{-3,2}LyA",,"63978","C","C","1","Frente"
"9/11/2026 9:57 AM","B18-FE MBLE INF COC 1 GAVETA 1 PUERTA 1/2 ENTREPAÑO","I","TRAS GAV","371.2","80",,"0","0","2",,,,"0.45","15",,"0","LxL{-86}LyL",,"63977","P","P","1","Caja"
"9/11/2026 9:57 AM","B18-FE MBLE INF COC 1 GAVETA 1 PUERTA 1/2 ENTREPAÑO","D","RAIL DEL","427.2","80",,"2","0",,,,,"0.45","15",,"0","LxL{-30}LyL","Enchape color","63976","P","C","1","Caja"
"9/11/2026 9:57 AM","B18-FE MBLE INF COC 1 GAVETA 1 PUERTA 1/2 ENTREPAÑO","C","SIDE L - R17L","762","609.6",,"2","2",,,,,"0.45","15",,"0","LxA{0}AyL AxP{0}PyA",,"63975","B","C","1","Caja"
"9/11/2026 9:57 AM","B18-FE MBLE INF COC 1 GAVETA 1 PUERTA 1/2 ENTREPAÑO","B","SIDE R - R17L","762","609.6",,"2","2",,,,,"0.45","15",,"0","LxA{0}AyL AxP{0}PyA",,"63974","B","C","1","Caja"
"9/11/2026 9:57 AM","B18-FE MBLE INF COC 1 GAVETA 1 PUERTA 1/2 ENTREPAÑO","A","BASE","427.2","585.6",,"2","0",,,,,"0.45","15",,"0","LxL{-30}LyL AxP{-24}PyA",,"63973","B","C","1","Caja"
"9/11/2026 9:57 AM","B18-FE MBLE INF COC 1 GAVETA 1 PUERTA 1/2 ENTREPAÑO","O","FONDO GAV","385.2","492",,"0","0","0",,,,"0","6",,"0","LxL{-72}LyL",,"63972","F","X","1","Sin asignar"
"9/11/2026 9:57 AM","B18-FE MBLE INF COC 1 GAVETA 1 PUERTA 1/2 ENTREPAÑO","G","RAIL TRAS","427.2","80",,"0","0","2",,,,"0.45","15",,"0","LxL{-30}LyL",,"63970","P","P","1","Caja"
"9/11/2026 9:56 AM","B18-FE MBLE INF COC 1 GAVETA 1 PUERTA 1/2 ENTREPAÑO","H","SHELF","426.2","300",,"0","0","2","2",,,"0.45","15",,"0","LxL{-31}LyL",,"63971","P","P","1","Caja"
"9/11/2026 9:56 AM","B18-FE MBLE INF COC 1 GAVETA 1 PUERTA 1/2 ENTREPAÑO","F","RAIL TRAS","427.2","80",,"0","0","2",,,,"0.45","15",,"0","LxL{-30}LyL",,"63969","P","P","1","Caja"
"9/11/2026 9:56 AM","B18-FE MBLE INF COC 1 GAVETA 1 PUERTA 1/2 ENTREPAÑO","E","RAIL DEL","427.2","80",,"2","0",,,,,"0.45","15",,"0","LxL{-30}LyL","Enchape color","63968","P","C","1","Caja"
"9/11/2026 9:51 AM","B17-FE MBLE INF COC 1 GAVETA 1 PUERTA 1/2 ENTREPAÑO","K","LAT IZQ GAV R13L","100","500",,"0","0","2","2",,,"0.45","15",,"0",,,"63967","P","P","1","Caja"
"9/11/2026 9:51 AM","B17-FE MBLE INF COC 1 GAVETA 1 PUERTA 1/2 ENTREPAÑO","J","LAT DER GAV R13L","100","500",,"0","0","2","2",,,"0.45","15",,"0",,,"63966","P","P","1","Caja"
"9/11/2026 9:51 AM","B17-FE MBLE INF COC 1 GAVETA 1 PUERTA 1/2 ENTREPAÑO","L","CONTRAPARCHE R13L","345.8","100",,"0","0","2","0",,,"0.45","15",,"0","LxL{-86}LyL",,"63965","P","P","1","Caja"
"9/11/2026 9:51 AM","B17-FE MBLE INF COC 1 GAVETA 1 PUERTA 1/2 ENTREPAÑO","P","BACKING","760","415.8",,"0","0",,,,,"0","6",,"0","LxA{-2}AyL AxL{-16}LyA",,"63964","F","X","1",
"9/11/2026 9:51 AM","B17-FE MBLE INF COC 1 GAVETA 1 PUERTA 1/2 ENTREPAÑO","N","FRENTE GAVETA","152.4","428.6",,"2","2",,,,,"1","18",,"0","AxL{-3,2}LyA",,"63963","C","C","1","Frente"
"9/11/2026 9:51 AM","B17-FE MBLE INF COC 1 GAVETA 1 PUERTA 1/2 ENTREPAÑO","M","DOOR","603.2","428.6",,"2","2",,,,,"1","18",,"0","LxA{-158,8}AyL AxL{-3,2}LyA",,"63962","C","C","1","Frente"
"9/11/2026 9:51 AM","B17-FE MBLE INF COC 1 GAVETA 1 PUERTA 1/2 ENTREPAÑO","I","TRAS GAV","345.8","80",,"0","0","2",,,,"0.45","15",,"0","LxL{-86}LyL",,"63961","P","P","1","Caja"
"9/11/2026 9:51 AM","B17-FE MBLE INF COC 1 GAVETA 1 PUERTA 1/2 ENTREPAÑO","D","RAIL DEL","401.8","80",,"2","0",,,,,"0.45","15",,"0","LxL{-30}LyL","Enchape color","63960","P","C","1","Caja"
"9/11/2026 9:51 AM","B17-FE MBLE INF COC 1 GAVETA 1 PUERTA 1/2 ENTREPAÑO","C","SIDE L - R17L","762","609.6",,"2","2",,,,,"0.45","15",,"0","LxA{0}AyL AxP{0}PyA",,"63959","B","C","1","Caja"
"9/11/2026 9:51 AM","B17-FE MBLE INF COC 1 GAVETA 1 PUERTA 1/2 ENTREPAÑO","B","SIDE R - R17L","762","609.6",,"2","2",,,,,"0.45","15",,"0","LxA{0}AyL AxP{0}PyA",,"63958","B","C","1","Caja"
"9/11/2026 9:51 AM","B17-FE MBLE INF COC 1 GAVETA 1 PUERTA 1/2 ENTREPAÑO","A","BASE","401.8","585.6",,"2","0",,,,,"0.45","15",,"0","LxL{-30}LyL AxP{-24}PyA",,"63957","B","C","1","Caja"
"9/11/2026 9:51 AM","B17-FE MBLE INF COC 1 GAVETA 1 PUERTA 1/2 ENTREPAÑO","O","FONDO GAV","359.8","492",,"0","0","0",,,,"0","6",,"0","LxL{-72}LyL",,"63956","F","X","1","Sin asignar"
"9/11/2026 9:51 AM","B17-FE MBLE INF COC 1 GAVETA 1 PUERTA 1/2 ENTREPAÑO","H","SHELF","400.8","300",,"0","0","2","2",,,"0.45","15",,"0","LxL{-31}LyL",,"63955","P","P","1","Caja"
"9/11/2026 9:51 AM","B17-FE MBLE INF COC 1 GAVETA 1 PUERTA 1/2 ENTREPAÑO","G","RAIL TRAS","401.8","80",,"0","0","2",,,,"0.45","15",,"0","LxL{-30}LyL",,"63954","P","P","1","Caja"
"9/11/2026 9:51 AM","B17-FE MBLE INF COC 1 GAVETA 1 PUERTA 1/2 ENTREPAÑO","F","RAIL TRAS","401.8","80",,"0","0","2",,,,"0.45","15",,"0","LxL{-30}LyL",,"63953","P","P","1","Caja"
"9/11/2026 9:51 AM","B17-FE MBLE INF COC 1 GAVETA 1 PUERTA 1/2 ENTREPAÑO","E","RAIL DEL","401.8","80",,"2","0",,,,,"0.45","15",,"0","LxL{-30}LyL","Enchape color","63952","P","C","1","Caja"
"9/11/2026 9:43 AM","B16-FE MBLE INF COC 1 GAVETA 1 PUERTA 1/2 ENTREPAÑO","K","LAT IZQ GAV R13L","100","500",,"0","0","2","2",,,"0.45","15",,"0",,,"63951","P","P","1","Caja"
"9/11/2026 9:43 AM","B16-FE MBLE INF COC 1 GAVETA 1 PUERTA 1/2 ENTREPAÑO","J","LAT DER GAV R13L","100","500",,"0","0","2","2",,,"0.45","15",,"0",,,"63950","P","P","1","Caja"
"9/11/2026 9:43 AM","B16-FE MBLE INF COC 1 GAVETA 1 PUERTA 1/2 ENTREPAÑO","L","CONTRAPARCHE R13L","320.4","100",,"0","0","2","0",,,"0.45","15",,"0","LxL{-86}LyL",,"63949","P","P","1","Caja"
"9/11/2026 9:43 AM","B16-FE MBLE INF COC 1 GAVETA 1 PUERTA 1/2 ENTREPAÑO","P","BACKING","760","390.4",,"0","0",,,,,"0","6",,"0","LxA{-2}AyL AxL{-16}LyA",,"63948","F","X","1",
"9/11/2026 9:43 AM","B16-FE MBLE INF COC 1 GAVETA 1 PUERTA 1/2 ENTREPAÑO","N","FRENTE GAVETA","152.4","403.2",,"2","2",,,,,"1","18",,"0","AxL{-3,2}LyA",,"63947","C","C","1","Frente"
"9/11/2026 9:43 AM","B16-FE MBLE INF COC 1 GAVETA 1 PUERTA 1/2 ENTREPAÑO","M","DOOR","603.2","403.2",,"2","2",,,,,"1","18",,"0","LxA{-158,8}AyL AxL{-3,2}LyA",,"63946","C","C","1","Frente"
"9/11/2026 9:43 AM","B16-FE MBLE INF COC 1 GAVETA 1 PUERTA 1/2 ENTREPAÑO","I","TRAS GAV","320.4","80",,"0","0","2",,,,"0.45","15",,"0","LxL{-86}LyL",,"63945","P","P","1","Caja"
"9/11/2026 9:43 AM","B16-FE MBLE INF COC 1 GAVETA 1 PUERTA 1/2 ENTREPAÑO","D","RAIL DEL","376.4","80",,"2","0",,,,,"0.45","15",,"0","LxL{-30}LyL","Enchape color","63944","P","C","1","Caja"
"9/11/2026 9:43 AM","B16-FE MBLE INF COC 1 GAVETA 1 PUERTA 1/2 ENTREPAÑO","C","SIDE L - R17L","762","609.6",,"2","2",,,,,"0.45","15",,"0","LxA{0}AyL AxP{0}PyA",,"63943","B","C","1","Caja"
"9/11/2026 9:43 AM","B16-FE MBLE INF COC 1 GAVETA 1 PUERTA 1/2 ENTREPAÑO","B","SIDE R - R17L","762","609.6",,"2","2",,,,,"0.45","15",,"0","LxA{0}AyL AxP{0}PyA",,"63942","B","C","1","Caja"
"9/11/2026 9:43 AM","B16-FE MBLE INF COC 1 GAVETA 1 PUERTA 1/2 ENTREPAÑO","A","BASE","376.4","585.6",,"2","0",,,,,"0.45","15",,"0","LxL{-30}LyL AxP{-24}PyA",,"63941","B","C","1","Caja"
"9/11/2026 9:43 AM","B16-FE MBLE INF COC 1 GAVETA 1 PUERTA 1/2 ENTREPAÑO","O","FONDO GAV","334.4","492",,"0","0","0",,,,"0","6",,"0","LxL{-72}LyL",,"63940","F","X","1","Sin asignar"
"9/11/2026 9:43 AM","B16-FE MBLE INF COC 1 GAVETA 1 PUERTA 1/2 ENTREPAÑO","H","SHELF","375.4","300",,"0","0","2","2",,,"0.45","15",,"0","LxL{-31}LyL",,"63939","P","P","1","Caja"
"9/11/2026 9:43 AM","B16-FE MBLE INF COC 1 GAVETA 1 PUERTA 1/2 ENTREPAÑO","G","RAIL TRAS","376.4","80",,"0","0","2",,,,"0.45","15",,"0","LxL{-30}LyL",,"63938","P","P","1","Caja"
"9/11/2026 9:43 AM","B16-FE MBLE INF COC 1 GAVETA 1 PUERTA 1/2 ENTREPAÑO","F","RAIL TRAS","376.4","80",,"0","0","2",,,,"0.45","15",,"0","LxL{-30}LyL",,"63937","P","P","1","Caja"
"9/11/2026 9:43 AM","B16-FE MBLE INF COC 1 GAVETA 1 PUERTA 1/2 ENTREPAÑO","E","RAIL DEL","376.4","80",,"2","0",,,,,"0.45","15",,"0","LxL{-30}LyL","Enchape color","63936","P","C","1","Caja"
"9/11/2026 9:39 AM","B15-FE MBLE INF COC 1 GAVETA 1 PUERTA 1/2 ENTREPAÑO","K","LAT IZQ GAV R13L","100","500",,"0","0","2","2",,,"0.45","15",,"0",,,"63935","P","P","1","Caja"
"9/11/2026 9:39 AM","B15-FE MBLE INF COC 1 GAVETA 1 PUERTA 1/2 ENTREPAÑO","J","LAT DER GAV R13L","100","500",,"0","0","2","2",,,"0.45","15",,"0",,,"63934","P","P","1","Caja"
"9/11/2026 9:39 AM","B15-FE MBLE INF COC 1 GAVETA 1 PUERTA 1/2 ENTREPAÑO","L","CONTRAPARCHE R13L","295","100",,"0","0","2","0",,,"0.45","15",,"0","LxL{-86}LyL",,"63933","P","P","1","Caja"
"9/11/2026 9:39 AM","B15-FE MBLE INF COC 1 GAVETA 1 PUERTA 1/2 ENTREPAÑO","P","BACKING","760","365",,"0","0",,,,,"0","6",,"0","LxA{-2}AyL AxL{-16}LyA",,"63932","F","X","1",
"9/11/2026 9:39 AM","B15-FE MBLE INF COC 1 GAVETA 1 PUERTA 1/2 ENTREPAÑO","M","DOOR","603.2","377.8",,"2","2",,,,,"1","18",,"0","LxA{-158,8}AyL AxL{-3,2}LyA",,"63930","C","C","1","Frente"
"9/11/2026 9:39 AM","B15-FE MBLE INF COC 1 GAVETA 1 PUERTA 1/2 ENTREPAÑO","N","FRENTE GAVETA","152.4","377.8",,"2","2",,,,,"1","18",,"0","AxL{-3,2}LyA",,"63931","C","C","1","Frente"
"9/11/2026 9:39 AM","B15-FE MBLE INF COC 1 GAVETA 1 PUERTA 1/2 ENTREPAÑO","I","TRAS GAV","295","80",,"0","0","2",,,,"0.45","15",,"0","LxL{-86}LyL",,"63929","P","P","1","Caja"
"9/11/2026 9:39 AM","B15-FE MBLE INF COC 1 GAVETA 1 PUERTA 1/2 ENTREPAÑO","D","RAIL DEL","351","80",,"2","0",,,,,"0.45","15",,"0","LxL{-30}LyL","Enchape color","63928","P","C","1","Caja"
"9/11/2026 9:39 AM","B15-FE MBLE INF COC 1 GAVETA 1 PUERTA 1/2 ENTREPAÑO","C","SIDE L - R17L","762","609.6",,"2","2",,,,,"0.45","15",,"0","LxA{0}AyL AxP{0}PyA",,"63927","B","C","1","Caja"
"9/11/2026 9:39 AM","B15-FE MBLE INF COC 1 GAVETA 1 PUERTA 1/2 ENTREPAÑO","B","SIDE R - R17L","762","609.6",,"2","2",,,,,"0.45","15",,"0","LxA{0}AyL AxP{0}PyA",,"63926","B","C","1","Caja"
"9/11/2026 9:39 AM","B15-FE MBLE INF COC 1 GAVETA 1 PUERTA 1/2 ENTREPAÑO","A","BASE","351","585.6",,"2","0",,,,,"0.45","15",,"0","LxL{-30}LyL AxP{-24}PyA",,"63925","B","C","1","Caja"
"9/11/2026 9:39 AM","B15-FE MBLE INF COC 1 GAVETA 1 PUERTA 1/2 ENTREPAÑO","O","FONDO GAV","309","492",,"0","0","0",,,,"0","6",,"0","LxL{-72}LyL",,"63924","F","X","1","Sin asignar"
"9/11/2026 9:39 AM","B15-FE MBLE INF COC 1 GAVETA 1 PUERTA 1/2 ENTREPAÑO","H","SHELF","350","300",,"0","0","2","2",,,"0.45","15",,"0","LxL{-31}LyL",,"63923","P","P","1","Caja"
"9/11/2026 9:39 AM","B15-FE MBLE INF COC 1 GAVETA 1 PUERTA 1/2 ENTREPAÑO","G","RAIL TRAS","351","80",,"0","0","2",,,,"0.45","15",,"0","LxL{-30}LyL",,"63922","P","P","1","Caja"
"9/11/2026 9:39 AM","B15-FE MBLE INF COC 1 GAVETA 1 PUERTA 1/2 ENTREPAÑO","F","RAIL TRAS","351","80",,"0","0","2",,,,"0.45","15",,"0","LxL{-30}LyL",,"63921","P","P","1","Caja"
"9/11/2026 9:39 AM","B15-FE MBLE INF COC 1 GAVETA 1 PUERTA 1/2 ENTREPAÑO","E","RAIL DEL","351","80",,"2","0",,,,,"0.45","15",,"0","LxL{-30}LyL","Enchape color","63920","P","C","1","Caja"
"9/11/2026 9:37 AM","B14-FE MBLE INF COC 1 GAVETA 1 PUERTA 1/2 ENTREPAÑO","K","LAT IZQ GAV R13L","100","500",,"0","0","2","2",,,"0.45","15",,"0",,,"63919","P","P","1","Caja"
"9/11/2026 9:37 AM","B14-FE MBLE INF COC 1 GAVETA 1 PUERTA 1/2 ENTREPAÑO","J","LAT DER GAV R13L","100","500",,"0","0","2","2",,,"0.45","15",,"0",,,"63918","P","P","1","Caja"
"9/11/2026 9:37 AM","B14-FE MBLE INF COC 1 GAVETA 1 PUERTA 1/2 ENTREPAÑO","L","CONTRAPARCHE R13L","269.6","100",,"0","0","2","0",,,"0.45","15",,"0","LxL{-86}LyL",,"63917","P","P","1","Caja"
"9/11/2026 9:37 AM","B14-FE MBLE INF COC 1 GAVETA 1 PUERTA 1/2 ENTREPAÑO","P","BACKING","760","339.6",,"0","0",,,,,"0","6",,"0","LxA{-2}AyL AxL{-16}LyA",,"63916","F","X","1",
"9/11/2026 9:37 AM","B14-FE MBLE INF COC 1 GAVETA 1 PUERTA 1/2 ENTREPAÑO","N","FRENTE GAVETA","152.4","352.4",,"2","2",,,,,"1","18",,"0","AxL{-3,2}LyA",,"63915","C","C","1","Frente"
"9/11/2026 9:37 AM","B14-FE MBLE INF COC 1 GAVETA 1 PUERTA 1/2 ENTREPAÑO","M","DOOR","603.2","352.4",,"2","2",,,,,"1","18",,"0","LxA{-158,8}AyL AxL{-3,2}LyA",,"63914","C","C","1","Frente"
"9/11/2026 9:37 AM","B14-FE MBLE INF COC 1 GAVETA 1 PUERTA 1/2 ENTREPAÑO","I","TRAS GAV","269.6","80",,"0","0","2",,,,"0.45","15",,"0","LxL{-86}LyL",,"63913","P","P","1","Caja"
"9/11/2026 9:37 AM","B14-FE MBLE INF COC 1 GAVETA 1 PUERTA 1/2 ENTREPAÑO","D","RAIL DEL","325.6","80",,"2","0",,,,,"0.45","15",,"0","LxL{-30}LyL","Enchape color","63912","P","C","1","Caja"
"9/11/2026 9:37 AM","B14-FE MBLE INF COC 1 GAVETA 1 PUERTA 1/2 ENTREPAÑO","C","SIDE L - R17L","762","609.6",,"2","2",,,,,"0.45","15",,"0","LxA{0}AyL AxP{0}PyA",,"63911","B","C","1","Caja"
"9/11/2026 9:37 AM","B14-FE MBLE INF COC 1 GAVETA 1 PUERTA 1/2 ENTREPAÑO","B","SIDE R - R17L","762","609.6",,"2","2",,,,,"0.45","15",,"0","LxA{0}AyL AxP{0}PyA",,"63910","B","C","1","Caja"
"9/11/2026 9:37 AM","B14-FE MBLE INF COC 1 GAVETA 1 PUERTA 1/2 ENTREPAÑO","A","BASE","325.6","585.6",,"2","0",,,,,"0.45","15",,"0","LxL{-30}LyL AxP{-24}PyA",,"63909","B","C","1","Caja"
"9/11/2026 9:37 AM","B14-FE MBLE INF COC 1 GAVETA 1 PUERTA 1/2 ENTREPAÑO","O","FONDO GAV","283.6","492",,"0","0","0",,,,"0","6",,"0","LxL{-72}LyL",,"63908","F","X","1","Sin asignar"
"9/11/2026 9:37 AM","B14-FE MBLE INF COC 1 GAVETA 1 PUERTA 1/2 ENTREPAÑO","H","SHELF","324.6","300",,"0","0","2","2",,,"0.45","15",,"0","LxL{-31}LyL",,"63907","P","P","1","Caja"
"9/11/2026 9:37 AM","B14-FE MBLE INF COC 1 GAVETA 1 PUERTA 1/2 ENTREPAÑO","G","RAIL TRAS","325.6","80",,"0","0","2",,,,"0.45","15",,"0","LxL{-30}LyL",,"63906","P","P","1","Caja"
"9/11/2026 9:37 AM","B14-FE MBLE INF COC 1 GAVETA 1 PUERTA 1/2 ENTREPAÑO","F","RAIL TRAS","325.6","80",,"0","0","2",,,,"0.45","15",,"0","LxL{-30}LyL",,"63905","P","P","1","Caja"
"9/11/2026 9:37 AM","B14-FE MBLE INF COC 1 GAVETA 1 PUERTA 1/2 ENTREPAÑO","E","RAIL DEL","325.6","80",,"2","0",,,,,"0.45","15",,"0","LxL{-30}LyL","Enchape color","63904","P","C","1","Caja"
"9/11/2026 9:32 AM","B11-FE MBLE INF COC 1 GAVETA 1 PUERTA 1/2 ENTREPAÑO","K","LAT IZQ GAV R13L","100","500",,"0","0","2","2",,,"0.45","15",,"0",,,"63872","P","P","1","Caja"
"9/11/2026 9:32 AM","B11-FE MBLE INF COC 1 GAVETA 1 PUERTA 1/2 ENTREPAÑO","J","LAT DER GAV R13L","100","500",,"0","0","2","2",,,"0.45","15",,"0",,,"63871","P","P","1","Caja"
"9/11/2026 9:32 AM","B11-FE MBLE INF COC 1 GAVETA 1 PUERTA 1/2 ENTREPAÑO","L","CONTRAPARCHE R13L","193.4","100",,"0","0","2","0",,,"0.45","15",,"0","LxL{-86}LyL",,"63870","P","P","1","Caja"
"9/11/2026 9:32 AM","B11-FE MBLE INF COC 1 GAVETA 1 PUERTA 1/2 ENTREPAÑO","P","BACKING","760","263.4",,"0","0",,,,,"0","6",,"0","LxA{-2}AyL AxL{-16}LyA",,"63869","F","X","1",
"9/11/2026 9:32 AM","B11-FE MBLE INF COC 1 GAVETA 1 PUERTA 1/2 ENTREPAÑO","N","FRENTE GAVETA","152.4","276.2",,"2","2",,,,,"1","18",,"0","AxL{-3,2}LyA",,"63868","C","C","1","Frente"
"9/11/2026 9:32 AM","B11-FE MBLE INF COC 1 GAVETA 1 PUERTA 1/2 ENTREPAÑO","M","DOOR","603.2","276.2",,"2","2",,,,,"1","18",,"0","LxA{-158,8}AyL AxL{-3,2}LyA",,"63867","C","C","1","Frente"
"9/11/2026 9:32 AM","B11-FE MBLE INF COC 1 GAVETA 1 PUERTA 1/2 ENTREPAÑO","I","TRAS GAV","193.4","80",,"0","0","2",,,,"0.45","15",,"0","LxL{-86}LyL",,"63866","P","P","1","Caja"
"9/11/2026 9:32 AM","B11-FE MBLE INF COC 1 GAVETA 1 PUERTA 1/2 ENTREPAÑO","D","RAIL DEL","249.4","80",,"2","0",,,,,"0.45","15",,"0","LxL{-30}LyL","Enchape color","63865","P","C","1","Caja"
"9/11/2026 9:32 AM","B11-FE MBLE INF COC 1 GAVETA 1 PUERTA 1/2 ENTREPAÑO","C","SIDE L - R17L","762","609.6",,"2","2",,,,,"0.45","15",,"0","LxA{0}AyL AxP{0}PyA",,"63864","B","C","1","Caja"
"9/11/2026 9:32 AM","B11-FE MBLE INF COC 1 GAVETA 1 PUERTA 1/2 ENTREPAÑO","B","SIDE R - R17L","762","609.6",,"2","2",,,,,"0.45","15",,"0","LxA{0}AyL AxP{0}PyA",,"63863","B","C","1","Caja"
"9/11/2026 9:32 AM","B11-FE MBLE INF COC 1 GAVETA 1 PUERTA 1/2 ENTREPAÑO","A","BASE","249.4","585.6",,"2","0",,,,,"0.45","15",,"0","LxL{-30}LyL AxP{-24}PyA",,"63862","B","C","1","Caja"
"9/11/2026 9:32 AM","B11-FE MBLE INF COC 1 GAVETA 1 PUERTA 1/2 ENTREPAÑO","O","FONDO GAV","207.4","492",,"0","0","0",,,,"0","6",,"0","LxL{-72}LyL",,"63861","F","X","1","Sin asignar"
"9/11/2026 9:32 AM","B11-FE MBLE INF COC 1 GAVETA 1 PUERTA 1/2 ENTREPAÑO","H","SHELF","248.4","300",,"0","0","2","2",,,"0.45","15",,"0","LxL{-31}LyL",,"63860","P","P","1","Caja"
"9/11/2026 9:31 AM","B11-FE MBLE INF COC 1 GAVETA 1 PUERTA 1/2 ENTREPAÑO","G","RAIL TRAS","249.4","80",,"0","0","2",,,,"0.45","15",,"0","LxL{-30}LyL",,"63859","P","P","1","Caja"
"9/11/2026 9:31 AM","B11-FE MBLE INF COC 1 GAVETA 1 PUERTA 1/2 ENTREPAÑO","F","RAIL TRAS","249.4","80",,"0","0","2",,,,"0.45","15",,"0","LxL{-30}LyL",,"63858","P","P","1","Caja"
"9/11/2026 9:31 AM","B11-FE MBLE INF COC 1 GAVETA 1 PUERTA 1/2 ENTREPAÑO","E","RAIL DEL","249.4","80",,"2","0",,,,,"0.45","15",,"0","LxL{-30}LyL","Enchape color","63857","P","C","1","Caja"
"9/11/2026 9:25 AM","B9-FE MBLE INF COC 1 GAVETA 1 PUERTA 1/2 ENTREPAÑO","K","LAT IZQ GAV R13L","100","500",,"0","0","2","2",,,"0.45","15",,"0",,,"63840","P","P","1","Caja"
"9/11/2026 9:25 AM","B9-FE MBLE INF COC 1 GAVETA 1 PUERTA 1/2 ENTREPAÑO","J","LAT DER GAV R13L","100","500",,"0","0","2","2",,,"0.45","15",,"0",,,"63839","P","P","1","Caja"
"9/11/2026 9:25 AM","B9-FE MBLE INF COC 1 GAVETA 1 PUERTA 1/2 ENTREPAÑO","L","CONTRAPARCHE R13L","142.6","100",,"0","0","2","0",,,"0.45","15",,"0","LxL{-86}LyL",,"63838","P","P","1","Caja"
"9/11/2026 9:25 AM","B9-FE MBLE INF COC 1 GAVETA 1 PUERTA 1/2 ENTREPAÑO","P","BACKING","760","212.6",,"0","0",,,,,"0","6",,"0","LxA{-2}AyL AxL{-16}LyA",,"63837","F","X","1",
"9/11/2026 9:25 AM","B9-FE MBLE INF COC 1 GAVETA 1 PUERTA 1/2 ENTREPAÑO","N","FRENTE GAVETA","152.4","225.4",,"2","2",,,,,"1","18",,"0","AxL{-3,2}LyA",,"63836","C","C","1","Frente"
"9/11/2026 9:25 AM","B9-FE MBLE INF COC 1 GAVETA 1 PUERTA 1/2 ENTREPAÑO","M","DOOR","603.2","225.4",,"2","2",,,,,"1","18",,"0","LxA{-158,8}AyL AxL{-3,2}LyA",,"63835","C","C","1","Frente"
"9/11/2026 9:25 AM","B9-FE MBLE INF COC 1 GAVETA 1 PUERTA 1/2 ENTREPAÑO","I","TRAS GAV","142.6","80",,"0","0","2",,,,"0.45","15",,"0","LxL{-86}LyL",,"63834","P","P","1","Caja"
"9/11/2026 9:25 AM","B9-FE MBLE INF COC 1 GAVETA 1 PUERTA 1/2 ENTREPAÑO","D","RAIL DEL","198.6","80",,"2","0",,,,,"0.45","15",,"0","LxL{-30}LyL","Enchape color","63833","P","C","1","Caja"
"9/11/2026 9:25 AM","B9-FE MBLE INF COC 1 GAVETA 1 PUERTA 1/2 ENTREPAÑO","C","SIDE L - R17L","762","609.6",,"2","2",,,,,"0.45","15",,"0","LxA{0}AyL AxP{0}PyA",,"63832","B","C","1","Caja"
"9/11/2026 9:25 AM","B9-FE MBLE INF COC 1 GAVETA 1 PUERTA 1/2 ENTREPAÑO","B","SIDE R - R17L","762","609.6",,"2","2",,,,,"0.45","15",,"0","LxA{0}AyL AxP{0}PyA",,"63831","B","C","1","Caja"
"9/11/2026 9:25 AM","B9-FE MBLE INF COC 1 GAVETA 1 PUERTA 1/2 ENTREPAÑO","A","BASE","198.6","585.6",,"2","0",,,,,"0.45","15",,"0","LxL{-30}LyL AxP{-24}PyA",,"63830","B","C","1","Caja"
"9/11/2026 9:25 AM","B9-FE MBLE INF COC 1 GAVETA 1 PUERTA 1/2 ENTREPAÑO","O","FONDO GAV","156.6","492",,"0","0","0",,,,"0","6",,"0","LxL{-72}LyL",,"63829","F","X","1","Sin asignar"
"9/11/2026 9:25 AM","B9-FE MBLE INF COC 1 GAVETA 1 PUERTA 1/2 ENTREPAÑO","H","SHELF","197.6","300",,"0","0","2","2",,,"0.45","15",,"0","LxL{-31}LyL",,"63828","P","P","1","Caja"
"9/11/2026 9:25 AM","B9-FE MBLE INF COC 1 GAVETA 1 PUERTA 1/2 ENTREPAÑO","G","RAIL TRAS","198.6","80",,"0","0","2",,,,"0.45","15",,"0","LxL{-30}LyL",,"63827","P","P","1","Caja"
"9/11/2026 9:25 AM","B9-FE MBLE INF COC 1 GAVETA 1 PUERTA 1/2 ENTREPAÑO","F","RAIL TRAS","198.6","80",,"0","0","2",,,,"0.45","15",,"0","LxL{-30}LyL",,"63826","P","P","1","Caja"
"9/11/2026 9:25 AM","B9-FE MBLE INF COC 1 GAVETA 1 PUERTA 1/2 ENTREPAÑO","E","RAIL DEL","198.6","80",,"2","0",,,,,"0.45","15",,"0","LxL{-30}LyL","Enchape color","63825","P","C","1","Caja"
"9/9/2026 1:33 PM","BFD8 MBLE INF COC 1 PUERTA 1 ENTREPAÑO CARB2","I","BACKING","760","187.2",,"0","0","0","0",,,"0","6",,"0","LxA{-2}AyL AxL{-16}LyA",,"63824","F","X","1","Sin asignar"
"9/9/2026 1:33 PM","BFD8 MBLE INF COC 1 PUERTA 1 ENTREPAÑO CARB2","H","DOOR R","758.8","200",,"2","2","0","0",,,"1","18",,"0","LxA{-3,2}AyL AxL{-3,2}LyA",,"63823","C","C","1","Frente"
"9/9/2026 1:33 PM","BFD8 MBLE INF COC 1 PUERTA 1 ENTREPAÑO CARB2","G","SHLEF","172.2","558.8",,"0","0","2","2",,,"0.45","15",,"0","LxL{-31}LyL",,"63822","P","P","1","Caja"
"9/9/2026 1:33 PM","BFD8 MBLE INF COC 1 PUERTA 1 ENTREPAÑO CARB2","F","RAIL TRASERO","173.2","80",,"0","0","2","0",,,"0.45","15",,"0","LxL{-30}LyL",,"63821","P","P","1","Caja"
"9/9/2026 1:33 PM","BFD8 MBLE INF COC 1 PUERTA 1 ENTREPAÑO CARB2","E","RAIL TRASERO","173.2","80",,"0","0","2","0",,,"0.45","15",,"0","LxL{-30}LyL",,"63820","P","P","1","Caja"
"9/9/2026 1:33 PM","BFD8 MBLE INF COC 1 PUERTA 1 ENTREPAÑO CARB2","D","RAIL DELANTERO","173.2","80",,"2","0","0","0",,,"0.45","15",,"0","LxL{-30}LyL","ENCHAPE COLOR","63819","P","C","1","Caja"
"9/9/2026 1:33 PM","BFD8 MBLE INF COC 1 PUERTA 1 ENTREPAÑO CARB2","C","SIDE L - R17L762","762","609.6",,"2","2","0","0",,,"0.45","15",,"0","LxA{0}AyL AxP{0}PyA",,"63818","B","C","1","Caja"
"9/9/2026 1:33 PM","BFD8 MBLE INF COC 1 PUERTA 1 ENTREPAÑO CARB2","B","SIDE R - R17L762","762","609.6",,"2","2","0","0",,,"0.45","15",,"0","LxA{0}AyL AxP{0}PyA",,"63817","B","C","1","Caja"
"9/9/2026 1:33 PM","BFD8 MBLE INF COC 1 PUERTA 1 ENTREPAÑO CARB2","A","BASE","173.2","585.6",,"2","0","0","0",,,"0.45","15",,"0","LxL{-30}LyL AxP{-24}PyA",,"63816","B","C","1","Caja"
"9/9/2026 1:25 PM","BFD23 MBLE INF COC 1 PUERTA 1 ENTREPAÑO CARB2","I","BACKING","760","568.2",,"0","0","0","0",,,"0","6",,"0","LxA{-2}AyL AxL{-16}LyA",,"63815","F","X","1",
"9/9/2026 1:25 PM","BFD23 MBLE INF COC 1 PUERTA 1 ENTREPAÑO CARB2","H","DOOR R","758.8","581",,"2","2","0","0",,,"1","18",,"0","LxA{-3,2}AyL AxL{-3,2}LyA",,"63814","C","C","1","Frente"
"9/9/2026 1:25 PM","BFD23 MBLE INF COC 1 PUERTA 1 ENTREPAÑO CARB2","G","SHLEF","553.2","558.8",,"0","0","2","2",,,"0.45","15",,"0","LxL{-31}LyL",,"63813","P","P","1","Caja"
"9/9/2026 1:25 PM","BFD23 MBLE INF COC 1 PUERTA 1 ENTREPAÑO CARB2","F","RAIL TRASERO","554.2","80",,"0","0","2","0",,,"0.45","15",,"0","LxL{-30}LyL",,"63812","P","P","1","Caja"
"9/9/2026 1:25 PM","BFD23 MBLE INF COC 1 PUERTA 1 ENTREPAÑO CARB2","E","RAIL TRASERO","554.2","80",,"0","0","2","0",,,"0.45","15",,"0","LxL{-30}LyL",,"63811","P","P","1","Caja"
"9/9/2026 1:25 PM","BFD23 MBLE INF COC 1 PUERTA 1 ENTREPAÑO CARB2","D","RAIL DELANTERO","554.2","80",,"2","0","0","0",,,"0.45","15",,"0","LxL{-30}LyL","ENCHAPE COLOR","63810","P","C","1","Caja"
"9/9/2026 1:25 PM","BFD23 MBLE INF COC 1 PUERTA 1 ENTREPAÑO CARB2","C","SIDE L - R17L762","762","609.6",,"2","2","0","0",,,"0.45","15",,"0","LxA{0}AyL AxP{0}PyA",,"63809","B","C","1","Caja"
"9/9/2026 1:25 PM","BFD23 MBLE INF COC 1 PUERTA 1 ENTREPAÑO CARB2","B","SIDE R - R17L762","762","609.6",,"2","2","0","0",,,"0.45","15",,"0","LxA{0}AyL AxP{0}PyA",,"63808","B","C","1","Caja"
"9/9/2026 1:24 PM","BFD23 MBLE INF COC 1 PUERTA 1 ENTREPAÑO CARB2","A","BASE","554.2","585.6",,"2","0","0","0",,,"0.45","15",,"0","LxL{-30}LyL AxP{-24}PyA",,"63807","B","C","1","Caja"
"9/9/2026 1:17 PM","BFD18 MBLE INF COC 1 PUERTA 1 ENTREPAÑO CARB2","I","BACKING","760","441.2",,"0","0","0","0",,,"0","6",,"0","LxA{-2}AyL AxL{-16}LyA",,"63797","F","X","1",
"9/9/2026 1:17 PM","BFD18 MBLE INF COC 1 PUERTA 1 ENTREPAÑO CARB2","H","DOOR R","758.8","454",,"2","2","0","0",,,"1","18",,"0","LxA{-3,2}AyL AxL{-3,2}LyA",,"63796","C","C","1","Frente"
"9/9/2026 1:17 PM","BFD18 MBLE INF COC 1 PUERTA 1 ENTREPAÑO CARB2","G","SHLEF","426.2","558.8",,"0","0","2","2",,,"0.45","15",,"0","LxL{-31}LyL",,"63795","P","P","1","Caja"
"9/9/2026 1:17 PM","BFD18 MBLE INF COC 1 PUERTA 1 ENTREPAÑO CARB2","F","RAIL TRASERO","427.2","80",,"0","0","2","0",,,"0.45","15",,"0","LxL{-30}LyL",,"63794","P","P","1","Caja"
"9/9/2026 1:17 PM","BFD18 MBLE INF COC 1 PUERTA 1 ENTREPAÑO CARB2","E","RAIL TRASERO","427.2","80",,"0","0","2","0",,,"0.45","15",,"0","LxL{-30}LyL",,"63793","P","P","1","Caja"
"9/9/2026 1:17 PM","BFD18 MBLE INF COC 1 PUERTA 1 ENTREPAÑO CARB2","D","RAIL DELANTERO","427.2","80",,"2","0","0","0",,,"0.45","15",,"0","LxL{-30}LyL","ENCHAPE COLOR","63792","P","C","1","Caja"
"9/9/2026 1:17 PM","BFD18 MBLE INF COC 1 PUERTA 1 ENTREPAÑO CARB2","C","SIDE L - R17L762","762","609.6",,"2","2","0","0",,,"0.45","15",,"0","LxA{0}AyL AxP{0}PyA",,"63791","B","C","1","Caja"
"9/9/2026 1:17 PM","BFD18 MBLE INF COC 1 PUERTA 1 ENTREPAÑO CARB2","B","SIDE R - R17L762","762","609.6",,"2","2","0","0",,,"0.45","15",,"0","LxA{0}AyL AxP{0}PyA",,"63790","B","C","1","Caja"
"9/9/2026 1:17 PM","BFD18 MBLE INF COC 1 PUERTA 1 ENTREPAÑO CARB2","A","BASE","427.2","585.6",,"2","0","0","0",,,"0.45","15",,"0","LxL{-30}LyL AxP{-24}PyA",,"63789","B","C","1","Caja"
"9/9/2026 12:20 PM","BFD16 MBLE INF COC 1 PUERTA 1 ENTREPAÑO CARB2","I","BACKING","760","390.4",,"0","0","0","0",,,"0","6",,"0","LxA{-2}AyL AxL{-16}LyA",,"63770","F","X","1",
"9/9/2026 12:20 PM","BFD16 MBLE INF COC 1 PUERTA 1 ENTREPAÑO CARB2","H","DOOR R","758.8","403.2",,"2","2","0","0",,,"1","18",,"0","LxA{-3,2}AyL AxL{-3,2}LyA",,"63769","C","C","1","Frente"
"9/9/2026 12:20 PM","BFD16 MBLE INF COC 1 PUERTA 1 ENTREPAÑO CARB2","G","SHLEF","375.4","558.8",,"0","0","2","2",,,"1","15",,"0","LxL{-31}LyL",,"63768","P","P","1","Caja"
"9/9/2026 12:20 PM","BFD16 MBLE INF COC 1 PUERTA 1 ENTREPAÑO CARB2","F","RAIL TRASERO","376.4","80",,"0","0","2","0",,,"0.45","15",,"0","LxL{-30}LyL",,"63767","P","P","1","Caja"
"9/9/2026 12:20 PM","BFD16 MBLE INF COC 1 PUERTA 1 ENTREPAÑO CARB2","E","RAIL TRASERO","376.4","80",,"0","0","2","0",,,"0.45","15",,"0","LxL{-30}LyL",,"63766","P","P","1","Caja"
"9/9/2026 12:20 PM","BFD16 MBLE INF COC 1 PUERTA 1 ENTREPAÑO CARB2","D","RAIL DELANTERO","376.4","80",,"2","0","0","0",,,"0.45","15",,"0","LxL{-30}LyL","ENCHAPE COLOR","63765","P","C","1","Caja"
"9/9/2026 12:20 PM","BFD16 MBLE INF COC 1 PUERTA 1 ENTREPAÑO CARB2","C","SIDE L - R17L762","762","609.6",,"2","2","0","0",,,"0.45","15",,"0","LxA{0}AyL AxP{0}PyA",,"63764","B","C","1","Caja"
"9/9/2026 12:20 PM","BFD16 MBLE INF COC 1 PUERTA 1 ENTREPAÑO CARB2","B","SIDE R - R17L762","762","609.6",,"2","2","0","0",,,"0.45","15",,"0","LxA{0}AyL AxP{0}PyA",,"63763","B","C","1","Caja"
"9/9/2026 12:20 PM","BFD16 MBLE INF COC 1 PUERTA 1 ENTREPAÑO CARB2","A","BASE","376.4","585.6",,"2","0","0","0",,,"0.45","15",,"0","LxL{-30}LyL AxP{-24}PyA",,"63762","B","C","1","Caja"
"9/9/2026 11:59 AM","BFD12 MBLE INF COC 1 PUERTA 1 ENTREPAÑO CARB2","I","BACKING","760","288.8",,"0","0","0","0",,,"0","6",,"0","LxA{-2}AyL AxL{-16}LyA",,"63761","F","X","1",
"9/9/2026 11:59 AM","BFD12 MBLE INF COC 1 PUERTA 1 ENTREPAÑO CARB2","H","DOOR ","758.8","301.6",,"2","2","0","0",,,"1","18",,"0","LxA{-3,2}AyL AxL{-3,2}LyA",,"63760","C","C","1","Frente"
"9/9/2026 11:59 AM","BFD12 MBLE INF COC 1 PUERTA 1 ENTREPAÑO CARB2","G","SHLEF","273.8","558.8",,"0","0","2","2",,,"0.45","15",,"0","LxL{-31}LyL",,"63759","P","P","1","Caja"
"9/9/2026 11:59 AM","BFD12 MBLE INF COC 1 PUERTA 1 ENTREPAÑO CARB2","F","RAIL TRASERO","274.8","80",,"0","0","2","0",,,"0.45","15",,"0","LxL{-30}LyL",,"63758","P","P","1","Caja"
"9/9/2026 11:59 AM","BFD12 MBLE INF COC 1 PUERTA 1 ENTREPAÑO CARB2","E","RAIL TRASERO","274.8","80",,"0","0","2","0",,,"0.45","15",,"0","LxL{-30}LyL",,"63757","P","P","1","Caja"
"9/9/2026 11:59 AM","BFD12 MBLE INF COC 1 PUERTA 1 ENTREPAÑO CARB2","D","RAIL DELANTERO","274.8","80",,"2","0","0","0",,,"0.45","15",,"0","LxL{-30}LyL","ENCHAPE COLOR","63756","P","C","1","Caja"
"9/9/2026 11:59 AM","BFD12 MBLE INF COC 1 PUERTA 1 ENTREPAÑO CARB2","C","SIDE L - R17L762","762","609.6",,"2","2","0","0",,,"0.45","15",,"0","LxA{0}AyL AxP{0}PyA",,"63755","B","C","1","Caja"
"9/9/2026 11:59 AM","BFD12 MBLE INF COC 1 PUERTA 1 ENTREPAÑO CARB2","B","SIDE R - R17L762","762","609.6",,"2","2","0","0",,,"0.45","15",,"0","LxA{0}AyL AxP{0}PyA",,"63754","B","C","1","Caja"
"9/9/2026 11:59 AM","BFD12 MBLE INF COC 1 PUERTA 1 ENTREPAÑO CARB2","A","BASE","274.8","585.6",,"2","0","0","0",,,"0.45","15",,"0","LxL{-30}LyL AxP{-24}PyA",,"63753","B","C","1","Caja"
"9/9/2026 11:57 AM","BFD10 MBLE INF COC 1 PUERTA 1 ENTREPAÑO CARB2","I","BACKING","760","238",,"0","0","0","0",,,"0","6",,"0","LxA{-2}AyL AxL{-16}LyA",,"63752","F","X","1",
"9/9/2026 11:57 AM","BFD10 MBLE INF COC 1 PUERTA 1 ENTREPAÑO CARB2","H","DOOR R","758.8","250.8",,"2","2","0","0",,,"1","18",,"0","LxA{-3,2}AyL  AxL{-3,2}LyA",,"63751","C","C","1","Frente"
"9/9/2026 11:57 AM","BFD10 MBLE INF COC 1 PUERTA 1 ENTREPAÑO CARB2","G","SHLEF","223","558.8",,"0","0","2","2",,,"0.45","15",,"0","LxL{-31}LyL",,"63750","P","P","1","Caja"
"9/9/2026 11:57 AM","BFD10 MBLE INF COC 1 PUERTA 1 ENTREPAÑO CARB2","F","RAIL TRASERO","224","80",,"0","0","2","0",,,"0.45","15",,"0","LxL{-30}LyL",,"63749","P","P","1","Caja"
"9/9/2026 11:57 AM","BFD10 MBLE INF COC 1 PUERTA 1 ENTREPAÑO CARB2","D","RAIL DELANTERO","224","80",,"2","0","0","0",,,"0.45","15",,"0","LxL{-30}LyL","ENCHAPE COLOR","63747","P","C","1","Caja"
"9/9/2026 11:57 AM","BFD10 MBLE INF COC 1 PUERTA 1 ENTREPAÑO CARB2","E","RAIL TRASERO","224","80",,"0","0","2","0",,,"0.45","15",,"0","LxL{-30}LyL",,"63748","P","P","1","Caja"
"9/9/2026 11:57 AM","BFD10 MBLE INF COC 1 PUERTA 1 ENTREPAÑO CARB2","C","SIDE L - R17L762","762","609.6",,"2","2","0","0",,,"0.45","15",,"0","LxA{0}AyL AxP{0}PyA",,"63746","B","C","1","Caja"
"9/9/2026 11:57 AM","BFD10 MBLE INF COC 1 PUERTA 1 ENTREPAÑO CARB2","B","SIDE R - R17L762","762","609.6",,"2","2","0","0",,,"0.45","15",,"0","LxA{0}AyL AxP{0}PyA",,"63745","B","C","1","Caja"
"9/9/2026 11:57 AM","BFD10 MBLE INF COC 1 PUERTA 1 ENTREPAÑO CARB2","A","BASE","224","585.6",,"2",,"0","0",,,"0.45","15",,"0","LxL{-30}LyL AxP{-24}PyA",,"63744","B","C","1","Caja"
"9/9/2026 9:32 AM","BFD14 MBLE INF COC 1 PUERTA 1 ENTREPAÑO CARB2","I","BACKING","760","339.6",,"0","0","0","0",,,"0","6",,"0","LxA{-2}AyL AxL{-16}LyA",,"63743","F","X","1",
"9/9/2026 9:32 AM","BFD14 MBLE INF COC 1 PUERTA 1 ENTREPAÑO CARB2","H","DOOR R","758.8","352.4",,"2","2","0","0",,,"1","18",,"0","LxA{-3,2}AyL AxL{-3,2}LyA",,"63742","C","C","1","Frente"
"9/9/2026 9:32 AM","BFD14 MBLE INF COC 1 PUERTA 1 ENTREPAÑO CARB2","G","SHLEF","324.6","558.8",,"0","0","2","2",,,"0.45","15",,"0","LxL{-31}LyL",,"63741","P","P","1","Caja"
"9/9/2026 9:32 AM","BFD14 MBLE INF COC 1 PUERTA 1 ENTREPAÑO CARB2","F","RAIL TRASERO","325.6","80",,"0","0","2","0",,,"0.45","15",,"0","LxL{-30}LyL",,"63740","P","P","1","Caja"
"9/9/2026 9:32 AM","BFD14 MBLE INF COC 1 PUERTA 1 ENTREPAÑO CARB2","E","RAIL TRASERO","325.6","80",,"0","0","2","0",,,"0.45","15",,"0","LxL{-30}LyL",,"63739","P","P","1","Caja"
"9/9/2026 9:32 AM","BFD14 MBLE INF COC 1 PUERTA 1 ENTREPAÑO CARB2","D","RAIL DELANTERO","325.6","80",,"2","0","0","0",,,"0.45","15",,"0","LxL{-30}LyL","ENCHAPE COLOR","63738","P","C","1","Caja"
"9/9/2026 9:32 AM","BFD14 MBLE INF COC 1 PUERTA 1 ENTREPAÑO CARB2","C","SIDE L - R17L762","762","609.6",,"2","2","0","0",,,"0.45","15",,"0","LxA{0}AyL AxP{0}PyA",,"63737","B","C","1","Caja"
"9/9/2026 9:32 AM","BFD14 MBLE INF COC 1 PUERTA 1 ENTREPAÑO CARB2","B","SIDE R - R17L762","762","609.6",,"2","2","0","0",,,"0.45","15",,"0","LxA{0}AyL AxP{0}PyA",,"63736","B","C","1","Caja"
"9/9/2026 9:32 AM","BFD14 MBLE INF COC 1 PUERTA 1 ENTREPAÑO CARB2","A","BASE","325.6","585.6",,"2","0","0","0",,,"0.45","15",,"0","LxL{-30}LyL AxP{-24}PyA",,"63735","B","C","1","Caja"
"9/2/2026 2:13 PM","SBFD36 MBLE INF LVP 2 PUERTAS CARB2","F","RAIL TRASERO","884.4","80",,"0","0","2","0",,,"0.45","15",,"0","LxL{-30}LyL",,"63707","P","P","1","Caja"
"9/2/2026 2:13 PM","SBFD36 MBLE INF LVP 2 PUERTAS CARB2","E","RAIL TRASERO","884.4","80",,"0","0","2","0",,,"0.45","15",,"0","LxL{-30}LyL",,"63706","P","P","1","Caja"
"9/2/2026 2:13 PM","SBFD36 MBLE INF LVP 2 PUERTAS CARB2","D","RAIL DELANTERO","884.4","128",,"2","0","0","0",,,"0.45","15",,"0","LxL{-30}LyL",,"63705","B","C","1","Caja"
"9/2/2026 2:13 PM","SBFD36 MBLE INF LVP 2 PUERTAS CARB2","B","SIDE R - R17L762","762","609.6",,"2","2","0","0",,,"0.45","15",,"0","LxA{0}AyL AxP{0}PyA",,"63704","B","C","1","Caja"
"9/2/2026 2:13 PM","SBFD36 MBLE INF LVP 2 PUERTAS CARB2","A","BASE","884.4","585.6",,"2","0","0","0",,,"0.45","15",,"0","LxL{-30}LyL AxP{-24}PyA",,"63703","B","C","1","Caja"
"9/2/2026 2:13 PM","SBFD36 MBLE INF LVP 2 PUERTAS CARB2","I","BACKING","760","898.4",,"0","0","0","0",,,"0","6",,"0","AxL{-16}LyA",,"63702","F","X","1",
"9/2/2026 2:13 PM","SBFD36 MBLE INF LVP 2 PUERTAS CARB2","H","DOOR L","758.8","454",,"2","2","0","0",,,"1","18",,"0","LxA{-3,2}AyL AxL[0,4965]LyA",,"63701","C","C","1","Frente"
"9/2/2026 2:13 PM","SBFD36 MBLE INF LVP 2 PUERTAS CARB2","C","SIDE L - R17L762","762","609.6",,"2","2","0","0",,,"0.45","15",,"0","LxA{0}AyL AxP{0}PyA",,"63699","B","C","1","Caja"
"9/2/2026 2:13 PM","SBFD36 MBLE INF LVP 2 PUERTAS CARB2","G","DOOR R","758.8","454",,"2","2","0","0",,,"1","18",,"0","LxA{-3,2}AyL AxL[0,4965]LyA",,"63700","C","C","1","Frente"
"9/2/2026 2:03 PM","W3634 MBLE SUP COC 2 PUERTAS 2 ENTREPAÑOS CARB2","J","DOOR L","860.4","454",,"2","2",,,,,"1","18",,"0","LxA{-3,2}AyL AxL[0,4965]LyA",,"63698","C","C","1","Frente"
"9/2/2026 2:03 PM","W3634 MBLE SUP COC 2 PUERTAS 2 ENTREPAÑOS CARB2","K","BACKING","847.6","898.4",,"0","0","0","0",,,"0","6",,"0","LxA{-16}AyL AxL{-16}LyA",,"63697","F","X","1",
"9/2/2026 2:03 PM","W3634 MBLE SUP COC 2 PUERTAS 2 ENTREPAÑOS CARB2","I","DOOR R","860.4","454",,"2","2","0","0",,,"1","18",,"0","LxA{-3,2}AyL AxL[0,4965]LyA",,"63696","C","C","1","Frente"
"9/2/2026 2:03 PM","W3634 MBLE SUP COC 2 PUERTAS 2 ENTREPAÑOS CARB2","H","SHELF 2","883.4","266.7",,"0","0","2","2",,,"0.45","15",,"0","LxL{-31}LyL",,"63695","P","P","1","Caja"
"9/2/2026 2:03 PM","W3634 MBLE SUP COC 2 PUERTAS 2 ENTREPAÑOS CARB2","G","SHELF 1","883.4","266.7",,"0","0","2","2",,,"0.45","15",,"0","LxL{-31}LyL",,"63694","P","P","1","Caja"
"9/2/2026 2:03 PM","W3634 MBLE SUP COC 2 PUERTAS 2 ENTREPAÑOS CARB2","F","RAIL TRASERO","884.4","80",,"0","0","2","0",,,"0.45","15",,"0","LxL{-30}LyL",,"63693","P","P","1","Caja"
"9/2/2026 2:03 PM","W3634 MBLE SUP COC 2 PUERTAS 2 ENTREPAÑOS CARB2","E","RAIL TRASERO","884.4","80",,"0","0","2","0",,,"0.45","15",,"0","LxL{-30}LyL",,"63692","P","P","1","Caja"
"9/2/2026 2:03 PM","W3634 MBLE SUP COC 2 PUERTAS 2 ENTREPAÑOS CARB2","D","SIDE L - R16L","863.6","304.8",,"2","2","0","0",,,"0.45","15",,"0","LxA{0}AyL AxP{0}PyA",,"63691","B","C","1","Caja"
"9/2/2026 2:03 PM","W3634 MBLE SUP COC 2 PUERTAS 2 ENTREPAÑOS CARB2","C","SIDE R - R16L","863.6","304.8",,"2","2","0","0",,,"0.45","15",,"0","LxA{0}AyL AxP{0}PyA",,"63690","B","C","1","Caja"
"9/2/2026 2:03 PM","W3634 MBLE SUP COC 2 PUERTAS 2 ENTREPAÑOS CARB2","B","TAPA - R16L","884.4","304.8",,"2","0","0","0",,,"0.45","15",,"0","LxL{-30}LyL AxP{0}PyA",,"63689","B","C","1","Caja"
"9/2/2026 2:03 PM","W3634 MBLE SUP COC 2 PUERTAS 2 ENTREPAÑOS CARB2","A","BASE - R16L","884.4","304.8",,"2","0","0","0",,,"0.45","15",,"0","LxL{-30}LyL AxP{0}PyA",,"63688","B","C","1","Caja"
"9/2/2026 2:00 PM","B18 MBLE INF COC 1 CAJÓN 1 PUERTA 1/2 ENTREPAÑO CARB2","M","BACKING","760","441.2",,"0","0",,,,,"0","6",,"0","LxA{-2}AyL AxL{-16}LyA",,"63687","F","X","1",
"9/2/2026 2:00 PM","B18 MBLE INF COC 1 CAJÓN 1 PUERTA 1/2 ENTREPAÑO CARB2","L","FRENTE GAVETA","152.4","454",,"2","2",,,,,"1","18",,"0","AxL{-3,2}LyA",,"63686","C","C","1","Frente"
"9/2/2026 2:00 PM","B18 MBLE INF COC 1 CAJÓN 1 PUERTA 1/2 ENTREPAÑO CARB2","K","DOOR R","603.2","454",,"2","2",,,,,"1","18",,"0","LxA{-158,8}AyL AxL{-3,2}LyA",,"63685","C","C","1","Frente"
"9/2/2026 2:00 PM","B18 MBLE INF COC 1 CAJÓN 1 PUERTA 1/2 ENTREPAÑO CARB2","J","TRASERO CAJON","340.2","68",,"0","0","1",,,,"0.45","15",,"0","LxL{-117}LyL",,"63684","P","P","1","Caja"
"9/2/2026 2:00 PM","B18 MBLE INF COC 1 CAJÓN 1 PUERTA 1/2 ENTREPAÑO CARB2","D","RAIL DELANTERO","427.2","80",,"2","0",,,,,"0.45","15",,"0","LxL{-30}LyL","Enchape color","63683","P","C","1","Caja"
"9/2/2026 2:00 PM","B18 MBLE INF COC 1 CAJÓN 1 PUERTA 1/2 ENTREPAÑO CARB2","C","SIDE L - R17L762","762","609.6",,"2","2",,,,,"0.45","15",,"0","LxA{0}AyL AxP{0}PyA",,"63682","B","C","1","Caja"
"9/2/2026 2:00 PM","B18 MBLE INF COC 1 CAJÓN 1 PUERTA 1/2 ENTREPAÑO CARB2","B","SIDE R - R17L762","762","609.6",,"2","2",,,,,"0.45","15",,"0","LxA{0}AyL AxP{0}PyA",,"63681","B","C","1","Caja"
"9/2/2026 2:00 PM","B18 MBLE INF COC 1 CAJÓN 1 PUERTA 1/2 ENTREPAÑO CARB2","A","BASE","427.2","585.6",,"2","0",,,,,"0.45","15",,"0","LxL{-30}LyL AxP{-24}PyA",,"63680","B","C","1","Caja"
"9/2/2026 2:00 PM","B18 MBLE INF COC 1 CAJÓN 1 PUERTA 1/2 ENTREPAÑO CARB2","I","PIEZA CAJON","352.2","492",,"0","0","2",,,,"0.45","15",,"0","LxL{-105}LyL",,"63679","P","P","1","Caja"
"9/2/2026 2:00 PM","B18 MBLE INF COC 1 CAJÓN 1 PUERTA 1/2 ENTREPAÑO CARB2","H","SHELF","426.2","300",,"0","0","2","2",,,"0.45","15",,"0","LxL{-31}LyL",,"63678","P","P","1","Caja"
"9/2/2026 2:00 PM","B18 MBLE INF COC 1 CAJÓN 1 PUERTA 1/2 ENTREPAÑO CARB2","G","RAIL TRASERO","427.2","80",,"0","0","2",,,,"0.45","15",,"0","LxL{-30}LyL",,"63677","P","P","1","Caja"
"9/2/2026 2:00 PM","B18 MBLE INF COC 1 CAJÓN 1 PUERTA 1/2 ENTREPAÑO CARB2","F","RAIL TRASERO","427.2","80",,"0","0","2",,,,"0.45","15",,"0","LxL{-30}LyL",,"63676","P","P","1","Caja"
"9/2/2026 2:00 PM","B18 MBLE INF COC 1 CAJÓN 1 PUERTA 1/2 ENTREPAÑO CARB2","E","RAIL DELANTERO","427.2","80",,"2","0",,,,,"0.45","15",,"0","LxL{-30}LyL","Enchape color","63675","P","C","1","Caja"
"9/2/2026 1:54 PM","B27 MBLE INF COC 1 GAVETA 2 PUERTAS 1/2 ENTREPAÑO CARB2","N","BACKING","760","669.8",,"0","0",,,,,"0","6",,"0","LxA{-2}AyL AxL{-16}LyA",,"63674","F","X","1",
"9/2/2026 1:54 PM","B27 MBLE INF COC 1 GAVETA 2 PUERTAS 1/2 ENTREPAÑO CARB2","K","DOOR R","603.2","339.7",,"2","2",,,,,"1","18",,"0","LxA{-158,8}AyL AxL[0,49533]LyA",,"63673","C","C","1","Frente"
"9/2/2026 1:54 PM","B27 MBLE INF COC 1 GAVETA 2 PUERTAS 1/2 ENTREPAÑO CARB2","H","SHEFL","654.8","300",,"0","0","2","2",,,"0.45","15",,"0","LxL{-31}LyL",,"63672","P","P","1","Caja"
"9/2/2026 1:54 PM","B27 MBLE INF COC 1 GAVETA 2 PUERTAS 1/2 ENTREPAÑO CARB2","F","RAIL TRASERO","655.8","80",,"0","0","2",,,,"0.45","15",,"0","LxL{-30}LyL",,"63671","P","P","1","Caja"
"9/2/2026 1:54 PM","B27 MBLE INF COC 1 GAVETA 2 PUERTAS 1/2 ENTREPAÑO CARB2","M","FRENTE GAVETA","152.4","682.6",,"2","2",,,,,"1","18",,"0","AxL{-3,2}LyA",,"63669","C","C","1","Frente"
"9/2/2026 1:54 PM","B27 MBLE INF COC 1 GAVETA 2 PUERTAS 1/2 ENTREPAÑO CARB2","A","BASE","655.8","585.6",,"2","0",,,,,"0.45","15",,"0","LxL{-30}LyL AxP{-24}PyA",,"63670","B","C","1","Caja"
"9/2/2026 1:54 PM","B27 MBLE INF COC 1 GAVETA 2 PUERTAS 1/2 ENTREPAÑO CARB2","L","DOOR L","603.2","339.7",,"2","2",,,,,"1","18",,"0","LxA{-158,8}AyL AxL[0,49533]LyA",,"63668","C","C","1","Frente"
"9/2/2026 1:54 PM","B27 MBLE INF COC 1 GAVETA 2 PUERTAS 1/2 ENTREPAÑO CARB2","J","TRASERO GAVETA ","568.8","68",,"0","0","1",,,,"0.45","15",,"0","LxL{-117}LyL",,"63667","P","P","1","Caja"
"9/2/2026 1:54 PM","B27 MBLE INF COC 1 GAVETA 2 PUERTAS 1/2 ENTREPAÑO CARB2","I","BASE GAVETA ","580.8","492",,"0","0","2",,,,"0.45","15",,"0","LxL{-105}LyL",,"63666","P","P","1","Caja"
"9/2/2026 1:54 PM","B27 MBLE INF COC 1 GAVETA 2 PUERTAS 1/2 ENTREPAÑO CARB2","G","RAIL TRASERO","655.8","80",,"0","0","2",,,,"0.45","15",,"0","LxL{-30}LyL",,"63665","P","P","1","Caja"
"9/2/2026 1:54 PM","B27 MBLE INF COC 1 GAVETA 2 PUERTAS 1/2 ENTREPAÑO CARB2","E","RAIL DELANTERO","655.8","80",,"2","0",,,,,"0.45","15",,"0","LxL{-30}LyL","Enchape color","63664","P","C","1","Caja"
"9/2/2026 1:54 PM","B27 MBLE INF COC 1 GAVETA 2 PUERTAS 1/2 ENTREPAÑO CARB2","D","RAIL DELANTERO","655.8","80",,"2","0",,,,,"0.45","15",,"0","LxL{-30}LyL","Enchape color","63663","P","C","1","Caja"
"9/2/2026 1:54 PM","B27 MBLE INF COC 1 GAVETA 2 PUERTAS 1/2 ENTREPAÑO CARB2","C","SIDE L - R17L762","762","609.6",,"2","2",,,,,"0.45","15",,"0","LxA{0}AyL AxP{0}PyA",,"63662","B","C","1","Caja"
"9/2/2026 1:54 PM","B27 MBLE INF COC 1 GAVETA 2 PUERTAS 1/2 ENTREPAÑO CARB2","B","SIDE R - R17L762","762","609.6",,"2","2",,,,,"0.45","15",,"0","LxA{0}AyL AxP{0}PyA",,"63661","B","C","1","Caja"
"8/24/2026 7:33 AM","USVFDR3628 3/4 MBLE INF LVM 2 PUERTAS REMOVIBLE CARB2","K","BACKING","605.45","898.4",,"0","0","0","0",,,"0","6",,"0","LxA{-124,8}AyL AxL{-16}LyA",,"63660","F","X","1",
"8/24/2026 7:33 AM","USVFDR3628 3/4 MBLE INF LVM 2 PUERTAS REMOVIBLE CARB2","J","DOOR R","727.05","454",,"2","2","0","0",,,"1","18",,"0","LxA{-3,2}AyL AxL[0,496500]LyA",,"63659","C","C","1","Frente"
"8/24/2026 7:33 AM","USVFDR3628 3/4 MBLE INF LVM 2 PUERTAS REMOVIBLE CARB2","I","DOOR R","727.05","454",,"2","2","0","0",,,"1","18",,"0","LxA{-3,2}AyL AxL[0,496500]LyA",,"63658","C","C","1","Frente"
"8/24/2026 7:33 AM","USVFDR3628 3/4 MBLE INF LVM 2 PUERTAS REMOVIBLE CARB2","H","RAIL TRASERO","884.4","120.75",,"0","0","2","0",,,"0.45","15",,"0","LxL{-30}LyL",,"63657","P","P","1","Caja"
"8/24/2026 7:33 AM","USVFDR3628 3/4 MBLE INF LVM 2 PUERTAS REMOVIBLE CARB2","F","RAIL TRASERO","884.4","80",,"0","0","2","0",,,"0.45","15",,"0","LxL{-30}LyL",,"63655","P","P","1","Caja"
"8/24/2026 7:33 AM","USVFDR3628 3/4 MBLE INF LVM 2 PUERTAS REMOVIBLE CARB2","G","RAIL TRASERO","884.4","80",,"0","0","2","0",,,"0.45","15",,"0","LxL{-30}LyL",,"63656","P","P","1","Caja"
"8/24/2026 7:33 AM","USVFDR3628 3/4 MBLE INF LVM 2 PUERTAS REMOVIBLE CARB2","E","RAIL DELANTERO","884.4","80",,"2","0","0","0",,,"0.45","15",,"0","LxL{-30}LyL","ENCHAPE COLOR","63654","P","C","1","Caja"
"8/24/2026 7:33 AM","USVFDR3628 3/4 MBLE INF LVM 2 PUERTAS REMOVIBLE CARB2","D","RAIL DELANTERO","884.4","140",,"2","0","0","0",,,"0.45","15",,"0","LxL{-30}LyL",,"63653","B","C","1","Caja"
"8/24/2026 7:33 AM","USVFDR3628 3/4 MBLE INF LVM 2 PUERTAS REMOVIBLE CARB2","C","SIDE L - R17L762","762","533.4",,"2","2","0","0",,,"0.45","15",,"0","AxP{0}PyA",,"63652","B","C","1","Caja"
"8/24/2026 7:33 AM","USVFDR3628 3/4 MBLE INF LVM 2 PUERTAS REMOVIBLE CARB2","B","SIDE R - R17L762","762","533.4",,"2","2","0","0",,,"0.45","15",,"0","AxP{0}PyA",,"63651","B","C","1","Caja"
"8/24/2026 7:33 AM","USVFDR3628 3/4 MBLE INF LVM 2 PUERTAS REMOVIBLE CARB2","A","BASE","884.4","518.4",,"2","0","0","0",,,"0.45","15",,"0","LxL{-30}LyL AxP{-15}PyA",,"63650","B","C","1","Caja"
"8/18/2026 11:35 AM","USVFD NR3628 3/4 MBLE INF LVM 2 PUERTAS CARB2","I","BACKING","728.25","898.4",,"0","0","0","0",,,"0","6",,"0","LxA{-2}AyL AxL{-16}LyA",,"63649","F","X","1",
"8/18/2026 11:35 AM","USVFD NR3628 3/4 MBLE INF LVM 2 PUERTAS CARB2","H","DOOR L","727.05","454",,"2","2","0","0",,,"1","18",,"0","LxA{-3,2}AyL AxL[0,4965]LyA",,"63648","C","C","1","Frente"
"8/18/2026 11:35 AM","USVFD NR3628 3/4 MBLE INF LVM 2 PUERTAS CARB2","G","DOOR R","727.05","454",,"2","2","0","0",,,"1","18",,"0","LxA{-3,2}AyL AxL[0,4965]LyA",,"63647","C","C","1","Frente"
"8/18/2026 11:35 AM","USVFD NR3628 3/4 MBLE INF LVM 2 PUERTAS CARB2","F","REAR RAIL","884.4","80",,"0","0","2","0",,,"0.45","15",,"0","LxL{-30}LyL",,"63646","P","P","1","Caja"
"8/18/2026 11:35 AM","USVFD NR3628 3/4 MBLE INF LVM 2 PUERTAS CARB2","D","RAIL DELANTERO","884.4","96",,"2","0","0","0",,,"0.45","15",,"0","LxL{-30}LyL",,"63644","B","C","1","Caja"
"8/18/2026 11:35 AM","USVFD NR3628 3/4 MBLE INF LVM 2 PUERTAS CARB2","E","RAIL TRASERO","884.4","80",,"0","0","2","0",,,"0.45","15",,"0","LxL{-30}LyL",,"63645","P","P","1","Caja"
"8/18/2026 11:35 AM","USVFD NR3628 3/4 MBLE INF LVM 2 PUERTAS CARB2","C","SIDE L - R17L762","730.25","533.4",,"2","2","0","0",,,"0.45","15",,"0","LxA{0}AyL AxP{0}PyA",,"63643","B","C","1","Caja"
"8/18/2026 11:35 AM","USVFD NR3628 3/4 MBLE INF LVM 2 PUERTAS CARB2","B","SIDE R - R17L762","730.25","533.4",,"2","2","0","0",,,"0.45","15",,"0","LxA{0}AyL AxP{0}PyA",,"63642","B","C","1","Caja"
"8/18/2026 11:35 AM","USVFD NR3628 3/4 MBLE INF LVM 2 PUERTAS CARB2","A","BASE","884.4","509.4",,"2","0","0","0",,,"0.45","15",,"0","LxL{-30}LyL AxP{-24}PyA",,"63641","B","C","1","Caja"
"8/13/2026 11:19 AM","HRJ BOV24 SMG Expocamacol","E","RIEL DEL","579.6","80",,"2","0","0","0",,,"0.45","15",,"0","LxL{-30}LyL",,"63640","B","C","1","Caja"
"8/13/2026 11:19 AM","HRJ BOV24 SMG Expocamacol","F","FRONT OVEN","124","606.4",,"2","2","0","0",,,"1","18",,"0","AxL{-3,2}LyA",,"63639","C","C","1","Frente"
"8/13/2026 11:19 AM","HRJ BOV24 SMG Expocamacol","D","RAIL TRASERO","579.6","80",,"0","0","2","0",,,"0.45","15",,"0","LxL{-30}LyL",,"63638","P","P","1","Caja"
"8/13/2026 11:19 AM","HRJ BOV24 SMG Expocamacol","D","RAIL TRASERO","579.6","80",,"0","0","2","0",,,"0.45","15",,"0","LxL{-30}LyL",,"63637","P","P","1","Caja"
"8/13/2026 11:19 AM","HRJ BOV24 SMG Expocamacol","C","SIDE L","762","609.6",,"2","2","0","0",,,"0.45","15",,"0","LxA{0}AyL AxP{0}PyA",,"63636","B","C","1","Caja"
"8/13/2026 11:19 AM","HRJ BOV24 SMG Expocamacol","B","SIDE R","762","609.6",,"2","2","0","0",,,"0.45","15",,"0","LxA{0}AyL AxP{0}PyA",,"63635","B","C","1","Caja"
"8/13/2026 11:19 AM","HRJ BOV24 SMG Expocamacol","A","BASE","579.6","594.6",,"2","0","0","0",,,"0.45","15",,"0","LxL{-30}LyL AxP{-15}PyA",,"63634","B","C","1","Caja"
"8/12/2026 2:23 PM","F634 FILLER MBLE SUP","A","FILLER EXPOCAMACOL","888","152.4",,"2","2","0","0",,,"1","18",,"0"," AxL{0}LyA",,"63633","C","C","1","Frente"
"8/12/2026 2:20 PM","HRJ BFD16-GC SMG MBLE INF COC 1 PUERTA CARB2","H","BACKING","760","390.4",,"0","0","0","0",,,"0","6",,"0","LxA{-2}AyL AxL{-16}LyA",,"63632","F","X","1",
"8/12/2026 2:20 PM","HRJ BFD16-GC SMG MBLE INF COC 1 PUERTA CARB2","G","DOOR ","732","403.2",,"2","2","0","0",,,"1","18",,"0","LxA{-30}AyL AxL{-3,2}LyA",,"63631","C","C","1","Frente"
"8/12/2026 2:20 PM","HRJ BFD16-GC SMG MBLE INF COC 1 PUERTA CARB2","F","RAIL TRASERO","376.4","80",,"0","0","2","0",,,"0.45","15",,"0","LxL{-30}LyL",,"63630","P","P","1","Caja"
"8/12/2026 2:20 PM","HRJ BFD16-GC SMG MBLE INF COC 1 PUERTA CARB2","E","RAIL TRASERO","376.4","80",,"0","0","2","0",,,"0.45","15",,"0","LxL{-30}LyL",,"63629","P","P","1","Caja"
"8/12/2026 2:20 PM","HRJ BFD16-GC SMG MBLE INF COC 1 PUERTA CARB2","D","RAIL DELANTERO","376.4","80",,"2","0","0","0",,,"0.45","15",,"0","LxL{-30}LyL","ENCHAPE COLOR","63628","P","C","1","Caja"
"8/12/2026 2:20 PM","HRJ BFD16-GC SMG MBLE INF COC 1 PUERTA CARB2","C","SIDE L - R17L762","762","609.6",,"2","2","0","0",,,"0.45","15",,"0","LxA{0}AyL AxP{0}PyA",,"63627","B","C","1","Caja"
"8/12/2026 2:20 PM","HRJ BFD16-GC SMG MBLE INF COC 1 PUERTA CARB2","B","SIDE R - R17L762","762","609.6",,"2","2","0","0",,,"0.45","15",,"0","LxA{0}AyL AxP{0}PyA",,"63626","B","C","1","Caja"
"8/12/2026 2:20 PM","HRJ BFD16-GC SMG MBLE INF COC 1 PUERTA CARB2","A","BASE","376.4","585.6",,"2","0","0","0",,,"0.45","15",,"0","LxL{-30}LyL AxP{-24}PyA",,"63625","B","C","1","Caja"
"8/12/2026 2:16 PM","HRJ DB22-2+INT SMG Expocamacol","P","FRENTE GAV INT","100","525.6",,"2","2","1","0",,,"1","15",,"0","AxL{-33,2}LyA",,"63624","P","P","1","Frente"
"8/12/2026 2:16 PM","HRJ DB22-2+INT SMG Expocamacol","O","TRAS CAJON INT","441.8","68",,"0","0","1","2",,,"0.45","15",,"0","LxL{-117}LyL",,"63623","P","P","1","Caja"
"8/12/2026 2:16 PM","HRJ DB22-2+INT SMG Expocamacol","N","FONDO GAV INT","453.8","492",,"0","0","2","0",,,"0.45","15",,"0","LxL{-105}LyL",,"63622","P","P","1","Caja"
"8/12/2026 2:16 PM","HRJ DB22-2+INT SMG Expocamacol","M","BACKING","760","542.8",,"0","0","0","0",,,"0","6",,"0","LxA{-2}AyL AxL{-16}LyA",,"63621","F","X","1",
"8/12/2026 2:16 PM","HRJ DB22-2+INT SMG Expocamacol","L","FRENTE GAVETA INF","351","555.6",,"2","2","0","0",,,"1","18",,"0","AxL{-3,2}LyA",,"63620","C","C","1","Frente"
"8/12/2026 2:16 PM","HRJ DB22-2+INT SMG Expocamacol","J","TRAS CAJON INF","441.8","183",,"0","0","1","2",,,"0.45","15",,"0","LxL{-117}LyL",,"63618","P","P","1","Caja"
"8/12/2026 2:16 PM","HRJ DB22-2+INT SMG Expocamacol","K","FRENTE GAVETA SUP","351","555.6",,"2","2","0","0",,,"1","18",,"0","AxL{-3,2}LyA",,"63619","C","C","1","Frente"
"8/12/2026 2:16 PM","HRJ DB22-2+INT SMG Expocamacol","I","TRAS CAJON SUP","441.8","68",,"0","0","1","2",,,"0.45","15",,"0","LxL{-117}LyL",,"63617","P","P","1","Caja"
"8/12/2026 2:16 PM","HRJ DB22-2+INT SMG Expocamacol","H","FONDO GAV INF","453.8","492",,"0","0","2","0",,,"0.45","15",,"0","LxL{-105}LyL",,"63616","P","P","1","Caja"
"8/12/2026 2:16 PM","HRJ DB22-2+INT SMG Expocamacol","G","FONDO GAV SUP","453.8","492",,"0","0","2","0",,,"0.45","15",,"0","LxL{-105}LyL",,"63615","P","P","1","Caja"
"8/12/2026 2:16 PM","HRJ DB22-2+INT SMG Expocamacol","F","RAIL TRAS","528.8","80",,"0","0","2","0",,,"0.45","15",,"0","LxL{-30}LyL",,"63614","P","P","1","Caja"
"8/12/2026 2:16 PM","HRJ DB22-2+INT SMG Expocamacol","E","RAIL TRAS","528.8","80",,"0","0","2","0",,,"0.45","15",,"0","LxL{-30}LyL",,"63613","P","P","1","Caja"
"8/12/2026 2:16 PM","HRJ DB22-2+INT SMG Expocamacol","D","RAIL DEL","528.8","80",,"2","0","0","0",,,"0.45","15",,"0","LxL{-30}LyL",,"63612","B","C","1","Caja"
"8/12/2026 2:16 PM","HRJ DB22-2+INT SMG Expocamacol","C","SIDE L - R20L","762","609.6",,"2","2","0","0",,,"0.45","15",,"0","LxA{0}AyL AxP{0}PyA",,"63611","B","C","1","Caja"
"8/12/2026 2:16 PM","HRJ DB22-2+INT SMG Expocamacol","B","SIDE R - R20L","762","609.6",,"2","2","0","0",,,"0.45","15",,"0","LxA{0}AyL AxP{0}PyA",,"63610","B","C","1","Caja"
"8/12/2026 2:16 PM","HRJ DB22-2+INT SMG Expocamacol","A","BASE","528.8","585.6",,"2","0","0","0",,,"0.45","15",,"0","LxL{-30}LyL AxP{-24}PyA",,"63609","B","C","1","Caja"
"8/12/2026 9:30 AM","TK496 ZOCALO Expocamacol","A","Zócalo","2,438.4","126",,"2","2",,,,,"1","18",,"0","LxL{0}LyL",,"63608","C","C","1","Frente"
"8/12/2026 9:29 AM","PN78 1/234 PANEL MBLE","A","PANEL EXPOCAMACOL","888","1,991.8",,"2","2","0","0",,,"2","18",,"0",,,"63607","C","C","1","Frente"
"8/12/2026 9:27 AM","PN24 3/434 PANEL MBLE","A","PANEL EXPOCAMACOL","888","627.6",,"2","2","0","0",,,"2","18",,"0",,,"63606","C","C","1","Frente"
"8/12/2026 8:59 AM","HRJ PC2296 TK4 SMG Expocamacol","O","BACKING","2,272","542.8",,,,,,,,"0","6",,"0","LxA{-166,4}AyL AxL{-16}LyA",,"63605","F","X","1",
"8/12/2026 8:59 AM","HRJ PC2296 TK4 SMG Expocamacol","N","DOOR LOW","732","555.6",,"2",,,,,,"1","18",,"0","AxL{-3,2}LyA",,"63604","C","C","1","Frente"
"8/12/2026 8:59 AM","HRJ PC2296 TK4 SMG Expocamacol","M","DOOR UP","1,508.8","555.6",,"2","2",,,,,"1","18",,"0","AxL{-3,2}LyA",,"63603","C","C","1","Frente"
"8/12/2026 8:59 AM","HRJ PC2296 TK4 SMG Expocamacol","L","SHELF4","527.8","570.5",,,,"2","2",,,"0.45","15",,"0","LxL{-31}LyL",,"63602","C","C","1","Caja"
"8/12/2026 8:59 AM","HRJ PC2296 TK4 SMG Expocamacol","K","SHELF3","527.8","570.5",,,,"2","2",,,"0.45","15",,"0","LxL{-31}LyL",,"63601","C","C","1","Caja"
"8/12/2026 8:59 AM","HRJ PC2296 TK4 SMG Expocamacol","J","SHELF2","527.8","570.5",,,,"2","2",,,"0.45","15",,"0","LxL{-31}LyL",,"63600","C","C","1","Caja"
"8/12/2026 8:59 AM","HRJ PC2296 TK4 SMG Expocamacol","I","SHELF1","527.8","570.5",,,,"2","2",,,"0.45","15",,"0","LxL{-31}LyL",,"63599","C","C","1","Caja"
"8/12/2026 8:59 AM","HRJ PC2296 TK4 SMG Expocamacol","H","SHELF0","528.8","585.6",,,,"2",,,,"0.45","15",,"0","LxL{-30}LyL",,"63598","C","C","1","Caja"
"8/12/2026 8:59 AM","HRJ PC2296 TK4 SMG Expocamacol","G","RAIL TRASERO","528.8","80",,,,"2",,,,"0.45","15",,"0","LxL{-30}LyL",,"63597","C","C","1","Caja"
"8/12/2026 8:59 AM","HRJ PC2296 TK4 SMG Expocamacol","F","RAIL TRASERO","528.8","80",,,,"2",,,,"0.45","15",,"0","LxL{-30}LyL",,"63596","C","C","1","Caja"
"8/12/2026 8:59 AM","HRJ PC2296 TK4 SMG Expocamacol","E","RAIL TRASERO","528.8","80",,"0",,"2",,,,"0.45","15",,"0","LxL{-30}LyL",,"63595","C","C","1","Caja"
"8/12/2026 8:59 AM","HRJ PC2296 TK4 SMG Expocamacol","D","SIDE L","2,274","609.6",,"2","2",,,,,"0.45","15",,"0","LxA{-164,4}AyL AxP{0}PyA",,"63594","C","C","1","Caja"
"8/12/2026 8:59 AM","HRJ PC2296 TK4 SMG Expocamacol","C","SIDE R","2,274","609.6",,"2","2",,,,,"0.45","15",,"0","LxA{-164,4}AyL AxP{0}PyA",,"63593","C","C","1","Caja"
"8/12/2026 8:59 AM","HRJ PC2296 TK4 SMG Expocamacol","B","TAPA","528.8","585.6",,"2",,,,,,"0.45","15",,"0","LxL{-30}LyL AxP{-24}PyA",,"63592","C","C","1","Caja"
"8/12/2026 8:59 AM","HRJ PC2296 TK4 SMG Expocamacol","A","BASE","528.8","585.6",,"2",,,,,,"0.45","15",,"0","LxL{-30}LyL AxP{-24}PyA",,"63591","C","C","1","Caja"
"8/11/2026 4:03 PM","PN49 1/235 1/4 PANEL MBLE","A","PANEL","895.35","1,257.3",,"2","2","0","0",,,"1","18",,"0","LxA{0}AyL AxL{0}LyA",,"63575","C","C","1","Frente"
"8/11/2026 3:58 PM","PN21 7/834 1/2 PANEL MBLE","A","PANEL","876.3","555.63",,"2","2","0","0",,,"1","18",,"0","LxA{0}AyL AxL{0}LyA",,"63574","C","C","1","Frente"
"8/11/2026 3:57 PM","PN1717 PANEL MBLE","A","PANEL","431.8","431.8",,"2","2","0","0",,,"1","18",,"0","LxA{0}AyL AxP{0}PyA",,"63573","C","C","1","Frente"
"8/11/2026 3:56 PM","PN12 7/814 PANEL MBLE","A","PANEL","355.6","327.03",,"2","2","0","0",,,"1","18",,"0","LxA{0}AyL AxL{0}LyA",,"63572","C","C","1","Frente"
"8/11/2026 3:55 PM","F830 FILLER MBLE INF","A","FILLER","762","203.2",,"2","2","0","0",,,"1","18",,"0","LxA{0}AyL AxL{0}LyA",,"63571","C","C","1","Frente"
"8/11/2026 3:46 PM","WLD3330 MBLE SUP COC 2 PUERTAS 2 ENTREPAÑOS CARB2","J","DOOR L","758.8","415.9",,"2","2",,,,,"1","18",,"0","LxA{-3,2}AyL AxL[0,49618]LyA",,"63552","C","C","1","Frente"
"8/11/2026 3:46 PM","WLD3330 MBLE SUP COC 2 PUERTAS 2 ENTREPAÑOS CARB2","K","BACKING","720.6","822.2",,"0","0","0","0",,,"0","6",,"0","LxA{-41,4}AyL AxL{-16}LyA",,"63551","F","X","1",
"8/11/2026 3:46 PM","WLD3330 MBLE SUP COC 2 PUERTAS 2 ENTREPAÑOS CARB2","I","DOOR R","758.8","415.9",,"2","2","0","0",,,"1","18",,"0","LxA{-3,2}AyL AxL[0,49618]LyA",,"63550","C","C","1","Frente"
"8/11/2026 3:46 PM","WLD3330 MBLE SUP COC 2 PUERTAS 2 ENTREPAÑOS CARB2","H","SHELF 2","807.2","266.7",,"0","0","2","2",,,"0.45","15",,"0","LxL{-31}LyL",,"63549","P","P","1","Caja"
"8/11/2026 3:46 PM","WLD3330 MBLE SUP COC 2 PUERTAS 2 ENTREPAÑOS CARB2","G","SHELF 1","807.2","266.7",,"0","0","2","2",,,"0.45","15",,"0","LxL{-31}LyL",,"63548","P","P","1","Caja"
"8/11/2026 3:46 PM","WLD3330 MBLE SUP COC 2 PUERTAS 2 ENTREPAÑOS CARB2","F","RAIL TRASERO","808.2","80",,"0","0","2","0",,,"0.45","15",,"0","LxL{-30}LyL",,"63547","P","P","1","Caja"
"8/11/2026 3:46 PM","WLD3330 MBLE SUP COC 2 PUERTAS 2 ENTREPAÑOS CARB2","E","RAIL TRASERO","808.2","80",,"0","0","2","0",,,"0.45","15",,"0","LxL{-30}LyL",,"63546","P","P","1","Caja"
"8/11/2026 3:46 PM","WLD3330 MBLE SUP COC 2 PUERTAS 2 ENTREPAÑOS CARB2","D","SIDE L - R16L","736.6","304.8",,"2","2","0","0",,,"0.45","15",,"0","LxA{-25,4}AyL AxP{0}PyA",,"63545","B","C","1","Caja"
"8/11/2026 3:46 PM","WLD3330 MBLE SUP COC 2 PUERTAS 2 ENTREPAÑOS CARB2","C","SIDE R - R16L","736.6","304.8",,"2","2","0","0",,,"0.45","15",,"0","LxA{-25,4}AyL AxP{0}PyA",,"63544","B","C","1","Caja"
"8/11/2026 3:46 PM","WLD3330 MBLE SUP COC 2 PUERTAS 2 ENTREPAÑOS CARB2","B","TAPA - R16L","808.2","304.8",,"2","0","0","0",,,"0.45","15",,"0","LxL{-30}LyL AxP{0}PyA",,"63543","B","C","1","Caja"
"8/11/2026 3:46 PM","WLD3330 MBLE SUP COC 2 PUERTAS 2 ENTREPAÑOS CARB2","A","BASE - R16L","808.2","304.8",,"2","0","0","0",,,"0.45","15",,"0","LxL{-30}LyL AxP{0}PyA",,"63542","B","C","1","Caja"
"8/11/2026 2:17 PM","WLD2730 MBLE SUP COC 2 PUERTAS 2 ENTREPAÑOS CARB2","J","DOOR L","758.8","339.7",,"2","2",,,,,"1","18",,"0","LxA{-3,2}AyL AxL[0,49533]LyA",,"63532","C","C","1","Frente"
"8/11/2026 2:17 PM","WLD2730 MBLE SUP COC 2 PUERTAS 2 ENTREPAÑOS CARB2","K","BACKING","720.6","669.8",,"0","0","0","0",,,"0","6",,"0","LxA{-41,4}AyL AxL{-16}LyA",,"63531","F","X","1",
"8/11/2026 2:17 PM","WLD2730 MBLE SUP COC 2 PUERTAS 2 ENTREPAÑOS CARB2","I","DOOR R","758.8","339.7",,"2","2","0","0",,,"1","18",,"0","LxA{-3,2}AyL AxL[0,49533]LyA",,"63530","C","C","1","Frente"
"8/11/2026 2:17 PM","WLD2730 MBLE SUP COC 2 PUERTAS 2 ENTREPAÑOS CARB2","H","SHELF 2","654.8","266.7",,"0","0","2","2",,,"0.45","15",,"0","LxL{-31}LyL",,"63529","P","P","1","Caja"
"8/11/2026 2:17 PM","WLD2730 MBLE SUP COC 2 PUERTAS 2 ENTREPAÑOS CARB2","G","SHELF 1","654.8","266.7",,"0","0","2","2",,,"0.45","15",,"0","LxL{-31}LyL",,"63528","P","C","1","Caja"
"8/11/2026 2:17 PM","WLD2730 MBLE SUP COC 2 PUERTAS 2 ENTREPAÑOS CARB2","F","RAIL TRASERO","655.8","80",,"0","0","2","0",,,"0.45","15",,"0","LxL{-30}LyL",,"63527","P","P","1","Caja"
"8/11/2026 2:17 PM","WLD2730 MBLE SUP COC 2 PUERTAS 2 ENTREPAÑOS CARB2","E","RAIL TRASERO","655.8","80",,"0","0","2","0",,,"0.45","15",,"0","LxL{-30}LyL",,"63526","P","P","1","Caja"
"8/11/2026 2:17 PM","WLD2730 MBLE SUP COC 2 PUERTAS 2 ENTREPAÑOS CARB2","D","SIDE L - R16L","736.6","304.8",,"2","2","0","0",,,"0.45","15",,"0","LxA{-25,4}AyL AxP{0}PyA",,"63525","B","C","1","Caja"
"8/11/2026 2:17 PM","WLD2730 MBLE SUP COC 2 PUERTAS 2 ENTREPAÑOS CARB2","C","SIDE R - R16L","736.6","304.8",,"2","2","0","0",,,"0.45","15",,"0","LxA{-25,4}AyL AxP{0}PyA",,"63524","B","C","1","Caja"
"8/11/2026 2:17 PM","WLD2730 MBLE SUP COC 2 PUERTAS 2 ENTREPAÑOS CARB2","B","TAPA - R16L","655.8","304.8",,"2","0","0","0",,,"0.45","15",,"0","LxL{-30}LyL AxP{0}PyA",,"63523","B","C","1","Caja"
"8/11/2026 2:17 PM","WLD2730 MBLE SUP COC 2 PUERTAS 2 ENTREPAÑOS CARB2","A","BASE - R16L","655.8","304.8",,"2","0","0","0",,,"0.45","15",,"0","LxL{-30}LyL AxP{0}PyA",,"63522","B","C","1","Caja"
"8/11/2026 2:14 PM","WLD2430 MBLE SUP COC 2 PUERTAS 2 ENTREPAÑOS CARB2","J","DOOR L","758.8","301.6",,"2","2",,,,,"1","18",,"0","LxA{-3,2}AyL AxL[0,49475]LyA",,"63521","C","C","1","Frente"
"8/11/2026 2:14 PM","WLD2430 MBLE SUP COC 2 PUERTAS 2 ENTREPAÑOS CARB2","K","BACKING","720.6","593.6",,"0","0","0","0",,,"0","6",,"0","LxA{-41,4}AyL AxL{-16}LyA",,"63520","F","X","1",
"8/11/2026 2:14 PM","WLD2430 MBLE SUP COC 2 PUERTAS 2 ENTREPAÑOS CARB2","H","SHELF 2","578.6","266.7",,"0","0","2","2",,,"0.45","15",,"0","LxL{-31}LyL",,"63518","P","P","1","Caja"
"8/11/2026 2:14 PM","WLD2430 MBLE SUP COC 2 PUERTAS 2 ENTREPAÑOS CARB2","I","DOOR R","758.8","301.6",,"2","2","0","0",,,"1","18",,"0","LxA{-3,2}AyL AxL[0,49475]LyA",,"63519","C","C","1","Frente"
"8/11/2026 2:14 PM","WLD2430 MBLE SUP COC 2 PUERTAS 2 ENTREPAÑOS CARB2","G","SHELF 1","578.6","266.7",,"0","0","2","2",,,"0.45","15",,"0","LxL{-31}LyL",,"63517","P","P","1","Caja"
"8/11/2026 2:14 PM","WLD2430 MBLE SUP COC 2 PUERTAS 2 ENTREPAÑOS CARB2","F","RAIL TRASERO","579.6","80",,"0","0","2","0",,,"0.45","15",,"0","LxL{-30}LyL",,"63516","P","P","1","Caja"
"8/11/2026 2:14 PM","WLD2430 MBLE SUP COC 2 PUERTAS 2 ENTREPAÑOS CARB2","E","RAIL TRASERO","579.6","80",,"0","0","2","0",,,"0.45","15",,"0","LxL{-30}LyL",,"63515","P","P","1","Caja"
"8/11/2026 2:14 PM","WLD2430 MBLE SUP COC 2 PUERTAS 2 ENTREPAÑOS CARB2","D","SIDE L - R16L","736.6","304.8",,"2","2","0","0",,,"0.45","15",,"0","LxA{-25,4}AyL AxP{0}PyA",,"63514","B","C","1","Caja"
"8/11/2026 2:14 PM","WLD2430 MBLE SUP COC 2 PUERTAS 2 ENTREPAÑOS CARB2","C","SIDE R - R16L","736.6","304.8",,"2","2","0","0",,,"0.45","15",,"0","LxA{-25,4}AyL AxP{0}PyA",,"63513","B","C","1","Caja"
"8/11/2026 2:14 PM","WLD2430 MBLE SUP COC 2 PUERTAS 2 ENTREPAÑOS CARB2","B","TAPA - R16L","579.6","304.8",,"2","0","0","0",,,"0.45","15",,"0","LxL{-30}LyL AxP{0}PyA",,"63512","B","C","1","Caja"
"8/11/2026 2:14 PM","WLD2430 MBLE SUP COC 2 PUERTAS 2 ENTREPAÑOS CARB2","A","BASE - R16L","579.6","304.8",,"2","0","0","0",,,"0.45","15",,"0","LxL{-30}LyL AxP{0}PyA",,"63511","B","C","1","Caja"
"8/11/2026 2:10 PM","WLD1530 MBLE SUP COC 1 PUERTA 2 ENTREPAÑOS CARB2","J","BACKING","720.6","365",,"0","0","0","0",,,"0","6",,"0","LxA{-41,4}AyL AxL{-16}LyA",,"63510","F","X","1",
"8/11/2026 2:10 PM","WLD1530 MBLE SUP COC 1 PUERTA 2 ENTREPAÑOS CARB2","I","DOOR ","758.8","377.8",,"2","2","0","0",,,"1","18",,"0","LxA{-3,2}AyL AxL{-3,2}LyA",,"63509","C","C","1","Frente"
"8/11/2026 2:10 PM","WLD1530 MBLE SUP COC 1 PUERTA 2 ENTREPAÑOS CARB2","H","SHELF 2","350","266.7",,"0","0","2","2",,,"0.45","15",,"0","LxL{-31}LyL AxP{-38,1}PyA",,"63508","P","P","1","Caja"
"8/11/2026 2:10 PM","WLD1530 MBLE SUP COC 1 PUERTA 2 ENTREPAÑOS CARB2","G","SHELF 1","350","266.7",,"0","0","2","2",,,"0.45","15",,"0","LxL{-31}LyL AxP{-38,1}PyA",,"63507","P","P","1","Caja"
"8/11/2026 2:10 PM","WLD1530 MBLE SUP COC 1 PUERTA 2 ENTREPAÑOS CARB2","F","RAIL TRASERO","351","80",,"0","0","2","0",,,"0.45","15",,"0","LxL{-30}LyL",,"63506","P","P","1","Caja"
"8/11/2026 2:10 PM","WLD1530 MBLE SUP COC 1 PUERTA 2 ENTREPAÑOS CARB2","E","RAIL TRASERO","351","80",,"0","0","2","0",,,"0.45","15",,"0","LxL{-30}LyL",,"63505","P","P","1","Caja"
"8/11/2026 2:10 PM","WLD1530 MBLE SUP COC 1 PUERTA 2 ENTREPAÑOS CARB2","D","SIDE L - R16L","736.6","304.8",,"2","2","0","0",,,"0.45","15",,"0","LxA{-25,4}AyL AxP{0}PyA",,"63504","B","C","1","Caja"
"8/11/2026 2:10 PM","WLD1530 MBLE SUP COC 1 PUERTA 2 ENTREPAÑOS CARB2","C","SIDE R - R16L","736.6","304.8",,"2","2","0","0",,,"0.45","15",,"0","LxA{-25,4}AyL AxP{0}PyA",,"63503","B","C","1","Caja"
"8/11/2026 2:10 PM","WLD1530 MBLE SUP COC 1 PUERTA 2 ENTREPAÑOS CARB2","B","TAPA - R16L","351","304.8",,"2","0","0","0",,,"0.45","15",,"0","LxL{-30}LyL AxP{0}PyA",,"63502","B","C","1","Caja"
"8/11/2026 2:10 PM","WLD1530 MBLE SUP COC 1 PUERTA 2 ENTREPAÑOS CARB2","A","BASE - R16L","351","304.8",,"2","0","0","0",,,"0.45","15",,"0","LxL{-30}LyL AxP{0}PyA",,"63501","B","C","1","Caja"
"8/11/2026 1:57 PM","SBFD33 MBLE INF LVP 2 PUERTAS CARB2","I","BACKING","760","822.2",,"0","0","0","0",,,"0","6",,"0","LxA{-2}AyL AxL{-16}LyA",,"63500","F","X","1",
"8/11/2026 1:57 PM","SBFD33 MBLE INF LVP 2 PUERTAS CARB2","H","DOOR L","758.8","415.9",,"2","2","0","0",,,"1","18",,"0","LxA{-3,2}AyL AxL[0,49618]LyA",,"63499","C","C","1","Frente"
"8/11/2026 1:57 PM","SBFD33 MBLE INF LVP 2 PUERTAS CARB2","G","DOOR R","758.8","415.9",,"2","2","0","0",,,"1","18",,"0","LxA{-3,2}AyL AxL[0,49618]LyA",,"63498","C","C","1","Frente"
"8/11/2026 1:57 PM","SBFD33 MBLE INF LVP 2 PUERTAS CARB2","F","RAIL TRASERO","808.2","80",,"0","0","2","0",,,"0.45","15",,"0","LxL{-30}LyL",,"63497","P","P","1","Caja"
"8/11/2026 1:57 PM","SBFD33 MBLE INF LVP 2 PUERTAS CARB2","E","RAIL TRASERO","808.2","80",,"0","0","2","0",,,"0.45","15",,"0","LxL{-30}LyL",,"63496","P","P","1","Caja"
"8/11/2026 1:57 PM","SBFD33 MBLE INF LVP 2 PUERTAS CARB2","D","RAIL DELANTERO","808.2","128",,"2","0","0","0",,,"0.45","15",,"0","LxL{-30}LyL",,"63495","B","C","1","Caja"
"8/11/2026 1:57 PM","SBFD33 MBLE INF LVP 2 PUERTAS CARB2","C","SIDE L - R17L762","762","609.6",,"2","2","0","0",,,"0.45","15",,"0","LxA{0}AyL AxP{0}PyA",,"63494","B","C","1","Caja"
"8/11/2026 1:57 PM","SBFD33 MBLE INF LVP 2 PUERTAS CARB2","B","SIDE R - R17L762","762","609.6",,"2","2","0","0",,,"0.45","15",,"0","LxA{0}AyL AxP{0}PyA",,"63493","B","C","1","Caja"
"8/11/2026 1:57 PM","SBFD33 MBLE INF LVP 2 PUERTAS CARB2","A","BASE","808.2","585.6",,"2","0","0","0",,,"0.45","15",,"0","LxL{-30}LyL AxP{-24}PyA",,"63492","B","C","1","Caja"
"8/11/2026 1:55 PM","DB15-1S MBLE INF COC 3 GAVETAS 1 PEQUEÑA CARB2","R","BACKING","760","365",,"0","0","0","0",,,"0","6",,"0","LxA{-2}AyL AxL{-16}LyA",,"63491","F","X","1",
"8/11/2026 1:55 PM","DB15-1S MBLE INF COC 3 GAVETAS 1 PEQUEÑA CARB2","Q","FRENTE GAVETA INF","300.08","377.8",,"2","2","0","0",,,"1","18",,"0","LxA[0,3938]AyL AxL{-3,2}LyA",,"63490","C","C","1","Frente"
"8/11/2026 1:54 PM","DB15-1S MBLE INF COC 3 GAVETAS 1 PEQUEÑA CARB2","P","FRENTE GAVETA CENTRAL","300.08","377.8",,"2","2","0","0",,,"1","18",,"0","LxA[0,3938]AyL AxL{-3,2}LyA",,"63489","C","C","1","Frente"
"8/11/2026 1:54 PM","DB15-1S MBLE INF COC 3 GAVETAS 1 PEQUEÑA CARB2","O","FRENTE GAVETA SUP","152.4","377.8",,"2","2","0","0",,,"1","18",,"0","AxL{-3,2}LyA",,"63488","C","C","1","Frente"
"8/11/2026 1:54 PM","DB15-1S MBLE INF COC 3 GAVETAS 1 PEQUEÑA CARB2","N","TRASERO CAJON INF","264","183",,"0","0","1","0",,,"0.45","15",,"0","LxL{-117}LyL",,"63487","P","P","1","Caja"
"8/11/2026 1:54 PM","DB15-1S MBLE INF COC 3 GAVETAS 1 PEQUEÑA CARB2","M","TRASERO CAJON CENTRAL","264","183",,"0","0","1","0",,,"0.45","15",,"0","LxL{-117}LyL",,"63486","P","P","1","Caja"
"8/11/2026 1:54 PM","DB15-1S MBLE INF COC 3 GAVETAS 1 PEQUEÑA CARB2","L","TRASERO CAJON SUP","264","68",,"0","0","1","0",,,"0.45","15",,"0","LxL{-117}LyL",,"63485","P","P","1","Caja"
"8/11/2026 1:54 PM","DB15-1S MBLE INF COC 3 GAVETAS 1 PEQUEÑA CARB2","K","FONDO GAVETA INF","276","492",,"0","0","2","0",,,"0.45","15",,"0","LxL{-105}LyL",,"63484","P","P","1","Caja"
"8/11/2026 1:54 PM","DB15-1S MBLE INF COC 3 GAVETAS 1 PEQUEÑA CARB2","J","FONDO GAVETA CENTRAL","276","492",,"0","0","2","0",,,"0.45","15",,"0","LxL{-105}LyL",,"63483","P","P","1","Caja"
"8/11/2026 1:54 PM","DB15-1S MBLE INF COC 3 GAVETAS 1 PEQUEÑA CARB2","I","FONDO GAVETA SUP","276","492",,"0","0","2","0",,,"0.45","15",,"0","LxL{-105}LyL",,"63482","P","P","1","Caja"
"8/11/2026 1:54 PM","DB15-1S MBLE INF COC 3 GAVETAS 1 PEQUEÑA CARB2","H","RAIL TRASERO","351","80",,"0","0","2","0",,,"0.45","15",,"0","LxL{-30}LyL",,"63481","P","P","1","Caja"
"8/11/2026 1:54 PM","DB15-1S MBLE INF COC 3 GAVETAS 1 PEQUEÑA CARB2","G","RAIL TRASERO","351","80",,"0","0","2","0",,,"0.45","15",,"0","LxL{-30}LyL",,"63480","P","P","1","Caja"
"8/11/2026 1:54 PM","DB15-1S MBLE INF COC 3 GAVETAS 1 PEQUEÑA CARB2","F","RAIL DELANTERO","351","80",,"2","0","0","0",,,"0.45","15",,"0","LxL{-30}LyL",,"63479","P","C","1","Caja"
"8/11/2026 1:54 PM","DB15-1S MBLE INF COC 3 GAVETAS 1 PEQUEÑA CARB2","E","RAIL DELANTERO","351","80",,"2","0","0","0",,,"0.45","15",,"0","LxL{-30}LyL",,"63478","P","C","1","Caja"
"8/11/2026 1:54 PM","DB15-1S MBLE INF COC 3 GAVETAS 1 PEQUEÑA CARB2","D","RAIL DELANTERO","351","80",,"2","0","0","0",,,"0.45","15",,"0","LxL{-30}LyL",,"63477","P","C","1","Caja"
"8/11/2026 1:54 PM","DB15-1S MBLE INF COC 3 GAVETAS 1 PEQUEÑA CARB2","C","SIDE L - R17L762","762","609.6",,"2","2","0","0",,,"0.45","15",,"0","LxA{0}AyL AxP{0}PyA",,"63476","B","C","1","Caja"
"8/11/2026 1:54 PM","DB15-1S MBLE INF COC 3 GAVETAS 1 PEQUEÑA CARB2","B","SIDE R - R17L762","762","609.6",,"2","2","0","0",,,"0.45","15",,"0","LxA{0}AyL AxP{0}PyA",,"63475","B","C","1","Caja"
"8/11/2026 1:54 PM","DB15-1S MBLE INF COC 3 GAVETAS 1 PEQUEÑA CARB2","A","BASE","351","585.6",,"2","0","0","0",,,"0.45","15",,"0","LxL{-30}LyL AxP{-24}PyA",,"63474","B","C","1","Caja"
"8/11/2026 1:50 PM","BFD24 MBLE INF COC 2 PUERTAS 1 ENTREPAÑO CARB2","J","BACKING","760","593.6",,"0","0","0","0",,,"0","6",,"0","LxA{-2}AyL AxL{-16}LyA",,"63473","F","X","1",
"8/11/2026 1:50 PM","BFD24 MBLE INF COC 2 PUERTAS 1 ENTREPAÑO CARB2","I","DOOR L","758.8","301.6",,"2","2","0","0",,,"1","18",,"0","LxA{-3,2}AyL AxL[0,49475]LyA",,"63472","C","C","1","Frente"
"8/11/2026 1:50 PM","BFD24 MBLE INF COC 2 PUERTAS 1 ENTREPAÑO CARB2","H","DOOR R","758.8","301.6",,"2","2","0","0",,,"1","18",,"0","LxA{-3,2}AyL AxL[0,49475]LyA",,"63471","C","C","1","Frente"
"8/11/2026 1:50 PM","BFD24 MBLE INF COC 2 PUERTAS 1 ENTREPAÑO CARB2","G","SHELF 0","578.6","558.8",,"0","0","2","2",,,"0.45","15",,"0","LxL{-31}LyL",,"63470","P","P","1","Caja"
"8/11/2026 1:50 PM","BFD24 MBLE INF COC 2 PUERTAS 1 ENTREPAÑO CARB2","F","RAIL TRASERO","579.6","80",,"0","0","2","0",,,"0.45","15",,"0","LxL{-30}LyL",,"63469","P","P","1","Caja"
"8/11/2026 1:50 PM","BFD24 MBLE INF COC 2 PUERTAS 1 ENTREPAÑO CARB2","E","RAIL TRASERO","579.6","80",,"0","0","2","0",,,"0.45","15",,"0","LxL{-30}LyL",,"63468","P","P","1","Caja"
"8/11/2026 1:50 PM","BFD24 MBLE INF COC 2 PUERTAS 1 ENTREPAÑO CARB2","D","RAIL DELANTERO","579.6","80",,"2","0","0","0",,,"0.45","15",,"0","LxL{-30}LyL",,"63467","B","C","1","Caja"
"8/11/2026 1:50 PM","BFD24 MBLE INF COC 2 PUERTAS 1 ENTREPAÑO CARB2","C","SIDE L - R17L762","762","609.6",,"2","2","0","0",,,"0.45","15",,"0","LxA{0}AyL AxP{0}PyA",,"63466","B","C","1","Caja"
"8/11/2026 1:50 PM","BFD24 MBLE INF COC 2 PUERTAS 1 ENTREPAÑO CARB2","B","SIDE R - R17L762","762","609.6",,"2","2","0","0",,,"0.45","15",,"0","LxA{0}AyL AxP{0}PyA",,"63465","B","C","1","Caja"
"8/11/2026 1:50 PM","BFD24 MBLE INF COC 2 PUERTAS 1 ENTREPAÑO CARB2","A","BASE","579.6","585.6",,"2","0","0","0",,,"0.45","15",,"0","LxL{-30}LyL AxP{-24}PyA",,"63464","B","C","1","Caja"
"8/11/2026 1:47 PM","SVFD36 MBLE INF LVM 2 PUERTAS CARB2","I","BACKING","760","898.4",,"0","0","0","0",,,"0","6",,"0","LxA{-2}AyL AxL{-16}LyA",,"63463","F","X","1",
"8/11/2026 1:47 PM","SVFD36 MBLE INF LVM 2 PUERTAS CARB2","H","DOOR L","758.8","454",,"2","2","0","0",,,"1","18",,"0","LxA{-3,2}AyL AxL[0,49650]LyA",,"63462","C","C","1","Frente"
"8/11/2026 1:47 PM","SVFD36 MBLE INF LVM 2 PUERTAS CARB2","G","DOOR R","758.8","454",,"2","2","0","0",,,"1","18",,"0","LxA{-3,2}AyL AxL[0,49650]LyA",,"63461","C","C","1","Frente"
"8/11/2026 1:47 PM","SVFD36 MBLE INF LVM 2 PUERTAS CARB2","F","RAIL TRASERO","884.4","80",,"0","0","2","0",,,"0.45","15",,"0","LxL{-30}LyL",,"63460","P","P","1","Caja"
"8/11/2026 1:47 PM","SVFD36 MBLE INF LVM 2 PUERTAS CARB2","E","RAIL TRASERO","884.4","80",,"0","0","2","0",,,"0.45","15",,"0","LxL{-30}LyL",,"63459","P","P","1","Caja"
"8/11/2026 1:47 PM","SVFD36 MBLE INF LVM 2 PUERTAS CARB2","D","RAIL DELANTERO","884.4","96",,"2","0","0","0",,,"0.45","15",,"0","LxL{-30}LyL",,"63458","P","P","1","Caja"
"8/11/2026 1:47 PM","SVFD36 MBLE INF LVM 2 PUERTAS CARB2","C","SIDE L - R17L762","762","533.4",,"2","2","0","0",,,"0.45","15",,"0","LxA{0}AyL AxP{0}PyA",,"63457","B","C","1","Caja"
"8/11/2026 1:47 PM","SVFD36 MBLE INF LVM 2 PUERTAS CARB2","B","SIDE R - R17L762","762","533.4",,"2","2","0","0",,,"0.45","15",,"0","LxA{0}AyL AxP{0}PyA",,"63456","B","C","1","Caja"
"8/11/2026 1:47 PM","SVFD36 MBLE INF LVM 2 PUERTAS CARB2","A","BASE","884.4","509.4",,"2","0","0","0",,,"0.45","15",,"0","LxL{-30}LyL AxP{-24}PyA",,"63455","B","C","1","Caja"
"8/11/2026 10:43 AM","UDV1228 3/4-2s MBLE INF BAÑO 3 GAVETAS 1 PEQUEÑA CARB2","R","BACKING","728.25","288.8",,"0","0","0","0",,,"0","6",,"0","LxA{-2}AyL AxL{-16}LyA",,"63454","F","X","1",
"8/11/2026 10:43 AM","UDV1228 3/4-2s MBLE INF BAÑO 3 GAVETAS 1 PEQUEÑA CARB2","Q","FRENTE GAVETA INF","441.25","301.6",,"2","2","0","0",,,"1","18",,"0","AxL{-3,2}LyA",,"63453","C","C","1","Frente"
"8/11/2026 10:43 AM","UDV1228 3/4-2s MBLE INF BAÑO 3 GAVETAS 1 PEQUEÑA CARB2","P","FRENTE GAVETA CENTRAL","139.7","301.6",,"2","2","0","0",,,"1","18",,"0","AxL{-3,2}LyA",,"63452","C","C","1","Frente"
"8/11/2026 10:43 AM","UDV1228 3/4-2s MBLE INF BAÑO 3 GAVETAS 1 PEQUEÑA CARB2","N","TRASERO CAJON INF","187.8","183",,"0","0","1","0",,,"0.45","15",,"0","LxL{-117}LyL",,"63450","P","P","1","Caja"
"8/11/2026 10:43 AM","UDV1228 3/4-2s MBLE INF BAÑO 3 GAVETAS 1 PEQUEÑA CARB2","O","FRENTE GAVETA SUP","139.7","301.6",,"2","2","0","0",,,"1","18",,"0","AxL{-3,2}LyA",,"63451","C","C","1","Frente"
"8/11/2026 10:43 AM","UDV1228 3/4-2s MBLE INF BAÑO 3 GAVETAS 1 PEQUEÑA CARB2","M","TRASERO CAJON CENTRAL","187.8","68",,"0","0","1","0",,,"0.45","15",,"0","LxL{-117}LyL",,"63449","P","P","1","Caja"
"8/11/2026 10:43 AM","UDV1228 3/4-2s MBLE INF BAÑO 3 GAVETAS 1 PEQUEÑA CARB2","L","TRASERO CAJON SUP","187.8","68",,"0","0","1","0",,,"0.45","15",,"0","LxL{-117}LyL",,"63448","P","P","1","Caja"
"8/11/2026 10:43 AM","UDV1228 3/4-2s MBLE INF BAÑO 3 GAVETAS 1 PEQUEÑA CARB2","K","FONDO GAV INF","199.8","441",,"0","0","2","0",,,"0.45","15",,"0","LxL{-105}LyL",,"63447","P","P","1","Caja"
"8/11/2026 10:43 AM","UDV1228 3/4-2s MBLE INF BAÑO 3 GAVETAS 1 PEQUEÑA CARB2","J","FONDO GAV CENTRAL","199.8","441",,"0","0","2","0",,,"0.45","15",,"0","LxL{-105}LyL",,"63446","P","P","1","Caja"
"8/11/2026 10:43 AM","UDV1228 3/4-2s MBLE INF BAÑO 3 GAVETAS 1 PEQUEÑA CARB2","I","FONDO GAV SUP","199.8","441",,"0","0","2","0",,,"0.45","15",,"0","LxL{-105}LyL",,"63445","P","P","1","Caja"
"8/11/2026 10:43 AM","UDV1228 3/4-2s MBLE INF BAÑO 3 GAVETAS 1 PEQUEÑA CARB2","H","RAIL TRAS","274.8","80",,"0","0","2","0",,,"0.45","15",,"0","LxL{-30}LyL",,"63444","P","P","1","Caja"
"8/11/2026 10:43 AM","UDV1228 3/4-2s MBLE INF BAÑO 3 GAVETAS 1 PEQUEÑA CARB2","G","RAIL TRAS","274.8","80",,"0","0","2","0",,,"0.45","15",,"0","LxL{-30}LyL",,"63443","P","P","1","Caja"
"8/11/2026 10:43 AM","UDV1228 3/4-2s MBLE INF BAÑO 3 GAVETAS 1 PEQUEÑA CARB2","F","RAIL DEL","274.8","80",,"2","0","0","0",,,"0.45","15",,"0","LxL{-30}LyL",,"63442","P","C","1","Caja"
"8/11/2026 10:43 AM","UDV1228 3/4-2s MBLE INF BAÑO 3 GAVETAS 1 PEQUEÑA CARB2","E","RAIL DEL","274.8","80",,"2","0","0","0",,,"0.45","15",,"0","LxL{-30}LyL",,"63441","P","C","1","Caja"
"8/11/2026 10:43 AM","UDV1228 3/4-2s MBLE INF BAÑO 3 GAVETAS 1 PEQUEÑA CARB2","D","RAIL DEL","274.8","80",,"2","0","0","0",,,"0.45","15",,"0","LxL{-30}LyL",,"63440","P","C","1","Caja"
"8/11/2026 10:43 AM","UDV1228 3/4-2s MBLE INF BAÑO 3 GAVETAS 1 PEQUEÑA CARB2","C","SIDE L - R17L","730.25","533.4",,"2","2","0","0",,,"0.45","15",,"0","LxA{0}AyL AxP{0}PyA",,"63439","B","C","1","Caja"
"8/11/2026 10:43 AM","UDV1228 3/4-2s MBLE INF BAÑO 3 GAVETAS 1 PEQUEÑA CARB2","B","SIDE R - R17L","730.25","533.4",,"2","2","0","0",,,"0.45","15",,"0","LxA{0}AyL AxP{0}PyA",,"63438","B","C","1","Caja"
"8/11/2026 10:43 AM","UDV1228 3/4-2s MBLE INF BAÑO 3 GAVETAS 1 PEQUEÑA CARB2","A","BASE","274.8","509.4",,"2","0","0","0",,,"0.45","15",,"0","LxL{-30}LyL AxP{-24}PyA",,"63437","B","C","1","Caja"
"8/11/2026 10:28 AM","HRJ CLV12024050 DER 3E-1BC-2C Expocamacol","E","División","1,926","500",,"2","0","0","0",,,"1","18",,"0","AxP{-0}PyA",,"63436","C","C","1","Caja"
"8/11/2026 10:28 AM","HRJ CLV12024050 DER 3E-1BC-2C Expocamacol","I","Entrepaño Fijo 2","573","500",,"2","0","0","0",,,"1","18",,"0","AxP{-0}PyA",,"63435","C","C","1","Caja"
"8/11/2026 10:28 AM","HRJ CLV12024050 DER 3E-1BC-2C Expocamacol","G","Ref Inf","573","80",,"2","0","0","0",,,"1","18",,"0",,,"63434","C","C","1","Caja"
"8/11/2026 10:28 AM","HRJ CLV12024050 DER 3E-1BC-2C Expocamacol","Y","Parche Cajon Inf","566.6","180.2",,"2","2","0","0",,,"1","18",,"0",,,"63433","C","C","1","Frente"
"8/11/2026 10:28 AM","HRJ CLV12024050 DER 3E-1BC-2C Expocamacol","X","Parche Cajon Sup","566.6","180.2",,"2","2","0","0",,,"1","18",,"0",,,"63432","C","C","1","Frente"
"8/11/2026 10:28 AM","HRJ CLV12024050 DER 3E-1BC-2C Expocamacol","U","Fondo Cajon Inf","442","517.2",,"0","0","0","0",,,"0","6",,"0",,,"63431","X","X","1",
"8/11/2026 10:28 AM","HRJ CLV12024050 DER 3E-1BC-2C Expocamacol","T","Fondo Cajon Sup","442","517.2",,"0","0","0","0",,,"0","6",,"0",,,"63430","X","X","1",
"8/11/2026 10:28 AM","HRJ CLV12024050 DER 3E-1BC-2C Expocamacol","W","Contraparche Inf R13Largo","517","152.4",,"2","0","0","0",,,"1","18",,"0",,,"63429","C","C","1","Caja"
"8/11/2026 10:28 AM","HRJ CLV12024050 DER 3E-1BC-2C Expocamacol","V","Contraparch Sup R13Largo","517","152.4",,"2","0","0","0",,,"1","18",,"0",,,"63428","C","C","1","Caja"
"8/11/2026 10:28 AM","HRJ CLV12024050 DER 3E-1BC-2C Expocamacol","R","Lat Izq Cajon Sup R13L450","450","152.4",,"2","2","0","0",,,"1","18",,"0",,,"63427","C","C","1","Caja"
"8/11/2026 10:28 AM","HRJ CLV12024050 DER 3E-1BC-2C Expocamacol","S","Lat Izq Cajon Inf R13L450","450","152.4",,"2","2","0","0",,,"1","18",,"0",,,"63426","C","C","1","Caja"
"8/11/2026 10:28 AM","HRJ CLV12024050 DER 3E-1BC-2C Expocamacol","Q","Lat Der Cajon Inf R13L450","450","152.4",,"2","2","0","0",,,"1","18",,"0",,,"63425","C","C","1","Caja"
"8/11/2026 10:28 AM","HRJ CLV12024050 DER 3E-1BC-2C Expocamacol","P","Lat Der Cajon Sup R13L450","450","152.4",,"2","2","0","0",,,"1","18",,"0",,,"63424","C","C","1","Caja"
"8/11/2026 10:28 AM","HRJ CLV12024050 DER 3E-1BC-2C Expocamacol","O","Trasero Cajón Inf","517","132.4",,"2","0","0","0",,,"1","18",,"0",,,"63423","C","C","1","Caja"
"8/11/2026 10:28 AM","HRJ CLV12024050 DER 3E-1BC-2C Expocamacol","N","Trasero Cajón Sup","517","132.4",,"2","0","0","0",,,"1","18",,"0",,,"63422","C","C","1","Caja"
"8/11/2026 10:28 AM","HRJ CLV12024050 DER 3E-1BC-2C Expocamacol","M","Entrepaño Tapa","573","500",,"2","0","0","0",,,"1","18",,"0","AxP{-0}PyA",,"63421","C","C","1","Caja"
"8/11/2026 10:28 AM","HRJ CLV12024050 DER 3E-1BC-2C Expocamacol","L","Entrepaño Base","573","500",,"2","0","0","0",,,"1","18",,"0","AxP{-0}PyA",,"63420","C","C","1","Caja"
"8/11/2026 10:28 AM","HRJ CLV12024050 DER 3E-1BC-2C Expocamacol","K","Entrepaño","572","500",,"2","2","0","0",,,"1","18",,"0","AxP{-0}PyA",,"63419","C","C","1","Caja"
"8/11/2026 10:28 AM","HRJ CLV12024050 DER 3E-1BC-2C Expocamacol","J","Entrepaño","572","500",,"2","2","0","0",,,"1","18",,"0","AxP{-0}PyA",,"63418","C","C","1","Caja"
"8/11/2026 10:28 AM","HRJ CLV12024050 DER 3E-1BC-2C Expocamacol","C","Lat Der","2,400","500",,"2","2","0","0",,,"1","18",,"0","LxA{0}AyL AxP{-0}PyA",,"63417","C","C","1","Caja"
"8/11/2026 10:28 AM","HRJ CLV12024050 DER 3E-1BC-2C Expocamacol","ZA","Zocalo Tra","1,164","70",,"2","0","0","0",,,"1","18",,"0","LxL{-36}LyL",,"63416","C","C","1","Caja"
"8/11/2026 10:28 AM","HRJ CLV12024050 DER 3E-1BC-2C Expocamacol","Z","Zocalo Front","1,164","70",,"2","0","0","0",,,"1","18",,"0","LxL{-36}LyL",,"63415","C","C","1","Caja"
"8/11/2026 10:28 AM","HRJ CLV12024050 DER 3E-1BC-2C Expocamacol","B","Tapa","1,164","500",,"2","0","0","0",,,"1","18",,"0","LxL{-36}LyL AxP{-0}PyA",,"63414","C","C","1","Caja"
"8/11/2026 10:28 AM","HRJ CLV12024050 DER 3E-1BC-2C Expocamacol","H","Entrepaño Fijo","1,164","500",,"2","0","0","0",,,"1","18",,"0","AxP{-0}PyA",,"63413","C","C","1","Caja"
"8/11/2026 10:28 AM","HRJ CLV12024050 DER 3E-1BC-2C Expocamacol","D","Lat Izq","2,400","500",,"2","2","0","0",,,"1","18",,"0","LxA{0}AyL AxP{-0}PyA",,"63412","C","C","1","Caja"
"8/11/2026 10:28 AM","HRJ CLV12024050 DER 3E-1BC-2C Expocamacol","A","Base","1,164","500",,"2","0","0","0",,,"1","18",,"0","LxL{-36}LyL AxP{-0}PyA",,"63411","C","C","1","Caja"
"8/11/2026 10:28 AM","HRJ CLV12024050 DER 3E-1BC-2C Expocamacol","F","Ref Sup","1,164","80",,"2","0","0","0",,,"1","18",,"0","LxL{-36}LyL",,"63410","C","C","1","Caja"
"8/10/2026 1:27 PM","HRJ OW1636 Expocamacol","I","BACKING","898.4","390.4",,"0","0","0","0",,,"0","15",,"0","LxA{-16}AyL AxL{-16}LyA",,"63409","F","X","1",
"8/10/2026 1:27 PM","HRJ OW1636 Expocamacol","H","SHELF 2","375.4","285.85",,"0","0","2","2",,,"0.45","15",,"0","LxL{-31}LyL AxP{-38}PyA",,"63408","P","P","1","Caja"
"8/10/2026 1:27 PM","HRJ OW1636 Expocamacol","G","SHELF 1","375.4","285.85",,"0","0","2","2",,,"0.45","15",,"0","LxL{-31}LyL AxP{-38}PyA",,"63407","P","P","1","Caja"
"8/10/2026 1:27 PM","HRJ OW1636 Expocamacol","F","RAIL TRASERO","376.4","80",,"0","0","2","0",,,"0.45","15",,"0","LxL{-30}LyL",,"63406","P","P","1","Caja"
"8/10/2026 1:27 PM","HRJ OW1636 Expocamacol","E","RAIL TRASERO","376.4","80",,"0","0","2","0",,,"0.45","15",,"0","LxL{-30}LyL",,"63405","P","P","1","Caja"
"8/10/2026 1:27 PM","HRJ OW1636 Expocamacol","D","SIDE L - R16L","914.4","323.85",,"2","2","0","0",,,"0.45","15",,"0","LxA{0}AyL AxP{0}PyA",,"63404","B","C","1","Caja"
"8/10/2026 1:27 PM","HRJ OW1636 Expocamacol","C","SIDE R - R16L","914.4","323.85",,"2","2","0","0",,,"0.45","15",,"0","LxA{0}AyL AxP{0}PyA",,"63403","B","C","1","Caja"
"8/10/2026 1:27 PM","HRJ OW1636 Expocamacol","B","TAPA - R16L","376.4","323.85",,"2","0","0","0",,,"0.45","15",,"0","LxL{-30}LyL AxP{0}PyA",,"63402","B","C","1","Caja"
"8/10/2026 1:27 PM","HRJ OW1636 Expocamacol","A","BASE - R16L","376.4","323.85",,"2","0","0","0",,,"0.45","15",,"0","LxL{-30}LyL AxP{0}PyA",,"63401","B","C","1","Caja"
"8/10/2026 12:43 PM","HRJ W ZR Expocamacol","J","BACKING","898.4","561.85",,"0","0","0","0",,,"0","6",,"0","LxA{-16}AyL AxL{-16}LyA",,"63400","F","X","1",
"8/10/2026 12:43 PM","HRJ W ZR Expocamacol","I","DOOR ","930.25","574.65",,"2","2","0","0",,,"1","18",,"0","LxA{+15,85}AyL AxL{-3,2}LyA",,"63399","C","C","1","Frente"
"8/10/2026 12:43 PM","HRJ W ZR Expocamacol","H","SHELF 2","546.85","266.7",,"0","0","2","2",,,"0.45","15",,"0","LxL{-31}LyL",,"63398","C","C","1","Caja"
"8/10/2026 12:43 PM","HRJ W ZR Expocamacol","G","SHELF 1","546.85","266.7",,"0","0","2","2",,,"0.45","15",,"0","LxL{-31}LyL",,"63397","C","C","1","Caja"
"8/10/2026 12:43 PM","HRJ W ZR Expocamacol","F","RAIL TRASERO","547.85","80",,"0","0","2","0",,,"0.45","15",,"0","LxL{-30}LyL",,"63396","C","C","1","Caja"
"8/10/2026 12:43 PM","HRJ W ZR Expocamacol","E","RAIL TRASERO","547.85","80",,"0","0","2","0",,,"0.45","15",,"0","LxL{-30}LyL",,"63395","C","C","1","Caja"
"8/10/2026 12:43 PM","HRJ W ZR Expocamacol","D","SIDE L - R16L","914.4","304.8",,"2","2","0","0",,,"0.45","15",,"0","LxA{0}AyL AxP{0}PyA",,"63394","C","C","1","Caja"
"8/10/2026 12:43 PM","HRJ W ZR Expocamacol","C","SIDE R - R16L","914.4","304.8",,"2","2","0","0",,,"0.45","15",,"0","LxA{0}AyL AxP{0}PyA",,"63393","C","C","1","Caja"
"8/10/2026 12:43 PM","HRJ W ZR Expocamacol","B","TAPA - R16L","547.85","304.8",,"2","0","0","0",,,"0.45","15",,"0","LxL{-30}LyL AxP{0}PyA",,"63392","C","C","1","Caja"
"8/10/2026 12:43 PM","HRJ W ZR Expocamacol","A","BASE - R16L","547.85","304.8",,"2","0","0","0",,,"0.45","15",,"0","LxL{-30}LyL AxP{0}PyA",,"63391","C","C","1","Caja"
"8/10/2026 12:41 PM","HRJ OW ZR Expocamacol","I","BACKING","898.4","396.75",,"0","0","0","0",,,"0","6",,"0","LxA{-16}AyL AxL{-16}LyA",,"63390","F","X","1",
"8/10/2026 12:41 PM","HRJ OW ZR Expocamacol","H","SHELF 2","381.75","285.85",,"0","0","2","2",,,"0.45","15",,"0","LxL{-31}LyL AxP{-38}PyA",,"63389","C","C","1","Caja"
"8/10/2026 12:41 PM","HRJ OW ZR Expocamacol","G","SHELF 1","381.75","285.85",,"0","0","2","2",,,"0.45","15",,"0","LxL{-31}LyL AxP{-38}PyA",,"63388","C","C","1","Caja"
"8/10/2026 12:41 PM","HRJ OW ZR Expocamacol","F","RAIL TRASERO","382.75","80",,"0","0","2","0",,,"0.45","15",,"0","LxL{-30}LyL",,"63387","C","C","1","Caja"
"8/10/2026 12:41 PM","HRJ OW ZR Expocamacol","E","RAIL TRASERO","382.75","80",,"0","0","2","0",,,"0.45","15",,"0","LxL{-30}LyL",,"63386","C","C","1","Caja"
"8/10/2026 12:41 PM","HRJ OW ZR Expocamacol","D","SIDE L - R16L","914.4","323.85",,"2","2","0","0",,,"0.45","15",,"0","LxA{0}AyL AxP{0}PyA",,"63385","C","C","1","Caja"
"8/10/2026 12:41 PM","HRJ OW ZR Expocamacol","C","SIDE R - R16L","914.4","323.85",,"2","2","0","0",,,"0.45","15",,"0","LxA{0}AyL AxP{0}PyA",,"63384","C","C","1","Caja"
"8/10/2026 12:41 PM","HRJ OW ZR Expocamacol","B","TAPA - R16L","382.75","323.85",,"2","0","0","0",,,"0.45","15",,"0","LxL{-30}LyL AxP{0}PyA",,"63383","C","C","1","Caja"
"8/10/2026 12:41 PM","HRJ OW ZR Expocamacol","A","BASE - R16L","382.75","323.85",,"2","0","0","0",,,"0.45","15",,"0","LxL{-30}LyL AxP{0}PyA",,"63382","C","C","1","Caja"
"8/10/2026 12:35 PM","HRJ BASE ZR Expocamacol","V","PUERTA","758.8","522.6",,"2","2","0","0",,,"1","18",,"0",,,"63372","C","C","1","Frente"
"8/10/2026 12:35 PM","HRJ BASE ZR Expocamacol","U","REF DEL L-B","558.77","80",,"2","0","0","0",,,"0.45","15",,"0",,,"63371","B","C","1","Caja"
"8/10/2026 12:35 PM","HRJ BASE ZR Expocamacol","T","GOLA VERTICAL","693.67","80",,"1","1","0","0",,,"0.45","15",,"0",,,"63370","C","C","1","Frente"
"8/10/2026 12:35 PM","HRJ BASE ZR Expocamacol","S","DIVISION","747","565",,"2","1","0","0",,,"0.45","15",,"0",,,"63369","B","C","1","Caja"
"8/10/2026 12:35 PM","HRJ BASE ZR Expocamacol","I","GOLA","382.75","80",,"2","0","0","0",,,"0.45","15",,"0",,,"63368","B","C","1",
"8/10/2026 12:35 PM","HRJ BASE ZR Expocamacol","H","GOLA","382.75","80",,"2","0","0","0",,,"0.45","15",,"0",,,"63367","B","C","1",
"8/10/2026 12:35 PM","HRJ BASE ZR Expocamacol","R","FRENTE GAVETA INF","351","409.55",,"2","2","0","0",,,"2","15",,"0",,,"63366","C","C","1","Frente"
"8/10/2026 12:35 PM","HRJ BASE ZR Expocamacol","Q","FRENTE GAVETA CENTRAL","173.9","409.55",,"2","2","0","0",,,"2","15",,"0",,,"63365","C","C","1","Frente"
"8/10/2026 12:35 PM","HRJ BASE ZR Expocamacol","P","FRENTE GAVETA SUP","173.9","409.55",,"2","2","0","0",,,"2","15",,"0",,,"63364","C","C","1","Frente"
"8/10/2026 12:35 PM","HRJ BASE ZR Expocamacol","O","TRASERO CAJON INF","295.75","183",,"0","0","1","2",,,"0.45","15",,"0",,,"63363","P","P","1","Caja"
"8/10/2026 12:35 PM","HRJ BASE ZR Expocamacol","N","TRASERO CAJON CENTRAL","295.75","68",,"0","0","1","0",,,"0.45","15",,"0",,,"63362","P","P","1","Caja"
"8/10/2026 12:35 PM","HRJ BASE ZR Expocamacol","M","TRASERO CAJON SUP","295.75","68",,"0","0","1","0",,,"0.45","15",,"0",,,"63361","P","P","1","Caja"
"8/10/2026 12:35 PM","HRJ BASE ZR Expocamacol","L","FONDO GAVETA INF","307.75","492",,"0","0","2","0",,,"0.45","15",,"0",,,"63360","P","P","1","Caja"
"8/10/2026 12:35 PM","HRJ BASE ZR Expocamacol","K","FONDO GAVETA CENTRAL","307.75","492",,"0","0","2","0",,,"0.45","15",,"0",,,"63359","P","P","1","Caja"
"8/10/2026 12:35 PM","HRJ BASE ZR Expocamacol","J","FONDO GAVETA SUP","307.75","492",,"0","0","2","0",,,"0.45","15",,"0",,,"63358","P","P","1","Caja"
"8/10/2026 12:35 PM","HRJ BASE ZR Expocamacol","G","RAIL TRASERO","956.52","80",,"0","0","2","0",,,"0.45","15",,"0",,,"63357","B","P","1","Caja"
"8/10/2026 12:35 PM","HRJ BASE ZR Expocamacol","F","RAIL TRASERO","956.52","80",,"0","0","2","0",,,"0.45","15",,"0",,,"63356","B","P","1","Caja"
"8/10/2026 12:35 PM","HRJ BASE ZR Expocamacol","E","RAIL DEL L-A","382.75","80",,"2","0","0","0",,,"0.45","15",,"0",,,"63355","B","C","1","Caja"
"8/10/2026 12:35 PM","HRJ BASE ZR Expocamacol","D","RAIL DEL L-A","382.75","80",,"2","0","0","0",,,"0.45","15",,"0",,,"63354","B","C","1","Caja"
"8/10/2026 12:35 PM","HRJ BASE ZR Expocamacol","C","SIDE L","762","580",,"2","2","0","0",,,"0.45","15",,"0",,,"63353","B","C","1","Caja"
"8/10/2026 12:35 PM","HRJ BASE ZR Expocamacol","B","SIDE R","762","580",,"2","2","0","0",,,"0.45","15",,"0",,,"63352","B","C","1","Caja"
"8/10/2026 12:35 PM","HRJ BASE ZR Expocamacol","A","BASE","956.52","580",,"2","0","0","0",,,"0.45","15",,"0",,,"63351","B","C","1","Caja"
"8/5/2026 12:26 PM","HRJ WSM32 7/8 1324-PUSH-18MM MBLE SUP COC 1PUERTA","H","BACKING","308.2","813.03",,"0","0","0","0",,,"0","6",,"0","LxA{-22}AyL AxL{-22}LyA",,"63341","F","X","1",
"8/5/2026 12:26 PM","HRJ WSM32 7/8 1324-PUSH-18MM MBLE SUP COC 1PUERTA","G","DOOR ","327","831.83",,"2","2","0","0",,,"1","18",,"0","LxA{-3,2}AyL AxL{-3,2}LyA",,"63340","C","C","1","Frente"
"8/5/2026 12:26 PM","HRJ WSM32 7/8 1324-PUSH-18MM MBLE SUP COC 1PUERTA","F","RAIL TRASERO","799.03","80",,"0","0","2","0",,,"1","18",,"0","LxL{-36}LyL",,"63339","B","C","1","Caja"
"8/5/2026 12:26 PM","HRJ WSM32 7/8 1324-PUSH-18MM MBLE SUP COC 1PUERTA","E","RAIL TRASERO","799.03","80",,"0","0","2","0",,,"1","18",,"0","LxL{-36}LyL",,"63338","B","C","1","Caja"
"8/5/2026 12:26 PM","HRJ WSM32 7/8 1324-PUSH-18MM MBLE SUP COC 1PUERTA","D","SIDE L - R19L","330.2","609.6",,"2","2","0","0",,,"1","18",,"0","LxA{0}AyL AxP{0}PyA",,"63337","B","C","1","Caja"
"8/5/2026 12:26 PM","HRJ WSM32 7/8 1324-PUSH-18MM MBLE SUP COC 1PUERTA","C","SIDE R - R19L","330.2","609.6",,"2","2","0","0",,,"1","18",,"0","LxA{0}AyL AxP{0}PyA",,"63336","B","C","1","Caja"
"8/5/2026 12:26 PM","HRJ WSM32 7/8 1324-PUSH-18MM MBLE SUP COC 1PUERTA","B","TAPA - R19L","799.03","609.6",,"2","2","0","0",,,"1","18",,"0","LxL{-36}LyL AxP{0}PyA",,"63335","B","C","1","Caja"
"8/5/2026 12:26 PM","HRJ WSM32 7/8 1324-PUSH-18MM MBLE SUP COC 1PUERTA","A","BASE - R19L","799.03","609.6",,"2","2","0","0",,,"1","18",,"0","LxL{-36}LyL AxP{0}PyA",,"63334","B","C","1","Caja"
"8/4/2026 2:39 PM","W2134 MBLE SUP COC 1 PUERTA 2 ENTREPAÑOS CARB2","I","DOOR ","860.4","530.2",,"2","2","0","0",,,"1","18",,"0","LxA{-3,2}AyL AxL{-3,2}LyA",,"63332","C","C","1","Frente"
"8/4/2026 2:39 PM","W2134 MBLE SUP COC 1 PUERTA 2 ENTREPAÑOS CARB2","J","BACKING","847.6","517.4",,"0","0","0","0",,,"0","6",,"0","LxA{-16}AyL AxL{-16}LyA",,"63333","F","X","1",
"8/4/2026 2:39 PM","W2134 MBLE SUP COC 1 PUERTA 2 ENTREPAÑOS CARB2","H","SHELF 2","502.4","266.8",,"0","0","2","2",,,"0.45","15",,"0","LxL{-31}LyL AxP{-38}PyA",,"63331","P","P","1","Caja"
"8/4/2026 2:39 PM","W2134 MBLE SUP COC 1 PUERTA 2 ENTREPAÑOS CARB2","G","SHELF 1","502.4","266.8",,"0","0","2","2",,,"0.45","15",,"0","LxL{-31}LyL AxP{-38}PyA",,"63330","P","P","1","Caja"
"8/4/2026 2:39 PM","W2134 MBLE SUP COC 1 PUERTA 2 ENTREPAÑOS CARB2","F","RAIL TRASERO","503.4","80",,"0","0","2","0",,,"0.45","15",,"0","LxL{-30}LyL",,"63329","P","P","1","Caja"
"8/4/2026 2:39 PM","W2134 MBLE SUP COC 1 PUERTA 2 ENTREPAÑOS CARB2","E","RAIL TRASERO","503.4","80",,"0","0","2","0",,,"0.45","15",,"0","LxL{-30}LyL",,"63328","P","P","1","Caja"
"8/4/2026 2:39 PM","W2134 MBLE SUP COC 1 PUERTA 2 ENTREPAÑOS CARB2","D","SIDE L - R16L","863.6","304.8",,"2","2","0","0",,,"0.45","15",,"0","LxA{0}AyL AxP{0}PyA",,"63327","B","C","1","Caja"
"8/4/2026 2:39 PM","W2134 MBLE SUP COC 1 PUERTA 2 ENTREPAÑOS CARB2","B","TAPA - R16L","503.4","304.8",,"2","0","0","0",,,"0.45","15",,"0","LxL{-30}LyL AxP{0}PyA",,"63325","B","C","1","Caja"
"8/4/2026 2:39 PM","W2134 MBLE SUP COC 1 PUERTA 2 ENTREPAÑOS CARB2","C","SIDE R - R16L","863.6","304.8",,"2","2","0","0",,,"0.45","15",,"0","LxA{0}AyL AxP{0}PyA",,"63326","B","C","1","Caja"
"8/4/2026 2:39 PM","W2134 MBLE SUP COC 1 PUERTA 2 ENTREPAÑOS CARB2","A","BASE - R16L","503.4","304.8",,"2","0","0","0",,,"0.45","15",,"0","LxL{-30}LyL AxP{0}PyA",,"63324","B","C","1","Caja"
"8/4/2026 8:32 AM","UB1028 3/4 MBLE INF COC 1 GAVETA 1 PUERTA 1/2 ENTREPAÑO CARB2","M","BACKING","728.25","236",,"0","0",,,,,"0","6",,"0","LxA{-2}AyL AxL{-18}LyA",,"63323","F","X","1",
"8/4/2026 8:32 AM","UB1028 3/4 MBLE INF COC 1 GAVETA 1 PUERTA 1/2 ENTREPAÑO CARB2","L","FRENTE GAVETA","139.7","250.8",,"2","2",,,,,"1","18",,"0","AxL{-3,2}LyA",,"63322","C","C","1","Frente"
"8/4/2026 8:32 AM","UB1028 3/4 MBLE INF COC 1 GAVETA 1 PUERTA 1/2 ENTREPAÑO CARB2","K","DOOR R","584.15","250.8",,"2","2",,,,,"1","18",,"0","LxA{-146,1}AyL AxL{-3,2}LyA",,"63321","C","C","1","Frente"
"8/4/2026 8:32 AM","UB1028 3/4 MBLE INF COC 1 GAVETA 1 PUERTA 1/2 ENTREPAÑO CARB2","J","TRASERO CAJON","137","68",,"0","0","1",,,,"0.45","15",,"0","LxL{-117}LyL",,"63320","P","P","1","Caja"
"8/4/2026 8:32 AM","UB1028 3/4 MBLE INF COC 1 GAVETA 1 PUERTA 1/2 ENTREPAÑO CARB2","I","PIEZA CAJON","149","492",,"0","0","2",,,,"0.45","15",,"0","LxL{-105}LyL",,"63319","P","P","1","Caja"
"8/4/2026 8:32 AM","UB1028 3/4 MBLE INF COC 1 GAVETA 1 PUERTA 1/2 ENTREPAÑO CARB2","H","SHELF","222.2","300",,"0","0","2","2",,,"0.45","15",,"0","LxL{-31,8}LyL",,"63318","P","P","1","Caja"
"8/4/2026 8:32 AM","UB1028 3/4 MBLE INF COC 1 GAVETA 1 PUERTA 1/2 ENTREPAÑO CARB2","G","RAIL TRASERO","224","80",,"0","0","2",,,,"0.45","15",,"0","LxL{-30}LyL",,"63317","P","P","1","Caja"
"8/4/2026 8:32 AM","UB1028 3/4 MBLE INF COC 1 GAVETA 1 PUERTA 1/2 ENTREPAÑO CARB2","F","RAIL TRASERO","224","80",,"0","0","2",,,,"0.45","15",,"0","LxL{-30}LyL",,"63316","P","P","1","Caja"
"8/4/2026 8:32 AM","UB1028 3/4 MBLE INF COC 1 GAVETA 1 PUERTA 1/2 ENTREPAÑO CARB2","E","RAIL DELANTERO","224","80",,"2","0",,,,,"0.45","15",,"0","LxL{-30}LyL","Enchape color","63315","P","C","1","Caja"
"8/4/2026 8:32 AM","UB1028 3/4 MBLE INF COC 1 GAVETA 1 PUERTA 1/2 ENTREPAÑO CARB2","D","RAIL DELANTERO","224","80",,"2","0",,,,,"0.45","15",,"0","LxL{-30}LyL","Enchape color","63314","P","C","1","Caja"
"8/4/2026 8:32 AM","UB1028 3/4 MBLE INF COC 1 GAVETA 1 PUERTA 1/2 ENTREPAÑO CARB2","C","SIDE L - R17L762","730.25","609.6",,"2","2",,,,,"0.45","15",,"0","LxA{0}AyL AxP{0}PyA",,"63313","B","C","1","Caja"
"8/4/2026 8:32 AM","UB1028 3/4 MBLE INF COC 1 GAVETA 1 PUERTA 1/2 ENTREPAÑO CARB2","B","SIDE R - R17L762","730.25","609.6",,"2","2",,,,,"0.45","15",,"0","LxA{0}AyL AxP{0}PyA",,"63312","B","C","1","Caja"
"8/4/2026 8:32 AM","UB1028 3/4 MBLE INF COC 1 GAVETA 1 PUERTA 1/2 ENTREPAÑO CARB2","A","BASE","224","585.6",,"2","0",,,,,"0.45","15",,"0","LxL{-30}LyL AxP{-24}PyA",,"63311","B","C","1","Caja"
"8/3/2026 11:01 AM","W1834 MBLE SUP COC 1 PUERTA 2 ENTREPAÑOS CARB2","J","BACKING","847.6","441.2",,"0","0","0","0",,,"0","6",,"0","LxA{-16}AyL AxL{-16}LyA",,"63310","F","X","1",
"8/3/2026 11:01 AM","W1834 MBLE SUP COC 1 PUERTA 2 ENTREPAÑOS CARB2","I","DOOR ","860.4","454",,"2","2","0","0",,,"1","18",,"0","LxA{-3,2}AyL AxL{-3,2}LyA",,"63309","C","C","1","Frente"
"8/3/2026 11:01 AM","W1834 MBLE SUP COC 1 PUERTA 2 ENTREPAÑOS CARB2","H","SHELF 2","426.2","266.8",,"0","0","2","2",,,"0.45","15",,"0","LxL{-31}LyL AxP{-38}PyA",,"63308","P","P","1","Caja"
"8/3/2026 11:01 AM","W1834 MBLE SUP COC 1 PUERTA 2 ENTREPAÑOS CARB2","G","SHELF 1","426.2","266.8",,"0","0","2","2",,,"0.45","15",,"0","LxL{-31}LyL AxP{-38}PyA",,"63307","P","P","1","Caja"
"8/3/2026 11:01 AM","W1834 MBLE SUP COC 1 PUERTA 2 ENTREPAÑOS CARB2","F","RAIL TRASERO","427.2","80",,"0","0","2","0",,,"0.45","15",,"0","LxL{-30}LyL",,"63306","P","P","1","Caja"
"8/3/2026 11:01 AM","W1834 MBLE SUP COC 1 PUERTA 2 ENTREPAÑOS CARB2","E","RAIL TRASERO","427.2","80",,"0","0","2","0",,,"0.45","15",,"0","LxL{-30}LyL",,"63305","P","P","1","Caja"
"8/3/2026 11:01 AM","W1834 MBLE SUP COC 1 PUERTA 2 ENTREPAÑOS CARB2","D","SIDE L - R16L","863.6","304.8",,"2","2","0","0",,,"0.45","15",,"0","LxA{0}AyL AxP{0}PyA",,"63304","B","C","1","Caja"
"8/3/2026 11:01 AM","W1834 MBLE SUP COC 1 PUERTA 2 ENTREPAÑOS CARB2","C","SIDE R - R16L","863.6","304.8",,"2","2","0","0",,,"0.45","15",,"0","LxA{0}AyL AxP{0}PyA",,"63303","B","C","1","Caja"
"8/3/2026 11:01 AM","W1834 MBLE SUP COC 1 PUERTA 2 ENTREPAÑOS CARB2","B","TAPA - R16L","427.2","304.8",,"2","0","0","0",,,"0.45","15",,"0","LxL{-30}LyL AxP{0}PyA",,"63302","B","C","1","Caja"
"8/3/2026 11:01 AM","W1834 MBLE SUP COC 1 PUERTA 2 ENTREPAÑOS CARB2","A","BASE - R16L","427.2","304.8",,"2","0","0","0",,,"0.45","15",,"0","LxL{-30}LyL AxP{0}PyA",,"63301","B","C","1","Caja"
"8/3/2026 10:55 AM","W1534 MBLE SUP COC 1 PUERTA 2 ENTREPAÑOS CARB2","J","BACKING","847.6","365",,"0","0","0","0",,,"0","6",,"0","LxA{-16}AyL AxL{-16}LyA",,"63300","F","X","1",
"8/3/2026 10:55 AM","W1534 MBLE SUP COC 1 PUERTA 2 ENTREPAÑOS CARB2","I","DOOR ","860.4","377.8",,"2","2","0","0",,,"1","18",,"0","LxA{-3,2}AyL AxL{-3,2}LyA",,"63299","C","C","1","Frente"
"8/3/2026 10:55 AM","W1534 MBLE SUP COC 1 PUERTA 2 ENTREPAÑOS CARB2","H","SHELF 2","350","266.8",,"0","0","2","2",,,"0.45","15",,"0","LxL{-31}LyL AxP{-38}PyA",,"63298","P","P","1","Caja"
"8/3/2026 10:55 AM","W1534 MBLE SUP COC 1 PUERTA 2 ENTREPAÑOS CARB2","G","SHELF 1","350","266.8",,"0","0","2","2",,,"0.45","15",,"0","LxL{-31}LyL AxP{-38}PyA",,"63297","P","P","1","Caja"
"8/3/2026 10:55 AM","W1534 MBLE SUP COC 1 PUERTA 2 ENTREPAÑOS CARB2","F","RAIL TRASERO","351","80",,"0","0","2","0",,,"0.45","15",,"0","LxL{-30}LyL",,"63296","P","P","1","Caja"
"8/3/2026 10:55 AM","W1534 MBLE SUP COC 1 PUERTA 2 ENTREPAÑOS CARB2","E","RAIL TRASERO","351","80",,"0","0","2","0",,,"0.45","15",,"0","LxL{-30}LyL",,"63295","P","P","1","Caja"
"8/3/2026 10:55 AM","W1534 MBLE SUP COC 1 PUERTA 2 ENTREPAÑOS CARB2","D","SIDE L - R16L","863.6","304.8",,"2","2","0","0",,,"0.45","15",,"0","LxA{0}AyL AxP{0}PyA",,"63294","B","C","1","Caja"
"8/3/2026 10:55 AM","W1534 MBLE SUP COC 1 PUERTA 2 ENTREPAÑOS CARB2","C","SIDE R - R16L","863.6","304.8",,"2","2","0","0",,,"0.45","15",,"0","LxA{0}AyL AxP{0}PyA",,"63293","B","C","1","Caja"
"8/3/2026 10:55 AM","W1534 MBLE SUP COC 1 PUERTA 2 ENTREPAÑOS CARB2","B","TAPA - R16L","351","304.8",,"2","0","0","0",,,"0.45","15",,"0","LxL{-30}LyL AxP{0}PyA",,"63292","B","C","1","Caja"
"8/3/2026 10:55 AM","W1534 MBLE SUP COC 1 PUERTA 2 ENTREPAÑOS CARB2","A","BASE - R16L","351","304.8",,"2","0","0","0",,,"0.45","15",,"0","LxL{-30}LyL AxP{0}PyA",,"63291","B","C","1","Caja"
"8/3/2026 8:29 AM","B39 MBLE INF COC 1 GAVETA 2 PUERTAS 1/2 ENTREPAÑO CARB2","N","BACKING","760","974.6",,"0","0",,,,,"0","6",,"0","LxA{-2}AyL AxL{-16}LyA",,"63241","F","X","1",
"8/3/2026 8:29 AM","B39 MBLE INF COC 1 GAVETA 2 PUERTAS 1/2 ENTREPAÑO CARB2","K","DOOR R","603.2","492.1",,"2","2",,,,,"1","18",,"0","LxA{-158,8}AyL AxL[0,496769]LyA",,"63240","C","C","1","Frente"
"8/3/2026 8:29 AM","B39 MBLE INF COC 1 GAVETA 2 PUERTAS 1/2 ENTREPAÑO CARB2","H","SHEFL","959.6","300",,"0","0","2","2",,,"0.45","15",,"0","LxL{-31}LyL",,"63239","P","P","1","Caja"
"8/3/2026 8:29 AM","B39 MBLE INF COC 1 GAVETA 2 PUERTAS 1/2 ENTREPAÑO CARB2","F","RAIL TRASERO","960.6","80",,"0","0","2",,,,"0.45","15",,"0","LxL{-30}LyL",,"63238","P","P","1","Caja"
"8/3/2026 8:29 AM","B39 MBLE INF COC 1 GAVETA 2 PUERTAS 1/2 ENTREPAÑO CARB2","A","BASE","960.6","585.6",,"2",,,,,,"0.45","15",,"0","LxL{-30}LyL AxP{-24}PyA",,"63237","B","C","1","Caja"
"8/3/2026 8:29 AM","B39 MBLE INF COC 1 GAVETA 2 PUERTAS 1/2 ENTREPAÑO CARB2","M","FRENTE GAVETA","152.4","987.4",,"2","2",,,,,"1","18",,"0","AxL{-3,2}LyA",,"63236","C","C","1","Frente"
"8/3/2026 8:29 AM","B39 MBLE INF COC 1 GAVETA 2 PUERTAS 1/2 ENTREPAÑO CARB2","J","TRASERO GAVETA ","873.6","68",,"0","0","1",,,,"0.45","15",,"0","LxL{-117}LyL",,"63234","P","P","1","Caja"
"8/3/2026 8:29 AM","B39 MBLE INF COC 1 GAVETA 2 PUERTAS 1/2 ENTREPAÑO CARB2","L","DOOR L","603.2","492.1",,"2","2",,,,,"1","18",,"0","LxA{-158,8}AyL AxL[0,496769]LyA",,"63235","C","C","1","Frente"
"8/3/2026 8:29 AM","B39 MBLE INF COC 1 GAVETA 2 PUERTAS 1/2 ENTREPAÑO CARB2","I","BASE GAVETA ","885.6","492",,"0","0","2",,,,"0.45","15",,"0","LxL{-105}LyL",,"63233","P","P","1","Caja"
"8/3/2026 8:29 AM","B39 MBLE INF COC 1 GAVETA 2 PUERTAS 1/2 ENTREPAÑO CARB2","G","RAIL TRASERO","960.6","80",,"0","0","2",,,,"0.45","15",,"0","LxL{-30}LyL",,"63232","P","P","1","Caja"
"8/3/2026 8:29 AM","B39 MBLE INF COC 1 GAVETA 2 PUERTAS 1/2 ENTREPAÑO CARB2","E","RAIL DELANTERO","960.6","80",,"2","0",,,,,"0.45","15",,"0","LxL{-30}LyL","Enchape color","63231","P","C","1","Caja"
"8/3/2026 8:29 AM","B39 MBLE INF COC 1 GAVETA 2 PUERTAS 1/2 ENTREPAÑO CARB2","D","RAIL DELANTERO","960.6","80",,"2","0",,,,,"0.45","15",,"0","LxL{-30}LyL","Enchape color","63230","P","C","1","Caja"
"8/3/2026 8:29 AM","B39 MBLE INF COC 1 GAVETA 2 PUERTAS 1/2 ENTREPAÑO CARB2","C","SIDE L - R17L762","762","609.6",,"2","2",,,,,"0.45","15",,"0","LxA{0}AyL AxP{0}PyA",,"63229","B","C","1","Caja"
"8/3/2026 8:29 AM","B39 MBLE INF COC 1 GAVETA 2 PUERTAS 1/2 ENTREPAÑO CARB2","B","SIDE R - R17L762","762","609.6",,"2","2",,,,,"0.45","15",,"0","LxA{0}AyL AxP{0}PyA",,"63228","B","C","1","Caja"
"8/3/2026 8:15 AM","B9 MBLE INF COC 1 GAVETA 1 PUERTA 1/2 ENTREPAÑO CARB2","M","BACKING","760","212.6",,"0","0",,,,,"0","6",,"0","LxA{-2}AyL AxL{-16}LyA",,"63227","F","X","1",
"8/3/2026 8:15 AM","B9 MBLE INF COC 1 GAVETA 1 PUERTA 1/2 ENTREPAÑO CARB2","L","FRENTE GAVETA","152.4","225.4",,"2","2",,,,,"1","18",,"0","AxL{-3,2}LyA",,"63226","C","C","1","Frente"
"8/3/2026 8:15 AM","B9 MBLE INF COC 1 GAVETA 1 PUERTA 1/2 ENTREPAÑO CARB2","K","DOOR","603.2","225.4",,"2","2",,,,,"1","18",,"0","LxA{-158,8}AyL AxL{-3,2}LyA",,"63225","C","C","1","Frente"
"8/3/2026 8:15 AM","B9 MBLE INF COC 1 GAVETA 1 PUERTA 1/2 ENTREPAÑO CARB2","J","TRAS GAVETA","111.6","68",,"0","0","1",,,,"0.45","15",,"0","LxL{-117}LyL",,"63224","P","P","1","Caja"
"8/3/2026 8:15 AM","B9 MBLE INF COC 1 GAVETA 1 PUERTA 1/2 ENTREPAÑO CARB2","D","RAIL DEL","198.6","80",,"2","0",,,,,"0.45","15",,"0","LxL{-30}LyL","Enchape color","63223","P","C","1","Caja"
"8/3/2026 8:15 AM","B9 MBLE INF COC 1 GAVETA 1 PUERTA 1/2 ENTREPAÑO CARB2","C","SIDE L - R17L762","762","609.6",,"2","2",,,,,"0.45","15",,"0","LxA{0}AyL AxP{0}PyA",,"63222","B","C","1","Caja"
"8/3/2026 8:15 AM","B9 MBLE INF COC 1 GAVETA 1 PUERTA 1/2 ENTREPAÑO CARB2","B","SIDE R - R17L762","762","609.6",,"2","2",,,,,"0.45","15",,"0","LxA{0}AyL AxP{0}PyA",,"63221","B","C","1","Caja"
"8/3/2026 8:15 AM","B9 MBLE INF COC 1 GAVETA 1 PUERTA 1/2 ENTREPAÑO CARB2","A","BASE","198.6","585.6",,"2","0",,,,,"0.45","15",,"0","LxL{-30}LyL AxP{-24}PyA",,"63220","B","C","1","Caja"
"8/3/2026 8:15 AM","B9 MBLE INF COC 1 GAVETA 1 PUERTA 1/2 ENTREPAÑO CARB2","I","FONDO GAV","123.6","492",,"0","0","2",,,,"0.45","15",,"0","LxL{-105}LyL",,"63219","P","P","1","Caja"
"8/3/2026 8:15 AM","B9 MBLE INF COC 1 GAVETA 1 PUERTA 1/2 ENTREPAÑO CARB2","H","SHELF","197.6","300",,"0","0","2","2",,,"0.45","15",,"0","LxL{-31}LyL",,"63218","P","P","1","Caja"
"8/3/2026 8:15 AM","B9 MBLE INF COC 1 GAVETA 1 PUERTA 1/2 ENTREPAÑO CARB2","G","RAIL TRAS","198.6","80",,"0","0","2",,,,"0.45","15",,"0","LxL{-30}LyL",,"63217","P","P","1","Caja"
"8/3/2026 8:15 AM","B9 MBLE INF COC 1 GAVETA 1 PUERTA 1/2 ENTREPAÑO CARB2","F","RAIL TRAS","198.6","80",,"0","0","2",,,,"0.45","15",,"0","LxL{-30}LyL",,"63216","P","P","1","Caja"
"8/3/2026 8:15 AM","B9 MBLE INF COC 1 GAVETA 1 PUERTA 1/2 ENTREPAÑO CARB2","E","RAIL DEL","198.6","80",,"2","0",,,,,"0.45","15",,"0","LxL{-30}LyL","Enchape color","63215","P","C","1","Caja"
"7/30/2026 3:09 PM","SV30-SM MBLE INF BAÑO 1 FRENTE FALSO 2 PUERTA CARB2","D","RAIL DEL","726","80",,"2","0","0","0",,,"1","18",,"0","LxL{-36}LyL",,"63214","C","C","1","Caja"
"7/30/2026 3:09 PM","SV30-SM MBLE INF BAÑO 1 FRENTE FALSO 2 PUERTA CARB2","H","DOOR L","579.6","377.8",,"2","2","0","0",,,"1","18",,"0","AxL[0,495800]LyA",,"63213","C","C","1","Frente"
"7/30/2026 3:09 PM","SV30-SM MBLE INF BAÑO 1 FRENTE FALSO 2 PUERTA CARB2","I","FRENTE LISTON","152.4","758.8",,"2","2","0","0",,,"1","18",,"0","AxL{-3,2}LyA",,"63212","C","C","1","Frente"
"7/30/2026 3:09 PM","SV30-SM MBLE INF BAÑO 1 FRENTE FALSO 2 PUERTA CARB2","J","BACKING","760","740",,"0","0",,,,,"0","4",,"0","LxA{-2}AyL AxL{-22}LyA",,"63211","FS","X","1",
"7/30/2026 3:09 PM","SV30-SM MBLE INF BAÑO 1 FRENTE FALSO 2 PUERTA CARB2","G","DOOR R","579.6","377.8",,"2","0",,,,,"1","18",,"0","AxL[0,495800]LyA",,"63210","C","C","1","Frente"
"7/30/2026 3:09 PM","SV30-SM MBLE INF BAÑO 1 FRENTE FALSO 2 PUERTA CARB2","D","RAIL DEL","726","80",,"2","0",,,,,"1","18",,"0","LxL{-36}LyL","Enchape color","63209","P","C","1","Caja"
"7/30/2026 3:09 PM","SV30-SM MBLE INF BAÑO 1 FRENTE FALSO 2 PUERTA CARB2","C","SIDE L - R19L","762","533.4",,"2","2",,,,,"1","18",,"0","LxA{0}AyL AxP{0}PyA",,"63208","B","C","1","Caja"
"7/30/2026 3:09 PM","SV30-SM MBLE INF BAÑO 1 FRENTE FALSO 2 PUERTA CARB2","B","SIDE R - R19L","762","533.4",,"2","2",,,,,"1","18",,"0","LxA{0}AyL AxP{0}PyA",,"63207","B","C","1","Caja"
"7/30/2026 3:09 PM","SV30-SM MBLE INF BAÑO 1 FRENTE FALSO 2 PUERTA CARB2","A","BASE","726","506.4",,"2","0",,,,,"1","18",,"0","LxL{-36}LyL AxP{-27}PyA",,"63206","B","C","1","Caja"
"7/30/2026 3:09 PM","SV30-SM MBLE INF BAÑO 1 FRENTE FALSO 2 PUERTA CARB2","F","RAIL TRAS","726","80",,"0","0","2",,,,"1","18",,"0","LxL{-36}LyL",,"63205","P","P","1","Caja"
"7/30/2026 3:09 PM","SV30-SM MBLE INF BAÑO 1 FRENTE FALSO 2 PUERTA CARB2","E","RAIL TRAS","726","80",,"0","0","2",,,,"1","18",,"0","LxL{-36}LyL",,"63204","P","P","1","Caja"
"7/29/2026 4:01 PM","HRJ WSM243614-1P-18MM MBLE SUP COC 1 PUERTA 2 ENTREPAÑOS","I","DOOR","914.4","606.4",,"2","2",,,,,"1","18",,"0","LxA{0}AyL AxL{-3,2}LyA",,"63193","C","C","1","Frente"
"7/29/2026 4:01 PM","HRJ WSM243614-1P-18MM MBLE SUP COC 1 PUERTA 2 ENTREPAÑOS","J","BACKING","867","587.6",,"0","0","0","0",,,"0","6",,"0","LxA{-47,4}AyL AxL{-22}LyA",,"63192","F","X","1",
"7/29/2026 4:01 PM","HRJ WSM243614-1P-18MM MBLE SUP COC 1 PUERTA 2 ENTREPAÑOS","H","SHELF 2","572.6","311.5",,"0","0","2","2",,,"1","18",,"0","LxL{-37}LyL",,"63191","B","C","1","Caja"
"7/29/2026 4:01 PM","HRJ WSM243614-1P-18MM MBLE SUP COC 1 PUERTA 2 ENTREPAÑOS","G","SHELF 1","572.6","311.5",,"0","0","2","2",,,"1","18",,"0","LxL{-37}LyL",,"63190","B","C","1","Caja"
"7/29/2026 4:01 PM","HRJ WSM243614-1P-18MM MBLE SUP COC 1 PUERTA 2 ENTREPAÑOS","F","RAIL TRASERO","573.6","80",,"0","0","2","0",,,"1","18",,"0","LxL{-36}LyL",,"63189","B","C","1","Caja"
"7/29/2026 4:01 PM","HRJ WSM243614-1P-18MM MBLE SUP COC 1 PUERTA 2 ENTREPAÑOS","E","RAIL TRASERO","573.6","80",,"0","0","2","0",,,"1","18",,"0","LxL{-36}LyL",,"63188","B","C","1","Caja"
"7/29/2026 4:01 PM","HRJ WSM243614-1P-18MM MBLE SUP COC 1 PUERTA 2 ENTREPAÑOS","D","SIDE L - R19L","889","355.6",,"2","2","0","0",,,"1","18",,"0","LxA{-25,4}AyL AxP{0}PyA",,"63187","B","C","1","Caja"
"7/29/2026 4:01 PM","HRJ WSM243614-1P-18MM MBLE SUP COC 1 PUERTA 2 ENTREPAÑOS","C","SIDE R - R19L","889","355.6",,"2","2","0","0",,,"1","18",,"0","LxA{-25,4}AyL AxP{0}PyA",,"63186","B","C","1","Caja"
"7/29/2026 4:01 PM","HRJ WSM243614-1P-18MM MBLE SUP COC 1 PUERTA 2 ENTREPAÑOS","B","TAPA - R19L","573.6","355.6",,"2","2","0","0",,,"1","18",,"0","LxL{-36}LyL AxP{0}PyA",,"63185","B","C","1","Caja"
"7/29/2026 4:01 PM","HRJ WSM243614-1P-18MM MBLE SUP COC 1 PUERTA 2 ENTREPAÑOS","A","BASE - R19L","573.6","355.6",,"2","2","0","0",,,"1","18",,"0","LxL{-36}LyL AxP{0}PyA",,"63184","B","C","1","Caja"
"7/29/2026 12:43 PM","TW2212 3/415-TW248-HOOD-SM MBLE SUP COC 2 PUERTAS","F","RAIL TRAS","573.6","80",,"0","0","2","0",,,"1","18",,"0","LxL{-594,8}LyL",,"63163","C","C","1","Caja"
"7/29/2026 12:43 PM","TW2212 3/415-TW248-HOOD-SM MBLE SUP COC 2 PUERTAS","K","BACKING 24","181.2","587.6",,"2","0","0","0",,,"0","6",,"0","LxA{-142,65}AyL AxL{-580,8}LyA",,"63162","F","X","1",
"7/29/2026 12:43 PM","TW2212 3/415-TW248-HOOD-SM MBLE SUP COC 2 PUERTAS","A","BASE HOOD - R20L","573.6","381",,"2","0","0","0",,,"1","18",,"0","LxL{-594,8}LyL AxP{0}PyA",,"63161","B","C","1","Caja"
"7/29/2026 12:43 PM","TW2212 3/415-TW248-HOOD-SM MBLE SUP COC 2 PUERTAS","D","SIDE L - R20L","203.2","381",,"2","0","0","0",,,"1","18",,"0","LxA{-120,65}AyL AxP{0}PyA",,"63160","B","C","1","Caja"
"7/29/2026 12:43 PM","TW2212 3/415-TW248-HOOD-SM MBLE SUP COC 2 PUERTAS","I","DOOR 24","606.4","200",,"2","2","0","0",,,"1","18",,"0","AxA{-123,85}AyA",,"63159","C","C","1","Frente"
"7/29/2026 12:43 PM","TW2212 3/415-TW248-HOOD-SM MBLE SUP COC 2 PUERTAS","G","DIVIDER","323.85","354",,"2","0","0","0",,,"1","18",,"0","LxA{0}AyL AxP{-27}PyA",,"63158","P","C","1","Caja"
"7/29/2026 12:43 PM","TW2212 3/415-TW248-HOOD-SM MBLE SUP COC 2 PUERTAS","J","BACKING 22","301.85","536.8",,"0","0","0","0",,,"0","6",,"0","LxA{-22}AyL AxL{-631,6}LyA",,"63157","F","X","1",
"7/29/2026 12:43 PM","TW2212 3/415-TW248-HOOD-SM MBLE SUP COC 2 PUERTAS","H","DOOR 22","555.6","339.7",,"2","2","0","0",,,"1","18",,"0","AxA{+15,85}AyA",,"63156","C","C","1","Frente"
"7/29/2026 12:43 PM","TW2212 3/415-TW248-HOOD-SM MBLE SUP COC 2 PUERTAS","F","RAIL TRAS","522.8","80",,"0","0","2","0",,,"1","18",,"0","LxL{-645,6}LyL",,"63155","P","P","1","Caja"
"7/29/2026 12:43 PM","TW2212 3/415-TW248-HOOD-SM MBLE SUP COC 2 PUERTAS","E","RAIL TRAS","1,132.4","80",,"0","0","2","0",,,"1","18",,"0","LxL{-36}LyL",,"63154","P","P","1","Caja"
"7/29/2026 12:43 PM","TW2212 3/415-TW248-HOOD-SM MBLE SUP COC 2 PUERTAS","C","SIDE R - R20L","323.85","381",,"2","2","0","0",,,"1","18",,"0","LxA{0}AyL AxP{0}PyA",,"63153","B","C","1","Caja"
"7/29/2026 12:43 PM","TW2212 3/415-TW248-HOOD-SM MBLE SUP COC 2 PUERTAS","B","TAPA - R20L","1,132.4","381",,"2","0","0","0",,,"1","18",,"0","LxL{-36}LyL AxP{0}PyA",,"63152","B","C","1","Caja"
"7/29/2026 12:43 PM","TW2212 3/415-TW248-HOOD-SM MBLE SUP COC 2 PUERTAS","A","BASE - R20L","522.8","381",,"2","0","0","0",,,"1","18",,"0","LxL{-645,6}LyL AxP{0}PyA",,"63151","B","C","1","Caja"
"7/29/2026 12:40 PM","WBL2212 3/415 D18 5/8-TW248-HOOD-W9 5/8-SM MBLE SUP COC 3 PUERTAS","R","BACKING BLIND","301.85","536.8",,"0","0","0","0",,,"0","6",,"0","LxA{-22}AyL",,"63137","F","X","1",
"7/29/2026 12:40 PM","WBL2212 3/415 D18 5/8-TW248-HOOD-W9 5/8-SM MBLE SUP COC 3 PUERTAS","N","BLIND DOOR","339.7","85.72",,"2","2","0","0",,,"1","18",,"0","LxA{+15,85}AyL",,"63136","C","C","1","Frente"
"7/29/2026 12:40 PM","WBL2212 3/415 D18 5/8-TW248-HOOD-W9 5/8-SM MBLE SUP COC 3 PUERTAS","M","DOOR 18 5/8","339.7","469.88",,"2","2","0","0",,,"1","18",,"0","LxA{+15,85}AyL",,"63135","C","C","1","Frente"
"7/29/2026 12:40 PM","WBL2212 3/415 D18 5/8-TW248-HOOD-W9 5/8-SM MBLE SUP COC 3 PUERTAS","K","RAIL VERTICAL","287.85","80",,"2","0","0","0",,,"1","18",,"0","LxA{-36}AyL",,"63134","C","C","1","Caja"
"7/29/2026 12:40 PM","WBL2212 3/415 D18 5/8-TW248-HOOD-W9 5/8-SM MBLE SUP COC 3 PUERTAS","C","BASE BLIND","522.8","381",,"2","0","0","0",,,"1","18",,"0","AxP{0}PyA",,"63133","B","C","1","Caja"
"7/29/2026 12:40 PM","WBL2212 3/415 D18 5/8-TW248-HOOD-W9 5/8-SM MBLE SUP COC 3 PUERTAS","H","DIVIDER L","287.85","354",,"2","0","0","0",,,"1","18",,"0","LxA{-36}AyL AxP{-27}PyA",,"63132","P","C","1","Caja"
"7/29/2026 12:40 PM","WBL2212 3/415 D18 5/8-TW248-HOOD-W9 5/8-SM MBLE SUP COC 3 PUERTAS","Q","BACKING 24","181.2","832.08",,"0","0","0","0",,,"0","6",,"0","LxA{-142,65}AyL AxL{-580,8}LyA",,"63131","F","X","1",
"7/29/2026 12:40 PM","WBL2212 3/415 D18 5/8-TW248-HOOD-W9 5/8-SM MBLE SUP COC 3 PUERTAS","B","BASE HOOD - R20L","573.6","381",,"2","0","0","0",,,"1","18",,"0","AxP{0}PyA",,"63130","B","C","1","Caja"
"7/29/2026 12:40 PM","WBL2212 3/415 D18 5/8-TW248-HOOD-W9 5/8-SM MBLE SUP COC 3 PUERTAS","F","SIDE L - R20L","323.85","381",,"2","2","0","0",,,"1","18",,"0","LxA{0}AyL AxP{0}PyA",,"63129","B","C","1","Caja"
"7/29/2026 12:40 PM","WBL2212 3/415 D18 5/8-TW248-HOOD-W9 5/8-SM MBLE SUP COC 3 PUERTAS","O","DOOR 24","606.4","200",,"2","2","0","0",,,"1","18",,"0","AxA{-123,85}AyA",,"63128","C","C","1","Frente"
"7/29/2026 12:40 PM","WBL2212 3/415 D18 5/8-TW248-HOOD-W9 5/8-SM MBLE SUP COC 3 PUERTAS","G","DIVIDER R","287.85","354",,"2","0","0","0",,,"1","18",,"0","LxA{-36}AyL AxP{-27}PyA",,"63127","P","C","1","Caja"
"7/29/2026 12:40 PM","WBL2212 3/415 D18 5/8-TW248-HOOD-W9 5/8-SM MBLE SUP COC 3 PUERTAS","P","BACKING 9 5/8","301.85","22.48",,"0","0","0","0",,,"0","6",,"0","LxA{-22}AyL",,"63126","F","X","1",
"7/29/2026 12:40 PM","WBL2212 3/415 D18 5/8-TW248-HOOD-W9 5/8-SM MBLE SUP COC 3 PUERTAS","J","RAIL TRAS","1,376.88","80",,"0","0","2","0",,,"1","18",,"0","LxL{-36}LyL",,"63124","P","P","1","Caja"
"7/29/2026 12:40 PM","WBL2212 3/415 D18 5/8-TW248-HOOD-W9 5/8-SM MBLE SUP COC 3 PUERTAS","L","DOOR 9 5/8","339.7","241.28",,"2","2","0","0",,,"1","18",,"0","LxA{+15,85}AyL",,"63125","C","C","1","Frente"
"7/29/2026 12:40 PM","WBL2212 3/415 D18 5/8-TW248-HOOD-W9 5/8-SM MBLE SUP COC 3 PUERTAS","I","RAIL TRAS","1,376.88","80",,"0","0","2","0",,,"1","18",,"0","LxL{-36}LyL",,"63123","P","P","1","Caja"
"7/29/2026 12:40 PM","WBL2212 3/415 D18 5/8-TW248-HOOD-W9 5/8-SM MBLE SUP COC 3 PUERTAS","E","SIDE R - R20L","323.85","381",,"2","2","0","0",,,"1","18",,"0","LxA{0}AyL AxP{0}PyA",,"63122","B","C","1","Caja"
"7/29/2026 12:40 PM","WBL2212 3/415 D18 5/8-TW248-HOOD-W9 5/8-SM MBLE SUP COC 3 PUERTAS","D","TAPA - R20L","1,376.88","381",,"2","0","0","0",,,"1","18",,"0","LxL{-36}LyL AxP{0}PyA",,"63121","B","C","1","Caja"
"7/29/2026 12:40 PM","WBL2212 3/415 D18 5/8-TW248-HOOD-W9 5/8-SM MBLE SUP COC 3 PUERTAS","A","BASE W - R20L","208.48","381",,"2","0","0","0",,,"1","18",,"0","AxP{0}PyA",,"63120","B","C","1","Caja"
"7/29/2026 12:09 PM","POD29 3/414 3/814 MUEBLE CAJÓN","H","FRENTE GAVETA","361.93","752.45",,"2","2","0","0",,,"0.45","15",,"0","LxA{-3,2}AyL AxL{-3,2}LyA",,"63119","P","P","1","Caja"
"7/29/2026 12:09 PM","POD29 3/414 3/814 MUEBLE CAJÓN","G","TRASERO GAVETA","632.65","183",,"0","0","1","2",,,"0.45","15",,"0","LxL{-123}LyL",,"63118","P","P","1","Caja"
"7/29/2026 12:09 PM","POD29 3/414 3/814 MUEBLE CAJÓN","F","FONDO GAVETA","644.65","326.7",,"0","0","2","0",,,"0.45","15",,"0","LxL{-111}LyL",,"63117","P","P","1","Caja"
"7/29/2026 12:07 PM","SDB45-1SK-2-POD21-SMG MBLE INF COC 4 GAVETAS 1 PANEL REMOVIBLE","R","TRASERO POD21","410.4","68",,"0","0","1","0",,,"0.45","15",,"0",,,"63116","P","P","1","Caja"
"7/29/2026 12:07 PM","SDB45-1SK-2-POD21-SMG MBLE INF COC 4 GAVETAS 1 PANEL REMOVIBLE","Q","FONDO POD21","422.4","441",,"0","0","2","0",,,"0.45","15",,"0",,,"63115","P","P","1","Caja"
"7/29/2026 12:07 PM","SDB45-1SK-2-POD21-SMG MBLE INF COC 4 GAVETAS 1 PANEL REMOVIBLE","S","FRENTE POD21","491","101.6",,"2","2","0","0",,,"1","18",,"0",,,"63114","C","C","1","Frente"
"7/29/2026 12:07 PM","SDB45-1SK-2-POD21-SMG MBLE INF COC 4 GAVETAS 1 PANEL REMOVIBLE","T","DIVISION","726","582.6",,"2","0","0","0",,,"1","18",,"0","LxA{-36}AyL AxP{-27}PyA",,"63113","P","P","1","Caja"
"7/29/2026 12:07 PM","SDB45-1SK-2-POD21-SMG MBLE INF COC 4 GAVETAS 1 PANEL REMOVIBLE","P","PANEL REMOVIBLE","351","606.4",,"2","2","0","0",,,"1","18",,"0",,,"63112","C","C","1","Frente"
"7/29/2026 12:07 PM","SDB45-1SK-2-POD21-SMG MBLE INF COC 4 GAVETAS 1 PANEL REMOVIBLE","O","FRENTE GAV INF L-B","351","606.4",,"2","2","0","0",,,"1","18",,"0",,,"63111","C","C","1","Frente"
"7/29/2026 12:07 PM","SDB45-1SK-2-POD21-SMG MBLE INF COC 4 GAVETAS 1 PANEL REMOVIBLE","L","TRAS GAV INF L-B","486.6","183",,"0","0","1","2",,,"0.45","15",,"0",,,"63110","P","P","1","Caja"
"7/29/2026 12:07 PM","SDB45-1SK-2-POD21-SMG MBLE INF COC 4 GAVETAS 1 PANEL REMOVIBLE","I","FONDO GAV INF L-B","498.6","492",,"0","0","2","0",,,"0.45","15",,"0",,,"63109","P","P","1","Caja"
"7/29/2026 12:07 PM","SDB45-1SK-2-POD21-SMG MBLE INF COC 4 GAVETAS 1 PANEL REMOVIBLE","U","BACKING","760","1,127",,"0","0","0","0",,,"0","6",,"0","LxA{-2}AyL AxL{-16}LyA",,"63108","F","X","1",
"7/29/2026 12:07 PM","SDB45-1SK-2-POD21-SMG MBLE INF COC 4 GAVETAS 1 PANEL REMOVIBLE","N","FRENTE GAV INF L-A","351","530.2",,"2","2","0","0",,,"1","18",,"0",,,"63107","C","C","1","Frente"
"7/29/2026 12:07 PM","SDB45-1SK-2-POD21-SMG MBLE INF COC 4 GAVETAS 1 PANEL REMOVIBLE","M","FRENTE GAV SUP L-A","351","530.2",,"2","2","0","0",,,"1","18",,"0",,,"63106","C","C","1","Frente"
"7/29/2026 12:07 PM","SDB45-1SK-2-POD21-SMG MBLE INF COC 4 GAVETAS 1 PANEL REMOVIBLE","K","TRAS GAV INF L-A","410.4","183",,"0","0","1","2",,,"0.45","15",,"0",,,"63105","P","P","1","Caja"
"7/29/2026 12:07 PM","SDB45-1SK-2-POD21-SMG MBLE INF COC 4 GAVETAS 1 PANEL REMOVIBLE","J","TRAS GAV SUP L-A","410.4","183",,"0","0","1","2",,,"0.45","15",,"0",,,"63104","P","P","1","Caja"
"7/29/2026 12:07 PM","SDB45-1SK-2-POD21-SMG MBLE INF COC 4 GAVETAS 1 PANEL REMOVIBLE","H","FONDO GAV INF L-A","422.4","492",,"0","0","2","0",,,"0.45","15",,"0",,,"63103","P","P","1","Caja"
"7/29/2026 12:07 PM","SDB45-1SK-2-POD21-SMG MBLE INF COC 4 GAVETAS 1 PANEL REMOVIBLE","F","RAIL TRASERO","1,107","80",,"0","0","2","0",,,"1","18",,"0","LxL{-36}LyL",,"63101","P","P","1","Caja"
"7/29/2026 12:07 PM","SDB45-1SK-2-POD21-SMG MBLE INF COC 4 GAVETAS 1 PANEL REMOVIBLE","G","FONDO GAV SUP L-A","422.4","492",,"0","0","2","0",,,"0.45","15",,"0",,,"63102","P","P","1","Caja"
"7/29/2026 12:07 PM","SDB45-1SK-2-POD21-SMG MBLE INF COC 4 GAVETAS 1 PANEL REMOVIBLE","E","RAIL TRASERO","1,107","80",,"0","0","2","0",,,"1","18",,"0","LxL{-36}LyL",,"63100","P","P","1","Caja"
"7/29/2026 12:07 PM","SDB45-1SK-2-POD21-SMG MBLE INF COC 4 GAVETAS 1 PANEL REMOVIBLE","D","RAIL DELANTERO","1,107","80",,"2","0","0","0",,,"1","18",,"0","LxL{-36}LyL",,"63099","B","C","1","Caja"
"7/29/2026 12:07 PM","SDB45-1SK-2-POD21-SMG MBLE INF COC 4 GAVETAS 1 PANEL REMOVIBLE","C","SIDE L - R20L","762","609.6",,"2","2","0","0",,,"1","18",,"0","LxA{0}AyL AxP{0}PyA",,"63098","B","C","1","Caja"
"7/29/2026 12:07 PM","SDB45-1SK-2-POD21-SMG MBLE INF COC 4 GAVETAS 1 PANEL REMOVIBLE","B","SIDE R - R20L","762","609.6",,"2","2","0","0",,,"1","18",,"0","LxA{0}AyL AxP{0}PyA",,"63097","B","C","1","Caja"
"7/29/2026 12:07 PM","SDB45-1SK-2-POD21-SMG MBLE INF COC 4 GAVETAS 1 PANEL REMOVIBLE","A","BASE","1,107","582.6",,"2","0","0","0",,,"1","18",,"0","LxL{-36}LyL AxP{-27}PyA",,"63096","B","C","1","Caja"
"7/29/2026 12:04 PM","BBLDBFD57 5/8-2D9 5/8-2-SMG MBLE INF COC 2 GAVETAS 2 PUERTAS","L","ENTREPAÑO","207.48","300",,"0","0","2","2",,,"1","18",,"0",,,"63074","P","P","1",
"7/29/2026 12:04 PM","BBLDBFD57 5/8-2D9 5/8-2-SMG MBLE INF COC 2 GAVETAS 2 PUERTAS","K","RAIL BLIND","329.12","80",,"2","0","0","0",,,"1","18",,"0",,,"63073","P","P","1","Caja"
"7/29/2026 12:04 PM","BBLDBFD57 5/8-2D9 5/8-2-SMG MBLE INF COC 2 GAVETAS 2 PUERTAS","I","GOLA VERTICAL","329.12","80",,"2","0","0","0",,,"1","18",,"0","LxA{-36}AyL",,"63072","P","P","1","Caja"
"7/29/2026 12:04 PM","BBLDBFD57 5/8-2D9 5/8-2-SMG MBLE INF COC 2 GAVETAS 2 PUERTAS","J","ENTREPAÑO BLIND","572.6","458.8",,"0","0","2","2",,,"1","18",,"0",,,"63071","C","C","1","Frente"
"7/29/2026 12:04 PM","BBLDBFD57 5/8-2D9 5/8-2-SMG MBLE INF COC 2 GAVETAS 2 PUERTAS","E","DIVISION R","708","582.6",,"2","1","0","0",,,"1","18",,"0","LxA{-36}AyL AxP{-27}PyA",,"63070","P","P","1","Caja"
"7/29/2026 12:04 PM","BBLDBFD57 5/8-2D9 5/8-2-SMG MBLE INF COC 2 GAVETAS 2 PUERTAS","U","BLIND DOOR","351","365.12",,"2","2","0","0",,,"1","18",,"0","LxA{-0}AyL",,"63069","C","C","1","Frente"
"7/29/2026 12:04 PM","BBLDBFD57 5/8-2D9 5/8-2-SMG MBLE INF COC 2 GAVETAS 2 PUERTAS","T","DOOR L","351","241.28",,"2","2","0","0",,,"1","18",,"0","LxA{-30}AyL",,"63068","C","C","1","Frente"
"7/29/2026 12:04 PM","BBLDBFD57 5/8-2D9 5/8-2-SMG MBLE INF COC 2 GAVETAS 2 PUERTAS","S","DOOR R","486.6","241.28",,"2","2","0","0",,,"1","18",,"0","LxA{-30}AyL",,"63067","P","P","1","Frente"
"7/29/2026 12:04 PM","BBLDBFD57 5/8-2D9 5/8-2-SMG MBLE INF COC 2 GAVETAS 2 PUERTAS","D","DIVISION L","708","582.6",,"2","1","0","0",,,"1","18",,"0","LxA{-36}AyL AxP{-27}PyA",,"63066","P","P","1","Caja"
"7/29/2026 12:04 PM","BBLDBFD57 5/8-2D9 5/8-2-SMG MBLE INF COC 2 GAVETAS 2 PUERTAS","V","BACKING","760","1,447.68",,"0","0","0","0",,,"0","6",,"0","LxA{-2}AyL AxL{-16}LyA",,"63065","F","X","1",
"7/29/2026 12:04 PM","BBLDBFD57 5/8-2D9 5/8-2-SMG MBLE INF COC 2 GAVETAS 2 PUERTAS","R","FRENTE GAV INF L-A","351","606.4",,"2","2","0","0",,,"1","18",,"0",,,"63064","C","C","1","Frente"
"7/29/2026 12:04 PM","BBLDBFD57 5/8-2D9 5/8-2-SMG MBLE INF COC 2 GAVETAS 2 PUERTAS","Q","FRENTE GAV SUP L-A","351","606.4",,"2","2","0","0",,,"1","18",,"0",,,"63063","C","C","1","Frente"
"7/29/2026 12:04 PM","BBLDBFD57 5/8-2D9 5/8-2-SMG MBLE INF COC 2 GAVETAS 2 PUERTAS","O","TRAS GAV INF","486.6","183",,"0","0","1","2",,,"0.45","15",,"0",,,"63062","P","P","1","Caja"
"7/29/2026 12:04 PM","BBLDBFD57 5/8-2D9 5/8-2-SMG MBLE INF COC 2 GAVETAS 2 PUERTAS","P","TRAS GAV SUP","486.6","183",,"0","0","1","2",,,"0.45","15",,"0",,,"63061","P","P","1","Caja"
"7/29/2026 12:04 PM","BBLDBFD57 5/8-2D9 5/8-2-SMG MBLE INF COC 2 GAVETAS 2 PUERTAS","N","FONDO GAV INF","498.6","492",,"0","0","2","0",,,"0.45","15",,"0",,,"63060","P","P","1","Caja"
"7/29/2026 12:04 PM","BBLDBFD57 5/8-2D9 5/8-2-SMG MBLE INF COC 2 GAVETAS 2 PUERTAS","M","FONDO GAV SUP","498.6","492",,"0","0","2","0",,,"0.45","15",,"0",,,"63059","P","P","1","Caja"
"7/29/2026 12:04 PM","BBLDBFD57 5/8-2D9 5/8-2-SMG MBLE INF COC 2 GAVETAS 2 PUERTAS","H","RAIL TRASERO","1,427.68","80",,"0","0","2","0",,,"1","18",,"0","LxL{-36}LyL",,"63058","P","P","1","Caja"
"7/29/2026 12:04 PM","BBLDBFD57 5/8-2D9 5/8-2-SMG MBLE INF COC 2 GAVETAS 2 PUERTAS","F","RAIL DELANTERO","1,427.68","80",,"2","0","0","0",,,"1","18",,"0","LxL{-36}LyL",,"63056","B","C","1","Caja"
"7/29/2026 12:04 PM","BBLDBFD57 5/8-2D9 5/8-2-SMG MBLE INF COC 2 GAVETAS 2 PUERTAS","G","RAIL TRASERO","1,427.68","80",,"0","0","2","0",,,"1","18",,"0","LxL{-36}LyL",,"63057","P","P","1","Caja"
"7/29/2026 12:04 PM","BBLDBFD57 5/8-2D9 5/8-2-SMG MBLE INF COC 2 GAVETAS 2 PUERTAS","C","SIDE L - R20L","762","609.6",,"2","2","0","0",,,"1","18",,"0","LxA{0}AyL AxP{0}PyA",,"63055","B","C","1","Caja"
"7/29/2026 12:04 PM","BBLDBFD57 5/8-2D9 5/8-2-SMG MBLE INF COC 2 GAVETAS 2 PUERTAS","B","SIDE R - R20L","762","609.6",,"2","2","0","0",,,"1","18",,"0","LxA{0}AyL AxP{0}PyA",,"63054","B","C","1","Caja"
"7/29/2026 12:04 PM","BBLDBFD57 5/8-2D9 5/8-2-SMG MBLE INF COC 2 GAVETAS 2 PUERTAS","A","BASE","1,427.68","582.6",,"2","0","0","0",,,"1","18",,"0","LxL{-36}LyL AxP{-27}PyA",,"63053","B","C","1","Caja"
"7/29/2026 11:04 AM","TW5412 3/415-1D24-1D30-SM MBLE SUP COC 2 PUERTAS","I","DOOR 30","758.8","339.7",,"2","2","0","0",,,"1","18",,"0","AxA{+15,85}AyA",,"63031","C","C","1","Frente"
"7/29/2026 11:04 AM","TW5412 3/415-1D24-1D30-SM MBLE SUP COC 2 PUERTAS","G","DIVIDER","287.85","354",,"2","0","0","0",,,"1","18",,"0","LxA{-36}AyL AxP{-27}PyA",,"63030","P","C","1","Caja"
"7/29/2026 11:04 AM","TW5412 3/415-1D24-1D30-SM MBLE SUP COC 2 PUERTAS","J","BACKING","301.85","1,349.6",,"0","0","0","0",,,"0","6",,"0","LxA{-22}AyL AxL{-22}LyA",,"63029","F","X","1",
"7/29/2026 11:04 AM","TW5412 3/415-1D24-1D30-SM MBLE SUP COC 2 PUERTAS","H","DOOR 24","606.4","339.7",,"2","2","0","0",,,"1","18",,"0","AxA{+15,85}AyA",,"63028","C","C","1","Frente"
"7/29/2026 11:04 AM","TW5412 3/415-1D24-1D30-SM MBLE SUP COC 2 PUERTAS","F","RAIL TRAS","1,335.6","80",,"0","0","2","0",,,"1","18",,"0","LxL{-36}LyL",,"63027","P","P","1","Caja"
"7/29/2026 11:04 AM","TW5412 3/415-1D24-1D30-SM MBLE SUP COC 2 PUERTAS","E","RAIL TRAS","1,335.6","80",,"0","0","2","0",,,"1","18",,"0","LxL{-36}LyL",,"63026","P","P","1","Caja"
"7/29/2026 11:04 AM","TW5412 3/415-1D24-1D30-SM MBLE SUP COC 2 PUERTAS","D","SIDE L - R20L","323.85","381",,"2","2","0","0",,,"1","18",,"0","LxA{0}AyL AxP{0}PyA",,"63025","B","C","1","Caja"
"7/29/2026 11:04 AM","TW5412 3/415-1D24-1D30-SM MBLE SUP COC 2 PUERTAS","C","SIDE R - R20L","323.85","381",,"2","2","0","0",,,"1","18",,"0","LxA{0}AyL AxP{0}PyA",,"63024","B","C","1","Caja"
"7/29/2026 11:04 AM","TW5412 3/415-1D24-1D30-SM MBLE SUP COC 2 PUERTAS","B","TAPA - R20L","1,335.6","381",,"2","0","0","0",,,"1","18",,"0","LxL{-36}LyL AxP{0}PyA",,"63023","B","C","1","Caja"
"7/29/2026 11:04 AM","TW5412 3/415-1D24-1D30-SM MBLE SUP COC 2 PUERTAS","A","BASE - R20L","1,335.6","381",,"2","0","0","0",,,"1","18",,"0","LxL{-36}LyL AxP{0}PyA",,"63022","B","C","1","Caja"
"7/29/2026 10:45 AM","TW4612 3/424-1D22-1D24-SM MBLE SUP COC 2 PUERTAS","I","DOOR 24","606.4","339.7",,"2","2","0","0",,,"1","18",,"0","AxA{+15,85}AyA",,"63021","C","C","1","Frente"
"7/29/2026 10:45 AM","TW4612 3/424-1D22-1D24-SM MBLE SUP COC 2 PUERTAS","G","DIVIDER","287.85","582.6",,"2","0","0","0",,,"1","18",,"0","LxA{-36}AyL AxP{-27}PyA",,"63020","P","C","1","Caja"
"7/29/2026 10:45 AM","TW4612 3/424-1D22-1D24-SM MBLE SUP COC 2 PUERTAS","J","BACKING","301.85","1,146.4",,"0","0","0","0",,,"0","6",,"0","LxA{-22}AyL AxL{-22}LyA",,"63019","F","X","1",
"7/29/2026 10:45 AM","TW4612 3/424-1D22-1D24-SM MBLE SUP COC 2 PUERTAS","H","DOOR 21","530.2","339.7",,"2","2","0","0",,,"1","18",,"0","AxA{+15,85}AyA",,"63018","C","C","1","Frente"
"7/29/2026 10:45 AM","TW4612 3/424-1D22-1D24-SM MBLE SUP COC 2 PUERTAS","F","RAIL TRAS","1,132.4","80",,"0","0","2","0",,,"1","18",,"0","LxL{-36}LyL",,"63017","P","P","1","Caja"
"7/29/2026 10:45 AM","TW4612 3/424-1D22-1D24-SM MBLE SUP COC 2 PUERTAS","E","RAIL TRAS","1,132.4","80",,"0","0","2","0",,,"1","18",,"0","LxL{-36}LyL",,"63016","P","P","1","Caja"
"7/29/2026 10:45 AM","TW4612 3/424-1D22-1D24-SM MBLE SUP COC 2 PUERTAS","D","SIDE L - R20L","323.85","609.6",,"2","2","0","0",,,"1","18",,"0","LxA{0}AyL AxP{0}PyA",,"63015","B","C","1","Caja"
"7/29/2026 10:45 AM","TW4612 3/424-1D22-1D24-SM MBLE SUP COC 2 PUERTAS","C","SIDE R - R20L","323.85","609.6",,"2","2","0","0",,,"1","18",,"0","LxA{0}AyL AxP{0}PyA",,"63014","B","C","1","Caja"
"7/29/2026 10:45 AM","TW4612 3/424-1D22-1D24-SM MBLE SUP COC 2 PUERTAS","B","TAPA - R20L","1,132.4","609.6",,"2","0","0","0",,,"1","18",,"0","LxL{-36}LyL AxP{0}PyA",,"63013","B","C","1","Caja"
"7/29/2026 10:45 AM","TW4612 3/424-1D22-1D24-SM MBLE SUP COC 2 PUERTAS","A","BASE - R20L","1,132.4","609.6",,"2","0","0","0",,,"1","18",,"0","LxL{-36}LyL AxP{0}PyA",,"63012","B","C","1","Caja"
"7/29/2026 10:42 AM","TW43 1/412 3/424-2D9 5/8-1D24TW-SM MBLE SUP COC 3 PUERTAS","K","DOOR 24TW","606.4","339.7",,"2","2","0","0",,,"1","18",,"0","AxA{+15,85}AyA",,"63011","C","C","1","Frente"
"7/29/2026 10:42 AM","TW43 1/412 3/424-2D9 5/8-1D24TW-SM MBLE SUP COC 3 PUERTAS","G","DIVIDER R","287.85","582.6",,"2","0","0","0",,,"1","18",,"0","LxA{-36}AyL AxP{-27}PyA",,"63010","C","C","1","Caja"
"7/29/2026 10:42 AM","TW43 1/412 3/424-2D9 5/8-1D24TW-SM MBLE SUP COC 3 PUERTAS","I","DOOR 9 5/8","339.7","241.28",,"2","2","0","0",,,"1","18",,"0","LxA{+15,85}AyL",,"63009","C","C","1","Frente"
"7/29/2026 10:42 AM","TW43 1/412 3/424-2D9 5/8-1D24TW-SM MBLE SUP COC 3 PUERTAS","H","DIVIDER","287.85","582.6",,"2","0","0","0",,,"1","18",,"0","LxA{-36}AyL AxP{-27}PyA",,"63008","P","C","1","Caja"
"7/29/2026 10:42 AM","TW43 1/412 3/424-2D9 5/8-1D24TW-SM MBLE SUP COC 3 PUERTAS","L","BACKING","301.85","1,076.55",,"0","0","0","0",,,"0","6",,"0","LxA{-22}AyL AxL{-22}LyA",,"63007","F","X","1",
"7/29/2026 10:42 AM","TW43 1/412 3/424-2D9 5/8-1D24TW-SM MBLE SUP COC 3 PUERTAS","J","DOOR 9 5/8","339.7","241.28",,"2","2","0","0",,,"1","18",,"0","LxA{+15,85}AyL",,"63006","C","C","1","Frente"
"7/29/2026 10:42 AM","TW43 1/412 3/424-2D9 5/8-1D24TW-SM MBLE SUP COC 3 PUERTAS","F","RAIL TRAS","1,062.55","80",,"0","0","2","0",,,"1","18",,"0","LxL{-36}LyL",,"63005","P","P","1","Caja"
"7/29/2026 10:42 AM","TW43 1/412 3/424-2D9 5/8-1D24TW-SM MBLE SUP COC 3 PUERTAS","E","RAIL TRAS","1,062.55","80",,"0","0","2","0",,,"1","18",,"0","LxL{-36}LyL",,"63004","P","P","1","Caja"
"7/29/2026 10:42 AM","TW43 1/412 3/424-2D9 5/8-1D24TW-SM MBLE SUP COC 3 PUERTAS","D","SIDE L - R20L","323.85","609.6",,"2","2","0","0",,,"1","18",,"0","LxA{0}AyL AxP{0}PyA",,"63003","B","C","1","Caja"
"7/29/2026 10:42 AM","TW43 1/412 3/424-2D9 5/8-1D24TW-SM MBLE SUP COC 3 PUERTAS","C","SIDE R - R20L","323.85","609.6",,"2","2","0","0",,,"1","18",,"0","LxA{0}AyL AxP{0}PyA",,"63002","B","C","1","Caja"
"7/29/2026 10:42 AM","TW43 1/412 3/424-2D9 5/8-1D24TW-SM MBLE SUP COC 3 PUERTAS","B","TAPA - R20L","1,062.55","609.6",,"2","0","0","0",,,"1","18",,"0","LxL{-36}LyL AxP{0}PyA",,"63001","B","C","1","Caja"
"7/29/2026 10:42 AM","TW43 1/412 3/424-2D9 5/8-1D24TW-SM MBLE SUP COC 3 PUERTAS","A","BASE - R20L","1,062.55","609.6",,"2","0","0","0",,,"1","18",,"0","LxL{-36}LyL AxP{0}PyA",,"63000","B","C","1","Caja"
"7/29/2026 10:29 AM","TWBL6112 3/424-1D24-1D21BL-SM MBLE SUP COC 2 PUERTAS","K","DOOR BLIND","406.4","339.7",,"2","2","0","0",,,"1","18",,"0","AxA{+15,85}AyA",,"62999","C","C","1","Frente"
"7/29/2026 10:29 AM","TWBL6112 3/424-1D24-1D21BL-SM MBLE SUP COC 2 PUERTAS","G","RAIL VERTICAL","287.85","80",,"2","0","0","0",,,"1","18",,"0","LxA{-36}AyL",,"62998","C","C","1","Frente"
"7/29/2026 10:29 AM","TWBL6112 3/424-1D24-1D21BL-SM MBLE SUP COC 2 PUERTAS","I","DOOR 24","606.4","339.7",,"2","2","0","0",,,"1","18",,"0","AxA{+15,85}AyA",,"62997","C","C","1","Frente"
"7/29/2026 10:29 AM","TWBL6112 3/424-1D24-1D21BL-SM MBLE SUP COC 2 PUERTAS","H","DIVIDER","287.85","582.6",,"2","0","0","0",,,"1","18",,"0","LxA{-36}AyL AxP{-27}PyA",,"62996","P","C","1","Caja"
"7/29/2026 10:29 AM","TWBL6112 3/424-1D24-1D21BL-SM MBLE SUP COC 2 PUERTAS","L","BACKING","301.85","1,527.4",,"0","0","0","0",,,"0","6",,"0","LxA{-22}AyL AxL{-22}LyA",,"62995","F","X","1",
"7/29/2026 10:29 AM","TWBL6112 3/424-1D24-1D21BL-SM MBLE SUP COC 2 PUERTAS","J","DOOR 21","530.2","339.7",,"2","2","0","0",,,"1","18",,"0","AxA{+15,85}AyA",,"62994","C","C","1","Frente"
"7/29/2026 10:29 AM","TWBL6112 3/424-1D24-1D21BL-SM MBLE SUP COC 2 PUERTAS","F","RAIL TRAS","1,513.4","80",,"0","0","2","0",,,"1","18",,"0","LxL{-36}LyL",,"62993","P","P","1","Caja"
"7/29/2026 10:29 AM","TWBL6112 3/424-1D24-1D21BL-SM MBLE SUP COC 2 PUERTAS","E","RAIL TRAS","1,513.4","80",,"0","0","2","0",,,"1","18",,"0","LxL{-36}LyL",,"62992","P","P","1","Caja"
"7/29/2026 10:29 AM","TWBL6112 3/424-1D24-1D21BL-SM MBLE SUP COC 2 PUERTAS","D","SIDE L - R20L","323.85","609.6",,"2","2","0","0",,,"1","18",,"0","LxA{0}AyL AxP{0}PyA",,"62991","B","C","1","Caja"
"7/29/2026 10:29 AM","TWBL6112 3/424-1D24-1D21BL-SM MBLE SUP COC 2 PUERTAS","C","SIDE R - R20L","323.85","609.6",,"2","2","0","0",,,"1","18",,"0","LxA{0}AyL AxP{0}PyA",,"62990","B","C","1","Caja"
"7/29/2026 10:29 AM","TWBL6112 3/424-1D24-1D21BL-SM MBLE SUP COC 2 PUERTAS","B","TAPA - R20L","1,513.4","609.6",,"2","0","0","0",,,"1","18",,"0","LxL{-36}LyL AxP{0}PyA",,"62989","B","C","1","Caja"
"7/29/2026 10:29 AM","TWBL6112 3/424-1D24-1D21BL-SM MBLE SUP COC 2 PUERTAS","A","BASE - R20L","1,513.4","609.6",,"2","0","0","0",,,"1","18",,"0","LxL{-36}LyL AxP{0}PyA",,"62988","B","C","1","Caja"
"7/29/2026 9:50 AM","WPC24 3/44924-PUSH-2S MBLE SUP COC 1 PUERTA 2 ENTREPAÑOS","K","DOOR L","1,241.4","625.45",,"2","2",,,,,"1","18",,"0","LxA{-3,2}AyL AxL{-3,2}LyA",,"62975","C","C","1","Frente"
"7/29/2026 9:50 AM","WPC24 3/44924-PUSH-2S MBLE SUP COC 1 PUERTA 2 ENTREPAÑOS","L","BACKING","1,222.6","606.65",,"0","0","0","0",,,"0","6",,"0","LxA{-22}AyL AxL{-22}LyA",,"62974","F","X","1",
"7/29/2026 9:50 AM","WPC24 3/44924-PUSH-2S MBLE SUP COC 1 PUERTA 2 ENTREPAÑOS","G","RAIL TRAS","592.65","80",,"0","0","2","0",,,"1","18",,"0","LxL{-36}LyL",,"62973","C","C","1","Caja"
"7/29/2026 9:50 AM","WPC24 3/44924-PUSH-2S MBLE SUP COC 1 PUERTA 2 ENTREPAÑOS","I","SHELF 2","591.65","558.8",,"0","0","2","2",,,"1","18",,"0","LxL{-37}LyL",,"62972","P","P","1","Caja"
"7/29/2026 9:50 AM","WPC24 3/44924-PUSH-2S MBLE SUP COC 1 PUERTA 2 ENTREPAÑOS","H","SHELF 1","591.65","558.8",,"0","0","2","2",,,"1","18",,"0","LxL{-37}LyL",,"62971","P","P","1","Caja"
"7/29/2026 9:50 AM","WPC24 3/44924-PUSH-2S MBLE SUP COC 1 PUERTA 2 ENTREPAÑOS","F","RAIL TRAS","592.65","80",,"0","0","2","0",,,"1","18",,"0","LxL{-36}LyL",,"62970","P","P","1","Caja"
"7/29/2026 9:50 AM","WPC24 3/44924-PUSH-2S MBLE SUP COC 1 PUERTA 2 ENTREPAÑOS","E","RAIL TRAS","592.65","80",,"0","0","2","0",,,"1","18",,"0","LxL{-36}LyL",,"62969","P","P","1","Caja"
"7/29/2026 9:50 AM","WPC24 3/44924-PUSH-2S MBLE SUP COC 1 PUERTA 2 ENTREPAÑOS","D","SIDE L - R20L","1,244.6","609.6",,"2","2","0","0",,,"1","18",,"0","LxA{0}AyL AxP{0}PyA",,"62968","B","C","1","Caja"
"7/29/2026 9:50 AM","WPC24 3/44924-PUSH-2S MBLE SUP COC 1 PUERTA 2 ENTREPAÑOS","C","SIDE R - R20L","1,244.6","609.6",,"2","2","0","0",,,"1","18",,"0","LxA{0}AyL AxP{0}PyA",,"62967","B","C","1","Caja"
"7/29/2026 9:50 AM","WPC24 3/44924-PUSH-2S MBLE SUP COC 1 PUERTA 2 ENTREPAÑOS","B","TAPA - R20L","592.65","609.6",,"2","0","0","0",,,"1","18",,"0","LxL{-36}LyL AxP{0}PyA",,"62966","B","C","1","Caja"
"7/29/2026 9:50 AM","WPC24 3/44924-PUSH-2S MBLE SUP COC 1 PUERTA 2 ENTREPAÑOS","A","BASE - R20L","592.65","609.6",,"2","0","0","0",,,"1","18",,"0","LxL{-36}LyL AxP{0}PyA",,"62965","B","C","1","Caja"
"7/28/2026 5:34 PM","ODB29 3/429 3/816 1/2-2-SMG MBLE INF COC ESTRUCTURA","M","BACKING","744.13","733.65",,"0","0","0","0",,,"0","6",,"0","LxA{-2}AyL AxL{-22}LyA",,"62964","F","X","1",
"7/28/2026 5:34 PM","ODB29 3/429 3/816 1/2-2-SMG MBLE INF COC ESTRUCTURA","F","RAIL TRASERO","719.65","80",,"0","0","2","0",,,"0.45","15",,"0","LxL{-36}LyL",,"62963","P","P","1","Caja"
"7/28/2026 5:34 PM","ODB29 3/429 3/816 1/2-2-SMG MBLE INF COC ESTRUCTURA","E","RAIL TRASERO","719.65","80",,"0","0","2","0",,,"1","18",,"0","LxL{-36}LyL",,"62962","P","P","1","Caja"
"7/28/2026 5:34 PM","ODB29 3/429 3/816 1/2-2-SMG MBLE INF COC ESTRUCTURA","D","RAIL DELANTERO","719.65","80",,"2","0","0","0",,,"1","18",,"0","LxL{-36}LyL",,"62961","B","C","1","Caja"
"7/28/2026 5:34 PM","ODB29 3/429 3/816 1/2-2-SMG MBLE INF COC ESTRUCTURA","C","SIDE L - R20L","746.13","419.1",,"2","2","0","0",,,"1","18",,"0","LxA{0}AyL AxP{0}PyA",,"62960","B","C","1","Caja"
"7/28/2026 5:34 PM","ODB29 3/429 3/816 1/2-2-SMG MBLE INF COC ESTRUCTURA","B","SIDE R - R20L","746.13","419.1",,"2","2","0","0",,,"1","18",,"0","LxA{0}AyL AxP{0}PyA",,"62959","B","C","1","Caja"
"7/28/2026 5:34 PM","ODB29 3/429 3/816 1/2-2-SMG MBLE INF COC ESTRUCTURA","A","BASE","719.65","392.1",,"2","0","0","0",,,"1","18",,"0","LxL{-36}LyL AxP{-27}PyA",,"62958","B","C","1","Caja"
"7/28/2026 5:27 PM","OW29 3/449 1/217 1/4 MBLE SUP COC 2 ENTREPAÑOS","I","BACKING","1,235.3","733.65",,"0","0","0","0",,,"0","6",,"0","LxA{-22}AyL AxL{-22}LyA",,"62957","F","X","1",
"7/28/2026 5:27 PM","OW29 3/449 1/217 1/4 MBLE SUP COC 2 ENTREPAÑOS","H","SHELF 2","718.65","266.7",,"0","0","2","2",,,"1","18",,"0","LxL{-37}LyL",,"62956","P","P","1","Caja"
"7/28/2026 5:27 PM","OW29 3/449 1/217 1/4 MBLE SUP COC 2 ENTREPAÑOS","G","SHELF 1","718.65","266.7",,"0","0","2","2",,,"1","18",,"0","LxL{-37}LyL",,"62955","P","C","1","Caja"
"7/28/2026 5:27 PM","OW29 3/449 1/217 1/4 MBLE SUP COC 2 ENTREPAÑOS","F","RAIL TRASERO","719.65","80",,"0","0","2","0",,,"1","18",,"0","LxL{-36}LyL",,"62954","P","P","1","Caja"
"7/28/2026 5:27 PM","OW29 3/449 1/217 1/4 MBLE SUP COC 2 ENTREPAÑOS","E","RAIL TRASERO","719.65","80",,"0","0","2","0",,,"1","18",,"0","LxL{-36}LyL",,"62953","P","P","1","Caja"
"7/28/2026 5:27 PM","OW29 3/449 1/217 1/4 MBLE SUP COC 2 ENTREPAÑOS","D","SIDE L - R20L","1,257.3","438.15",,"2","2","0","0",,,"1","18",,"0","LxA{0}AyL AxP{0}PyA",,"62952","B","C","1","Caja"
"7/28/2026 5:27 PM","OW29 3/449 1/217 1/4 MBLE SUP COC 2 ENTREPAÑOS","C","SIDE R - R20L","1,257.3","438.15",,"2","2","0","0",,,"1","18",,"0","LxA{0}AyL AxP{0}PyA",,"62951","B","C","1","Caja"
"7/28/2026 5:27 PM","OW29 3/449 1/217 1/4 MBLE SUP COC 2 ENTREPAÑOS","B","TAPA - R20L","719.65","438.15",,"2","0","0","0",,,"1","18",,"0","LxL{-36}LyL AxP{0}PyA",,"62950","B","C","1","Caja"
"7/28/2026 5:27 PM","OW29 3/449 1/217 1/4 MBLE SUP COC 2 ENTREPAÑOS","A","BASE - R20L","719.65","438.15",,"2","0","0","0",,,"1","18",,"0","LxL{-36}LyL AxP{0}PyA",,"62949","B","C","1","Caja"
"7/28/2026 5:11 PM","CC34 1/48420 5/8 TK4 1/2-2D-1S MBL CLOSET 2 PUERTAS 2 GAVETAS 1 ENTREPAÑO","V","FILLER GAV 10","496.88","254",,"2","2","0","0",,,"1","18",,"0","LxP{-27}PyL",,"62945","P","P","1","Caja"
"7/28/2026 5:11 PM","CC34 1/48420 5/8 TK4 1/2-2D-1S MBL CLOSET 2 PUERTAS 2 GAVETAS 1 ENTREPAÑO","U","FILLER GAV 10","496.88","254",,"2","2","0","0",,,"1","18",,"0","LxP{-27}PyL",,"62944","P","P","1","Caja"
"7/28/2026 5:11 PM","CC34 1/48420 5/8 TK4 1/2-2D-1S MBL CLOSET 2 PUERTAS 2 GAVETAS 1 ENTREPAÑO","T","FILLER GAV 6","496.88","152.4",,"2","2","0","0",,,"1","18",,"0","LxP{-27}PyL",,"62943","P","P","1","Caja"
"7/28/2026 5:11 PM","CC34 1/48420 5/8 TK4 1/2-2D-1S MBL CLOSET 2 PUERTAS 2 GAVETAS 1 ENTREPAÑO","S","FILLER GAV 6","496.88","152.4",,"2","2","0","0",,,"1","18",,"0","LxP{-27}PyL",,"62942","P","P","1","Caja"
"7/28/2026 5:10 PM","CC34 1/48420 5/8 TK4 1/2-2D-1S MBL CLOSET 2 PUERTAS 2 GAVETAS 1 ENTREPAÑO","O","TRAS GAV","710.95","183",,"0","0","2","0",,,"0.45","15",,"0","LxL{-159}LyL",,"62941","P","P","1","Caja"
"7/28/2026 5:10 PM","CC34 1/48420 5/8 TK4 1/2-2D-1S MBL CLOSET 2 PUERTAS 2 GAVETAS 1 ENTREPAÑO","N","FONDO GAV","722.95","441",,"0","0","2","0",,,"0.45","15",,"0","LxL{-147}LyL",,"62940","P","P","1","Caja"
"7/28/2026 5:10 PM","CC34 1/48420 5/8 TK4 1/2-2D-1S MBL CLOSET 2 PUERTAS 2 GAVETAS 1 ENTREPAÑO","M","FRONT 10""","794.75","254",,"2","2","0","0",,,"1","18",,"0","LxL{-75,2}LyL",,"62939","P","P","1","Caja"
"7/28/2026 5:10 PM","CC34 1/48420 5/8 TK4 1/2-2D-1S MBL CLOSET 2 PUERTAS 2 GAVETAS 1 ENTREPAÑO","R","BACKING","2,017.3","847.95",,,,,,,,"0","6",,"0","LxA{-116,3}AyL AxL{-22}LyA",,"62938","F","X","1",
"7/28/2026 5:10 PM","CC34 1/48420 5/8 TK4 1/2-2D-1S MBL CLOSET 2 PUERTAS 2 GAVETAS 1 ENTREPAÑO","Q","DOOR L","2,133.6","431.77",,"2",,,,,,"1","18",,"0","LxA{0}AyL AxL[0,496321]LyA",,"62937","C","C","1","Frente"
"7/28/2026 5:10 PM","CC34 1/48420 5/8 TK4 1/2-2D-1S MBL CLOSET 2 PUERTAS 2 GAVETAS 1 ENTREPAÑO","P","DOOR R","2,133.6","431.77",,"2","2",,,,,"1","18",,"0","LxA{0}AyL AxL[0,496321]LyA",,"62936","C","C","1","Frente"
"7/28/2026 5:10 PM","CC34 1/48420 5/8 TK4 1/2-2D-1S MBL CLOSET 2 PUERTAS 2 GAVETAS 1 ENTREPAÑO","L","TRAS GAV","710.95","101",,,,"1","0",,,"0.45","15",,"0","LxL{-159}LyL",,"62935","P","P","1","Caja"
"7/28/2026 5:10 PM","CC34 1/48420 5/8 TK4 1/2-2D-1S MBL CLOSET 2 PUERTAS 2 GAVETAS 1 ENTREPAÑO","K","FONDO GAV","722.95","441",,,,"2","0",,,"0.45","15",,"0","LxL{-147}LyL",,"62934","P","P","1","Caja"
"7/28/2026 5:10 PM","CC34 1/48420 5/8 TK4 1/2-2D-1S MBL CLOSET 2 PUERTAS 2 GAVETAS 1 ENTREPAÑO","J","FRONT 6""","794.75","152.4",,,,"2","2",,,"1","18",,"0","LxL{-75,2}LyL",,"62933","P","P","1","Caja"
"7/28/2026 5:10 PM","CC34 1/48420 5/8 TK4 1/2-2D-1S MBL CLOSET 2 PUERTAS 2 GAVETAS 1 ENTREPAÑO","I","SHELF1","833.95","496.88",,,,"2","2",,,"1","18",,"0","LxL{-36}LyL AxP{-27}PyA",,"62932","P","P","1","Caja"
"7/28/2026 5:10 PM","CC34 1/48420 5/8 TK4 1/2-2D-1S MBL CLOSET 2 PUERTAS 2 GAVETAS 1 ENTREPAÑO","H","SHELF0","833.95","496.88",,"2",,"0",,,,"1","18",,"0","LxL{-36}LyL AxP{-27}PyA",,"62931","P","P","1","Caja"
"7/28/2026 5:10 PM","CC34 1/48420 5/8 TK4 1/2-2D-1S MBL CLOSET 2 PUERTAS 2 GAVETAS 1 ENTREPAÑO","G","RAIL TRASERO","833.95","80",,,,"2",,,,"1","18",,"0","LxL{-36}LyL",,"62930","P","P","1","Caja"
"7/28/2026 5:10 PM","CC34 1/48420 5/8 TK4 1/2-2D-1S MBL CLOSET 2 PUERTAS 2 GAVETAS 1 ENTREPAÑO","F","RAIL TRASERO","833.95","80",,,,"2",,,,"1","18",,"0","LxL{-36}LyL",,"62929","P","P","1","Caja"
"7/28/2026 5:10 PM","CC34 1/48420 5/8 TK4 1/2-2D-1S MBL CLOSET 2 PUERTAS 2 GAVETAS 1 ENTREPAÑO","E","RAIL TRASERO","833.95","80",,"0",,"2",,,,"1","18",,"0","LxL{-36}LyL",,"62928","P","P","1","Caja"
"7/28/2026 5:10 PM","CC34 1/48420 5/8 TK4 1/2-2D-1S MBL CLOSET 2 PUERTAS 2 GAVETAS 1 ENTREPAÑO","D","SIDE L R20L","2,019.3","523.88",,"2","2",,,,,"1","18",,"0","LxA{-114,3}AyL AxP{0}PyA",,"62927","B","C","1","Caja"
"7/28/2026 5:10 PM","CC34 1/48420 5/8 TK4 1/2-2D-1S MBL CLOSET 2 PUERTAS 2 GAVETAS 1 ENTREPAÑO","C","SIDE R R20L","2,019.3","523.88",,"2","2",,,,,"1","18",,"0","LxA{-114,3}AyL AxP{0}PyA",,"62926","B","C","1","Caja"
"7/28/2026 5:10 PM","CC34 1/48420 5/8 TK4 1/2-2D-1S MBL CLOSET 2 PUERTAS 2 GAVETAS 1 ENTREPAÑO","B","TAPA","833.95","496.88",,"2",,,,,,"1","18",,"0","LxL{-36}LyL AxP{-27}PyA",,"62925","B","C","1","Caja"
"7/28/2026 5:10 PM","CC34 1/48420 5/8 TK4 1/2-2D-1S MBL CLOSET 2 PUERTAS 2 GAVETAS 1 ENTREPAÑO","A","BASE","833.95","496.88",,"2",,,,,,"1","18",,"0","LxL{-36}LyL AxP{-27}PyA",,"62924","B","C","1","Caja"
"7/28/2026 5:00 PM","F613 1/2 PANEL MBLE","A","FILLER","342.9","152.4",,"2","2","0","0",,,"1","18",,"0","LxA{0}AyL AxL{0}LyA",,"62923","C","C","1","Frente"
"7/28/2026 4:58 PM","F584 PANEL MBLE","A","FILLER","2,133.6","127",,"2","2","0","0",,,"1","18",,"0","LxA{0}AyL AxL{0}LyA",,"62922","C","C","1","Frente"
"7/28/2026 4:56 PM","PN35 1/222 PANEL MBLE","A","PANEL","558.8","901.7",,"2","2","0","0",,,"1","18",,"0","LxA{0}AyL AxL{0}LyA",,"62921","C","C","1","Frente"
"7/28/2026 4:56 PM","PN30 1/214 PANEL MBLE","A","PANEL","355.6","774.7",,"2","2","0","0",,,"1","18",,"0","LxA{0}AyL AxL{0}LyA",,"62920","C","C","1","Frente"
"7/28/2026 4:55 PM","PN3014 PANEL MBLE","A","PANEL","355.6","762",,"2","2","0","0",,,"1","18",,"0","LxA{0}AyL AxL{0}LyA",,"62919","C","C","1","Frente"
"7/28/2026 4:54 PM","PN3514 PANEL MBLE","A","PANEL","355.6","889",,"2","2","0","0",,,"1","18",,"0","LxA{0}AyL AxL{0}LyA",,"62918","C","C","1","Frente"
"7/28/2026 4:53 PM","PN22 3/414 PANEL MBLE","A","PANEL","355.6","577.85",,"2","2","0","0",,,"1","18",,"0","LxA{0}AyL AxL{0}LyA",,"62917","C","C","1","Frente"
"7/28/2026 4:53 PM","PN22 3/484 PANEL MBLE","A","PANEL","2,133.6","577.85",,"2","2","0","0",,,"1","18",,"0","LxA{0}AyL AxL{0}LyA",,"62916","C","C","1","Frente"
"7/28/2026 4:52 PM","PN149 5/8 PANEL MBLE","A","PANEL","244.48","355.6",,"2","2","0","0",,,"1","18",,"0","LxA{0}AyL AxL{0}LyA",,"62915","C","C","1","Frente"
"7/28/2026 4:48 PM","PN1435 5/8 PANEL MBLE","A","PANEL","904.88","355.6",,"2","2","0","0",,,"1","18",,"0","LxA{0}AyL AxL{0}LyA",,"62914","C","C","1","Frente"
"7/28/2026 4:47 PM","PN1435 1/2 PANEL MBLE","A","PANEL","901.7","355.6",,"2","2","0","0",,,"1","18",,"0","LxA{0}AyL AxL{0}LyA",,"62913","C","C","1","Frente"
"7/28/2026 4:46 PM","PN7314 PANEL MBLE","A","PANEL","355.6","1,854.2",,"2","2","0","0",,,"1","18",,"0","LxA{0}AyL AxL{0}LyA",,"62912","C","C","1","Frente"
"7/28/2026 4:46 PM","PN7514 PANEL MBLE","A","PANEL","355.6","1,905",,"2","2","0","0",,,"1","18",,"0","LxA{0}AyL AxL{0}LyA",,"62911","C","C","1","Frente"
"7/28/2026 4:45 PM","PN32 3/414 PANEL MBLE","A","PANEL","355.6","831.85",,"2","2","0","0",,,"1","18",,"0","LxA{0}AyL AxL{0}LyA",,"62910","C","C","1","Frente"
"7/28/2026 4:45 PM","PN32 3/484 PANEL MBLE","A","PANEL","2,133.6","831.85",,"2","2","0","0",,,"1","18",,"0","LxA{0}AyL AxL{0}LyA",,"62909","C","C","1","Frente"
"7/28/2026 4:43 PM","WD24 3/435 PANEL MBLE","A","PANEL","885.8","625.45",,"2","2","0","0",,,"1","18",,"0","LxA{-3,2}AyL AxL{-3,2}LyA",,"62908","C","C","1","Frente"
"7/28/2026 4:41 PM","PN920 5/8 PANEL MBLE","A","PANEL","523.88","228.6",,"2","2","0","0",,,"1","18",,"0","LxA{0}AyL AxL{0}LyA",,"62907","C","C","1","Frente"
"7/28/2026 4:40 PM","PN99 5/8 PANEL MBLE","A","PANEL","244.48","228.6",,"2","2","0","0",,,"1","18",,"0","LxA{0}AyL AxL{0}LyA",,"62906","C","C","1","Frente"
"7/28/2026 4:39 PM","PN955 1/2 PANEL MBLE","A","PANEL","1,409.7","228.6",,"2","2","0","0",,,"1","18",,"0","LxA{0}AyL AxL{0}LyA",,"62905","C","C","1","Frente"
"7/28/2026 2:51 PM","SDB46-1SK-2-SMG MBLE INF COC 3 GAVETAS 1 PANEL REMOVIBLE","Q","DIVISION","726","582.6",,"2","0","0","0",,,"1","18",,"0","LxA{-36}AyL AxP{-27}PyA",,"62871","P","P","1","Caja"
"7/28/2026 2:50 PM","SDB46-1SK-2-SMG MBLE INF COC 3 GAVETAS 1 PANEL REMOVIBLE","P","PANEL REMOVIBLE","351","606.4",,"2","2","0","0",,,"1","18",,"0",,,"62870","C","C","1","Frente"
"7/28/2026 2:50 PM","SDB46-1SK-2-SMG MBLE INF COC 3 GAVETAS 1 PANEL REMOVIBLE","O","FRENTE GAV INF L-B","351","606.4",,"2","2","0","0",,,"1","18",,"0",,,"62869","C","C","1","Frente"
"7/28/2026 2:50 PM","SDB46-1SK-2-SMG MBLE INF COC 3 GAVETAS 1 PANEL REMOVIBLE","L","TRAS GAV INF L-B","486.6","492",,"0","0","2","0",,,"0.45","15",,"0",,,"62868","P","P","1",
"7/28/2026 2:50 PM","SDB46-1SK-2-SMG MBLE INF COC 3 GAVETAS 1 PANEL REMOVIBLE","I","FONDO GAV INF L-B","498.6","492",,"0","0","2","0",,,"0.45","15",,"0",,,"62867","P","P","1","Caja"
"7/28/2026 2:50 PM","SDB46-1SK-2-SMG MBLE INF COC 3 GAVETAS 1 PANEL REMOVIBLE","R","BACKING","760","1,152.4",,"0","0","0","0",,,"0","6",,"0","LxA{-2}AyL AxL{-16}LyA",,"62866","F","X","1",
"7/28/2026 2:50 PM","SDB46-1SK-2-SMG MBLE INF COC 3 GAVETAS 1 PANEL REMOVIBLE","N","FRENTE GAV INF L-A","351","555.6",,"2","2","0","0",,,"1","18",,"0",,,"62865","C","C","1","Frente"
"7/28/2026 2:50 PM","SDB46-1SK-2-SMG MBLE INF COC 3 GAVETAS 1 PANEL REMOVIBLE","M","FRENTE GAV SUP L-A","351","555.6",,"2","2","0","0",,,"1","18",,"0",,,"62864","C","C","1","Frente"
"7/28/2026 2:50 PM","SDB46-1SK-2-SMG MBLE INF COC 3 GAVETAS 1 PANEL REMOVIBLE","K","TRAS GAV INF L-A","435.8","183",,"0","0","1","2",,,"0.45","15",,"0",,,"62863","P","P","1","Caja"
"7/28/2026 2:50 PM","SDB46-1SK-2-SMG MBLE INF COC 3 GAVETAS 1 PANEL REMOVIBLE","J","TRAS GAV SUP L-A","435.8","183",,"0","0","1","2",,,"0.45","15",,"0",,,"62862","P","P","1","Caja"
"7/28/2026 2:50 PM","SDB46-1SK-2-SMG MBLE INF COC 3 GAVETAS 1 PANEL REMOVIBLE","H","FONDO GAV INF L-A","447.8","492",,"0","0","2","0",,,"0.45","15",,"0",,,"62861","P","P","1","Caja"
"7/28/2026 2:50 PM","SDB46-1SK-2-SMG MBLE INF COC 3 GAVETAS 1 PANEL REMOVIBLE","G","FONDO GAV SUP L-A","447.8","492",,"0","0","2","0",,,"0.45","15",,"0",,,"62860","P","P","1","Caja"
"7/28/2026 2:50 PM","SDB46-1SK-2-SMG MBLE INF COC 3 GAVETAS 1 PANEL REMOVIBLE","F","RAIL TRASERO","1,132.4","80",,"0","0","2","0",,,"1","18",,"0","LxL{-36}LyL",,"62859","P","P","1","Caja"
"7/28/2026 2:50 PM","SDB46-1SK-2-SMG MBLE INF COC 3 GAVETAS 1 PANEL REMOVIBLE","E","RAIL TRASERO","1,132.4","80",,"0","0","2","0",,,"1","18",,"0","LxL{-36}LyL",,"62858","P","P","1","Caja"
"7/28/2026 2:50 PM","SDB46-1SK-2-SMG MBLE INF COC 3 GAVETAS 1 PANEL REMOVIBLE","D","RAIL DELANTERO","1,132.4","80",,"2","0","0","0",,,"1","18",,"0","LxL{-36}LyL",,"62857","B","C","1","Caja"
"7/28/2026 2:50 PM","SDB46-1SK-2-SMG MBLE INF COC 3 GAVETAS 1 PANEL REMOVIBLE","C","SIDE L - R20L","762","609.6",,"2","2","0","0",,,"1","18",,"0","LxA{0}AyL AxP{0}PyA",,"62856","B","C","1","Caja"
"7/28/2026 2:50 PM","SDB46-1SK-2-SMG MBLE INF COC 3 GAVETAS 1 PANEL REMOVIBLE","B","SIDE R - R20L","762","609.6",,"2","2","0","0",,,"1","18",,"0","LxA{0}AyL AxP{0}PyA",,"62855","B","C","1","Caja"
"7/28/2026 2:50 PM","SDB46-1SK-2-SMG MBLE INF COC 3 GAVETAS 1 PANEL REMOVIBLE","A","BASE","1,132.4","582.6",,"2","0","0","0",,,"1","18",,"0","LxL{-36}LyL AxP{-27}PyA",,"62854","B","C","1","Caja"
"7/28/2026 11:47 AM","PN1422 PANEL MBLE","A","PANEL","558.8","355.6",,"2","2","0","0",,,"1","18",,"0","LxA{0}AyL AxL{0}LyA",,"62853","C","C","1","Frente"
"7/28/2026 11:35 AM","PN37 1/214 PANEL MBLE","A","PANEL","355.6","952.5",,"2","2","0","0",,,"1","18",,"0","LxA{0}AyL AxL{0}LyA",,"62852","C","C","1","Frente"
"7/28/2026 11:34 AM","PN3614 PANEL MBLE","A","PANEL","355.6","914.4",,"2","2","0","0",,,"1","18",,"0","LxA{0}AyL AxL{0}LyA",,"62851","C","C","1","Frente"
"7/28/2026 11:34 AM","PN23 1/214 PANEL MBLE","A","PANEL","355.6","596.9",,"2","2","0","0",,,"1","18",,"0","LxA{0}AyL AxL{0}LyA",,"62850","C","C","1","Frente"
"7/28/2026 11:27 AM","PN1214 PANEL MBLE","A","PANEL","355.6","304.8",,"2","2","0","0",,,"1","18",,"0","LxA{0}AyL AxL{0}LyA",,"62849","C","C","1","Frente"
"7/28/2026 11:27 AM","PN1284 PANEL MBLE","A","PANEL","2,133.6","304.8",,"2","2","0","0",,,"1","18",,"0","LxA{0}AyL AxL{0}LyA",,"62848","C","C","1","Frente"
"7/28/2026 11:26 AM","PN41 1/227 1/4 PANEL MBLE","A","PANEL","692.15","1,054.1",,"2","2","0","0",,,"1","18",,"0","LxA{0}AyL AxL{0}LyA",,"62847","C","C","1","Frente"
"7/28/2026 11:24 AM","PN2884 PANEL MBLE","A","PANEL","2,133.6","711.2",,"2","2","0","0",,,"1","18",,"0","LxA{0}AyL AxL{0}LyA",,"62846","C","C","1","Frente"
"7/28/2026 11:23 AM","F814 PANEL MBLE","A","FILLER","355.6","203.2",,"2","2","0","0",,,"1","18",,"0","LxA{0}AyL AxL{0}LyA",,"62845","C","C","1","Frente"
"7/28/2026 11:22 AM","F884 PANEL MBLE","A","FILLER","2,133.6","203.2",,"2","2","0","0",,,"1","18",,"0","LxA{0}AyL AxL{0}LyA",,"62844","C","C","1","Frente"
"7/28/2026 11:22 AM","F414 PANEL MBLE","A","FILLER","355.6","101.6",,"2","2","0","0",,,"1","18",,"0","LxA{0}AyL AxL{0}LyA",,"62843","C","C","1","Frente"
"7/28/2026 11:21 AM","F484 PANEL MBLE","A","FILLER","2,133.6","101.6",,"2","2","0","0",,,"1","18",,"0","LxA{0}AyL AxL{0}LyA",,"62842","C","C","1","Frente"
"7/28/2026 11:14 AM","CC36 3/48422 TK4 1/2-2D-1S MBL CLOSET 2 PUERTAS 2 GAVETAS 1 ENTREPAÑO","V","FILLER GAV 10","531.8","254",,"2","2","0","0",,,"1","18",,"0","LxP{-27}PyL",,"62841","P","P","1","Caja"
"7/28/2026 11:14 AM","CC36 3/48422 TK4 1/2-2D-1S MBL CLOSET 2 PUERTAS 2 GAVETAS 1 ENTREPAÑO","U","FILLER GAV 10","531.8","254",,"2","2","0","0",,,"1","18",,"0","LxP{-27}PyL",,"62840","P","P","1","Caja"
"7/28/2026 11:14 AM","CC36 3/48422 TK4 1/2-2D-1S MBL CLOSET 2 PUERTAS 2 GAVETAS 1 ENTREPAÑO","T","FILLER GAV 6","531.8","152.4",,"2","2","0","0",,,"1","18",,"0","LxP{-27}PyL",,"62839","P","P","1","Caja"
"7/28/2026 11:14 AM","CC36 3/48422 TK4 1/2-2D-1S MBL CLOSET 2 PUERTAS 2 GAVETAS 1 ENTREPAÑO","S","FILLER GAV 6","531.8","152.4",,"2","2","0","0",,,"1","18",,"0","LxP{-27}PyL",,"62838","P","P","1","Caja"
"7/28/2026 11:14 AM","CC36 3/48422 TK4 1/2-2D-1S MBL CLOSET 2 PUERTAS 2 GAVETAS 1 ENTREPAÑO","O","TRAS GAV","774.45","183",,"0","0","2","0",,,"0.45","15",,"0","LxL{-159}LyL",,"62837","P","P","1","Caja"
"7/28/2026 11:14 AM","CC36 3/48422 TK4 1/2-2D-1S MBL CLOSET 2 PUERTAS 2 GAVETAS 1 ENTREPAÑO","N","FONDO GAV","786.45","441",,"0","0","2","0",,,"0.45","15",,"0","LxL{-147}LyL",,"62836","P","P","1","Caja"
"7/28/2026 11:14 AM","CC36 3/48422 TK4 1/2-2D-1S MBL CLOSET 2 PUERTAS 2 GAVETAS 1 ENTREPAÑO","M","FRONT 10""","858.25","254",,"2","2","0","0",,,"1","18",,"0","LxL{-75,2}LyL",,"62835","P","P","1","Caja"
"7/28/2026 11:14 AM","CC36 3/48422 TK4 1/2-2D-1S MBL CLOSET 2 PUERTAS 2 GAVETAS 1 ENTREPAÑO","R","BACKING","2,017.3","911.45",,,,,,,,"0","6",,"0","LxA{-116,3}AyL AxL{-22}LyA",,"62834","F","X","1",
"7/28/2026 11:14 AM","CC36 3/48422 TK4 1/2-2D-1S MBL CLOSET 2 PUERTAS 2 GAVETAS 1 ENTREPAÑO","Q","DOOR L","2,133.6","463.52",,"2",,,,,,"1","18",,"0","LxA{0}AyL AxL[0,49657]LyA",,"62833","C","C","1","Frente"
"7/28/2026 11:14 AM","CC36 3/48422 TK4 1/2-2D-1S MBL CLOSET 2 PUERTAS 2 GAVETAS 1 ENTREPAÑO","P","DOOR R","2,133.6","463.52",,"2","2",,,,,"1","18",,"0","LxA{0}AyL AxL[0,49657]LyA",,"62832","C","C","1","Frente"
"7/28/2026 11:14 AM","CC36 3/48422 TK4 1/2-2D-1S MBL CLOSET 2 PUERTAS 2 GAVETAS 1 ENTREPAÑO","L","TRAS GAV","774.45","101",,,,"1","0",,,"0.45","15",,"0","LxL{-159}LyL",,"62831","P","P","1","Caja"
"7/28/2026 11:14 AM","CC36 3/48422 TK4 1/2-2D-1S MBL CLOSET 2 PUERTAS 2 GAVETAS 1 ENTREPAÑO","K","FONDO GAV","786.45","441",,,,"2","0",,,"0.45","15",,"0","LxL{-147}LyL",,"62830","P","P","1","Caja"
"7/28/2026 11:14 AM","CC36 3/48422 TK4 1/2-2D-1S MBL CLOSET 2 PUERTAS 2 GAVETAS 1 ENTREPAÑO","J","FRONT 6""","858.25","152.4",,,,"2","2",,,"1","18",,"0","LxL{-75,2}LyL",,"62829","P","P","1","Caja"
"7/28/2026 11:14 AM","CC36 3/48422 TK4 1/2-2D-1S MBL CLOSET 2 PUERTAS 2 GAVETAS 1 ENTREPAÑO","I","SHELF1","897.45","531.8",,,,"2","2",,,"1","18",,"0","LxL{-36}LyL AxP{-27}PyA",,"62828","P","P","1","Caja"
"7/28/2026 11:14 AM","CC36 3/48422 TK4 1/2-2D-1S MBL CLOSET 2 PUERTAS 2 GAVETAS 1 ENTREPAÑO","G","RAIL TRASERO","897.45","80",,,,"2",,,,"1","18",,"0","LxL{-36}LyL",,"62826","P","P","1","Caja"
"7/28/2026 11:14 AM","CC36 3/48422 TK4 1/2-2D-1S MBL CLOSET 2 PUERTAS 2 GAVETAS 1 ENTREPAÑO","H","SHELF0","897.45","531.8",,"2",,"0",,,,"1","18",,"0","LxL{-36}LyL AxP{-27}PyA",,"62827","P","P","1","Caja"
"7/28/2026 11:13 AM","CC36 3/48422 TK4 1/2-2D-1S MBL CLOSET 2 PUERTAS 2 GAVETAS 1 ENTREPAÑO","F","RAIL TRASERO","897.45","80",,,,"2",,,,"1","18",,"0","LxL{-36}LyL",,"62825","P","P","1","Caja"
"7/28/2026 11:13 AM","CC36 3/48422 TK4 1/2-2D-1S MBL CLOSET 2 PUERTAS 2 GAVETAS 1 ENTREPAÑO","D","SIDE L R20L","2,019.3","558.8",,"2","2",,,,,"1","18",,"0","LxA{-114,3}AyL AxP{0}PyA",,"62823","B","C","1","Caja"
"7/28/2026 11:13 AM","CC36 3/48422 TK4 1/2-2D-1S MBL CLOSET 2 PUERTAS 2 GAVETAS 1 ENTREPAÑO","E","RAIL TRASERO","897.45","80",,"0",,"2",,,,"1","18",,"0","LxL{-36}LyL",,"62824","P","P","1","Caja"
"7/28/2026 11:13 AM","CC36 3/48422 TK4 1/2-2D-1S MBL CLOSET 2 PUERTAS 2 GAVETAS 1 ENTREPAÑO","C","SIDE R R20L","2,019.3","558.8",,"2","2",,,,,"1","18",,"0","LxA{-114,3}AyL AxP{0}PyA",,"62822","B","C","1","Caja"
"7/28/2026 11:13 AM","CC36 3/48422 TK4 1/2-2D-1S MBL CLOSET 2 PUERTAS 2 GAVETAS 1 ENTREPAÑO","B","TAPA","897.45","531.8",,"2",,,,,,"1","18",,"0","LxL{-36}LyL AxP{-27}PyA",,"62821","B","C","1","Caja"
"7/28/2026 11:13 AM","CC36 3/48422 TK4 1/2-2D-1S MBL CLOSET 2 PUERTAS 2 GAVETAS 1 ENTREPAÑO","A","BASE","897.45","531.8",,"2",,,,,,"1","18",,"0","LxL{-36}LyL AxP{-27}PyA",,"62820","B","C","1","Caja"
"7/28/2026 11:03 AM","CC22 3/48422 TK4 1/2-2D-1S MBL CLOSET 2 PUERTAS 2 GAVETAS 1 ENTREPAÑO","V","FILLER GAV 10","531.8","254",,"2","2","0","0",,,"1","18",,"0","LxP{-27}PyL",,"62819","P","P","1","Caja"
"7/28/2026 11:03 AM","CC22 3/48422 TK4 1/2-2D-1S MBL CLOSET 2 PUERTAS 2 GAVETAS 1 ENTREPAÑO","U","FILLER GAV 10","531.8","254",,"2","2","0","0",,,"1","18",,"0","LxP{-27}PyL",,"62818","P","P","1","Caja"
"7/28/2026 11:03 AM","CC22 3/48422 TK4 1/2-2D-1S MBL CLOSET 2 PUERTAS 2 GAVETAS 1 ENTREPAÑO","T","FILLER GAV 6","531.8","152.4",,"2","2","0","0",,,"1","18",,"0","LxP{-27}PyL",,"62817","P","P","1","Caja"
"7/28/2026 11:03 AM","CC22 3/48422 TK4 1/2-2D-1S MBL CLOSET 2 PUERTAS 2 GAVETAS 1 ENTREPAÑO","S","FILLER GAV 6","531.8","152.4",,"2","2","0","0",,,"1","18",,"0","LxP{-27}PyL",,"62816","P","P","1","Caja"
"7/28/2026 11:03 AM","CC22 3/48422 TK4 1/2-2D-1S MBL CLOSET 2 PUERTAS 2 GAVETAS 1 ENTREPAÑO","O","TRAS GAV","418.85","183",,"0","0","2","0",,,"0.45","15",,"0","LxL{-159}LyL",,"62815","P","P","1","Caja"
"7/28/2026 11:03 AM","CC22 3/48422 TK4 1/2-2D-1S MBL CLOSET 2 PUERTAS 2 GAVETAS 1 ENTREPAÑO","M","FRONT 10""","502.65","254",,"2","2","0","0",,,"1","18",,"0","LxL{-75,2}LyL",,"62813","P","P","1","Caja"
"7/28/2026 11:03 AM","CC22 3/48422 TK4 1/2-2D-1S MBL CLOSET 2 PUERTAS 2 GAVETAS 1 ENTREPAÑO","N","FONDO GAV","430.85","441",,"0","0","2","0",,,"0.45","15",,"0","LxL{-147}LyL",,"62814","P","P","1","Caja"
"7/28/2026 11:03 AM","CC22 3/48422 TK4 1/2-2D-1S MBL CLOSET 2 PUERTAS 2 GAVETAS 1 ENTREPAÑO","R","BACKING","2,017.3","555.85",,,,,,,,"0","6",,"0","LxA{-116,3}AyL AxL{-22}LyA",,"62812","F","X","1",
"7/28/2026 11:03 AM","CC22 3/48422 TK4 1/2-2D-1S MBL CLOSET 2 PUERTAS 2 GAVETAS 1 ENTREPAÑO","Q","DOOR L","2,133.6","285.72",,"2",,,,,,"1","18",,"0","LxA{0}AyL AxL[0,49446]LyA",,"62811","C","C","1","Frente"
"7/28/2026 11:03 AM","CC22 3/48422 TK4 1/2-2D-1S MBL CLOSET 2 PUERTAS 2 GAVETAS 1 ENTREPAÑO","P","DOOR R","2,133.6","285.72",,"2","2",,,,,"1","18",,"0","LxA{0}AyL AxL[0,49446]LyA",,"62810","C","C","1","Frente"
"7/28/2026 11:03 AM","CC22 3/48422 TK4 1/2-2D-1S MBL CLOSET 2 PUERTAS 2 GAVETAS 1 ENTREPAÑO","L","TRAS GAV","418.85","101",,,,"1","0",,,"0.45","15",,"0","LxL{-159}LyL",,"62809","P","P","1","Caja"
"7/28/2026 11:03 AM","CC22 3/48422 TK4 1/2-2D-1S MBL CLOSET 2 PUERTAS 2 GAVETAS 1 ENTREPAÑO","K","FONDO GAV","430.85","441",,,,"2","0",,,"0.45","15",,"0","LxL{-147}LyL",,"62808","P","P","1","Caja"
"7/28/2026 11:03 AM","CC22 3/48422 TK4 1/2-2D-1S MBL CLOSET 2 PUERTAS 2 GAVETAS 1 ENTREPAÑO","J","FRONT 6""","502.65","152.4",,,,"2","2",,,"1","18",,"0","LxL{-75,2}LyL",,"62807","P","P","1","Caja"
"7/28/2026 11:03 AM","CC22 3/48422 TK4 1/2-2D-1S MBL CLOSET 2 PUERTAS 2 GAVETAS 1 ENTREPAÑO","I","SHELF1","541.85","531.8",,,,"2","2",,,"1","18",,"0","LxL{-36}LyL AxP{-27}PyA",,"62806","P","P","1","Caja"
"7/28/2026 11:03 AM","CC22 3/48422 TK4 1/2-2D-1S MBL CLOSET 2 PUERTAS 2 GAVETAS 1 ENTREPAÑO","H","SHELF0","541.85","531.8",,"2",,"0",,,,"1","18",,"0","LxL{-36}LyL AxP{-27}PyA",,"62805","P","P","1","Caja"
"7/28/2026 11:03 AM","CC22 3/48422 TK4 1/2-2D-1S MBL CLOSET 2 PUERTAS 2 GAVETAS 1 ENTREPAÑO","G","RAIL TRASERO","541.85","80",,,,"2",,,,"1","18",,"0","LxL{-36}LyL",,"62804","P","P","1","Caja"
"7/28/2026 11:03 AM","CC22 3/48422 TK4 1/2-2D-1S MBL CLOSET 2 PUERTAS 2 GAVETAS 1 ENTREPAÑO","F","RAIL TRASERO","541.85","80",,,,"2",,,,"1","18",,"0","LxL{-36}LyL",,"62803","P","P","1","Caja"
"7/28/2026 11:03 AM","CC22 3/48422 TK4 1/2-2D-1S MBL CLOSET 2 PUERTAS 2 GAVETAS 1 ENTREPAÑO","E","RAIL TRASERO","541.85","80",,"0",,"2",,,,"1","18",,"0","LxL{-36}LyL",,"62802","P","P","1","Caja"
"7/28/2026 11:03 AM","CC22 3/48422 TK4 1/2-2D-1S MBL CLOSET 2 PUERTAS 2 GAVETAS 1 ENTREPAÑO","D","SIDE L R20L","2,019.3","558.8",,"2","2",,,,,"1","18",,"0","LxA{-114,3}AyL AxP{0}PyA",,"62801","B","C","1","Caja"
"7/28/2026 11:03 AM","CC22 3/48422 TK4 1/2-2D-1S MBL CLOSET 2 PUERTAS 2 GAVETAS 1 ENTREPAÑO","C","SIDE R R20L","2,019.3","558.8",,"2","2",,,,,"1","18",,"0","LxA{-114,3}AyL AxP{0}PyA",,"62800","B","C","1","Caja"
"7/28/2026 11:03 AM","CC22 3/48422 TK4 1/2-2D-1S MBL CLOSET 2 PUERTAS 2 GAVETAS 1 ENTREPAÑO","A","BASE","541.85","531.8",,"2",,,,,,"1","18",,"0","LxL{-36}LyL AxP{-27}PyA",,"62798","B","C","1","Caja"
"7/28/2026 11:03 AM","CC22 3/48422 TK4 1/2-2D-1S MBL CLOSET 2 PUERTAS 2 GAVETAS 1 ENTREPAÑO","B","TAPA","541.85","531.8",,"2",,,,,,"1","18",,"0","LxL{-36}LyL AxP{-27}PyA",,"62799","B","C","1","Caja"
"7/28/2026 9:25 AM","F4 5/814 PANEL MBLE","A","FILLER","355.6","117.48",,"2","2","0","0",,,"1","18",,"0","LxA{0}AyL AxL{0}LyA",,"62775","C","C","1","Frente"
"7/28/2026 9:24 AM","F4 5/884 PANEL MBLE","A","FILLER","2,133.6","117.48",,"2","2","0","0",,,"1","18",,"0","LxA{0}AyL AxL{0}LyA",,"62774","C","C","1","Frente"
"7/28/2026 9:18 AM","PN946 PANEL MBLE","A","PANEL","1,168.4","228.6",,"2","2","0","0",,,"1","18",,"0","LxA{0}AyL AxL{0}LyA",,"62762","C","C","1","Frente"
"7/28/2026 9:17 AM","PN32 1/214 PANEL MBLE","A","PANEL","355.6","825.5",,"2","2","0","0",,,"1","18",,"0","LxA{0}AyL AxL{0}LyA",,"62761","C","C","1","Frente"
"7/28/2026 9:16 AM","PN32 1/284 PANEL MBLE","A","PANEL","2,133.6","825.5",,"2","2","0","0",,,"1","18",,"0","LxA{0}AyL AxL{0}LyA",,"62760","C","C","1","Frente"
"7/28/2026 9:15 AM","PN9614 PANEL MBLE","A","PANEL","355.6","2,438.4",,"2","2","0","0",,,"1","18",,"0","LxA{0}AyL AxL{0}LyA",,"62759","C","C","1","Frente"
"7/28/2026 9:14 AM","PN24 7/884 PANEL MBLE","A","PANEL","2,133.6","631.83",,"2","2","0","0",,,"1","18",,"0","LxA{0}AyL AxL{0}LyA",,"62758","C","C","1","Frente"
"7/28/2026 9:10 AM","TW24 1/213 1/224-PUSH MBLE SUP COC 1 PUERTA CARB2","H","BACKING","320.9","600.3",,"0","0","0","0",,,"0","6",,"0","LxA{-22}AyL AxL{-22}LyA",,"62757","F","X","1",
"7/28/2026 9:10 AM","TW24 1/213 1/224-PUSH MBLE SUP COC 1 PUERTA CARB2","G","DOOR","339.7","619.1",,"2","2","0","0",,,"1","18",,"0","LxA{-3,2}AyL AxL{-3,2}LyA",,"62756","C","C","1","Frente"
"7/28/2026 9:10 AM","TW24 1/213 1/224-PUSH MBLE SUP COC 1 PUERTA CARB2","F","RAIL TRASERO","586.3","80",,"0","0","2","0",,,"1","18",,"0","LxL{-36}LyL",,"62755","C","C","1","Caja"
"7/28/2026 9:10 AM","TW24 1/213 1/224-PUSH MBLE SUP COC 1 PUERTA CARB2","E","RAIL TRAS","586.3","80",,"0","0","2","0",,,"1","18",,"0","LxL{-36}LyL",,"62754","C","C","1","Caja"
"7/28/2026 9:10 AM","TW24 1/213 1/224-PUSH MBLE SUP COC 1 PUERTA CARB2","D","SIDE L - R20L","342.9","609.6",,"2","2","0","0",,,"1","18",,"0","LxA{0}AyL AxP{0}PyA",,"62753","C","C","1","Caja"
"7/28/2026 9:10 AM","TW24 1/213 1/224-PUSH MBLE SUP COC 1 PUERTA CARB2","C","SIDE R - R20L","342.9","609.6",,"2","2","0","0",,,"1","18",,"0","LxA{0}AyL AxP{0}PyA",,"62752","C","C","1","Caja"
"7/28/2026 9:10 AM","TW24 1/213 1/224-PUSH MBLE SUP COC 1 PUERTA CARB2","B","TAPA - R20L","586.3","609.6",,"2","0","0","0",,,"1","18",,"0","LxL{-36}LyL AxP{0}PyA",,"62751","C","C","1","Caja"
"7/28/2026 9:10 AM","TW24 1/213 1/224-PUSH MBLE SUP COC 1 PUERTA CARB2","A","BASE - R20L","586.3","609.6",,"2","0","0","0",,,"1","18",,"0","LxL{-36}LyL AxP{0}PyA",,"62750","C","C","1","Caja"
"7/28/2026 8:43 AM","PC2484 TK4 1/2-PUSH MBL ALACENA COC 2 PUERTAS 3 ENTREPAÑOS","O","BACKING","2,017.3","587.6",,,,,,,,"0","6",,"0","LxA{-116,3}AyL AxL{-22}LyA",,"62739","F","X","1",
"7/28/2026 8:43 AM","PC2484 TK4 1/2-PUSH MBL ALACENA COC 2 PUERTAS 3 ENTREPAÑOS","N","DOOR LOW","773.1","606.4",,"2","2",,,,,"1","18",,"0","LxA{-1360,5}AyL AxL{-3,2}LyA",,"62738","C","C","1","Frente"
"7/28/2026 8:43 AM","PC2484 TK4 1/2-PUSH MBL ALACENA COC 2 PUERTAS 3 ENTREPAÑOS","M","DOOR UP","1,239.8","606.4",,"2","2",,,,,"1","18",,"0"," AxL{-3,2}LyA",,"62737","C","C","1","Frente"
"7/28/2026 8:43 AM","PC2484 TK4 1/2-PUSH MBL ALACENA COC 2 PUERTAS 3 ENTREPAÑOS","K","SHELF3","572.6","570.5",,,,"2","2",,,"1","18",,"0","LxL{-37}LyL",,"62736","C","C","1","Caja"
"7/28/2026 8:43 AM","PC2484 TK4 1/2-PUSH MBL ALACENA COC 2 PUERTAS 3 ENTREPAÑOS","J","SHELF2","572.6","570.5",,,,"2","2",,,"1","18",,"0","LxL{-37}LyL",,"62735","C","C","1","Caja"
"7/28/2026 8:43 AM","PC2484 TK4 1/2-PUSH MBL ALACENA COC 2 PUERTAS 3 ENTREPAÑOS","I","SHELF1","572.6","570.5",,,,"2","2",,,"1","18",,"0","LxL{-37}LyL",,"62734","C","C","1","Caja"
"7/28/2026 8:43 AM","PC2484 TK4 1/2-PUSH MBL ALACENA COC 2 PUERTAS 3 ENTREPAÑOS","H","SHELF0","573.6","582.6",,,,"2",,,,"1","18",,"0","LxL{-36}LyL AxP{-27}PyA",,"62733","C","C","1","Caja"
"7/28/2026 8:43 AM","PC2484 TK4 1/2-PUSH MBL ALACENA COC 2 PUERTAS 3 ENTREPAÑOS","G","RAIL TRASERO","573.6","80",,,,"2",,,,"1","18",,"0","LxL{-36}LyL",,"62732","C","C","1","Caja"
"7/28/2026 8:43 AM","PC2484 TK4 1/2-PUSH MBL ALACENA COC 2 PUERTAS 3 ENTREPAÑOS","F","RAIL TRASERO","573.6","80",,,,"2",,,,"1","18",,"0","LxL{-36}LyL",,"62731","C","C","1","Caja"
"7/28/2026 8:43 AM","PC2484 TK4 1/2-PUSH MBL ALACENA COC 2 PUERTAS 3 ENTREPAÑOS","E","RAIL TRASERO","573.6","80",,"0",,"2",,,,"1","18",,"0","LxL{-36}LyL",,"62730","C","C","1","Caja"
"7/28/2026 8:43 AM","PC2484 TK4 1/2-PUSH MBL ALACENA COC 2 PUERTAS 3 ENTREPAÑOS","D","SIDE L R20L","2,019.3","609.6",,"2","2",,,,,"1","18",,"0","LxA{-114,3}AyL AxP{0}PyA",,"62729","C","C","1","Caja"
"7/28/2026 8:43 AM","PC2484 TK4 1/2-PUSH MBL ALACENA COC 2 PUERTAS 3 ENTREPAÑOS","C","SIDE R R20L","2,019.3","609.6",,"2","2",,,,,"1","18",,"0","LxA{-114,3}AyL AxP{0}PyA",,"62728","C","C","1","Caja"
"7/28/2026 8:43 AM","PC2484 TK4 1/2-PUSH MBL ALACENA COC 2 PUERTAS 3 ENTREPAÑOS","B","TAPA","573.6","582.6",,"2",,,,,,"1","18",,"0","LxL{-36}LyL AxP{-27}PyA",,"62727","C","C","1","Caja"
"7/28/2026 8:43 AM","PC2484 TK4 1/2-PUSH MBL ALACENA COC 2 PUERTAS 3 ENTREPAÑOS","A","BASE","573.6","582.6",,"2",,,,,,"1","18",,"0","LxL{-36}LyL AxP{-27}PyA",,"62726","C","C","1","Caja"
"7/23/2026 10:11 AM","PN12 3/436 5/8 PANEL MBLE","A","PANEL","930.28","323.85",,"2","2","0","0",,,"2","18",,"0","LxA{0}AyL AxP{0}PyA",,"62633","C","C","1","Frente"
"7/23/2026 10:07 AM","HRJ SBFD33-SMG-POD Expocamacol","D","FRENTE GAV SUP","772.2","115.4",,"0","0","2","2",,,"0.45","15",,"0","LxL{-66}LyL",,"62632","P","P","1","Caja"
"7/23/2026 10:07 AM","HRJ SBFD33-SMG-POD Expocamacol","C","TRAS GAV SUP","685.2","68",,"0","0","1","0",,,"0.45","15",,"0","LxL{-153}LyL",,"62631","P","P","1","Caja"
"7/23/2026 10:07 AM","HRJ SBFD33-SMG-POD Expocamacol","A","LISTON GAV SUP D2A","500","152.4",,"0","0","2","2",,,"1","18",,"0",,,"62630","P","P","1","Caja"
"7/23/2026 10:07 AM","HRJ SBFD33-SMG-POD Expocamacol","B","FONDO GAV SUP","697.2","492",,"0","0","1","0",,,"0.45","15",,"0","LxL{-141}LyL",,"62629","P","P","1","Caja"
"7/23/2026 9:44 AM","HRJ SBFD33-SMG Expocamacol","F","RAIL TRASERO","808.2","80",,"0","0","2","0",,,"0.45","15",,"0","LxL{-30}LyL",,"62620","P","P","1","Caja"
"7/23/2026 9:44 AM","HRJ SBFD33-SMG Expocamacol","E","RAIL TRASERO","808.2","80",,"0","0","2","0",,,"0.45","15",,"0","LxL{-30}LyL",,"62619","P","P","1","Caja"
"7/23/2026 9:44 AM","HRJ SBFD33-SMG Expocamacol","D","RAIL DELANTERO","808.2","80",,"2","0","0","0",,,"0.45","15",,"0","LxL{-30}LyL",,"62618","C","C","1","Frente"
"7/23/2026 9:44 AM","HRJ SBFD33-SMG Expocamacol","B","SIDE R - R20L","762","609.6",,"2","2","0","0",,,"0.45","15",,"0","LxA{0}AyL AxP{0}PyA",,"62617","B","C","1","Caja"
"7/23/2026 9:44 AM","HRJ SBFD33-SMG Expocamacol","A","BASE","808.2","585.6",,"2","0","0","0",,,"0.45","15",,"0","LxL{-30}LyL AxP{-24}PyA",,"62616","B","C","1","Caja"
"7/23/2026 9:44 AM","HRJ SBFD33-SMG Expocamacol","I","BACKING","760","822.2",,"0","0","0","0",,,"0","6",,"0","AxL{-16}LyA",,"62615","F","X","1",
"7/23/2026 9:44 AM","HRJ SBFD33-SMG Expocamacol","H","DOOR L","732","415.9",,"2","2","0","0",,,"1","18",,"0","LxA{-30}AyL AxL[0,496182]LyA",,"62614","C","C","1","Frente"
"7/23/2026 9:44 AM","HRJ SBFD33-SMG Expocamacol","G","DOOR R","732","415.9",,"2","2","0","0",,,"1","18",,"0","LxA{-30}AyL AxL[0,496182]LyA",,"62613","C","C","1","Frente"
"7/23/2026 9:44 AM","HRJ SBFD33-SMG Expocamacol","C","SIDE L - R20L","762","609.6",,"2","2","0","0",,,"0.45","15",,"0","LxA{0}AyL AxP{0}PyA",,"62612","B","C","1","Caja"
"7/23/2026 9:23 AM","HRJ DB22-2s-SMG Expocamacol","P","BACKING","760","542.8",,"0","0","0","0",,,"0","6",,"0","LxA{-2}AyL AxL{-16}LyA",,"62602","F","X","0",
"7/23/2026 9:23 AM","HRJ DB22-2s-SMG Expocamacol","O","FRENTE GAVETA INF","351","555.6",,"2","2","0","0",,,"1","18",,"0","AxL{-3,2}LyA",,"62601","C","C","0","Frente"
"7/23/2026 9:23 AM","HRJ DB22-2s-SMG Expocamacol","N","FRENTE GAVETA CENTRAL","173.9","555.6",,"2","2","0","0",,,"1","18",,"0","AxL{-3,2}LyA",,"62600","C","C","0","Frente"
"7/23/2026 9:23 AM","HRJ DB22-2s-SMG Expocamacol","M","FRENTE GAVETA SUP","173.9","555.6",,"2","2","0","0",,,"1","18",,"0","AxL{-3,2}LyA",,"62599","C","C","1","Frente"
"7/23/2026 9:23 AM","HRJ DB22-2s-SMG Expocamacol","L","TRASERO CAJON INF","441.8","183",,"0","0","1","2",,,"0.45","15",,"0","LxL{-117}LyL",,"62598","P","P","0","Caja"
"7/23/2026 9:23 AM","HRJ DB22-2s-SMG Expocamacol","K","TRASERO CAJON CENTRAL","441.8","68",,"0","0","1","0",,,"0.45","15",,"0","LxL{-117}LyL",,"62597","P","P","0","Caja"
"7/23/2026 9:23 AM","HRJ DB22-2s-SMG Expocamacol","J","TRASERO CAJON SUP","441.8","68",,"0","0","1","0",,,"0.45","15",,"0","LxL{-117}LyL",,"62596","P","P","1","Caja"
"7/23/2026 9:23 AM","HRJ DB22-2s-SMG Expocamacol","I","FONDO GAVETA INF","453.8","492",,"0","0","2","0",,,"0.45","15",,"0","LxL{-105}LyL",,"62595","P","P","1","Caja"
"7/23/2026 9:22 AM","HRJ DB22-2s-SMG Expocamacol","H","FONDO GAVETA CENTRAL","453.8","492",,"0","0","2","0",,,"0.45","15",,"0","LxL{-105}LyL",,"62594","P","P","0","Caja"
"7/23/2026 9:22 AM","HRJ DB22-2s-SMG Expocamacol","G","FONDO GAVETA SUP","453.8","492",,"0","0","2","0",,,"0.45","15",,"0","LxL{-105}LyL",,"62593","P","P","1","Caja"
"7/23/2026 9:22 AM","HRJ DB22-2s-SMG Expocamacol","F","RAIL TRASERO","528.8","80",,"0","0","2","0",,,"0.45","15",,"0","LxL{-30}LyL",,"62592","P","P","1","Caja"
"7/23/2026 9:22 AM","HRJ DB22-2s-SMG Expocamacol","E","RAIL TRASERO","528.8","80",,"0","0","2","0",,,"0.45","15",,"0","LxL{-30}LyL",,"62591","P","P","1","Caja"
"7/23/2026 9:22 AM","HRJ DB22-2s-SMG Expocamacol","D","RAIL DELANTERO","528.8","80",,"2","0","0","0",,,"0.45","15",,"0","LxL{-30}LyL",,"62590","B","C","1","Caja"
"7/23/2026 9:22 AM","HRJ DB22-2s-SMG Expocamacol","C","SIDE L - R20L","762","609.6",,"2","2","0","0",,,"0.45","15",,"0","LxA{0}AyL AxP{0}PyA",,"62589","B","C","1","Caja"
"7/23/2026 9:22 AM","HRJ DB22-2s-SMG Expocamacol","B","SIDE R - R20L","762","609.6",,"2","2","0","0",,,"0.45","15",,"0","LxA{0}AyL AxP{0}PyA",,"62588","B","C","1","Caja"
"7/23/2026 9:22 AM","HRJ DB22-2s-SMG Expocamacol","A","BASE","528.8","585.6",,"2","0","0","0",,,"0.45","15",,"0","LxL{-30}LyL AxP{-24}PyA",,"62587","B","C","1","Caja"
"7/22/2026 4:09 PM","HRJ W2236 SM Expocamacol","J","BACKING","898.4","542.8",,"0","0","0","0",,,"0","6",,"0","LxA{-16}AyL AxL{-16}LyA",,"62577","F","X","1",
"7/22/2026 4:09 PM","HRJ W2236 SM Expocamacol","I","DOOR ","930.25","555.6",,"2","2","0","0",,,"1","18",,"0","LxA{+15,85}AyL AxL{-3,2}LyA",,"62576","C","C","1","Frente"
"7/22/2026 4:09 PM","HRJ W2236 SM Expocamacol","H","SHELF 2","527.8","266.7",,"0","0","2","2",,,"0.45","15",,"0","LxL{-31}LyL AxP{-38,1}PyA",,"62575","P","P","1","Caja"
"7/22/2026 4:09 PM","HRJ W2236 SM Expocamacol","G","SHELF 1","527.8","266.7",,"0","0","2","2",,,"0.45","15",,"0","LxL{-31}LyL AxP{-38,1}PyA",,"62574","P","P","1","Caja"
"7/22/2026 4:09 PM","HRJ W2236 SM Expocamacol","F","RAIL TRASERO","528.8","80",,"0","0","2","0",,,"0.45","15",,"0","LxL{-30}LyL",,"62573","P","P","1","Caja"
"7/22/2026 4:09 PM","HRJ W2236 SM Expocamacol","E","RAIL TRASERO","528.8","80",,"0","0","2","0",,,"0.45","15",,"0","LxL{-30}LyL",,"62572","P","P","1","Caja"
"7/22/2026 4:09 PM","HRJ W2236 SM Expocamacol","D","SIDE L - R16L","914.4","304.8",,"2","2","0","0",,,"0.45","15",,"0","LxA{0}AyL AxP{0}PyA",,"62571","B","C","1","Caja"
"7/22/2026 4:09 PM","HRJ W2236 SM Expocamacol","C","SIDE R - R16L","914.4","304.8",,"2","2","0","0",,,"0.45","15",,"0","LxA{0}AyL AxP{0}PyA",,"62570","B","C","1","Caja"
"7/22/2026 4:09 PM","HRJ W2236 SM Expocamacol","B","TAPA - R16L","528.8","304.8",,"2","0","0","0",,,"0.45","15",,"0","LxL{-30}LyL AxP{0}PyA",,"62569","B","C","1","Caja"
"7/22/2026 4:09 PM","HRJ W2236 SM Expocamacol","A","BASE - R16L","528.8","304.8",,"2","0","0","0",,,"0.45","15",,"0","LxL{-30}LyL AxP{0}PyA",,"62568","B","C","1","Caja"
"7/22/2026 3:43 PM","HRJ BFD16 SMG Expocamacol","I","BACKING","760","390.4",,"0","0","0","0",,,"0","6",,"0","LxA{-2}AyL AxL{-16}LyA",,"62560","F","X","1",
"7/22/2026 3:43 PM","HRJ BFD16 SMG Expocamacol","H","DOOR R","732","403.2",,"2","2","0","0",,,"1","18",,"0","LxA{-30}AyL AxL{-3,2}LyA",,"62559","C","C","1","Frente"
"7/22/2026 3:43 PM","HRJ BFD16 SMG Expocamacol","G","SHLEF","375.4","558.8",,"0","0","2","2",,,"0.45","15",,"0","LxL{-31}LyL",,"62558","P","P","1","Caja"
"7/22/2026 3:43 PM","HRJ BFD16 SMG Expocamacol","F","RAIL TRASERO","376.4","80",,"0","0","2","0",,,"0.45","15",,"0","LxL{-30}LyL",,"62557","P","P","1","Caja"
"7/22/2026 3:43 PM","HRJ BFD16 SMG Expocamacol","E","RAIL TRASERO","376.4","80",,"0","0","2","0",,,"0.45","15",,"0","LxL{-30}LyL",,"62556","P","P","1","Caja"
"7/22/2026 3:43 PM","HRJ BFD16 SMG Expocamacol","D","RAIL DELANTERO","376.4","80",,"2","0","0","0",,,"0.45","15",,"0","LxL{-30}LyL","ENCHAPE COLOR","62555","P","C","1","Caja"
"7/22/2026 3:43 PM","HRJ BFD16 SMG Expocamacol","C","SIDE L - R17L762","762","609.6",,"2","2","0","0",,,"0.45","15",,"0","LxA{0}AyL AxP{0}PyA",,"62554","B","C","1","Caja"
"7/22/2026 3:43 PM","HRJ BFD16 SMG Expocamacol","B","SIDE R - R17L762","762","609.6",,"2","2","0","0",,,"0.45","15",,"0","LxA{0}AyL AxP{0}PyA",,"62553","B","C","1","Caja"
"7/22/2026 3:43 PM","HRJ BFD16 SMG Expocamacol","A","BASE","376.4","585.6",,"2","0","0","0",,,"0.45","15",,"0","LxL{-30}LyL AxP{-24}PyA",,"62552","B","C","1","Caja"
"7/22/2026 3:38 PM","HRJ DB22-2 SMG Expocamacol","M","BACKING","760","542.8",,"0","0","0","0",,,"0","6",,"0","LxA{-2}AyL AxL{-16}LyA",,"62551","F","X","1",
"7/22/2026 3:38 PM","HRJ DB22-2 SMG Expocamacol","L","FRENTE GAVETA INF","351","555.6",,"2","2","0","0",,,"1","18",,"0","AxL{-3,2}LyA",,"62550","C","C","1","Frente"
"7/22/2026 3:37 PM","HRJ DB22-2 SMG Expocamacol","K","FRENTE GAVETA SUP","351","555.6",,"2","2","0","0",,,"1","18",,"0","AxL{-3,2}LyA",,"62549","C","C","1","Frente"
"7/22/2026 3:37 PM","HRJ DB22-2 SMG Expocamacol","J","TRASERO CAJON INF","441.8","183",,"0","0","1","2",,,"0.45","15",,"0","LxL{-117}LyL",,"62548","P","P","1","Caja"
"7/22/2026 3:37 PM","HRJ DB22-2 SMG Expocamacol","I","TRASERO CAJON SUP","441.8","183",,"0","0","1","2",,,"0.45","15",,"0","LxL{-117}LyL",,"62547","P","P","1","Caja"
"7/22/2026 3:37 PM","HRJ DB22-2 SMG Expocamacol","H","FONDO GAVETA INF","453.8","492",,"0","0","2","0",,,"0.45","15",,"0","LxL{-105}LyL",,"62546","P","P","1","Caja"
"7/22/2026 3:37 PM","HRJ DB22-2 SMG Expocamacol","G","FONDO GAVETA SUP","453.8","492",,"0","0","2","0",,,"0.45","15",,"0","LxL{-105}LyL",,"62545","P","P","1","Caja"
"7/22/2026 3:37 PM","HRJ DB22-2 SMG Expocamacol","F","RAIL TRASERO","528.8","80",,"0","0","2","0",,,"0.45","15",,"0","LxL{-30}LyL",,"62544","P","P","1","Caja"
"7/22/2026 3:37 PM","HRJ DB22-2 SMG Expocamacol","E","RAIL TRASERO","528.8","80",,"0","0","2","0",,,"0.45","15",,"0","LxL{-30}LyL",,"62543","P","P","1","Caja"
"7/22/2026 3:37 PM","HRJ DB22-2 SMG Expocamacol","D","RAIL DELANTERO","528.8","80",,"2","0","0","0",,,"0.45","15",,"0","LxL{-30}LyL",,"62542","B","C","1","Caja"
"7/22/2026 3:37 PM","HRJ DB22-2 SMG Expocamacol","C","SIDE L - R20L","762","609.6",,"2","2","0","0",,,"0.45","15",,"0","LxA{0}AyL AxP{0}PyA",,"62541","B","C","1","Caja"
"7/22/2026 3:37 PM","HRJ DB22-2 SMG Expocamacol","B","SIDE R - R20L","762","609.6",,"2","2","0","0",,,"0.45","15",,"0","LxA{0}AyL AxP{0}PyA",,"62540","B","C","1","Caja"
"7/22/2026 3:37 PM","HRJ DB22-2 SMG Expocamacol","A","BASE","528.8","585.6",,"2","0","0","0",,,"0.45","15",,"0","LxL{-30}LyL AxP{-24}PyA",,"62539","B","C","1","Caja"
"7/22/2026 2:50 PM","HRJ DB22-2 SMG MBLE INF COC 3 GAVETAS 2 PEQUEÑAS","M","BACKING","760","542.8",,"0","0","0","0",,,"0","6",,"0","LxA{-2}AyL AxL{-16}LyA",,"62538","F","X","1",
"7/22/2026 2:50 PM","HRJ DB22-2 SMG MBLE INF COC 3 GAVETAS 2 PEQUEÑAS","L","FRENTE GAVETA INF","351","555.6",,"2","2","0","0",,,"1","18",,"0","AxL{-3,2}LyA",,"62537","C","C","1","Frente"
"7/22/2026 2:50 PM","HRJ DB22-2 SMG MBLE INF COC 3 GAVETAS 2 PEQUEÑAS","K","FRENTE GAVETA SUP","351","555.6",,"2","2","0","0",,,"1","18",,"0","AxL{-3,2}LyA",,"62536","C","C","1","Frente"
"7/22/2026 2:50 PM","HRJ DB22-2 SMG MBLE INF COC 3 GAVETAS 2 PEQUEÑAS","J","TRASERO CAJON INF","441.8","183",,"0","0","1","2",,,"0.45","15",,"0","LxL{-117}LyL",,"62535","P","P","1","Caja"
"7/22/2026 2:50 PM","HRJ DB22-2 SMG MBLE INF COC 3 GAVETAS 2 PEQUEÑAS","I","TRASERO CAJON SUP","441.8","183",,"0","0","1","2",,,"0.45","15",,"0","LxL{-117}LyL",,"62534","P","P","1","Caja"
"7/22/2026 2:50 PM","HRJ DB22-2 SMG MBLE INF COC 3 GAVETAS 2 PEQUEÑAS","H","FONDO GAVETA INF","453.8","492",,"0","0","2","0",,,"0.45","15",,"0","LxL{-105}LyL",,"62533","P","P","1","Caja"
"7/22/2026 2:50 PM","HRJ DB22-2 SMG MBLE INF COC 3 GAVETAS 2 PEQUEÑAS","G","FONDO GAVETA SUP","453.8","492",,"0","0","2","0",,,"0.45","15",,"0","LxL{-105}LyL",,"62532","P","P","1","Caja"
"7/22/2026 2:50 PM","HRJ DB22-2 SMG MBLE INF COC 3 GAVETAS 2 PEQUEÑAS","F","RAIL TRASERO","528.8","80",,"0","0","2","0",,,"0.45","15",,"0","LxL{-30}LyL",,"62531","P","P","1","Caja"
"7/22/2026 2:49 PM","HRJ DB22-2 SMG MBLE INF COC 3 GAVETAS 2 PEQUEÑAS","E","RAIL TRASERO","528.8","80",,"0","0","2","0",,,"0.45","15",,"0","LxL{-30}LyL",,"62530","P","P","1","Caja"
"7/22/2026 2:49 PM","HRJ DB22-2 SMG MBLE INF COC 3 GAVETAS 2 PEQUEÑAS","D","RAIL DELANTERO","528.8","80",,"2","0","0","0",,,"0.45","15",,"0","LxL{-30}LyL",,"62529","B","C","1","Caja"
"7/22/2026 2:49 PM","HRJ DB22-2 SMG MBLE INF COC 3 GAVETAS 2 PEQUEÑAS","C","SIDE L - R20L","762","609.6",,"2","2","0","0",,,"0.45","15",,"0","LxA{0}AyL AxP{0}PyA",,"62528","B","C","1","Caja"
"7/22/2026 2:49 PM","HRJ DB22-2 SMG MBLE INF COC 3 GAVETAS 2 PEQUEÑAS","B","SIDE R - R20L","762","609.6",,"2","2","0","0",,,"0.45","15",,"0","LxA{0}AyL AxP{0}PyA",,"62527","B","C","1","Caja"
"7/22/2026 2:49 PM","HRJ DB22-2 SMG MBLE INF COC 3 GAVETAS 2 PEQUEÑAS","A","BASE","528.8","585.6",,"2","0","0","0",,,"0.45","15",,"0","LxL{-30}LyL AxP{-24}PyA",,"62526","B","C","1","Caja"
"7/15/2026 10:12 AM","KF-W2836-L KIT FRENTE MBLE","I","DOOR L","930.25","352.4",,"2","2","0","0",,,"1","18",,"0","LxA{+15,85}AyL AxL[0,495500]LyA",,"62495","C","C","1","Frente"
"7/15/2026 10:11 AM","BK-PC2196-L TK4 3/4-SMG18 FONDO MBLE","O","BACKING","2,297.75","511.4",,,,,,,,"0","6",,"0","LxA{-140,65}AyL AxL{-22}LyA",,"62494","F","X","1",
"7/15/2026 10:06 AM","KF-W2836-R KIT FRENTE MBLE","I","DOOR R","930.25","352.4",,"2","2","0","0",,,"1","18",,"0","LxA{+15,85}AyL AxL[0,495500]LyA",,"62492","C","C","1","Frente"
"7/10/2026 3:16 PM","HRJ WSM92514-18MM MBLE SUP COC 1 PUERTA 2 ENTREPAÑOS","J","BACKING","587.6","206.6",,"0","0","0","0",,,"0","6",,"0","LxA{-47,4}AyL AxL{-22}LyA",,"62491","F","X","1",
"7/10/2026 3:16 PM","HRJ WSM92514-18MM MBLE SUP COC 1 PUERTA 2 ENTREPAÑOS","I","DOOR ","635","225.4",,"2","2","0","0",,,"1","18",,"0","LxA{0}AyL AxL{-3,2}LyA",,"62490","C","C","1","Frente"
"7/10/2026 3:16 PM","HRJ WSM92514-18MM MBLE SUP COC 1 PUERTA 2 ENTREPAÑOS","H","SHELF 2","191.6","311.5",,"0","0","2","2",,,"1","18",,"0","LxL{-37}LyL",,"62489","B","C","1","Caja"
"7/10/2026 3:16 PM","HRJ WSM92514-18MM MBLE SUP COC 1 PUERTA 2 ENTREPAÑOS","G","SHELF 1","191.6","311.5",,"0","0","2","2",,,"1","18",,"0","LxL{-37}LyL",,"62488","B","C","1","Caja"
"7/10/2026 3:16 PM","HRJ WSM92514-18MM MBLE SUP COC 1 PUERTA 2 ENTREPAÑOS","F","RAIL TRASERO","192.6","80",,"0","0","2","0",,,"1","18",,"0","LxL{-36}LyL",,"62487","B","C","1","Caja"
"7/10/2026 3:16 PM","HRJ WSM92514-18MM MBLE SUP COC 1 PUERTA 2 ENTREPAÑOS","E","RAIL TRASERO","192.6","80",,"0","0","2","0",,,"1","18",,"0","LxL{-36}LyL",,"62486","B","C","1","Caja"
"7/10/2026 3:16 PM","HRJ WSM92514-18MM MBLE SUP COC 1 PUERTA 2 ENTREPAÑOS","D","SIDE L - R19L","609.6","355.6",,"2","2","0","0",,,"1","18",,"0","LxA{-25,4}AyL AxP{0}PyA",,"62485","B","C","1","Caja"
"7/10/2026 3:16 PM","HRJ WSM92514-18MM MBLE SUP COC 1 PUERTA 2 ENTREPAÑOS","C","SIDE R - R19L","609.6","355.6",,"2","2","0","0",,,"1","18",,"0","LxA{-25,4}AyL AxP{0}PyA",,"62484","B","C","1","Caja"
"7/10/2026 3:16 PM","HRJ WSM92514-18MM MBLE SUP COC 1 PUERTA 2 ENTREPAÑOS","B","TAPA - R19L","192.6","355.6",,"2","2","0","0",,,"1","18",,"0","LxL{-36}LyL AxP{0}PyA",,"62483","B","C","1","Caja"
"7/10/2026 3:16 PM","HRJ WSM92514-18MM MBLE SUP COC 1 PUERTA 2 ENTREPAÑOS","A","BASE - R19L","192.6","355.6",,"2","2","0","0",,,"1","18",,"0","LxL{-36}LyL AxP{0}PyA",,"62482","B","C","1","Caja"
"7/10/2026 3:11 PM","HRJ WSM93614-18MM MBLE SUP COC 1 PUERTA 2 ENTREPAÑOS","J","BACKING","867","206.6",,"0","0","0","0",,,"0","6",,"0","LxA{-47,4}AyL AxL{-22}LyA",,"62481","F","X","1",
"7/10/2026 3:11 PM","HRJ WSM93614-18MM MBLE SUP COC 1 PUERTA 2 ENTREPAÑOS","I","DOOR ","914.4","225.4",,"2","2","0","0",,,"1","18",,"0","LxA{0}AyL AxL{-3,2}LyA",,"62480","C","C","1","Frente"
"7/10/2026 3:11 PM","HRJ WSM93614-18MM MBLE SUP COC 1 PUERTA 2 ENTREPAÑOS","H","SHELF 2","191.6","311.5",,"0","0","2","2",,,"1","18",,"0","LxL{-37}LyL",,"62479","B","C","1","Caja"
"7/10/2026 3:11 PM","HRJ WSM93614-18MM MBLE SUP COC 1 PUERTA 2 ENTREPAÑOS","G","SHELF 1","191.6","311.5",,"0","0","2","2",,,"1","18",,"0","LxL{-37}LyL",,"62478","B","C","1","Caja"
"7/10/2026 3:11 PM","HRJ WSM93614-18MM MBLE SUP COC 1 PUERTA 2 ENTREPAÑOS","F","RAIL TRASERO","192.6","80",,"0","0","2","0",,,"1","18",,"0","LxL{-36}LyL",,"62477","B","C","1","Caja"
"7/10/2026 3:11 PM","HRJ WSM93614-18MM MBLE SUP COC 1 PUERTA 2 ENTREPAÑOS","E","RAIL TRASERO","192.6","80",,"0","0","2","0",,,"1","18",,"0","LxL{-36}LyL",,"62476","B","C","1","Caja"
"7/10/2026 3:11 PM","HRJ WSM93614-18MM MBLE SUP COC 1 PUERTA 2 ENTREPAÑOS","D","SIDE L - R19L","889","355.6",,"2","2","0","0",,,"1","18",,"0","LxA{-25,4}AyL AxP{0}PyA",,"62475","B","C","1","Caja"
"7/10/2026 3:11 PM","HRJ WSM93614-18MM MBLE SUP COC 1 PUERTA 2 ENTREPAÑOS","C","SIDE R - R19L","889","355.6",,"2","2","0","0",,,"1","18",,"0","LxA{-25,4}AyL AxP{0}PyA",,"62474","B","C","1","Caja"
"7/10/2026 3:11 PM","HRJ WSM93614-18MM MBLE SUP COC 1 PUERTA 2 ENTREPAÑOS","B","TAPA - R19L","192.6","355.6",,"2","2","0","0",,,"1","18",,"0","LxL{-36}LyL AxP{0}PyA",,"62473","B","C","1","Caja"
"7/10/2026 3:11 PM","HRJ WSM93614-18MM MBLE SUP COC 1 PUERTA 2 ENTREPAÑOS","A","BASE - R19L","192.6","355.6",,"2","2","0","0",,,"1","18",,"0","LxL{-36}LyL AxP{0}PyA",,"62472","B","C","1","Caja"
"7/10/2026 2:49 PM","HRJ WSM242514-1P-18MM MBLE SUP COC 1 PUERTA 2 ENTREPAÑOS","J","BACKING","587.6","587.6",,"0","0","0","0",,,"0","6",,"0","LxA{-47,4}AyL AxL{-22}LyA",,"62463","F","X","1",
"7/10/2026 2:49 PM","HRJ WSM242514-1P-18MM MBLE SUP COC 1 PUERTA 2 ENTREPAÑOS","I","DOOR ","635","606.4",,"2","2","0","0",,,"1","18",,"0","LxA{0}AyL AxL{-3,2}LyA",,"62462","C","C","1","Frente"
"7/10/2026 2:49 PM","HRJ WSM242514-1P-18MM MBLE SUP COC 1 PUERTA 2 ENTREPAÑOS","H","SHELF 2","572.6","311.5",,"0","0","2","2",,,"1","18",,"0","LxL{-37}LyL",,"62461","B","C","1","Caja"
"7/10/2026 2:49 PM","HRJ WSM242514-1P-18MM MBLE SUP COC 1 PUERTA 2 ENTREPAÑOS","G","SHELF 1","572.6","311.5",,"0","0","2","2",,,"1","18",,"0","LxL{-37}LyL",,"62460","B","C","1","Caja"
"7/10/2026 2:49 PM","HRJ WSM242514-1P-18MM MBLE SUP COC 1 PUERTA 2 ENTREPAÑOS","F","RAIL TRASERO","573.6","80",,"0","0","2","0",,,"1","18",,"0","LxL{-36}LyL",,"62459","B","C","1","Caja"
"7/10/2026 2:49 PM","HRJ WSM242514-1P-18MM MBLE SUP COC 1 PUERTA 2 ENTREPAÑOS","E","RAIL TRASERO","573.6","80",,"0","0","2","0",,,"1","18",,"0","LxL{-36}LyL",,"62458","B","C","1","Caja"
"7/10/2026 2:49 PM","HRJ WSM242514-1P-18MM MBLE SUP COC 1 PUERTA 2 ENTREPAÑOS","D","SIDE L - R19L","609.6","355.6",,"2","2","0","0",,,"1","18",,"0","LxA{-25,4}AyL AxP{0}PyA",,"62457","B","C","1","Caja"
"7/10/2026 2:49 PM","HRJ WSM242514-1P-18MM MBLE SUP COC 1 PUERTA 2 ENTREPAÑOS","C","SIDE R - R19L","609.6","355.6",,"2","2","0","0",,,"1","18",,"0","LxA{-25,4}AyL AxP{0}PyA",,"62456","B","C","1","Caja"
"7/10/2026 2:49 PM","HRJ WSM242514-1P-18MM MBLE SUP COC 1 PUERTA 2 ENTREPAÑOS","B","TAPA - R19L","573.6","355.6",,"2","2","0","0",,,"1","18",,"0","LxL{-36}LyL AxP{0}PyA",,"62455","B","C","1","Caja"
"7/10/2026 2:49 PM","HRJ WSM242514-1P-18MM MBLE SUP COC 1 PUERTA 2 ENTREPAÑOS","A","BASE - R19L","573.6","355.6",,"2","2","0","0",,,"1","18",,"0","LxL{-36}LyL AxP{0}PyA",,"62454","B","C","1","Caja"
"7/10/2026 2:37 PM","HRJ WSM32 7/82424-PUSH-18MM MBLE SUP COC 2PUERTAS","E","SHELF","798.03","574.5",,"2","2",,,,,"1","18",,"0","LxL{-37}LyL",,"62433","B","P","1","Caja"
"7/10/2026 2:37 PM","HRJ WSM32 7/82424-PUSH-18MM MBLE SUP COC 2PUERTAS","I","DOOR","606.4","414.31",,"2","2",,,,,"1","18",,"0","LxA{-3,2}AyL AxL[0,49617]LyA",,"62432","C","C","1","Frente"
"7/10/2026 2:37 PM","HRJ WSM32 7/82424-PUSH-18MM MBLE SUP COC 2PUERTAS","J","BACKING","587.6","813.03",,"0","0","0","0",,,"0","6",,"0","LxA{-22}AyL AxL{-22}LyA",,"62431","F","X","1",
"7/10/2026 2:37 PM","HRJ WSM32 7/82424-PUSH-18MM MBLE SUP COC 2PUERTAS","H","DOOR ","606.4","414.31",,"2","2","0","0",,,"1","18",,"0","LxA{-3,2}AyL AxL[0,49617]LyA",,"62430","C","C","1","Frente"
"7/10/2026 2:37 PM","HRJ WSM32 7/82424-PUSH-18MM MBLE SUP COC 2PUERTAS","G","RAIL TRASERO","799.03","80",,"0","0","2","0",,,"1","18",,"0","LxL{-36}LyL",,"62429","B","P","1","Caja"
"7/10/2026 2:37 PM","HRJ WSM32 7/82424-PUSH-18MM MBLE SUP COC 2PUERTAS","F","RAIL TRASERO","799.03","80",,"0","0","2","0",,,"1","18",,"0","LxL{-36}LyL",,"62428","B","P","1","Caja"
"7/10/2026 2:37 PM","HRJ WSM32 7/82424-PUSH-18MM MBLE SUP COC 2PUERTAS","D","SIDE L - R19L","609.6","609.6",,"2","2","0","0",,,"1","18",,"0","LxA{0}AyL AxP{0}PyA",,"62427","B","P","1","Caja"
"7/10/2026 2:37 PM","HRJ WSM32 7/82424-PUSH-18MM MBLE SUP COC 2PUERTAS","C","SIDE R - R19L","609.6","609.6",,"2","2","0","0",,,"1","18",,"0","LxA{0}AyL AxP{0}PyA",,"62426","B","P","1","Caja"
"7/10/2026 2:37 PM","HRJ WSM32 7/82424-PUSH-18MM MBLE SUP COC 2PUERTAS","B","TAPA - R19L","799.03","609.6",,"2","2","0","0",,,"1","18",,"0","LxL{-36}LyL AxP{0}PyA",,"62425","B","P","1","Caja"
"7/10/2026 2:37 PM","HRJ WSM32 7/82424-PUSH-18MM MBLE SUP COC 2PUERTAS","A","BASE - R19L","799.03","609.6",,"2","2","0","0",,,"1","18",,"0","LxL{-36}LyL AxP{0}PyA",,"62424","B","P","1","Caja"
"7/10/2026 2:32 PM","HRJ WSM303614-18MM MBLE SUP COC 2 PUERTA 2 ENTREPAÑOS","J","DOOR","914.4","377.8",,"2","2",,,,,"1","18",,"0","LxA{0}AyL AxL[0,4958]LyA",,"62423","C","C","1",
"7/10/2026 2:32 PM","HRJ WSM303614-18MM MBLE SUP COC 2 PUERTA 2 ENTREPAÑOS","K","BACKING","867","740",,"0","0","0","0",,,"0","6",,"0","LxA{-47,4}AyL AxL{-22}LyA",,"62422","F","X","1",
"7/10/2026 2:32 PM","HRJ WSM303614-18MM MBLE SUP COC 2 PUERTA 2 ENTREPAÑOS","I","DOOR ","914.4","377.8",,"2","2","0","0",,,"1","18",,"0","LxA{0}AyL AxL[0,4958]LyA",,"62421","C","C","1","Frente"
"7/10/2026 2:32 PM","HRJ WSM303614-18MM MBLE SUP COC 2 PUERTA 2 ENTREPAÑOS","H","SHELF 2","725","311.5",,"0","0","2","2",,,"1","18",,"0","LxL{-37}LyL",,"62420","B","C","1","Caja"
"7/10/2026 2:32 PM","HRJ WSM303614-18MM MBLE SUP COC 2 PUERTA 2 ENTREPAÑOS","G","SHELF 1","725","311.5",,"0","0","2","2",,,"1","18",,"0","LxL{-37}LyL",,"62419","B","C","1","Caja"
"7/10/2026 2:32 PM","HRJ WSM303614-18MM MBLE SUP COC 2 PUERTA 2 ENTREPAÑOS","F","RAIL TRASERO","726","80",,"0","0","2","0",,,"1","18",,"0","LxL{-36}LyL",,"62418","B","C","1","Caja"
"7/10/2026 2:32 PM","HRJ WSM303614-18MM MBLE SUP COC 2 PUERTA 2 ENTREPAÑOS","E","RAIL TRASERO","726","80",,"0","0","2","0",,,"1","18",,"0","LxL{-36}LyL",,"62417","B","C","1","Caja"
"7/10/2026 2:32 PM","HRJ WSM303614-18MM MBLE SUP COC 2 PUERTA 2 ENTREPAÑOS","D","SIDE L - R19L","889","355.6",,"2","2","0","0",,,"1","18",,"0","LxA{-25,4}AyL AxP{0}PyA",,"62416","B","C","1","Caja"
"7/10/2026 2:32 PM","HRJ WSM303614-18MM MBLE SUP COC 2 PUERTA 2 ENTREPAÑOS","C","SIDE R - R19L","889","355.6",,"2","2","0","0",,,"1","18",,"0","LxA{-25,4}AyL AxP{0}PyA",,"62415","B","C","1","Caja"
"7/10/2026 2:32 PM","HRJ WSM303614-18MM MBLE SUP COC 2 PUERTA 2 ENTREPAÑOS","B","TAPA - R19L","726","355.6",,"2","2","0","0",,,"1","18",,"0","LxL{-36}LyL AxP{0}PyA",,"62414","B","C","1","Caja"
"7/10/2026 2:32 PM","HRJ WSM303614-18MM MBLE SUP COC 2 PUERTA 2 ENTREPAÑOS","A","BASE - R19L","726","355.6",,"2","2","0","0",,,"1","18",,"0","LxL{-36}LyL AxP{0}PyA",,"62413","B","C","1","Caja"
"7/10/2026 2:27 PM","HRJ WSM3019 1/214-PUSH-18MM MBLE SUP COC 2PUERTAS 1 ENTREPAÑO","G","SHELF","725","320.5",,"0","0","2","2",,,"1","18",,"0","LxL{-37}LyL","P","62412","P","P","1","Caja"
"7/10/2026 2:27 PM","HRJ WSM3019 1/214-PUSH-18MM MBLE SUP COC 2PUERTAS 1 ENTREPAÑO","J","DOOR","492.1","377.8",,"2","2",,,,,"1","18",,"0","LxA{-3,2}AyL AxL[0,495800]LyA",,"62411","C","C","1","Frente"
"7/10/2026 2:27 PM","HRJ WSM3019 1/214-PUSH-18MM MBLE SUP COC 2PUERTAS 1 ENTREPAÑO","K","BACKING","473.3","740",,"0","0","0","0",,,"0","6",,"0","LxA{-22}AyL AxL{-22}LyA",,"62410","F","X","1",
"7/10/2026 2:27 PM","HRJ WSM3019 1/214-PUSH-18MM MBLE SUP COC 2PUERTAS 1 ENTREPAÑO","I","DOOR ","492.1","377.8",,"2","2","0","0",,,"1","18",,"0","LxA{-3,2}AyL AxL[0,495800]LyA",,"62409","C","C","1","Frente"
"7/10/2026 2:27 PM","HRJ WSM3019 1/214-PUSH-18MM MBLE SUP COC 2PUERTAS 1 ENTREPAÑO","F","RAIL TRASERO","726","80",,"0","0","2","0",,,"1","18",,"0","LxL{-36}LyL",,"62408","B","C","1","Caja"
"7/10/2026 2:27 PM","HRJ WSM3019 1/214-PUSH-18MM MBLE SUP COC 2PUERTAS 1 ENTREPAÑO","E","RAIL TRASERO","726","80",,"0","0","2","0",,,"1","18",,"0","LxL{-36}LyL",,"62407","B","C","1","Caja"
"7/10/2026 2:27 PM","HRJ WSM3019 1/214-PUSH-18MM MBLE SUP COC 2PUERTAS 1 ENTREPAÑO","D","SIDE L - R19L","495.3","355.6",,"2","2","0","0",,,"1","18",,"0","LxA{0}AyL AxP{0}PyA",,"62406","B","C","1","Caja"
"7/10/2026 2:27 PM","HRJ WSM3019 1/214-PUSH-18MM MBLE SUP COC 2PUERTAS 1 ENTREPAÑO","C","SIDE R - R19L","495.3","355.6",,"2","2","0","0",,,"1","18",,"0","LxA{0}AyL AxP{0}PyA",,"62405","B","C","1","Caja"
"7/10/2026 2:27 PM","HRJ WSM3019 1/214-PUSH-18MM MBLE SUP COC 2PUERTAS 1 ENTREPAÑO","B","TAPA - R19L","726","355.6",,"2","2","0","0",,,"1","18",,"0","LxL{-36}LyL AxP{0}PyA",,"62404","B","C","1","Caja"
"7/10/2026 2:27 PM","HRJ WSM3019 1/214-PUSH-18MM MBLE SUP COC 2PUERTAS 1 ENTREPAÑO","A","BASE - R19L","726","355.6",,"2","2","0","0",,,"1","18",,"0","LxL{-36}LyL AxP{0}PyA",,"62403","B","C","1","Caja"
"7/10/2026 2:23 PM","HRJ WSM308 1/214-PUSH-18MM MBLE SUP COC 1PUERTA","K","BACKING","193.9","740",,"0","0","0","0",,,"0","6",,"0","LxA{-22}AyL AxL{-22}LyA",,"62402","F","X","1",
"7/10/2026 2:23 PM","HRJ WSM308 1/214-PUSH-18MM MBLE SUP COC 1PUERTA","I","DOOR ","212.7","758.8",,"2","2","0","0",,,"1","18",,"0","LxA{-3,2}AyL AxL{-3,2}LyA",,"62401","C","C","1","Frente"
"7/10/2026 2:23 PM","HRJ WSM308 1/214-PUSH-18MM MBLE SUP COC 1PUERTA","F","RAIL TRASERO","726","80",,"0","0","2","0",,,"1","18",,"0","LxL{-36}LyL",,"62400","B","C","1","Caja"
"7/10/2026 2:22 PM","HRJ WSM308 1/214-PUSH-18MM MBLE SUP COC 1PUERTA","E","RAIL TRASERO","726","80",,"0","0","2","0",,,"1","18",,"0","LxL{-36}LyL",,"62399","B","C","1","Caja"
"7/10/2026 2:22 PM","HRJ WSM308 1/214-PUSH-18MM MBLE SUP COC 1PUERTA","D","SIDE L - R19L","215.9","355.6",,"2","2","0","0",,,"1","18",,"0","LxA{0}AyL AxP{0}PyA",,"62398","B","C","1","Caja"
"7/10/2026 2:22 PM","HRJ WSM308 1/214-PUSH-18MM MBLE SUP COC 1PUERTA","C","SIDE R - R19L","215.9","355.6",,"2","2","0","0",,,"1","18",,"0","LxA{0}AyL AxP{0}PyA",,"62397","B","C","1","Caja"
"7/10/2026 2:22 PM","HRJ WSM308 1/214-PUSH-18MM MBLE SUP COC 1PUERTA","B","TAPA - R19L","726","355.6",,"2","2","0","0",,,"1","18",,"0","LxL{-36}LyL AxP{0}PyA",,"62396","B","C","1","Caja"
"7/10/2026 2:22 PM","HRJ WSM308 1/214-PUSH-18MM MBLE SUP COC 1PUERTA","A","BASE - R19L","726","355.6",,"2","2","0","0",,,"1","18",,"0","LxL{-36}LyL AxP{0}PyA",,"62395","B","C","1","Caja"
"7/10/2026 2:10 PM","HRJ WSM302514-18MM MBLE SUP COC 2 PUERTA 2 ENTREPAÑOS","J","DOOR","635","377.8",,"2","2",,,,,"1","18",,"0","LxA{0}AyL AxL[0,4958]LyA",,"62386","C","C","1",
"7/10/2026 2:10 PM","HRJ WSM302514-18MM MBLE SUP COC 2 PUERTA 2 ENTREPAÑOS","K","BACKING","587.6","740",,"0","0","0","0",,,"0","6",,"0","LxA{-47,4}AyL AxL{-22}LyA",,"62385","F","X","1",
"7/10/2026 2:10 PM","HRJ WSM302514-18MM MBLE SUP COC 2 PUERTA 2 ENTREPAÑOS","I","DOOR ","635","377.8",,"2","2","0","0",,,"1","18",,"0","LxA{0}AyL AxL[0,4958]LyA",,"62384","C","C","1","Frente"
"7/10/2026 2:10 PM","HRJ WSM302514-18MM MBLE SUP COC 2 PUERTA 2 ENTREPAÑOS","H","SHELF 2","725","311.5",,"0","0","2","2",,,"1","18",,"0","LxL{-37}LyL",,"62383","B","C","1","Caja"
"7/10/2026 2:10 PM","HRJ WSM302514-18MM MBLE SUP COC 2 PUERTA 2 ENTREPAÑOS","G","SHELF 1","725","311.5",,"0","0","2","2",,,"1","18",,"0","LxL{-37}LyL",,"62382","B","C","1","Caja"
"7/10/2026 2:10 PM","HRJ WSM302514-18MM MBLE SUP COC 2 PUERTA 2 ENTREPAÑOS","F","RAIL TRASERO","726","80",,"0","0","2","0",,,"1","18",,"0","LxL{-36}LyL",,"62381","B","C","1","Caja"
"7/10/2026 2:10 PM","HRJ WSM302514-18MM MBLE SUP COC 2 PUERTA 2 ENTREPAÑOS","E","RAIL TRASERO","726","80",,"0","0","2","0",,,"1","18",,"0","LxL{-36}LyL",,"62380","B","C","1","Caja"
"7/10/2026 2:10 PM","HRJ WSM302514-18MM MBLE SUP COC 2 PUERTA 2 ENTREPAÑOS","D","SIDE L - R19L","609.6","355.6",,"2","2","0","0",,,"1","18",,"0","LxA{-25,4}AyL AxP{0}PyA",,"62379","B","C","1","Caja"
"7/10/2026 2:10 PM","HRJ WSM302514-18MM MBLE SUP COC 2 PUERTA 2 ENTREPAÑOS","C","SIDE R - R19L","609.6","355.6",,"2","2","0","0",,,"1","18",,"0","LxA{-25,4}AyL AxP{0}PyA",,"62378","B","C","1","Caja"
"7/10/2026 2:09 PM","HRJ WSM302514-18MM MBLE SUP COC 2 PUERTA 2 ENTREPAÑOS","B","TAPA - R19L","726","355.6",,"2","2","0","0",,,"1","18",,"0","LxL{-36}LyL AxP{0}PyA",,"62377","B","C","1","Caja"
"7/10/2026 2:09 PM","HRJ WSM302514-18MM MBLE SUP COC 2 PUERTA 2 ENTREPAÑOS","A","BASE - R19L","726","355.6",,"2","2","0","0",,,"1","18",,"0","LxL{-36}LyL AxP{0}PyA",,"62376","B","C","1","Caja"
"7/10/2026 2:06 PM","HRJ WSM213614-18MM MBLE SUP COC 1 PUERTA 2 ENTREPAÑOS","J","BACKING","867","511.4",,"0","0","0","0",,,"0","6",,"0","LxA{-47,4}AyL AxL{-22}LyA",,"62375","F","X","1",
"7/10/2026 2:06 PM","HRJ WSM213614-18MM MBLE SUP COC 1 PUERTA 2 ENTREPAÑOS","I","DOOR ","914.4","530.2",,"2","2","0","0",,,"1","18",,"0","LxA{0}AyL AxL{-3,2}LyA",,"62374","C","C","1","Frente"
"7/10/2026 2:06 PM","HRJ WSM213614-18MM MBLE SUP COC 1 PUERTA 2 ENTREPAÑOS","H","SHELF 2","496.4","311.5",,"0","0","2","2",,,"1","18",,"0","LxL{-37}LyL",,"62373","B","C","1","Caja"
"7/10/2026 2:06 PM","HRJ WSM213614-18MM MBLE SUP COC 1 PUERTA 2 ENTREPAÑOS","G","SHELF 1","496.4","311.5",,"0","0","2","2",,,"1","18",,"0","LxL{-37}LyL",,"62372","B","C","1","Caja"
"7/10/2026 2:06 PM","HRJ WSM213614-18MM MBLE SUP COC 1 PUERTA 2 ENTREPAÑOS","F","RAIL TRASERO","497.4","80",,"0","0","2","0",,,"1","18",,"0","LxL{-36}LyL",,"62371","B","C","1","Caja"
"7/10/2026 2:06 PM","HRJ WSM213614-18MM MBLE SUP COC 1 PUERTA 2 ENTREPAÑOS","E","RAIL TRASERO","497.4","80",,"0","0","2","0",,,"1","18",,"0","LxL{-36}LyL",,"62370","B","C","1","Caja"
"7/10/2026 2:06 PM","HRJ WSM213614-18MM MBLE SUP COC 1 PUERTA 2 ENTREPAÑOS","D","SIDE L - R19L","889","355.6",,"2","2","0","0",,,"1","18",,"0","LxA{-25,4}AyL AxP{0}PyA",,"62369","B","C","1","Caja"
"7/10/2026 2:06 PM","HRJ WSM213614-18MM MBLE SUP COC 1 PUERTA 2 ENTREPAÑOS","C","SIDE R - R19L","889","355.6",,"2","2","0","0",,,"1","18",,"0","LxA{-25,4}AyL AxP{0}PyA",,"62368","B","C","1","Caja"
"7/10/2026 2:06 PM","HRJ WSM213614-18MM MBLE SUP COC 1 PUERTA 2 ENTREPAÑOS","B","TAPA - R19L","497.4","355.6",,"2","2","0","0",,,"1","18",,"0","LxL{-36}LyL AxP{0}PyA",,"62367","B","C","1","Caja"
"7/10/2026 2:06 PM","HRJ WSM213614-18MM MBLE SUP COC 1 PUERTA 2 ENTREPAÑOS","A","BASE - R19L","497.4","355.6",,"2","2","0","0",,,"1","18",,"0","LxL{-36}LyL AxP{0}PyA",,"62366","B","C","1","Caja"
"7/10/2026 2:02 PM","HRJ WSM182514-18MM MBLE SUP COC 1 PUERTA 2 ENTREPAÑOS","J","BACKING","587.6","435.2",,"0","0","0","0",,,"0","6",,"0","LxA{-47,4}AyL AxL{-22}LyA",,"62365","F","X","1",
"7/10/2026 2:02 PM","HRJ WSM182514-18MM MBLE SUP COC 1 PUERTA 2 ENTREPAÑOS","I","DOOR ","635","454",,"2","2","0","0",,,"1","18",,"0","LxA{0}AyL AxL{-3,2}LyA",,"62364","C","C","1","Frente"
"7/10/2026 2:02 PM","HRJ WSM182514-18MM MBLE SUP COC 1 PUERTA 2 ENTREPAÑOS","H","SHELF 2","420.2","311.5",,"0","0","2","2",,,"1","18",,"0","LxL{-37}LyL",,"62363","B","C","1","Caja"
"7/10/2026 2:02 PM","HRJ WSM182514-18MM MBLE SUP COC 1 PUERTA 2 ENTREPAÑOS","G","SHELF 1","420.2","311.5",,"0","0","2","2",,,"1","18",,"0","LxL{-37}LyL",,"62362","B","C","1","Caja"
"7/10/2026 2:02 PM","HRJ WSM182514-18MM MBLE SUP COC 1 PUERTA 2 ENTREPAÑOS","F","RAIL TRASERO","421.2","80",,"0","0","2","0",,,"1","18",,"0","LxL{-36}LyL",,"62361","B","C","1","Caja"
"7/10/2026 2:02 PM","HRJ WSM182514-18MM MBLE SUP COC 1 PUERTA 2 ENTREPAÑOS","E","RAIL TRASERO","421.2","80",,"0","0","2","0",,,"1","18",,"0","LxL{-36}LyL",,"62360","B","C","1","Caja"
"7/10/2026 2:02 PM","HRJ WSM182514-18MM MBLE SUP COC 1 PUERTA 2 ENTREPAÑOS","D","SIDE L - R19L","609.6","355.6",,"2","2","0","0",,,"1","18",,"0","LxA{-25,4}AyL AxP{0}PyA",,"62359","B","C","1","Caja"
"7/10/2026 2:02 PM","HRJ WSM182514-18MM MBLE SUP COC 1 PUERTA 2 ENTREPAÑOS","C","SIDE R - R19L","609.6","355.6",,"2","2","0","0",,,"1","18",,"0","LxA{-25,4}AyL AxP{0}PyA",,"62358","B","C","1","Caja"
"7/10/2026 2:02 PM","HRJ WSM182514-18MM MBLE SUP COC 1 PUERTA 2 ENTREPAÑOS","B","TAPA - R19L","421.2","355.6",,"2","2","0","0",,,"1","18",,"0","LxL{-36}LyL AxP{0}PyA",,"62357","B","C","1","Caja"
"7/10/2026 2:02 PM","HRJ WSM182514-18MM MBLE SUP COC 1 PUERTA 2 ENTREPAÑOS","A","BASE - R19L","421.2","355.6",,"2","2","0","0",,,"1","18",,"0","LxL{-36}LyL AxP{0}PyA",,"62356","B","C","1","Caja"
"7/10/2026 1:30 PM","HRJ WSM153614-18MM MBLE SUP COC 1 PUERTA 2 ENTREPAÑOS","J","BACKING","867","359",,"0","0","0","0",,,"0","6",,"0","LxA{-47,4}AyL AxL{-22}LyA",,"62355","F","X","1",
"7/10/2026 1:30 PM","HRJ WSM153614-18MM MBLE SUP COC 1 PUERTA 2 ENTREPAÑOS","I","DOOR ","914.4","377.8",,"2","2","0","0",,,"1","18",,"0","LxA{0}AyL AxL{-3,2}LyA",,"62354","C","C","1","Frente"
"7/10/2026 1:30 PM","HRJ WSM153614-18MM MBLE SUP COC 1 PUERTA 2 ENTREPAÑOS","H","SHELF 2","344","311.5",,"0","0","2","2",,,"1","18",,"0","LxL{-37}LyL",,"62353","B","C","1","Caja"
"7/10/2026 1:30 PM","HRJ WSM153614-18MM MBLE SUP COC 1 PUERTA 2 ENTREPAÑOS","G","SHELF 1","344","311.5",,"0","0","2","2",,,"1","18",,"0","LxL{-37}LyL",,"62352","B","C","1","Caja"
"7/10/2026 1:30 PM","HRJ WSM153614-18MM MBLE SUP COC 1 PUERTA 2 ENTREPAÑOS","F","RAIL TRASERO","345","80",,"0","0","2","0",,,"1","18",,"0","LxL{-36}LyL",,"62351","B","C","1","Caja"
"7/10/2026 1:30 PM","HRJ WSM153614-18MM MBLE SUP COC 1 PUERTA 2 ENTREPAÑOS","E","RAIL TRASERO","345","80",,"0","0","2","0",,,"1","18",,"0","LxL{-36}LyL",,"62350","B","C","1","Caja"
"7/10/2026 1:30 PM","HRJ WSM153614-18MM MBLE SUP COC 1 PUERTA 2 ENTREPAÑOS","D","SIDE L - R19L","889","355.6",,"2","2","0","0",,,"1","18",,"0","LxA{-25,4}AyL AxP{0}PyA",,"62349","B","C","1","Caja"
"7/10/2026 1:30 PM","HRJ WSM153614-18MM MBLE SUP COC 1 PUERTA 2 ENTREPAÑOS","C","SIDE R - R19L","889","355.6",,"2","2","0","0",,,"1","18",,"0","LxA{-25,4}AyL AxP{0}PyA",,"62348","B","C","1","Caja"
"7/10/2026 1:30 PM","HRJ WSM153614-18MM MBLE SUP COC 1 PUERTA 2 ENTREPAÑOS","B","TAPA - R19L","345","355.6",,"2","2","0","0",,,"1","18",,"0","LxL{-36}LyL AxP{0}PyA",,"62347","B","C","1","Caja"
"7/10/2026 1:30 PM","HRJ WSM153614-18MM MBLE SUP COC 1 PUERTA 2 ENTREPAÑOS","A","BASE - R19L","345","355.6",,"2","2","0","0",,,"1","18",,"0","LxL{-36}LyL AxP{0}PyA",,"62346","B","C","1","Caja"
"7/10/2026 1:28 PM","HRJ WSM152514-18MM MBLE SUP COC 1 PUERTA 2 ENTREPAÑOS","J","BACKING","587.6","359",,"0","0","0","0",,,"0","6",,"0","LxA{-47,4}AyL AxL{-22}LyA",,"62345","F","X","1",
"7/10/2026 1:28 PM","HRJ WSM152514-18MM MBLE SUP COC 1 PUERTA 2 ENTREPAÑOS","I","DOOR ","635","377.8",,"2","2","0","0",,,"1","18",,"0","LxA{0}AyL AxL{-3,2}LyA",,"62344","C","C","1","Frente"
"7/10/2026 1:28 PM","HRJ WSM152514-18MM MBLE SUP COC 1 PUERTA 2 ENTREPAÑOS","H","SHELF 2","344","311.5",,"0","0","2","2",,,"1","18",,"0","LxL{-37}LyL",,"62343","B","C","1","Caja"
"7/10/2026 1:28 PM","HRJ WSM152514-18MM MBLE SUP COC 1 PUERTA 2 ENTREPAÑOS","G","SHELF 1","344","311.5",,"0","0","2","2",,,"1","18",,"0","LxL{-37}LyL",,"62342","B","C","1","Caja"
"7/10/2026 1:28 PM","HRJ WSM152514-18MM MBLE SUP COC 1 PUERTA 2 ENTREPAÑOS","F","RAIL TRASERO","345","80",,"0","0","2","0",,,"1","18",,"0","LxL{-36}LyL",,"62341","B","C","1","Caja"
"7/10/2026 1:28 PM","HRJ WSM152514-18MM MBLE SUP COC 1 PUERTA 2 ENTREPAÑOS","E","RAIL TRASERO","345","80",,"0","0","2","0",,,"1","18",,"0","LxL{-36}LyL",,"62340","B","C","1","Caja"
"7/10/2026 1:28 PM","HRJ WSM152514-18MM MBLE SUP COC 1 PUERTA 2 ENTREPAÑOS","D","SIDE L - R19L","609.6","355.6",,"2","2","0","0",,,"1","18",,"0","LxA{-25,4}AyL AxP{0}PyA",,"62339","B","C","1","Caja"
"7/10/2026 1:28 PM","HRJ WSM152514-18MM MBLE SUP COC 1 PUERTA 2 ENTREPAÑOS","C","SIDE R - R19L","609.6","355.6",,"2","2","0","0",,,"1","18",,"0","LxA{-25,4}AyL AxP{0}PyA",,"62338","B","C","1","Caja"
"7/10/2026 1:28 PM","HRJ WSM152514-18MM MBLE SUP COC 1 PUERTA 2 ENTREPAÑOS","B","TAPA - R19L","345","355.6",,"2","2","0","0",,,"1","18",,"0","LxL{-36}LyL AxP{0}PyA",,"62337","B","C","1","Caja"
"7/10/2026 1:28 PM","HRJ WSM152514-18MM MBLE SUP COC 1 PUERTA 2 ENTREPAÑOS","A","BASE - R19L","345","355.6",,"2","2","0","0",,,"1","18",,"0","LxL{-36}LyL AxP{0}PyA",,"62336","B","C","1","Caja"
"7/10/2026 1:23 PM","HRJ WSM122514-18MM MBLE SUP COC 1 PUERTA 2 ENTREPAÑOS","J","BACKING","587.6","282.8",,"0","0","0","0",,,"0","6",,"0","LxA{-47,4}AyL AxL{-22}LyA",,"62335","F","X","1",
"7/10/2026 1:23 PM","HRJ WSM122514-18MM MBLE SUP COC 1 PUERTA 2 ENTREPAÑOS","I","DOOR ","635","301.6",,"2","2","0","0",,,"1","18",,"0","LxA{0}AyL AxL{-3,2}LyA",,"62334","C","C","1","Frente"
"7/10/2026 1:23 PM","HRJ WSM122514-18MM MBLE SUP COC 1 PUERTA 2 ENTREPAÑOS","H","SHELF 2","267.8","311.5",,"0","0","2","2",,,"1","18",,"0","LxL{-37}LyL",,"62333","B","C","1","Caja"
"7/10/2026 1:23 PM","HRJ WSM122514-18MM MBLE SUP COC 1 PUERTA 2 ENTREPAÑOS","G","SHELF 1","267.8","311.5",,"0","0","2","2",,,"1","18",,"0","LxL{-37}LyL",,"62332","B","C","1","Caja"
"7/10/2026 1:23 PM","HRJ WSM122514-18MM MBLE SUP COC 1 PUERTA 2 ENTREPAÑOS","F","RAIL TRASERO","268.8","80",,"0","0","2","0",,,"1","18",,"0","LxL{-36}LyL",,"62331","B","C","1","Caja"
"7/10/2026 1:23 PM","HRJ WSM122514-18MM MBLE SUP COC 1 PUERTA 2 ENTREPAÑOS","E","RAIL TRASERO","268.8","80",,"0","0","2","0",,,"1","18",,"0","LxL{-36}LyL",,"62330","B","C","1","Caja"
"7/10/2026 1:23 PM","HRJ WSM122514-18MM MBLE SUP COC 1 PUERTA 2 ENTREPAÑOS","D","SIDE L - R19L","609.6","355.6",,"2","2","0","0",,,"1","18",,"0","LxA{-25,4}AyL AxP{0}PyA",,"62329","B","C","1","Caja"
"7/10/2026 1:23 PM","HRJ WSM122514-18MM MBLE SUP COC 1 PUERTA 2 ENTREPAÑOS","C","SIDE R - R19L","609.6","355.6",,"2","2","0","0",,,"1","18",,"0","LxA{-25,4}AyL AxP{0}PyA",,"62328","B","C","1","Caja"
"7/10/2026 1:23 PM","HRJ WSM122514-18MM MBLE SUP COC 1 PUERTA 2 ENTREPAÑOS","B","TAPA - R19L","268.8","355.6",,"2","2","0","0",,,"1","18",,"0","LxL{-36}LyL AxP{0}PyA",,"62327","B","C","1","Caja"
"7/10/2026 1:23 PM","HRJ WSM122514-18MM MBLE SUP COC 1 PUERTA 2 ENTREPAÑOS","A","BASE - R19L","268.8","355.6",,"2","2","0","0",,,"1","18",,"0","LxL{-36}LyL AxP{0}PyA",,"62326","B","C","1","Caja"
"7/10/2026 1:18 PM","HRJ WSM212514-18MM MBLE SUP COC 1 PUERTA 2 ENTREPAÑOS","J","BACKING","587.6","511.4",,"0","0","0","0",,,"0","6",,"0","LxA{-47,4}AyL AxL{-22}LyA",,"62325","F","X","1",
"7/10/2026 1:18 PM","HRJ WSM212514-18MM MBLE SUP COC 1 PUERTA 2 ENTREPAÑOS","I","DOOR ","635","530.2",,"2","2","0","0",,,"1","18",,"0","LxA{0}AyL AxL{-3,2}LyA",,"62324","C","C","1","Frente"
"7/10/2026 1:18 PM","HRJ WSM212514-18MM MBLE SUP COC 1 PUERTA 2 ENTREPAÑOS","H","SHELF 2","496.4","311.5",,"0","0","2","2",,,"1","18",,"0","LxL{-37}LyL",,"62323","B","C","1","Caja"
"7/10/2026 1:18 PM","HRJ WSM212514-18MM MBLE SUP COC 1 PUERTA 2 ENTREPAÑOS","G","SHELF 1","496.4","311.5",,"0","0","2","2",,,"1","18",,"0","LxL{-37}LyL",,"62322","B","C","1","Caja"
"7/10/2026 1:18 PM","HRJ WSM212514-18MM MBLE SUP COC 1 PUERTA 2 ENTREPAÑOS","F","RAIL TRASERO","497.4","80",,"0","0","2","0",,,"1","18",,"0","LxL{-36}LyL",,"62321","B","C","1","Caja"
"7/10/2026 1:18 PM","HRJ WSM212514-18MM MBLE SUP COC 1 PUERTA 2 ENTREPAÑOS","E","RAIL TRASERO","497.4","80",,"0","0","2","0",,,"1","18",,"0","LxL{-36}LyL",,"62320","B","C","1","Caja"
"7/10/2026 1:18 PM","HRJ WSM212514-18MM MBLE SUP COC 1 PUERTA 2 ENTREPAÑOS","D","SIDE L - R19L","609.6","355.6",,"2","2","0","0",,,"1","18",,"0","LxA{-25,4}AyL AxP{0}PyA",,"62319","B","C","1","Caja"
"7/10/2026 1:18 PM","HRJ WSM212514-18MM MBLE SUP COC 1 PUERTA 2 ENTREPAÑOS","C","SIDE R - R19L","609.6","355.6",,"2","2","0","0",,,"1","18",,"0","LxA{-25,4}AyL AxP{0}PyA",,"62318","B","C","1","Caja"
"7/10/2026 1:18 PM","HRJ WSM212514-18MM MBLE SUP COC 1 PUERTA 2 ENTREPAÑOS","B","TAPA - R19L","497.4","355.6",,"2","2","0","0",,,"1","18",,"0","LxL{-36}LyL AxP{0}PyA",,"62317","B","C","1","Caja"
"7/10/2026 1:18 PM","HRJ WSM212514-18MM MBLE SUP COC 1 PUERTA 2 ENTREPAÑOS","A","BASE - R19L","497.4","355.6",,"2","2","0","0",,,"1","18",,"0","LxL{-36}LyL AxP{0}PyA",,"62316","B","C","1","Caja"
"7/10/2026 1:16 PM","HRJ WSM183614-18MM MBLE SUP COC 1 PUERTA 2 ENTREPAÑOS","J","BACKING","867","435.2",,"0","0","0","0",,,"0","6",,"0","LxA{-47,4}AyL AxL{-22}LyA",,"62315","F","X","1",
"7/10/2026 1:16 PM","HRJ WSM183614-18MM MBLE SUP COC 1 PUERTA 2 ENTREPAÑOS","I","DOOR ","914.4","454",,"2","2","0","0",,,"1","18",,"0","LxA{0}AyL AxL{-3,2}LyA",,"62314","C","C","1","Frente"
"7/10/2026 1:16 PM","HRJ WSM183614-18MM MBLE SUP COC 1 PUERTA 2 ENTREPAÑOS","H","SHELF 2","420.2","311.5",,"0","0","2","2",,,"1","18",,"0","LxL{-37}LyL",,"62313","B","C","1","Caja"
"7/10/2026 1:16 PM","HRJ WSM183614-18MM MBLE SUP COC 1 PUERTA 2 ENTREPAÑOS","G","SHELF 1","420.2","311.5",,"0","0","2","2",,,"1","18",,"0","LxL{-37}LyL",,"62312","B","C","1","Caja"
"7/10/2026 1:16 PM","HRJ WSM183614-18MM MBLE SUP COC 1 PUERTA 2 ENTREPAÑOS","F","RAIL TRASERO","421.2","80",,"0","0","2","0",,,"1","18",,"0","LxL{-36}LyL",,"62311","B","C","1","Caja"
"7/10/2026 1:16 PM","HRJ WSM183614-18MM MBLE SUP COC 1 PUERTA 2 ENTREPAÑOS","E","RAIL TRASERO","421.2","80",,"0","0","2","0",,,"1","18",,"0","LxL{-36}LyL",,"62310","B","C","1","Caja"
"7/10/2026 1:16 PM","HRJ WSM183614-18MM MBLE SUP COC 1 PUERTA 2 ENTREPAÑOS","D","SIDE L - R19L","889","355.6",,"2","2","0","0",,,"1","18",,"0","LxA{-25,4}AyL AxP{0}PyA",,"62309","B","C","1","Caja"
"7/10/2026 1:16 PM","HRJ WSM183614-18MM MBLE SUP COC 1 PUERTA 2 ENTREPAÑOS","C","SIDE R - R19L","889","355.6",,"2","2","0","0",,,"1","18",,"0","LxA{-25,4}AyL AxP{0}PyA",,"62308","B","C","1","Caja"
"7/10/2026 1:16 PM","HRJ WSM183614-18MM MBLE SUP COC 1 PUERTA 2 ENTREPAÑOS","B","TAPA - R19L","421.2","355.6",,"2","2","0","0",,,"1","18",,"0","LxL{-36}LyL AxP{0}PyA",,"62307","B","C","1","Caja"
"7/10/2026 1:16 PM","HRJ WSM183614-18MM MBLE SUP COC 1 PUERTA 2 ENTREPAÑOS","A","BASE - R19L","421.2","355.6",,"2","2","0","0",,,"1","18",,"0","LxL{-36}LyL AxP{0}PyA",,"62306","B","C","1","Caja"
"7/10/2026 1:14 PM","HRJ WSM123614-18MM MBLE SUP COC 1 PUERTA 2 ENTREPAÑOS","J","BACKING","867","282.8",,"0","0","0","0",,,"0","6",,"0","LxA{-47,4}AyL AxL{-22}LyA",,"62305","F","X","1",
"7/10/2026 1:14 PM","HRJ WSM123614-18MM MBLE SUP COC 1 PUERTA 2 ENTREPAÑOS","I","DOOR ","914.4","301.6",,"2","2","0","0",,,"1","18",,"0","LxA{0}AyL AxL{-3,2}LyA",,"62304","C","C","1","Frente"
"7/10/2026 1:14 PM","HRJ WSM123614-18MM MBLE SUP COC 1 PUERTA 2 ENTREPAÑOS","H","SHELF 2","267.8","311.5",,"0","0","2","2",,,"1","18",,"0","LxL{-37}LyL",,"62303","B","C","1","Caja"
"7/10/2026 1:14 PM","HRJ WSM123614-18MM MBLE SUP COC 1 PUERTA 2 ENTREPAÑOS","G","SHELF 1","267.8","311.5",,"0","0","2","2",,,"1","18",,"0","LxL{-37}LyL",,"62302","B","C","1","Caja"
"7/10/2026 1:14 PM","HRJ WSM123614-18MM MBLE SUP COC 1 PUERTA 2 ENTREPAÑOS","F","RAIL TRASERO","268.8","80",,"0","0","2","0",,,"1","18",,"0","LxL{-36}LyL",,"62301","B","C","1","Caja"
"7/10/2026 1:14 PM","HRJ WSM123614-18MM MBLE SUP COC 1 PUERTA 2 ENTREPAÑOS","E","RAIL TRASERO","268.8","80",,"0","0","2","0",,,"1","18",,"0","LxL{-36}LyL",,"62300","B","C","1","Caja"
"7/10/2026 1:14 PM","HRJ WSM123614-18MM MBLE SUP COC 1 PUERTA 2 ENTREPAÑOS","D","SIDE L - R19L","889","355.6",,"2","2","0","0",,,"1","18",,"0","LxA{-25,4}AyL AxP{0}PyA",,"62299","B","C","1","Caja"
"7/10/2026 1:14 PM","HRJ WSM123614-18MM MBLE SUP COC 1 PUERTA 2 ENTREPAÑOS","C","SIDE R - R19L","889","355.6",,"2","2","0","0",,,"1","18",,"0","LxA{-25,4}AyL AxP{0}PyA",,"62298","B","C","1","Caja"
"7/10/2026 1:14 PM","HRJ WSM123614-18MM MBLE SUP COC 1 PUERTA 2 ENTREPAÑOS","B","TAPA - R19L","268.8","355.6",,"2","2","0","0",,,"1","18",,"0","LxL{-36}LyL AxP{0}PyA",,"62297","B","C","1","Caja"
"7/10/2026 1:14 PM","HRJ WSM123614-18MM MBLE SUP COC 1 PUERTA 2 ENTREPAÑOS","A","BASE - R19L","268.8","355.6",,"2","2","0","0",,,"1","18",,"0","LxL{-36}LyL AxP{0}PyA",,"62296","B","C","1","Caja"
"7/9/2026 8:48 PM","HRJ WPC2461 1/2-18MM MBL ALACENA COC 4 PUERTAS 4 ENTREPAÑOS","O","PUERTA INF IZQ","625.45","301.6",,"2","2","0","0",,,"1","18",,"0","LxA{-936,65}AyL AxL[0,49475]LyA",,"62295","C","C","1","Frente"
"7/9/2026 8:48 PM","HRJ WPC2461 1/2-18MM MBL ALACENA COC 4 PUERTAS 4 ENTREPAÑOS","M","PUERTA SUP IZQ","930.25","301.6",,"2","2","0","0",,,"1","18",,"0","AxL[0,49475]LyA",,"62294","C","C","1","Frente"
"7/9/2026 8:48 PM","HRJ WPC2461 1/2-18MM MBL ALACENA COC 4 PUERTAS 4 ENTREPAÑOS","P","BACKING","1,560.1","587.6",,,,,,,,"0","6",,"0","LxA{-2}AyL AxL{-22}LyA",,"62293","F","X","1",
"7/9/2026 8:48 PM","HRJ WPC2461 1/2-18MM MBL ALACENA COC 4 PUERTAS 4 ENTREPAÑOS","N","PUERTA INF DER","625.45","301.6",,"2","2",,,,,"1","18",,"0","LxA{-936,65}AyL AxL[0,49475]LyA",,"62292","C","C","1","Frente"
"7/9/2026 8:48 PM","HRJ WPC2461 1/2-18MM MBL ALACENA COC 4 PUERTAS 4 ENTREPAÑOS","L","PUERTA SUP DER","930.25","301.6",,"2","2",,,,,"1","18",,"0","AxL[0,49475]LyA",,"62291","C","C","1","Frente"
"7/9/2026 8:48 PM","HRJ WPC2461 1/2-18MM MBL ALACENA COC 4 PUERTAS 4 ENTREPAÑOS","K","ENTREPAÑO3","572.6","570.5",,"2","2","0","0",,,"1","18",,"0","LxL{-37}LyL AxP{-39,1}PyA",,"62290","P","C","1","Caja"
"7/9/2026 8:48 PM","HRJ WPC2461 1/2-18MM MBL ALACENA COC 4 PUERTAS 4 ENTREPAÑOS","J","ENTREPAÑO2","572.6","570.5",,"2","2","0","0",,,"1","18",,"0","LxL{-37}LyL AxP{-39,1}PyA",,"62289","P","C","1","Caja"
"7/9/2026 8:48 PM","HRJ WPC2461 1/2-18MM MBL ALACENA COC 4 PUERTAS 4 ENTREPAÑOS","I","ENTREPAÑO1","572.6","570.5",,"2","2","0","0",,,"1","18",,"0","LxL{-37}LyL AxP{-39,1}PyA",,"62288","P","C","1","Caja"
"7/9/2026 8:48 PM","HRJ WPC2461 1/2-18MM MBL ALACENA COC 4 PUERTAS 4 ENTREPAÑOS","H","ENTREPAÑO FIJO","573.6","583.6",,"2",,"0",,,,"1","18",,"0","LxL{-36}LyL AxP{-26}PyA",,"62287","P","C","1","Caja"
"7/9/2026 8:48 PM","HRJ WPC2461 1/2-18MM MBL ALACENA COC 4 PUERTAS 4 ENTREPAÑOS","G","REF TRASERO","573.6","80",,"0",,"2",,,,"1","18",,"0","LxL{-36}LyL",,"62286","P","C","1","Caja"
"7/9/2026 8:48 PM","HRJ WPC2461 1/2-18MM MBL ALACENA COC 4 PUERTAS 4 ENTREPAÑOS","F","REF TRASERO","573.6","80",,"0",,"2",,,,"1","18",,"0","LxL{-36}LyL",,"62285","P","C","1","Caja"
"7/9/2026 8:48 PM","HRJ WPC2461 1/2-18MM MBL ALACENA COC 4 PUERTAS 4 ENTREPAÑOS","E","REF TRASERO","573.6","80",,"0",,"2",,,,"1","18",,"0","LxL{-36}LyL",,"62284","P","C","1","Caja"
"7/9/2026 8:48 PM","HRJ WPC2461 1/2-18MM MBL ALACENA COC 4 PUERTAS 4 ENTREPAÑOS","D","LAT IZQ R19L","1,562.1","609.6",,"2","2",,,,,"1","18",,"0","LxA{0}AyL AxP{0}PyA",,"62283","B","C","1","Caja"
"7/9/2026 8:48 PM","HRJ WPC2461 1/2-18MM MBL ALACENA COC 4 PUERTAS 4 ENTREPAÑOS","C","LAT DER R19L","1,562.1","609.6",,"2","2",,,,,"1","18",,"0","LxA{0}AyL AxP{0}PyA",,"62282","B","C","1","Caja"
"7/9/2026 8:48 PM","HRJ WPC2461 1/2-18MM MBL ALACENA COC 4 PUERTAS 4 ENTREPAÑOS","B","TAPA R19L","573.6","609.6",,"2",,,,,,"1","18",,"0","LxL{-36}LyL AxP{-0}PyA",,"62281","B","C","1","Caja"
"7/9/2026 8:48 PM","HRJ WPC2461 1/2-18MM MBL ALACENA COC 4 PUERTAS 4 ENTREPAÑOS","A","BASE R19L","573.6","609.6",,"2",,,,,,"1","18",,"0","LxL{-36}LyL AxP{-0}PyA",,"62280","B","C","1","Caja"
"7/4/2026 1:11 PM","DFE22 1/2618-R - C601 X4 MBL GAVETA CLOSET ","F","Parche Gaveta","152.4","550.5",,"2","2","0","0",,,"1","15",,"0","LxA{0}AyL AxL{-21}LyA",,"62236","C","C","1","Frente"
"7/4/2026 1:11 PM","DFE22 1/2618-R - C601 X4 MBL GAVETA CLOSET ","G","Fondo Gav","450.2","486.5",,"0","0","0","0",,,"0","6",,"0",,,"62235","F","X","1",
"7/4/2026 1:11 PM","DFE22 1/2618-R - C601 X4 MBL GAVETA CLOSET ","E","Contraparche Gav R13A","101.6","472.5",,"2","0","0","0",,,"0.45","15",,"0","AxL{-99}LyA",,"62234","P","P","1","Caja"
"7/4/2026 1:11 PM","DFE22 1/2618-R - C601 X4 MBL GAVETA CLOSET ","D","Lat Izq Gav R13A","101.6","457.2",,"2","2","0","0",,,"0.45","15",,"0","AxP{0}PyA",,"62233","P","P","1","Caja"
"7/4/2026 1:11 PM","DFE22 1/2618-R - C601 X4 MBL GAVETA CLOSET ","C","Lat Der Gav R13A","101.6","457.2",,"2","2","0","0",,,"0.45","15",,"0","AxP{0}PyA",,"62232","P","P","1","Caja"
"7/4/2026 1:11 PM","DFE22 1/2618-R - C601 X4 MBL GAVETA CLOSET ","B","Trasero Gav","81.6","472.5",,"2","0","0","0",,,"0.45","15",,"0","LxA{-70,8}AyL AxL{-99}LyA",,"62231","P","P","1","Caja"
"7/4/2026 1:11 PM","DFE22 1/2618-R - C601 X4 MBL GAVETA CLOSET ","A","FIller Der","152.4","571.5",,"2","2","0","0",,,"0.45","15",,"0","LxA{0}AyL AxP{+114,3}PyA",,"62230","B","C","1","Caja"
"7/4/2026 1:10 PM","DFE22 1/2618-R - C501 X4 MBL GAVETA CLOSET ","F","Parche Gaveta","152.4","550.5",,"2","2","0","0",,,"1","15",,"0","LxA{0}AyL AxL{-21}LyA",,"62229","C","C","1","Frente"
"7/4/2026 1:10 PM","DFE22 1/2618-R - C501 X4 MBL GAVETA CLOSET ","G","Fondo Gav","450.2","486.5",,"0","0","0","0",,,"0","6",,"0",,,"62228","F","X","1",
"7/4/2026 1:10 PM","DFE22 1/2618-R - C501 X4 MBL GAVETA CLOSET ","E","Contraparche Gav R13A","101.6","472.5",,"2","0","0","0",,,"0.45","15",,"0","AxL{-99}LyA",,"62227","P","P","1","Caja"
"7/4/2026 1:10 PM","DFE22 1/2618-R - C501 X4 MBL GAVETA CLOSET ","D","Lat Izq Gav R13A","101.6","457.2",,"2","2","0","0",,,"0.45","15",,"0","AxP{0}PyA",,"62226","P","P","1","Caja"
"7/4/2026 1:10 PM","DFE22 1/2618-R - C501 X4 MBL GAVETA CLOSET ","C","Lat Der Gav R13A","101.6","457.2",,"2","2","0","0",,,"0.45","15",,"0","AxP{0}PyA",,"62225","P","P","1","Caja"
"7/4/2026 1:10 PM","DFE22 1/2618-R - C501 X4 MBL GAVETA CLOSET ","B","Trasero Gav","81.6","472.5",,"2","0","0","0",,,"0.45","15",,"0","LxA{-70,8}AyL AxL{-99}LyA",,"62224","P","P","1","Caja"
"7/4/2026 1:10 PM","DFE22 1/2618-R - C501 X4 MBL GAVETA CLOSET ","A","FIller Der","152.4","571.5",,"2","2","0","0",,,"0.45","15",,"0","LxA{0}AyL AxP{+114,3}PyA",,"62223","B","C","1","Caja"
"7/4/2026 12:57 PM","DFE22 1/2618-R - C401 X4 MBL GAVETA CLOSET ","F","Parche Gaveta","152.4","550.5",,"2","2","0","0",,,"1","15",,"0","LxA{0}AyL AxL{-21}LyA",,"62222","C","C","1","Frente"
"7/4/2026 12:57 PM","DFE22 1/2618-R - C401 X4 MBL GAVETA CLOSET ","G","Fondo Gav","450.2","486.5",,"0","0","0","0",,,"0","6",,"0",,,"62221","F","X","1",
"7/4/2026 12:57 PM","DFE22 1/2618-R - C401 X4 MBL GAVETA CLOSET ","E","Contraparche Gav R13A","101.6","472.5",,"2","0","0","0",,,"0.45","15",,"0","AxL{-99}LyA",,"62220","P","P","1","Caja"
"7/4/2026 12:57 PM","DFE22 1/2618-R - C401 X4 MBL GAVETA CLOSET ","D","Lat Izq Gav R13A","101.6","457.2",,"2","2","0","0",,,"0.45","15",,"0","AxP{0}PyA",,"62219","P","P","1","Caja"
"7/4/2026 12:57 PM","DFE22 1/2618-R - C401 X4 MBL GAVETA CLOSET ","C","Lat Der Gav R13A","101.6","457.2",,"2","2","0","0",,,"0.45","15",,"0","AxP{0}PyA",,"62218","P","P","1","Caja"
"7/4/2026 12:57 PM","DFE22 1/2618-R - C401 X4 MBL GAVETA CLOSET ","B","Trasero Gav","81.6","472.5",,"2","0","0","0",,,"0.45","15",,"0","LxA{-70,8}AyL AxL{-99}LyA",,"62217","P","P","1","Caja"
"7/4/2026 12:57 PM","DFE22 1/2618-R - C401 X4 MBL GAVETA CLOSET ","A","FIller Der","152.4","571.5",,"2","2","0","0",,,"0.45","15",,"0","LxA{0}AyL AxP{+114,3}PyA",,"62216","B","C","1","Caja"
"7/4/2026 12:54 PM","DFE22 1/2618-R - C301 X4 MBL GAVETA CLOSET ","F","Parche Gaveta","152.4","550.5",,"2","2","0","0",,,"1","15",,"0","LxA{0}AyL AxL{-21}LyA",,"62215","C","C","1","Frente"
"7/4/2026 12:54 PM","DFE22 1/2618-R - C301 X4 MBL GAVETA CLOSET ","G","Fondo Gav","450.2","486.5",,"0","0","0","0",,,"0","6",,"0",,,"62214","F","X","1",
"7/4/2026 12:54 PM","DFE22 1/2618-R - C301 X4 MBL GAVETA CLOSET ","E","Contraparche Gav R13A","101.6","472.5",,"2","0","0","0",,,"0.45","15",,"0","AxL{-99}LyA",,"62213","P","P","1","Caja"
"7/4/2026 12:54 PM","DFE22 1/2618-R - C301 X4 MBL GAVETA CLOSET ","D","Lat Izq Gav R13A","101.6","457.2",,"2","2","0","0",,,"0.45","15",,"0","AxP{0}PyA",,"62212","P","P","1","Caja"
"7/4/2026 12:54 PM","DFE22 1/2618-R - C301 X4 MBL GAVETA CLOSET ","B","Trasero Gav","81.6","472.5",,"2","0","0","0",,,"0.45","15",,"0","LxA{-70,8}AyL AxL{-99}LyA",,"62210","P","P","1","Caja"
"7/4/2026 12:54 PM","DFE22 1/2618-R - C301 X4 MBL GAVETA CLOSET ","C","Lat Der Gav R13A","101.6","457.2",,"2","2","0","0",,,"0.45","15",,"0","AxP{0}PyA",,"62211","P","P","1","Caja"
"7/4/2026 12:54 PM","DFE22 1/2618-R - C301 X4 MBL GAVETA CLOSET ","A","FIller Der","152.4","571.5",,"2","2","0","0",,,"0.45","15",,"0","LxA{0}AyL AxP{+114,3}PyA",,"62209","B","C","1","Caja"
"7/4/2026 12:52 PM","DFE22 1/2618-R - C201 X4 MBL GAVETA CLOSET ","F","Parche Gaveta","152.4","550.5",,"2","2","0","0",,,"1","15",,"0","LxA{0}AyL AxL{-21}LyA",,"62208","C","C","1","Frente"
"7/4/2026 12:52 PM","DFE22 1/2618-R - C201 X4 MBL GAVETA CLOSET ","G","Fondo Gav","450.2","486.5",,"0","0","0","0",,,"0","6",,"0",,,"62207","F","X","1",
"7/4/2026 12:52 PM","DFE22 1/2618-R - C201 X4 MBL GAVETA CLOSET ","E","Contraparche Gav R13A","101.6","472.5",,"2","0","0","0",,,"0.45","15",,"0","AxL{-99}LyA",,"62206","P","P","1","Caja"
"7/4/2026 12:52 PM","DFE22 1/2618-R - C201 X4 MBL GAVETA CLOSET ","C","Lat Der Gav R13A","101.6","457.2",,"2","2","0","0",,,"0.45","15",,"0","AxP{0}PyA",,"62204","P","P","1","Caja"
"7/4/2026 12:52 PM","DFE22 1/2618-R - C201 X4 MBL GAVETA CLOSET ","D","Lat Izq Gav R13A","101.6","457.2",,"2","2","0","0",,,"0.45","15",,"0","AxP{0}PyA",,"62205","P","P","1","Caja"
"7/4/2026 12:52 PM","DFE22 1/2618-R - C201 X4 MBL GAVETA CLOSET ","B","Trasero Gav","81.6","472.5",,"2","0","0","0",,,"0.45","15",,"0","LxA{-70,8}AyL AxL{-99}LyA",,"62203","P","P","1","Caja"
"7/4/2026 12:52 PM","DFE22 1/2618-R - C201 X4 MBL GAVETA CLOSET ","A","FIller Der","152.4","571.5",,"2","2","0","0",,,"0.45","15",,"0","LxA{0}AyL AxP{+114,3}PyA",,"62202","B","C","1","Caja"
"7/4/2026 12:42 PM","DFE22 1/2618-R MBL GAVETA CLOSET ","F","Parche Gaveta","152.4","568.79",,"2","2","0","0",,,"1","15",,"0","LxA{0}AyL AxL{-2,712}LyA",,"62201","C","C","1","Frente"
"7/4/2026 12:42 PM","DFE22 1/2618-R MBL GAVETA CLOSET ","G","Fondo Gav","450.2","486.5",,"0","0","0","0",,,"0","6",,"0",,,"62200","F","X","1",
"7/4/2026 12:42 PM","DFE22 1/2618-R MBL GAVETA CLOSET ","E","Contraparche Gav R13A","101.6","490.79",,"2","0","0","0",,,"0.45","15",,"0","AxL{-80,712}LyA",,"62199","P","P","1","Caja"
"7/4/2026 12:42 PM","DFE22 1/2618-R MBL GAVETA CLOSET ","D","Lat Izq Gav R13A","101.6","457.2",,"2","2","0","0",,,"0.45","15",,"0","AxP{0}PyA",,"62198","P","P","1","Caja"
"7/4/2026 12:42 PM","DFE22 1/2618-R MBL GAVETA CLOSET ","C","Lat Der Gav R13A","101.6","457.2",,"2","2","0","0",,,"0.45","15",,"0","AxP{0}PyA",,"62197","P","P","1","Caja"
"7/4/2026 12:42 PM","DFE22 1/2618-R MBL GAVETA CLOSET ","B","Trasero Gav","81.6","490.79",,"2","0","0","0",,,"0.45","15",,"0","LxA{-70,8}AyL AxL{-80,712}LyA",,"62196","P","P","1","Caja"
"7/4/2026 12:42 PM","DFE22 1/2618-R MBL GAVETA CLOSET ","A","FIller Der","152.4","571.5",,"2","2","0","0",,,"0.45","15",,"0","LxA{0}AyL AxP{+114,3}PyA",,"62195","B","C","1","Caja"
"7/3/2026 9:00 AM","PN23 3/896 PANEL MBLE","A","PANEL","2,438.4","593.73",,"2","2","0","0",,,"1","18",,"0","LxL{0}LyL AxA{0}AyA",,"62133","C","C","1","Frente"
"7/3/2026 3:30 AM","HRJ CC249622 1/2 TK4 1/2 3S-R + DFE - C601 MBL CLOSET 1 PUERTA 3 ENTREPAÑOS","K","SHELF3","572.6","571.5",,"0","0","2","2",,,"1","18",,"0","LxL{-37}LyL AxP{-0}PyA",,"62132","P","P","1","Caja"
"7/3/2026 3:30 AM","HRJ CC249622 1/2 TK4 1/2 3S-R + DFE - C601 MBL CLOSET 1 PUERTA 3 ENTREPAÑOS","J","SHELF2","572.6","571.5",,"0","0","2","2",,,"1","18",,"0","LxL{-37}LyL AxP{-0}PyA",,"62131","P","P","1","Caja"
"7/3/2026 3:30 AM","HRJ CC249622 1/2 TK4 1/2 3S-R + DFE - C601 MBL CLOSET 1 PUERTA 3 ENTREPAÑOS","L","DOOR","2,320.9","606.4",,"2","2",,,,,"1","18",,"0","LxA{-117,5}AyL  AxL{-3,2}LyA",,"62130","C","C","1","Frente"
"7/3/2026 3:30 AM","HRJ CC249622 1/2 TK4 1/2 3S-R + DFE - C601 MBL CLOSET 1 PUERTA 3 ENTREPAÑOS","I","SHELF1","572.6","571.5",,,,"2","2",,,"1","18",,"0","LxL{-37}LyL AxP{-0}PyA",,"62129","P","P","1","Caja"
"7/3/2026 3:30 AM","HRJ CC249622 1/2 TK4 1/2 3S-R + DFE - C601 MBL CLOSET 1 PUERTA 3 ENTREPAÑOS","H","SHELF0","573.6","571.5",,"2",,"0",,,,"1","18",,"0","LxL{-36}LyL AxP{-0}PyA",,"62128","P","P","1","Caja"
"7/3/2026 3:30 AM","HRJ CC249622 1/2 TK4 1/2 3S-R + DFE - C601 MBL CLOSET 1 PUERTA 3 ENTREPAÑOS","G","RAIL TRASERO","573.6","80",,,,"2",,,,"1","18",,"0","LxL{-36}LyL",,"62127","P","P","1","Caja"
"7/3/2026 3:30 AM","HRJ CC249622 1/2 TK4 1/2 3S-R + DFE - C601 MBL CLOSET 1 PUERTA 3 ENTREPAÑOS","F","RAIL TRASERO","573.6","80",,,,"2",,,,"1","18",,"0","LxL{-36}LyL",,"62126","P","P","1","Caja"
"7/3/2026 3:30 AM","HRJ CC249622 1/2 TK4 1/2 3S-R + DFE - C601 MBL CLOSET 1 PUERTA 3 ENTREPAÑOS","E","RAIL TRASERO","573.6","80",,"0",,"2",,,,"1","18",,"0","LxL{-36}LyL",,"62125","P","P","1","Caja"
"7/3/2026 3:30 AM","HRJ CC249622 1/2 TK4 1/2 3S-R + DFE - C601 MBL CLOSET 1 PUERTA 3 ENTREPAÑOS","D","SIDE L","2,324.1","571.5",,"2","2",,,,,"1","18",,"0","LxA{-114,3}AyL AxP{0}PyA",,"62124","B","C","1","Caja"
"7/3/2026 3:30 AM","HRJ CC249622 1/2 TK4 1/2 3S-R + DFE - C601 MBL CLOSET 1 PUERTA 3 ENTREPAÑOS","C","SIDE R","2,324.1","571.5",,"2","2",,,,,"1","18",,"0","LxA{-114,3}AyL AxP{0}PyA",,"62123","B","C","1","Caja"
"7/3/2026 3:30 AM","HRJ CC249622 1/2 TK4 1/2 3S-R + DFE - C601 MBL CLOSET 1 PUERTA 3 ENTREPAÑOS","B","TAPA","573.6","571.5",,"2",,,,,,"1","18",,"0","LxL{-36}LyL AxP{-0}PyA",,"62122","B","C","1","Caja"
"7/3/2026 3:30 AM","HRJ CC249622 1/2 TK4 1/2 3S-R + DFE - C601 MBL CLOSET 1 PUERTA 3 ENTREPAÑOS","A","BASE","573.6","571.5",,"2",,,,,,"1","18",,"0","LxL{-36}LyL AxP{-0}PyA",,"62121","B","C","1","Caja"
"7/3/2026 3:28 AM","HRJ CC249622 1/2 TK4 1/2 3S-R + DFE - C501 MBL CLOSET 1 PUERTA 3 ENTREPAÑOS","K","SHELF3","572.6","571.5",,"0","0","2","2",,,"1","18",,"0","LxL{-37}LyL AxP{-0}PyA",,"62120","P","P","1","Caja"
"7/3/2026 3:28 AM","HRJ CC249622 1/2 TK4 1/2 3S-R + DFE - C501 MBL CLOSET 1 PUERTA 3 ENTREPAÑOS","J","SHELF2","572.6","571.5",,"0","0","2","2",,,"1","18",,"0","LxL{-37}LyL AxP{-0}PyA",,"62119","P","P","1","Caja"
"7/3/2026 3:28 AM","HRJ CC249622 1/2 TK4 1/2 3S-R + DFE - C501 MBL CLOSET 1 PUERTA 3 ENTREPAÑOS","L","DOOR","2,320.9","606.4",,"2","2",,,,,"1","18",,"0","LxA{-117,5}AyL  AxL{-3,2}LyA",,"62118","C","C","1","Frente"
"7/3/2026 3:28 AM","HRJ CC249622 1/2 TK4 1/2 3S-R + DFE - C501 MBL CLOSET 1 PUERTA 3 ENTREPAÑOS","I","SHELF1","572.6","571.5",,,,"2","2",,,"1","18",,"0","LxL{-37}LyL AxP{-0}PyA",,"62117","P","P","1","Caja"
"7/3/2026 3:28 AM","HRJ CC249622 1/2 TK4 1/2 3S-R + DFE - C501 MBL CLOSET 1 PUERTA 3 ENTREPAÑOS","H","SHELF0","573.6","571.5",,"2",,"0",,,,"1","18",,"0","LxL{-36}LyL AxP{-0}PyA",,"62116","P","P","1","Caja"
"7/3/2026 3:28 AM","HRJ CC249622 1/2 TK4 1/2 3S-R + DFE - C501 MBL CLOSET 1 PUERTA 3 ENTREPAÑOS","G","RAIL TRASERO","573.6","80",,,,"2",,,,"1","18",,"0","LxL{-36}LyL",,"62115","P","P","1","Caja"
"7/3/2026 3:28 AM","HRJ CC249622 1/2 TK4 1/2 3S-R + DFE - C501 MBL CLOSET 1 PUERTA 3 ENTREPAÑOS","F","RAIL TRASERO","573.6","80",,,,"2",,,,"1","18",,"0","LxL{-36}LyL",,"62114","P","P","1","Caja"
"7/3/2026 3:28 AM","HRJ CC249622 1/2 TK4 1/2 3S-R + DFE - C501 MBL CLOSET 1 PUERTA 3 ENTREPAÑOS","E","RAIL TRASERO","573.6","80",,"0",,"2",,,,"1","18",,"0","LxL{-36}LyL",,"62113","P","P","1","Caja"
"7/3/2026 3:28 AM","HRJ CC249622 1/2 TK4 1/2 3S-R + DFE - C501 MBL CLOSET 1 PUERTA 3 ENTREPAÑOS","D","SIDE L","2,324.1","571.5",,"2","2",,,,,"1","18",,"0","LxA{-114,3}AyL AxP{0}PyA",,"62112","B","C","1","Caja"
"7/3/2026 3:28 AM","HRJ CC249622 1/2 TK4 1/2 3S-R + DFE - C501 MBL CLOSET 1 PUERTA 3 ENTREPAÑOS","B","TAPA","573.6","571.5",,"2",,,,,,"1","18",,"0","LxL{-36}LyL AxP{-0}PyA",,"62110","B","C","1","Caja"
"7/3/2026 3:28 AM","HRJ CC249622 1/2 TK4 1/2 3S-R + DFE - C501 MBL CLOSET 1 PUERTA 3 ENTREPAÑOS","C","SIDE R","2,324.1","571.5",,"2","2",,,,,"1","18",,"0","LxA{-114,3}AyL AxP{0}PyA",,"62111","B","C","1","Caja"
"7/3/2026 3:28 AM","HRJ CC249622 1/2 TK4 1/2 3S-R + DFE - C501 MBL CLOSET 1 PUERTA 3 ENTREPAÑOS","A","BASE","573.6","571.5",,"2",,,,,,"1","18",,"0","LxL{-36}LyL AxP{-0}PyA",,"62109","B","C","1","Caja"
"7/3/2026 3:25 AM","HRJ CC249622 1/2 TK4 1/2 3S-R + DFE - C401 MBL CLOSET 1 PUERTA 3 ENTREPAÑOS","K","SHELF3","572.6","571.5",,"0","0","2","2",,,"1","18",,"0","LxL{-37}LyL AxP{-0}PyA",,"62108","P","P","1","Caja"
"7/3/2026 3:25 AM","HRJ CC249622 1/2 TK4 1/2 3S-R + DFE - C401 MBL CLOSET 1 PUERTA 3 ENTREPAÑOS","J","SHELF2","572.6","571.5",,"0","0","2","2",,,"1","18",,"0","LxL{-37}LyL AxP{-0}PyA",,"62107","P","P","1","Caja"
"7/3/2026 3:25 AM","HRJ CC249622 1/2 TK4 1/2 3S-R + DFE - C401 MBL CLOSET 1 PUERTA 3 ENTREPAÑOS","L","DOOR","2,320.9","606.4",,"2","2",,,,,"1","18",,"0","LxA{-117,5}AyL  AxL{-3,2}LyA",,"62106","C","C","1","Frente"
"7/3/2026 3:25 AM","HRJ CC249622 1/2 TK4 1/2 3S-R + DFE - C401 MBL CLOSET 1 PUERTA 3 ENTREPAÑOS","I","SHELF1","572.6","571.5",,,,"2","2",,,"1","18",,"0","LxL{-37}LyL AxP{-0}PyA",,"62105","P","P","1","Caja"
"7/3/2026 3:25 AM","HRJ CC249622 1/2 TK4 1/2 3S-R + DFE - C401 MBL CLOSET 1 PUERTA 3 ENTREPAÑOS","H","SHELF0","573.6","571.5",,"2",,"0",,,,"1","18",,"0","LxL{-36}LyL AxP{-0}PyA",,"62104","P","P","1","Caja"
"7/3/2026 3:25 AM","HRJ CC249622 1/2 TK4 1/2 3S-R + DFE - C401 MBL CLOSET 1 PUERTA 3 ENTREPAÑOS","G","RAIL TRASERO","573.6","80",,,,"2",,,,"1","18",,"0","LxL{-36}LyL",,"62103","P","P","1","Caja"
"7/3/2026 3:25 AM","HRJ CC249622 1/2 TK4 1/2 3S-R + DFE - C401 MBL CLOSET 1 PUERTA 3 ENTREPAÑOS","F","RAIL TRASERO","573.6","80",,,,"2",,,,"1","18",,"0","LxL{-36}LyL",,"62102","P","P","1","Caja"
"7/3/2026 3:25 AM","HRJ CC249622 1/2 TK4 1/2 3S-R + DFE - C401 MBL CLOSET 1 PUERTA 3 ENTREPAÑOS","E","RAIL TRASERO","573.6","80",,"0",,"2",,,,"1","18",,"0","LxL{-36}LyL",,"62101","P","P","1","Caja"
"7/3/2026 3:25 AM","HRJ CC249622 1/2 TK4 1/2 3S-R + DFE - C401 MBL CLOSET 1 PUERTA 3 ENTREPAÑOS","D","SIDE L","2,324.1","571.5",,"2","2",,,,,"1","18",,"0","LxA{-114,3}AyL AxP{0}PyA",,"62100","B","C","1","Caja"
"7/3/2026 3:25 AM","HRJ CC249622 1/2 TK4 1/2 3S-R + DFE - C401 MBL CLOSET 1 PUERTA 3 ENTREPAÑOS","C","SIDE R","2,324.1","571.5",,"2","2",,,,,"1","18",,"0","LxA{-114,3}AyL AxP{0}PyA",,"62099","B","C","1","Caja"
"7/3/2026 3:25 AM","HRJ CC249622 1/2 TK4 1/2 3S-R + DFE - C401 MBL CLOSET 1 PUERTA 3 ENTREPAÑOS","B","TAPA","573.6","571.5",,"2",,,,,,"1","18",,"0","LxL{-36}LyL AxP{-0}PyA",,"62098","B","C","1","Caja"
"7/3/2026 3:25 AM","HRJ CC249622 1/2 TK4 1/2 3S-R + DFE - C401 MBL CLOSET 1 PUERTA 3 ENTREPAÑOS","A","BASE","573.6","571.5",,"2",,,,,,"1","18",,"0","LxL{-36}LyL AxP{-0}PyA",,"62097","B","C","1","Caja"
"7/3/2026 3:22 AM","HRJ CC249622 1/2 TK4 1/2 3S-R + DFE - C301 MBL CLOSET 1 PUERTA 3 ENTREPAÑOS","K","SHELF3","572.6","571.5",,"0","0","2","2",,,"1","18",,"0","LxL{-37}LyL AxP{-0}PyA",,"62096","P","P","1","Caja"
"7/3/2026 3:22 AM","HRJ CC249622 1/2 TK4 1/2 3S-R + DFE - C301 MBL CLOSET 1 PUERTA 3 ENTREPAÑOS","J","SHELF2","572.6","571.5",,"0","0","2","2",,,"1","18",,"0","LxL{-37}LyL AxP{-0}PyA",,"62095","P","P","1","Caja"
"7/3/2026 3:22 AM","HRJ CC249622 1/2 TK4 1/2 3S-R + DFE - C301 MBL CLOSET 1 PUERTA 3 ENTREPAÑOS","L","DOOR","2,320.9","606.4",,"2","2",,,,,"1","18",,"0","LxA{-117,5}AyL  AxL{-3,2}LyA",,"62094","C","C","1","Frente"
"7/3/2026 3:22 AM","HRJ CC249622 1/2 TK4 1/2 3S-R + DFE - C301 MBL CLOSET 1 PUERTA 3 ENTREPAÑOS","I","SHELF1","572.6","571.5",,,,"2","2",,,"1","18",,"0","LxL{-37}LyL AxP{-0}PyA",,"62093","P","P","1","Caja"
"7/3/2026 3:22 AM","HRJ CC249622 1/2 TK4 1/2 3S-R + DFE - C301 MBL CLOSET 1 PUERTA 3 ENTREPAÑOS","H","SHELF0","573.6","571.5",,"2",,"0",,,,"1","18",,"0","LxL{-36}LyL AxP{-0}PyA",,"62092","P","P","1","Caja"
"7/3/2026 3:22 AM","HRJ CC249622 1/2 TK4 1/2 3S-R + DFE - C301 MBL CLOSET 1 PUERTA 3 ENTREPAÑOS","G","RAIL TRASERO","573.6","80",,,,"2",,,,"1","18",,"0","LxL{-36}LyL",,"62091","P","P","1","Caja"
"7/3/2026 3:22 AM","HRJ CC249622 1/2 TK4 1/2 3S-R + DFE - C301 MBL CLOSET 1 PUERTA 3 ENTREPAÑOS","F","RAIL TRASERO","573.6","80",,,,"2",,,,"1","18",,"0","LxL{-36}LyL",,"62090","P","P","1","Caja"
"7/3/2026 3:22 AM","HRJ CC249622 1/2 TK4 1/2 3S-R + DFE - C301 MBL CLOSET 1 PUERTA 3 ENTREPAÑOS","E","RAIL TRASERO","573.6","80",,"0",,"2",,,,"1","18",,"0","LxL{-36}LyL",,"62089","P","P","1","Caja"
"7/3/2026 3:22 AM","HRJ CC249622 1/2 TK4 1/2 3S-R + DFE - C301 MBL CLOSET 1 PUERTA 3 ENTREPAÑOS","D","SIDE L","2,324.1","571.5",,"2","2",,,,,"1","18",,"0","LxA{-114,3}AyL AxP{0}PyA",,"62088","B","C","1","Caja"
"7/3/2026 3:22 AM","HRJ CC249622 1/2 TK4 1/2 3S-R + DFE - C301 MBL CLOSET 1 PUERTA 3 ENTREPAÑOS","C","SIDE R","2,324.1","571.5",,"2","2",,,,,"1","18",,"0","LxA{-114,3}AyL AxP{0}PyA",,"62087","B","C","1","Caja"
"7/3/2026 3:22 AM","HRJ CC249622 1/2 TK4 1/2 3S-R + DFE - C301 MBL CLOSET 1 PUERTA 3 ENTREPAÑOS","B","TAPA","573.6","571.5",,"2",,,,,,"1","18",,"0","LxL{-36}LyL AxP{-0}PyA",,"62086","B","C","1","Caja"
"7/3/2026 3:22 AM","HRJ CC249622 1/2 TK4 1/2 3S-R + DFE - C301 MBL CLOSET 1 PUERTA 3 ENTREPAÑOS","A","BASE","573.6","571.5",,"2",,,,,,"1","18",,"0","LxL{-36}LyL AxP{-0}PyA",,"62085","B","C","1","Caja"
"7/3/2026 3:17 AM","HRJ CC249622 1/2 TK4 1/2 3S-R + DFE - C201 MBL CLOSET 1 PUERTA 3 ENTREPAÑOS","K","SHELF3","572.6","571.5",,"0","0","2","2",,,"1","18",,"0","LxL{-37}LyL AxP{-0}PyA",,"62084","P","P","1","Caja"
"7/3/2026 3:17 AM","HRJ CC249622 1/2 TK4 1/2 3S-R + DFE - C201 MBL CLOSET 1 PUERTA 3 ENTREPAÑOS","J","SHELF2","572.6","571.5",,"0","0","2","2",,,"1","18",,"0","LxL{-37}LyL AxP{-0}PyA",,"62083","P","P","1","Caja"
"7/3/2026 3:17 AM","HRJ CC249622 1/2 TK4 1/2 3S-R + DFE - C201 MBL CLOSET 1 PUERTA 3 ENTREPAÑOS","L","DOOR","2,320.9","606.4",,"2","2",,,,,"1","18",,"0","LxA{-117,5}AyL  AxL{-3,2}LyA",,"62082","C","C","1","Frente"
"7/3/2026 3:17 AM","HRJ CC249622 1/2 TK4 1/2 3S-R + DFE - C201 MBL CLOSET 1 PUERTA 3 ENTREPAÑOS","I","SHELF1","572.6","571.5",,,,"2","2",,,"1","18",,"0","LxL{-37}LyL AxP{-0}PyA",,"62081","P","P","1","Caja"
"7/3/2026 3:17 AM","HRJ CC249622 1/2 TK4 1/2 3S-R + DFE - C201 MBL CLOSET 1 PUERTA 3 ENTREPAÑOS","H","SHELF0","573.6","571.5",,"2",,"0",,,,"1","18",,"0","LxL{-36}LyL AxP{-0}PyA",,"62080","P","P","1","Caja"
"7/3/2026 3:17 AM","HRJ CC249622 1/2 TK4 1/2 3S-R + DFE - C201 MBL CLOSET 1 PUERTA 3 ENTREPAÑOS","G","RAIL TRASERO","573.6","80",,,,"2",,,,"1","18",,"0","LxL{-36}LyL",,"62079","P","P","1","Caja"
"7/3/2026 3:17 AM","HRJ CC249622 1/2 TK4 1/2 3S-R + DFE - C201 MBL CLOSET 1 PUERTA 3 ENTREPAÑOS","F","RAIL TRASERO","573.6","80",,,,"2",,,,"1","18",,"0","LxL{-36}LyL",,"62078","P","P","1","Caja"
"7/3/2026 3:17 AM","HRJ CC249622 1/2 TK4 1/2 3S-R + DFE - C201 MBL CLOSET 1 PUERTA 3 ENTREPAÑOS","E","RAIL TRASERO","573.6","80",,"0",,"2",,,,"1","18",,"0","LxL{-36}LyL",,"62077","P","P","1","Caja"
"7/3/2026 3:17 AM","HRJ CC249622 1/2 TK4 1/2 3S-R + DFE - C201 MBL CLOSET 1 PUERTA 3 ENTREPAÑOS","D","SIDE L","2,324.1","571.5",,"2","2",,,,,"1","18",,"0","LxA{-114,3}AyL AxP{0}PyA",,"62076","B","C","1","Caja"
"7/3/2026 3:17 AM","HRJ CC249622 1/2 TK4 1/2 3S-R + DFE - C201 MBL CLOSET 1 PUERTA 3 ENTREPAÑOS","C","SIDE R","2,324.1","571.5",,"2","2",,,,,"1","18",,"0","LxA{-114,3}AyL AxP{0}PyA",,"62075","B","C","1","Caja"
"7/3/2026 3:17 AM","HRJ CC249622 1/2 TK4 1/2 3S-R + DFE - C201 MBL CLOSET 1 PUERTA 3 ENTREPAÑOS","B","TAPA","573.6","571.5",,"2",,,,,,"1","18",,"0","LxL{-36}LyL AxP{-0}PyA",,"62074","B","C","1","Caja"
"7/3/2026 3:17 AM","HRJ CC249622 1/2 TK4 1/2 3S-R + DFE - C201 MBL CLOSET 1 PUERTA 3 ENTREPAÑOS","A","BASE","573.6","571.5",,"2",,,,,,"1","18",,"0","LxL{-36}LyL AxP{-0}PyA",,"62073","B","C","1","Caja"
"7/3/2026 3:07 AM","HRJ CC249622 1/2 TK4 1/2 6S-L - C601 MBL CLOSET 1 PUERTA 6 ENTREPAÑOS","L","SHELF4","572.6","571.5",,"0","0","2","2",,,"1","18",,"0","LxL{-37}LyL AxP{-0}PyA",,"62011","P","P","1","Caja"
"7/3/2026 3:07 AM","HRJ CC249622 1/2 TK4 1/2 6S-L - C601 MBL CLOSET 1 PUERTA 6 ENTREPAÑOS","M","SHELF5","572.6","571.5",,"0","0","2","2",,,"1","18",,"0","LxL{-37}LyL AxP{-0}PyA",,"62012","P","P","1","Caja"
"7/3/2026 3:07 AM","HRJ CC249622 1/2 TK4 1/2 6S-L - C601 MBL CLOSET 1 PUERTA 6 ENTREPAÑOS","K","SHELF3","572.6","571.5",,"0","0","2","2",,,"1","18",,"0","LxL{-37}LyL AxP{-0}PyA",,"62010","P","P","1","Caja"
"7/3/2026 3:07 AM","HRJ CC249622 1/2 TK4 1/2 6S-L - C601 MBL CLOSET 1 PUERTA 6 ENTREPAÑOS","J","SHELF2","572.6","571.5",,"0","0","2","2",,,"1","18",,"0","LxL{-37}LyL AxP{-0}PyA",,"62009","P","P","1","Caja"
"7/3/2026 3:07 AM","HRJ CC249622 1/2 TK4 1/2 6S-L - C601 MBL CLOSET 1 PUERTA 6 ENTREPAÑOS","N","DOOR","2,320.9","606.4",,"2","2",,,,,"1","18",,"0","LxA{-117,5}AyL  AxL{-3,2}LyA",,"62008","C","C","1","Frente"
"7/3/2026 3:07 AM","HRJ CC249622 1/2 TK4 1/2 6S-L - C601 MBL CLOSET 1 PUERTA 6 ENTREPAÑOS","I","SHELF1","572.6","571.5",,,,"2","2",,,"1","18",,"0","LxL{-37}LyL AxP{-0}PyA",,"62007","P","P","1","Caja"
"7/3/2026 3:07 AM","HRJ CC249622 1/2 TK4 1/2 6S-L - C601 MBL CLOSET 1 PUERTA 6 ENTREPAÑOS","H","SHELF0","573.6","571.5",,"2",,"0",,,,"1","18",,"0","LxL{-36}LyL AxP{-0}PyA",,"62006","P","P","1","Caja"
"7/3/2026 3:07 AM","HRJ CC249622 1/2 TK4 1/2 6S-L - C601 MBL CLOSET 1 PUERTA 6 ENTREPAÑOS","G","RAIL TRASERO","573.6","80",,,,"2",,,,"1","18",,"0","LxL{-36}LyL",,"62005","P","P","1","Caja"
"7/3/2026 3:07 AM","HRJ CC249622 1/2 TK4 1/2 6S-L - C601 MBL CLOSET 1 PUERTA 6 ENTREPAÑOS","F","RAIL TRASERO","573.6","80",,,,"2",,,,"1","18",,"0","LxL{-36}LyL",,"62004","P","P","1","Caja"
"7/3/2026 3:07 AM","HRJ CC249622 1/2 TK4 1/2 6S-L - C601 MBL CLOSET 1 PUERTA 6 ENTREPAÑOS","E","RAIL TRASERO","573.6","80",,"0",,"2",,,,"1","18",,"0","LxL{-36}LyL",,"62003","P","P","1","Caja"
"7/3/2026 3:07 AM","HRJ CC249622 1/2 TK4 1/2 6S-L - C601 MBL CLOSET 1 PUERTA 6 ENTREPAÑOS","D","SIDE L","2,324.1","571.5",,"2","2",,,,,"1","18",,"0","LxA{-114,3}AyL AxP{0}PyA",,"62002","B","C","1","Caja"
"7/3/2026 3:07 AM","HRJ CC249622 1/2 TK4 1/2 6S-L - C601 MBL CLOSET 1 PUERTA 6 ENTREPAÑOS","C","SIDE R","2,324.1","571.5",,"2","2",,,,,"1","18",,"0","LxA{-114,3}AyL AxP{0}PyA",,"62001","B","C","1","Caja"
"7/3/2026 3:07 AM","HRJ CC249622 1/2 TK4 1/2 6S-L - C601 MBL CLOSET 1 PUERTA 6 ENTREPAÑOS","B","TAPA","573.6","571.5",,"2",,,,,,"1","18",,"0","LxL{-36}LyL AxP{-0}PyA",,"62000","B","C","1","Caja"
"7/3/2026 3:07 AM","HRJ CC249622 1/2 TK4 1/2 6S-L - C601 MBL CLOSET 1 PUERTA 6 ENTREPAÑOS","A","BASE","573.6","571.5",,"2",,,,,,"1","18",,"0","LxL{-36}LyL AxP{-0}PyA",,"61999","B","C","1","Caja"
"7/3/2026 3:05 AM","HRJ CC249622 1/2 TK4 1/2 6S-L - C501 MBL CLOSET 1 PUERTA 6 ENTREPAÑOS","M","SHELF5","572.6","571.5",,"0","0","2","2",,,"1","18",,"0","LxL{-37}LyL AxP{-0}PyA",,"61998","P","P","1","Caja"
"7/3/2026 3:05 AM","HRJ CC249622 1/2 TK4 1/2 6S-L - C501 MBL CLOSET 1 PUERTA 6 ENTREPAÑOS","L","SHELF4","572.6","571.5",,"0","0","2","2",,,"1","18",,"0","LxL{-37}LyL AxP{-0}PyA",,"61997","P","P","1","Caja"
"7/3/2026 3:05 AM","HRJ CC249622 1/2 TK4 1/2 6S-L - C501 MBL CLOSET 1 PUERTA 6 ENTREPAÑOS","K","SHELF3","572.6","571.5",,"0","0","2","2",,,"1","18",,"0","LxL{-37}LyL AxP{-0}PyA",,"61996","P","P","1","Caja"
"7/3/2026 3:05 AM","HRJ CC249622 1/2 TK4 1/2 6S-L - C501 MBL CLOSET 1 PUERTA 6 ENTREPAÑOS","J","SHELF2","572.6","571.5",,"0","0","2","2",,,"1","18",,"0","LxL{-37}LyL AxP{-0}PyA",,"61995","P","P","1","Caja"
"7/3/2026 3:05 AM","HRJ CC249622 1/2 TK4 1/2 6S-L - C501 MBL CLOSET 1 PUERTA 6 ENTREPAÑOS","N","DOOR","2,320.9","606.4",,"2","2",,,,,"1","18",,"0","LxA{-117,5}AyL  AxL{-3,2}LyA",,"61994","C","C","1","Frente"
"7/3/2026 3:05 AM","HRJ CC249622 1/2 TK4 1/2 6S-L - C501 MBL CLOSET 1 PUERTA 6 ENTREPAÑOS","I","SHELF1","572.6","571.5",,,,"2","2",,,"1","18",,"0","LxL{-37}LyL AxP{-0}PyA",,"61993","P","P","1","Caja"
"7/3/2026 3:05 AM","HRJ CC249622 1/2 TK4 1/2 6S-L - C501 MBL CLOSET 1 PUERTA 6 ENTREPAÑOS","H","SHELF0","573.6","571.5",,"2",,"0",,,,"1","18",,"0","LxL{-36}LyL AxP{-0}PyA",,"61992","P","P","1","Caja"
"7/3/2026 3:05 AM","HRJ CC249622 1/2 TK4 1/2 6S-L - C501 MBL CLOSET 1 PUERTA 6 ENTREPAÑOS","G","RAIL TRASERO","573.6","80",,,,"2",,,,"1","18",,"0","LxL{-36}LyL",,"61991","P","P","1","Caja"
"7/3/2026 3:05 AM","HRJ CC249622 1/2 TK4 1/2 6S-L - C501 MBL CLOSET 1 PUERTA 6 ENTREPAÑOS","F","RAIL TRASERO","573.6","80",,,,"2",,,,"1","18",,"0","LxL{-36}LyL",,"61990","P","P","1","Caja"
"7/3/2026 3:05 AM","HRJ CC249622 1/2 TK4 1/2 6S-L - C501 MBL CLOSET 1 PUERTA 6 ENTREPAÑOS","E","RAIL TRASERO","573.6","80",,"0",,"2",,,,"1","18",,"0","LxL{-36}LyL",,"61989","P","P","1","Caja"
"7/3/2026 3:05 AM","HRJ CC249622 1/2 TK4 1/2 6S-L - C501 MBL CLOSET 1 PUERTA 6 ENTREPAÑOS","D","SIDE L","2,324.1","571.5",,"2","2",,,,,"1","18",,"0","LxA{-114,3}AyL AxP{0}PyA",,"61988","B","C","1","Caja"
"7/3/2026 3:05 AM","HRJ CC249622 1/2 TK4 1/2 6S-L - C501 MBL CLOSET 1 PUERTA 6 ENTREPAÑOS","C","SIDE R","2,324.1","571.5",,"2","2",,,,,"1","18",,"0","LxA{-114,3}AyL AxP{0}PyA",,"61987","B","C","1","Caja"
"7/3/2026 3:05 AM","HRJ CC249622 1/2 TK4 1/2 6S-L - C501 MBL CLOSET 1 PUERTA 6 ENTREPAÑOS","B","TAPA","573.6","571.5",,"2",,,,,,"1","18",,"0","LxL{-36}LyL AxP{-0}PyA",,"61986","B","C","1","Caja"
"7/3/2026 3:05 AM","HRJ CC249622 1/2 TK4 1/2 6S-L - C501 MBL CLOSET 1 PUERTA 6 ENTREPAÑOS","A","BASE","573.6","571.5",,"2",,,,,,"1","18",,"0","LxL{-36}LyL AxP{-0}PyA",,"61985","B","C","1","Caja"
"7/3/2026 3:03 AM","HRJ CC249622 1/2 TK4 1/2 6S-L - C401 MBL CLOSET 1 PUERTA 6 ENTREPAÑOS","M","SHELF5","572.6","571.5",,"0","0","2","2",,,"1","18",,"0","LxL{-37}LyL AxP{-0}PyA",,"61984","P","P","1","Caja"
"7/3/2026 3:03 AM","HRJ CC249622 1/2 TK4 1/2 6S-L - C401 MBL CLOSET 1 PUERTA 6 ENTREPAÑOS","L","SHELF4","572.6","571.5",,"0","0","2","2",,,"1","18",,"0","LxL{-37}LyL AxP{-0}PyA",,"61983","P","P","1","Caja"
"7/3/2026 3:03 AM","HRJ CC249622 1/2 TK4 1/2 6S-L - C401 MBL CLOSET 1 PUERTA 6 ENTREPAÑOS","K","SHELF3","572.6","571.5",,"0","0","2","2",,,"1","18",,"0","LxL{-37}LyL AxP{-0}PyA",,"61982","P","P","1","Caja"
"7/3/2026 3:03 AM","HRJ CC249622 1/2 TK4 1/2 6S-L - C401 MBL CLOSET 1 PUERTA 6 ENTREPAÑOS","J","SHELF2","572.6","571.5",,"0","0","2","2",,,"1","18",,"0","LxL{-37}LyL AxP{-0}PyA",,"61981","P","P","1","Caja"
"7/3/2026 3:03 AM","HRJ CC249622 1/2 TK4 1/2 6S-L - C401 MBL CLOSET 1 PUERTA 6 ENTREPAÑOS","N","DOOR","2,320.9","606.4",,"2","2",,,,,"1","18",,"0","LxA{-117,5}AyL  AxL{-3,2}LyA",,"61980","C","C","1","Frente"
"7/3/2026 3:03 AM","HRJ CC249622 1/2 TK4 1/2 6S-L - C401 MBL CLOSET 1 PUERTA 6 ENTREPAÑOS","I","SHELF1","572.6","571.5",,,,"2","2",,,"1","18",,"0","LxL{-37}LyL AxP{-0}PyA",,"61979","P","P","1","Caja"
"7/3/2026 3:03 AM","HRJ CC249622 1/2 TK4 1/2 6S-L - C401 MBL CLOSET 1 PUERTA 6 ENTREPAÑOS","H","SHELF0","573.6","571.5",,"2",,"0",,,,"1","18",,"0","LxL{-36}LyL AxP{-0}PyA",,"61978","P","P","1","Caja"
"7/3/2026 3:03 AM","HRJ CC249622 1/2 TK4 1/2 6S-L - C401 MBL CLOSET 1 PUERTA 6 ENTREPAÑOS","G","RAIL TRASERO","573.6","80",,,,"2",,,,"1","18",,"0","LxL{-36}LyL",,"61977","P","P","1","Caja"
"7/3/2026 3:03 AM","HRJ CC249622 1/2 TK4 1/2 6S-L - C401 MBL CLOSET 1 PUERTA 6 ENTREPAÑOS","F","RAIL TRASERO","573.6","80",,,,"2",,,,"1","18",,"0","LxL{-36}LyL",,"61976","P","P","1","Caja"
"7/3/2026 3:03 AM","HRJ CC249622 1/2 TK4 1/2 6S-L - C401 MBL CLOSET 1 PUERTA 6 ENTREPAÑOS","D","SIDE L","2,324.1","571.5",,"2","2",,,,,"1","18",,"0","LxA{-114,3}AyL AxP{0}PyA",,"61974","B","C","1","Caja"
"7/3/2026 3:03 AM","HRJ CC249622 1/2 TK4 1/2 6S-L - C401 MBL CLOSET 1 PUERTA 6 ENTREPAÑOS","E","RAIL TRASERO","573.6","80",,"0",,"2",,,,"1","18",,"0","LxL{-36}LyL",,"61975","P","P","1","Caja"
"7/3/2026 3:03 AM","HRJ CC249622 1/2 TK4 1/2 6S-L - C401 MBL CLOSET 1 PUERTA 6 ENTREPAÑOS","C","SIDE R","2,324.1","571.5",,"2","2",,,,,"1","18",,"0","LxA{-114,3}AyL AxP{0}PyA",,"61973","B","C","1","Caja"
"7/3/2026 3:03 AM","HRJ CC249622 1/2 TK4 1/2 6S-L - C401 MBL CLOSET 1 PUERTA 6 ENTREPAÑOS","B","TAPA","573.6","571.5",,"2",,,,,,"1","18",,"0","LxL{-36}LyL AxP{-0}PyA",,"61972","B","C","1","Caja"
"7/3/2026 3:03 AM","HRJ CC249622 1/2 TK4 1/2 6S-L - C401 MBL CLOSET 1 PUERTA 6 ENTREPAÑOS","A","BASE","573.6","571.5",,"2",,,,,,"1","18",,"0","LxL{-36}LyL AxP{-0}PyA",,"61971","B","C","1","Caja"
"7/3/2026 3:01 AM","HRJ CC249622 1/2 TK4 1/2 1H 1S-R - C601 MBL CLOSET 1 PUERTA 1 ENTREPAÑO","I","DOOR","2,320.9","606.4",,"2","2",,,,,"1","18",,"0","LxA{-117,5}AyL  AxL{-3,2}LyA",,"61970","C","C","1","Frente"
"7/3/2026 3:01 AM","HRJ CC249622 1/2 TK4 1/2 1H 1S-R - C601 MBL CLOSET 1 PUERTA 1 ENTREPAÑO","H","SHELF1","572.6","571.5",,,,"2","2",,,"1","18",,"0","LxL{-37}LyL AxP{-0}PyA",,"61969","P","P","1","Caja"
"7/3/2026 3:01 AM","HRJ CC249622 1/2 TK4 1/2 1H 1S-R - C601 MBL CLOSET 1 PUERTA 1 ENTREPAÑO","G","RAIL TRASERO","573.6","80",,,,"2",,,,"1","18",,"0","LxL{-36}LyL",,"61968","P","P","1","Caja"
"7/3/2026 3:01 AM","HRJ CC249622 1/2 TK4 1/2 1H 1S-R - C601 MBL CLOSET 1 PUERTA 1 ENTREPAÑO","F","RAIL TRASERO","573.6","80",,,,"2",,,,"1","18",,"0","LxL{-36}LyL",,"61967","P","P","1","Caja"
"7/3/2026 3:01 AM","HRJ CC249622 1/2 TK4 1/2 1H 1S-R - C601 MBL CLOSET 1 PUERTA 1 ENTREPAÑO","E","RAIL TRASERO","573.6","80",,"0",,"2",,,,"1","18",,"0","LxL{-36}LyL",,"61966","P","P","1","Caja"
"7/3/2026 3:01 AM","HRJ CC249622 1/2 TK4 1/2 1H 1S-R - C601 MBL CLOSET 1 PUERTA 1 ENTREPAÑO","D","SIDE L","2,324.1","571.5",,"2","2",,,,,"1","18",,"0","LxA{-114,3}AyL AxP{0}PyA",,"61965","B","C","1","Caja"
"7/3/2026 3:01 AM","HRJ CC249622 1/2 TK4 1/2 1H 1S-R - C601 MBL CLOSET 1 PUERTA 1 ENTREPAÑO","C","SIDE R","2,324.1","571.5",,"2","2",,,,,"1","18",,"0","LxA{-114,3}AyL AxP{0}PyA",,"61964","B","C","1","Caja"
"7/3/2026 3:01 AM","HRJ CC249622 1/2 TK4 1/2 1H 1S-R - C601 MBL CLOSET 1 PUERTA 1 ENTREPAÑO","B","TAPA","573.6","571.5",,"2",,,,,,"1","18",,"0","LxL{-36}LyL AxP{-0}PyA",,"61963","B","C","1","Caja"
"7/3/2026 3:01 AM","HRJ CC249622 1/2 TK4 1/2 1H 1S-R - C601 MBL CLOSET 1 PUERTA 1 ENTREPAÑO","A","BASE","573.6","571.5",,"2",,,,,,"1","18",,"0","LxL{-36}LyL AxP{-0}PyA",,"61962","B","C","1","Caja"
"7/3/2026 2:51 AM","HRJ CC249622 1/2 TK4 1/2 1H 1S-R - C501 MBL CLOSET 1 PUERTA 1 ENTREPAÑO","I","DOOR","2,320.9","606.4",,"2","2",,,,,"1","18",,"0","LxA{-117,5}AyL  AxL{-3,2}LyA",,"61961","C","C","1","Frente"
"7/3/2026 2:51 AM","HRJ CC249622 1/2 TK4 1/2 1H 1S-R - C501 MBL CLOSET 1 PUERTA 1 ENTREPAÑO","H","SHELF1","572.6","571.5",,,,"2","2",,,"1","18",,"0","LxL{-37}LyL AxP{-0}PyA",,"61960","P","P","1","Caja"
"7/3/2026 2:50 AM","HRJ CC249622 1/2 TK4 1/2 1H 1S-R - C501 MBL CLOSET 1 PUERTA 1 ENTREPAÑO","G","RAIL TRASERO","573.6","80",,,,"2",,,,"1","18",,"0","LxL{-36}LyL",,"61959","P","P","1","Caja"
"7/3/2026 2:50 AM","HRJ CC249622 1/2 TK4 1/2 1H 1S-R - C501 MBL CLOSET 1 PUERTA 1 ENTREPAÑO","F","RAIL TRASERO","573.6","80",,,,"2",,,,"1","18",,"0","LxL{-36}LyL",,"61958","P","P","1","Caja"
"7/3/2026 2:50 AM","HRJ CC249622 1/2 TK4 1/2 1H 1S-R - C501 MBL CLOSET 1 PUERTA 1 ENTREPAÑO","E","RAIL TRASERO","573.6","80",,"0",,"2",,,,"1","18",,"0","LxL{-36}LyL",,"61957","P","P","1","Caja"
"7/3/2026 2:50 AM","HRJ CC249622 1/2 TK4 1/2 1H 1S-R - C501 MBL CLOSET 1 PUERTA 1 ENTREPAÑO","D","SIDE L","2,324.1","571.5",,"2","2",,,,,"1","18",,"0","LxA{-114,3}AyL AxP{0}PyA",,"61956","B","C","1","Caja"
"7/3/2026 2:50 AM","HRJ CC249622 1/2 TK4 1/2 1H 1S-R - C501 MBL CLOSET 1 PUERTA 1 ENTREPAÑO","C","SIDE R","2,324.1","571.5",,"2","2",,,,,"1","18",,"0","LxA{-114,3}AyL AxP{0}PyA",,"61955","B","C","1","Caja"
"7/3/2026 2:50 AM","HRJ CC249622 1/2 TK4 1/2 1H 1S-R - C501 MBL CLOSET 1 PUERTA 1 ENTREPAÑO","B","TAPA","573.6","571.5",,"2",,,,,,"1","18",,"0","LxL{-36}LyL AxP{-0}PyA",,"61954","B","C","1","Caja"
"7/3/2026 2:50 AM","HRJ CC249622 1/2 TK4 1/2 1H 1S-R - C501 MBL CLOSET 1 PUERTA 1 ENTREPAÑO","A","BASE","573.6","571.5",,"2",,,,,,"1","18",,"0","LxL{-36}LyL AxP{-0}PyA",,"61953","B","C","1","Caja"
"7/3/2026 2:49 AM","HRJ CC249622 1/2 TK4 1/2 1H 1S-R - C401 MBL CLOSET 1 PUERTA 1 ENTREPAÑO","I","DOOR","2,320.9","606.4",,"2","2",,,,,"1","18",,"0","LxA{-117,5}AyL  AxL{-3,2}LyA",,"61952","C","C","1","Frente"
"7/3/2026 2:49 AM","HRJ CC249622 1/2 TK4 1/2 1H 1S-R - C401 MBL CLOSET 1 PUERTA 1 ENTREPAÑO","H","SHELF1","572.6","571.5",,,,"2","2",,,"1","18",,"0","LxL{-37}LyL AxP{-0}PyA",,"61951","P","P","1","Caja"
"7/3/2026 2:49 AM","HRJ CC249622 1/2 TK4 1/2 1H 1S-R - C401 MBL CLOSET 1 PUERTA 1 ENTREPAÑO","G","RAIL TRASERO","573.6","80",,,,"2",,,,"1","18",,"0","LxL{-36}LyL",,"61950","P","P","1","Caja"
"7/3/2026 2:49 AM","HRJ CC249622 1/2 TK4 1/2 1H 1S-R - C401 MBL CLOSET 1 PUERTA 1 ENTREPAÑO","F","RAIL TRASERO","573.6","80",,,,"2",,,,"1","18",,"0","LxL{-36}LyL",,"61949","P","P","1","Caja"
"7/3/2026 2:49 AM","HRJ CC249622 1/2 TK4 1/2 1H 1S-R - C401 MBL CLOSET 1 PUERTA 1 ENTREPAÑO","D","SIDE L","2,324.1","571.5",,"2","2",,,,,"1","18",,"0","LxA{-114,3}AyL AxP{0}PyA",,"61947","B","C","1","Caja"
"7/3/2026 2:49 AM","HRJ CC249622 1/2 TK4 1/2 1H 1S-R - C401 MBL CLOSET 1 PUERTA 1 ENTREPAÑO","E","RAIL TRASERO","573.6","80",,"0",,"2",,,,"1","18",,"0","LxL{-36}LyL",,"61948","P","P","1","Caja"
"7/3/2026 2:49 AM","HRJ CC249622 1/2 TK4 1/2 1H 1S-R - C401 MBL CLOSET 1 PUERTA 1 ENTREPAÑO","C","SIDE R","2,324.1","571.5",,"2","2",,,,,"1","18",,"0","LxA{-114,3}AyL AxP{0}PyA",,"61946","B","C","1","Caja"
"7/3/2026 2:49 AM","HRJ CC249622 1/2 TK4 1/2 1H 1S-R - C401 MBL CLOSET 1 PUERTA 1 ENTREPAÑO","B","TAPA","573.6","571.5",,"2",,,,,,"1","18",,"0","LxL{-36}LyL AxP{-0}PyA",,"61945","B","C","1","Caja"
"7/3/2026 2:49 AM","HRJ CC249622 1/2 TK4 1/2 1H 1S-R - C401 MBL CLOSET 1 PUERTA 1 ENTREPAÑO","A","BASE","573.6","571.5",,"2",,,,,,"1","18",,"0","LxL{-36}LyL AxP{-0}PyA",,"61944","B","C","1","Caja"
"7/3/2026 2:42 AM","HRJ CC249622 1/2 TK4 1/2 1H 1S-R - C301 MBL CLOSET 1 PUERTA 1 ENTREPAÑO","I","DOOR","2,320.9","606.4",,"2","2",,,,,"1","18",,"0","LxA{-117,5}AyL  AxL{-3,2}LyA",,"61943","C","C","1","Frente"
"7/3/2026 2:42 AM","HRJ CC249622 1/2 TK4 1/2 1H 1S-R - C301 MBL CLOSET 1 PUERTA 1 ENTREPAÑO","H","SHELF1","572.6","571.5",,,,"2","2",,,"1","18",,"0","LxL{-37}LyL AxP{-0}PyA",,"61942","P","P","1","Caja"
"7/3/2026 2:42 AM","HRJ CC249622 1/2 TK4 1/2 1H 1S-R - C301 MBL CLOSET 1 PUERTA 1 ENTREPAÑO","G","RAIL TRASERO","573.6","80",,,,"2",,,,"1","18",,"0","LxL{-36}LyL",,"61941","P","P","1","Caja"
"7/3/2026 2:42 AM","HRJ CC249622 1/2 TK4 1/2 1H 1S-R - C301 MBL CLOSET 1 PUERTA 1 ENTREPAÑO","F","RAIL TRASERO","573.6","80",,,,"2",,,,"1","18",,"0","LxL{-36}LyL",,"61940","P","P","1","Caja"
"7/3/2026 2:42 AM","HRJ CC249622 1/2 TK4 1/2 1H 1S-R - C301 MBL CLOSET 1 PUERTA 1 ENTREPAÑO","E","RAIL TRASERO","573.6","80",,"0",,"2",,,,"1","18",,"0","LxL{-36}LyL",,"61939","P","P","1","Caja"
"7/3/2026 2:42 AM","HRJ CC249622 1/2 TK4 1/2 1H 1S-R - C301 MBL CLOSET 1 PUERTA 1 ENTREPAÑO","D","SIDE L","2,324.1","571.5",,"2","2",,,,,"1","18",,"0","LxA{-114,3}AyL AxP{0}PyA",,"61938","B","C","1","Caja"
"7/3/2026 2:42 AM","HRJ CC249622 1/2 TK4 1/2 1H 1S-R - C301 MBL CLOSET 1 PUERTA 1 ENTREPAÑO","C","SIDE R","2,324.1","571.5",,"2","2",,,,,"1","18",,"0","LxA{-114,3}AyL AxP{0}PyA",,"61937","B","C","1","Caja"
"7/3/2026 2:42 AM","HRJ CC249622 1/2 TK4 1/2 1H 1S-R - C301 MBL CLOSET 1 PUERTA 1 ENTREPAÑO","B","TAPA","573.6","571.5",,"2",,,,,,"1","18",,"0","LxL{-36}LyL AxP{-0}PyA",,"61936","B","C","1","Caja"
"7/3/2026 2:42 AM","HRJ CC249622 1/2 TK4 1/2 1H 1S-R - C301 MBL CLOSET 1 PUERTA 1 ENTREPAÑO","A","BASE","573.6","571.5",,"2",,,,,,"1","18",,"0","LxL{-36}LyL AxP{-0}PyA",,"61935","B","C","1","Caja"
"7/3/2026 2:39 AM","HRJ CC249622 1/2 TK4 1/2 1H 1S-R - C201 MBL CLOSET 1 PUERTA 1 ENTREPAÑO","I","DOOR","2,320.9","606.4",,"2","2",,,,,"1","18",,"0","LxA{-117,5}AyL  AxL{-3,2}LyA",,"61934","C","C","1","Frente"
"7/3/2026 2:39 AM","HRJ CC249622 1/2 TK4 1/2 1H 1S-R - C201 MBL CLOSET 1 PUERTA 1 ENTREPAÑO","H","SHELF1","572.6","571.5",,,,"2","2",,,"1","18",,"0","LxL{-37}LyL AxP{-0}PyA",,"61933","P","P","1","Caja"
"7/3/2026 2:39 AM","HRJ CC249622 1/2 TK4 1/2 1H 1S-R - C201 MBL CLOSET 1 PUERTA 1 ENTREPAÑO","G","RAIL TRASERO","573.6","80",,,,"2",,,,"1","18",,"0","LxL{-36}LyL",,"61932","P","P","1","Caja"
"7/3/2026 2:39 AM","HRJ CC249622 1/2 TK4 1/2 1H 1S-R - C201 MBL CLOSET 1 PUERTA 1 ENTREPAÑO","F","RAIL TRASERO","573.6","80",,,,"2",,,,"1","18",,"0","LxL{-36}LyL",,"61931","P","P","1","Caja"
"7/3/2026 2:39 AM","HRJ CC249622 1/2 TK4 1/2 1H 1S-R - C201 MBL CLOSET 1 PUERTA 1 ENTREPAÑO","E","RAIL TRASERO","573.6","80",,"0",,"2",,,,"1","18",,"0","LxL{-36}LyL",,"61930","P","P","1","Caja"
"7/3/2026 2:39 AM","HRJ CC249622 1/2 TK4 1/2 1H 1S-R - C201 MBL CLOSET 1 PUERTA 1 ENTREPAÑO","D","SIDE L","2,324.1","571.5",,"2","2",,,,,"1","18",,"0","LxA{-114,3}AyL AxP{0}PyA",,"61929","B","C","1","Caja"
"7/3/2026 2:39 AM","HRJ CC249622 1/2 TK4 1/2 1H 1S-R - C201 MBL CLOSET 1 PUERTA 1 ENTREPAÑO","C","SIDE R","2,324.1","571.5",,"2","2",,,,,"1","18",,"0","LxA{-114,3}AyL AxP{0}PyA",,"61928","B","C","1","Caja"
"7/3/2026 2:39 AM","HRJ CC249622 1/2 TK4 1/2 1H 1S-R - C201 MBL CLOSET 1 PUERTA 1 ENTREPAÑO","B","TAPA","573.6","571.5",,"2",,,,,,"1","18",,"0","LxL{-36}LyL AxP{-0}PyA",,"61927","B","C","1","Caja"
"7/3/2026 2:39 AM","HRJ CC249622 1/2 TK4 1/2 1H 1S-R - C201 MBL CLOSET 1 PUERTA 1 ENTREPAÑO","A","BASE","573.6","571.5",,"2",,,,,,"1","18",,"0","LxL{-36}LyL AxP{-0}PyA",,"61926","B","C","1","Caja"
"7/3/2026 2:33 AM","HRJ CC249622 1/2 TK4 1/2 2H 2S-L - C601 MBL CLOSET 1 PUERTA 2 ENTREPAÑOS","J","DOOR","2,320.9","606.4",,"2","2",,,,,"1","18",,"0","LxA{-117,5}AyL  AxL{-3,2}LyA",,"61925","C","C","1","Frente"
"7/3/2026 2:33 AM","HRJ CC249622 1/2 TK4 1/2 2H 2S-L - C601 MBL CLOSET 1 PUERTA 2 ENTREPAÑOS","I","SHELF1","572.6","571.5",,,,"2","2",,,"1","18",,"0","LxL{-37}LyL AxP{-0}PyA",,"61924","P","P","1","Caja"
"7/3/2026 2:33 AM","HRJ CC249622 1/2 TK4 1/2 2H 2S-L - C601 MBL CLOSET 1 PUERTA 2 ENTREPAÑOS","H","SHELF0","573.6","571.5",,"2",,"0",,,,"1","18",,"0","LxL{-36}LyL AxP{-0}PyA",,"61923","P","P","1","Caja"
"7/3/2026 2:33 AM","HRJ CC249622 1/2 TK4 1/2 2H 2S-L - C601 MBL CLOSET 1 PUERTA 2 ENTREPAÑOS","G","RAIL TRASERO","573.6","80",,,,"2",,,,"1","18",,"0","LxL{-36}LyL",,"61922","P","P","1","Caja"
"7/3/2026 2:33 AM","HRJ CC249622 1/2 TK4 1/2 2H 2S-L - C601 MBL CLOSET 1 PUERTA 2 ENTREPAÑOS","F","RAIL TRASERO","573.6","80",,,,"2",,,,"1","18",,"0","LxL{-36}LyL",,"61921","P","P","1","Caja"
"7/3/2026 2:33 AM","HRJ CC249622 1/2 TK4 1/2 2H 2S-L - C601 MBL CLOSET 1 PUERTA 2 ENTREPAÑOS","E","RAIL TRASERO","573.6","80",,"0",,"2",,,,"1","18",,"0","LxL{-36}LyL",,"61920","P","P","1","Caja"
"7/3/2026 2:33 AM","HRJ CC249622 1/2 TK4 1/2 2H 2S-L - C601 MBL CLOSET 1 PUERTA 2 ENTREPAÑOS","D","SIDE L","2,324.1","571.5",,"2","2",,,,,"1","18",,"0","LxA{-114,3}AyL AxP{0}PyA",,"61919","B","C","1","Caja"
"7/3/2026 2:33 AM","HRJ CC249622 1/2 TK4 1/2 2H 2S-L - C601 MBL CLOSET 1 PUERTA 2 ENTREPAÑOS","C","SIDE R","2,324.1","571.5",,"2","2",,,,,"1","18",,"0","LxA{-114,3}AyL AxP{0}PyA",,"61918","B","C","1","Caja"
"7/3/2026 2:33 AM","HRJ CC249622 1/2 TK4 1/2 2H 2S-L - C601 MBL CLOSET 1 PUERTA 2 ENTREPAÑOS","B","TAPA","573.6","571.5",,"2",,,,,,"1","18",,"0","LxL{-36}LyL AxP{-0}PyA",,"61917","B","C","1","Caja"
"7/3/2026 2:33 AM","HRJ CC249622 1/2 TK4 1/2 2H 2S-L - C601 MBL CLOSET 1 PUERTA 2 ENTREPAÑOS","A","BASE","573.6","571.5",,"2",,,,,,"1","18",,"0","LxL{-36}LyL AxP{-0}PyA",,"61916","B","C","1","Caja"
"7/3/2026 2:26 AM","HRJ CC249622 1/2 TK4 1/2 2H 2S-L - C501 MBL CLOSET 1 PUERTA 2 ENTREPAÑOS","J","DOOR","2,320.9","606.4",,"2","2",,,,,"1","18",,"0","LxA{-117,5}AyL  AxL{-3,2}LyA",,"61915","C","C","1","Frente"
"7/3/2026 2:26 AM","HRJ CC249622 1/2 TK4 1/2 2H 2S-L - C501 MBL CLOSET 1 PUERTA 2 ENTREPAÑOS","I","SHELF1","572.6","571.5",,,,"2","2",,,"1","18",,"0","LxL{-37}LyL AxP{-0}PyA",,"61914","P","P","1","Caja"
"7/3/2026 2:26 AM","HRJ CC249622 1/2 TK4 1/2 2H 2S-L - C501 MBL CLOSET 1 PUERTA 2 ENTREPAÑOS","H","SHELF0","573.6","571.5",,"2",,"0",,,,"1","18",,"0","LxL{-36}LyL AxP{-0}PyA",,"61913","P","P","1","Caja"
"7/3/2026 2:26 AM","HRJ CC249622 1/2 TK4 1/2 2H 2S-L - C501 MBL CLOSET 1 PUERTA 2 ENTREPAÑOS","G","RAIL TRASERO","573.6","80",,,,"2",,,,"1","18",,"0","LxL{-36}LyL",,"61912","P","P","1","Caja"
"7/3/2026 2:26 AM","HRJ CC249622 1/2 TK4 1/2 2H 2S-L - C501 MBL CLOSET 1 PUERTA 2 ENTREPAÑOS","F","RAIL TRASERO","573.6","80",,,,"2",,,,"1","18",,"0","LxL{-36}LyL",,"61911","P","P","1","Caja"
"7/3/2026 2:26 AM","HRJ CC249622 1/2 TK4 1/2 2H 2S-L - C501 MBL CLOSET 1 PUERTA 2 ENTREPAÑOS","E","RAIL TRASERO","573.6","80",,"0",,"2",,,,"1","18",,"0","LxL{-36}LyL",,"61910","P","P","1","Caja"
"7/3/2026 2:26 AM","HRJ CC249622 1/2 TK4 1/2 2H 2S-L - C501 MBL CLOSET 1 PUERTA 2 ENTREPAÑOS","D","SIDE L","2,324.1","571.5",,"2","2",,,,,"1","18",,"0","LxA{-114,3}AyL AxP{0}PyA",,"61909","B","C","1","Caja"
"7/3/2026 2:26 AM","HRJ CC249622 1/2 TK4 1/2 2H 2S-L - C501 MBL CLOSET 1 PUERTA 2 ENTREPAÑOS","C","SIDE R","2,324.1","571.5",,"2","2",,,,,"1","18",,"0","LxA{-114,3}AyL AxP{0}PyA",,"61908","B","C","1","Caja"
"7/3/2026 2:26 AM","HRJ CC249622 1/2 TK4 1/2 2H 2S-L - C501 MBL CLOSET 1 PUERTA 2 ENTREPAÑOS","B","TAPA","573.6","571.5",,"2",,,,,,"1","18",,"0","LxL{-36}LyL AxP{-0}PyA",,"61907","B","C","1","Caja"
"7/3/2026 2:26 AM","HRJ CC249622 1/2 TK4 1/2 2H 2S-L - C501 MBL CLOSET 1 PUERTA 2 ENTREPAÑOS","A","BASE","573.6","571.5",,"2",,,,,,"1","18",,"0","LxL{-36}LyL AxP{-0}PyA",,"61906","B","C","1","Caja"
"7/3/2026 2:24 AM","HRJ CC249622 1/2 TK4 1/2 2H 2S-L - C401 MBL CLOSET 1 PUERTA 2 ENTREPAÑOS","J","DOOR","2,320.9","606.4",,"2","2",,,,,"1","18",,"0","LxA{-117,5}AyL  AxL{-3,2}LyA",,"61905","C","C","1","Frente"
"7/3/2026 2:24 AM","HRJ CC249622 1/2 TK4 1/2 2H 2S-L - C401 MBL CLOSET 1 PUERTA 2 ENTREPAÑOS","I","SHELF1","572.6","571.5",,,,"2","2",,,"1","18",,"0","LxL{-37}LyL AxP{-0}PyA",,"61904","P","P","1","Caja"
"7/3/2026 2:24 AM","HRJ CC249622 1/2 TK4 1/2 2H 2S-L - C401 MBL CLOSET 1 PUERTA 2 ENTREPAÑOS","H","SHELF0","573.6","571.5",,"2",,"0",,,,"1","18",,"0","LxL{-36}LyL AxP{-0}PyA",,"61903","P","P","1","Caja"
"7/3/2026 2:24 AM","HRJ CC249622 1/2 TK4 1/2 2H 2S-L - C401 MBL CLOSET 1 PUERTA 2 ENTREPAÑOS","G","RAIL TRASERO","573.6","80",,,,"2",,,,"1","18",,"0","LxL{-36}LyL",,"61902","P","P","1","Caja"
"7/3/2026 2:24 AM","HRJ CC249622 1/2 TK4 1/2 2H 2S-L - C401 MBL CLOSET 1 PUERTA 2 ENTREPAÑOS","F","RAIL TRASERO","573.6","80",,,,"2",,,,"1","18",,"0","LxL{-36}LyL",,"61901","P","P","1","Caja"
"7/3/2026 2:24 AM","HRJ CC249622 1/2 TK4 1/2 2H 2S-L - C401 MBL CLOSET 1 PUERTA 2 ENTREPAÑOS","E","RAIL TRASERO","573.6","80",,"0",,"2",,,,"1","18",,"0","LxL{-36}LyL",,"61900","P","P","1","Caja"
"7/3/2026 2:24 AM","HRJ CC249622 1/2 TK4 1/2 2H 2S-L - C401 MBL CLOSET 1 PUERTA 2 ENTREPAÑOS","D","SIDE L","2,324.1","571.5",,"2","2",,,,,"1","18",,"0","LxA{-114,3}AyL AxP{0}PyA",,"61899","B","C","1","Caja"
"7/3/2026 2:24 AM","HRJ CC249622 1/2 TK4 1/2 2H 2S-L - C401 MBL CLOSET 1 PUERTA 2 ENTREPAÑOS","C","SIDE R","2,324.1","571.5",,"2","2",,,,,"1","18",,"0","LxA{-114,3}AyL AxP{0}PyA",,"61898","B","C","1","Caja"
"7/3/2026 2:24 AM","HRJ CC249622 1/2 TK4 1/2 2H 2S-L - C401 MBL CLOSET 1 PUERTA 2 ENTREPAÑOS","B","TAPA","573.6","571.5",,"2",,,,,,"1","18",,"0","LxL{-36}LyL AxP{-0}PyA",,"61897","B","C","1","Caja"
"7/3/2026 2:24 AM","HRJ CC249622 1/2 TK4 1/2 2H 2S-L - C401 MBL CLOSET 1 PUERTA 2 ENTREPAÑOS","A","BASE","573.6","571.5",,"2",,,,,,"1","18",,"0","LxL{-36}LyL AxP{-0}PyA",,"61896","B","C","1","Caja"
"7/3/2026 2:22 AM","HRJ CC249622 1/2 TK4 1/2 2H 2S-L - C301 MBL CLOSET 1 PUERTA 2 ENTREPAÑOS","J","DOOR","2,320.9","606.4",,"2","2",,,,,"1","18",,"0","LxA{-117,5}AyL  AxL{-3,2}LyA",,"61895","C","C","1","Frente"
"7/3/2026 2:22 AM","HRJ CC249622 1/2 TK4 1/2 2H 2S-L - C301 MBL CLOSET 1 PUERTA 2 ENTREPAÑOS","I","SHELF1","572.6","571.5",,,,"2","2",,,"1","18",,"0","LxL{-37}LyL AxP{-0}PyA",,"61894","P","P","1","Caja"
"7/3/2026 2:22 AM","HRJ CC249622 1/2 TK4 1/2 2H 2S-L - C301 MBL CLOSET 1 PUERTA 2 ENTREPAÑOS","H","SHELF0","573.6","571.5",,"2",,"0",,,,"1","18",,"0","LxL{-36}LyL AxP{-0}PyA",,"61893","P","P","1","Caja"
"7/3/2026 2:22 AM","HRJ CC249622 1/2 TK4 1/2 2H 2S-L - C301 MBL CLOSET 1 PUERTA 2 ENTREPAÑOS","G","RAIL TRASERO","573.6","80",,,,"2",,,,"1","18",,"0","LxL{-36}LyL",,"61892","P","P","1","Caja"
"7/3/2026 2:22 AM","HRJ CC249622 1/2 TK4 1/2 2H 2S-L - C301 MBL CLOSET 1 PUERTA 2 ENTREPAÑOS","F","RAIL TRASERO","573.6","80",,,,"2",,,,"1","18",,"0","LxL{-36}LyL",,"61891","P","P","1","Caja"
"7/3/2026 2:22 AM","HRJ CC249622 1/2 TK4 1/2 2H 2S-L - C301 MBL CLOSET 1 PUERTA 2 ENTREPAÑOS","E","RAIL TRASERO","573.6","80",,"0",,"2",,,,"1","18",,"0","LxL{-36}LyL",,"61890","P","P","1","Caja"
"7/3/2026 2:22 AM","HRJ CC249622 1/2 TK4 1/2 2H 2S-L - C301 MBL CLOSET 1 PUERTA 2 ENTREPAÑOS","D","SIDE L","2,324.1","571.5",,"2","2",,,,,"1","18",,"0","LxA{-114,3}AyL AxP{0}PyA",,"61889","B","C","1","Caja"
"7/3/2026 2:22 AM","HRJ CC249622 1/2 TK4 1/2 2H 2S-L - C301 MBL CLOSET 1 PUERTA 2 ENTREPAÑOS","C","SIDE R","2,324.1","571.5",,"2","2",,,,,"1","18",,"0","LxA{-114,3}AyL AxP{0}PyA",,"61888","B","C","1","Caja"
"7/3/2026 2:22 AM","HRJ CC249622 1/2 TK4 1/2 2H 2S-L - C301 MBL CLOSET 1 PUERTA 2 ENTREPAÑOS","B","TAPA","573.6","571.5",,"2",,,,,,"1","18",,"0","LxL{-36}LyL AxP{-0}PyA",,"61887","B","C","1","Caja"
"7/3/2026 2:22 AM","HRJ CC249622 1/2 TK4 1/2 2H 2S-L - C301 MBL CLOSET 1 PUERTA 2 ENTREPAÑOS","A","BASE","573.6","571.5",,"2",,,,,,"1","18",,"0","LxL{-36}LyL AxP{-0}PyA",,"61886","B","C","1","Caja"
"7/3/2026 2:20 AM","HRJ CC249622 1/2 TK4 1/2 2H 2S-L - C201 MBL CLOSET 1 PUERTA 2 ENTREPAÑOS","J","DOOR","2,320.9","606.4",,"2","2",,,,,"1","18",,"0","LxA{-117,5}AyL  AxL{-3,2}LyA",,"61885","C","C","1","Frente"
"7/3/2026 2:20 AM","HRJ CC249622 1/2 TK4 1/2 2H 2S-L - C201 MBL CLOSET 1 PUERTA 2 ENTREPAÑOS","I","SHELF1","572.6","571.5",,,,"2","2",,,"1","18",,"0","LxL{-37}LyL AxP{-0}PyA",,"61884","P","P","1","Caja"
"7/3/2026 2:20 AM","HRJ CC249622 1/2 TK4 1/2 2H 2S-L - C201 MBL CLOSET 1 PUERTA 2 ENTREPAÑOS","H","SHELF0","573.6","571.5",,"2",,"0",,,,"1","18",,"0","LxL{-36}LyL AxP{-0}PyA",,"61883","P","P","1","Caja"
"7/3/2026 2:20 AM","HRJ CC249622 1/2 TK4 1/2 2H 2S-L - C201 MBL CLOSET 1 PUERTA 2 ENTREPAÑOS","G","RAIL TRASERO","573.6","80",,,,"2",,,,"1","18",,"0","LxL{-36}LyL",,"61882","P","P","1","Caja"
"7/3/2026 2:20 AM","HRJ CC249622 1/2 TK4 1/2 2H 2S-L - C201 MBL CLOSET 1 PUERTA 2 ENTREPAÑOS","F","RAIL TRASERO","573.6","80",,,,"2",,,,"1","18",,"0","LxL{-36}LyL",,"61881","P","P","1","Caja"
"7/3/2026 2:20 AM","HRJ CC249622 1/2 TK4 1/2 2H 2S-L - C201 MBL CLOSET 1 PUERTA 2 ENTREPAÑOS","E","RAIL TRASERO","573.6","80",,"0",,"2",,,,"1","18",,"0","LxL{-36}LyL",,"61880","P","P","1","Caja"
"7/3/2026 2:20 AM","HRJ CC249622 1/2 TK4 1/2 2H 2S-L - C201 MBL CLOSET 1 PUERTA 2 ENTREPAÑOS","D","SIDE L","2,324.1","571.5",,"2","2",,,,,"1","18",,"0","LxA{-114,3}AyL AxP{0}PyA",,"61879","B","C","1","Caja"
"7/3/2026 2:20 AM","HRJ CC249622 1/2 TK4 1/2 2H 2S-L - C201 MBL CLOSET 1 PUERTA 2 ENTREPAÑOS","C","SIDE R","2,324.1","571.5",,"2","2",,,,,"1","18",,"0","LxA{-114,3}AyL AxP{0}PyA",,"61878","B","C","1","Caja"
"7/3/2026 2:20 AM","HRJ CC249622 1/2 TK4 1/2 2H 2S-L - C201 MBL CLOSET 1 PUERTA 2 ENTREPAÑOS","B","TAPA","573.6","571.5",,"2",,,,,,"1","18",,"0","LxL{-36}LyL AxP{-0}PyA",,"61877","B","C","1","Caja"
"7/3/2026 2:20 AM","HRJ CC249622 1/2 TK4 1/2 2H 2S-L - C201 MBL CLOSET 1 PUERTA 2 ENTREPAÑOS","A","BASE","573.6","571.5",,"2",,,,,,"1","18",,"0","LxL{-36}LyL AxP{-0}PyA",,"61876","B","C","1","Caja"
"7/3/2026 2:12 AM","HRJ CC249622 1/2 TK4 1/2 6S-L - C301 MBL CLOSET 1 PUERTA 6 ENTREPAÑOS","M","SHELF5","572.6","571.5",,"0","0","2","2",,,"1","18",,"0","LxL{-37}LyL AxP{-0}PyA",,"61875","P","P","1","Caja"
"7/3/2026 2:12 AM","HRJ CC249622 1/2 TK4 1/2 6S-L - C301 MBL CLOSET 1 PUERTA 6 ENTREPAÑOS","K","SHELF3","572.6","571.5",,"0","0","2","2",,,"1","18",,"0","LxL{-37}LyL AxP{-0}PyA",,"61873","P","P","1","Caja"
"7/3/2026 2:12 AM","HRJ CC249622 1/2 TK4 1/2 6S-L - C301 MBL CLOSET 1 PUERTA 6 ENTREPAÑOS","L","SHELF4","572.6","571.5",,"0","0","2","2",,,"1","18",,"0","LxL{-37}LyL AxP{-0}PyA",,"61874","P","P","1","Caja"
"7/3/2026 2:12 AM","HRJ CC249622 1/2 TK4 1/2 6S-L - C301 MBL CLOSET 1 PUERTA 6 ENTREPAÑOS","J","SHELF2","572.6","571.5",,"0","0","2","2",,,"1","18",,"0","LxL{-37}LyL AxP{-0}PyA",,"61872","P","P","1","Caja"
"7/3/2026 2:12 AM","HRJ CC249622 1/2 TK4 1/2 6S-L - C301 MBL CLOSET 1 PUERTA 6 ENTREPAÑOS","N","DOOR","2,320.9","606.4",,"2","2",,,,,"1","18",,"0","LxA{-117,5}AyL  AxL{-3,2}LyA",,"61871","C","C","1","Frente"
"7/3/2026 2:12 AM","HRJ CC249622 1/2 TK4 1/2 6S-L - C301 MBL CLOSET 1 PUERTA 6 ENTREPAÑOS","I","SHELF1","572.6","571.5",,,,"2","2",,,"1","18",,"0","LxL{-37}LyL AxP{-0}PyA",,"61870","P","P","1","Caja"
"7/3/2026 2:12 AM","HRJ CC249622 1/2 TK4 1/2 6S-L - C301 MBL CLOSET 1 PUERTA 6 ENTREPAÑOS","H","SHELF0","573.6","571.5",,"2",,"0",,,,"1","18",,"0","LxL{-36}LyL AxP{-0}PyA",,"61869","P","P","1","Caja"
"7/3/2026 2:12 AM","HRJ CC249622 1/2 TK4 1/2 6S-L - C301 MBL CLOSET 1 PUERTA 6 ENTREPAÑOS","G","RAIL TRASERO","573.6","80",,,,"2",,,,"1","18",,"0","LxL{-36}LyL",,"61868","P","P","1","Caja"
"7/3/2026 2:12 AM","HRJ CC249622 1/2 TK4 1/2 6S-L - C301 MBL CLOSET 1 PUERTA 6 ENTREPAÑOS","F","RAIL TRASERO","573.6","80",,,,"2",,,,"1","18",,"0","LxL{-36}LyL",,"61867","P","P","1","Caja"
"7/3/2026 2:12 AM","HRJ CC249622 1/2 TK4 1/2 6S-L - C301 MBL CLOSET 1 PUERTA 6 ENTREPAÑOS","E","RAIL TRASERO","573.6","80",,"0",,"2",,,,"1","18",,"0","LxL{-36}LyL",,"61866","P","P","1","Caja"
"7/3/2026 2:12 AM","HRJ CC249622 1/2 TK4 1/2 6S-L - C301 MBL CLOSET 1 PUERTA 6 ENTREPAÑOS","D","SIDE L","2,324.1","571.5",,"2","2",,,,,"1","18",,"0","LxA{-114,3}AyL AxP{0}PyA",,"61865","B","C","1","Caja"
"7/3/2026 2:12 AM","HRJ CC249622 1/2 TK4 1/2 6S-L - C301 MBL CLOSET 1 PUERTA 6 ENTREPAÑOS","C","SIDE R","2,324.1","571.5",,"2","2",,,,,"1","18",,"0","LxA{-114,3}AyL AxP{0}PyA",,"61864","B","C","1","Caja"
"7/3/2026 2:12 AM","HRJ CC249622 1/2 TK4 1/2 6S-L - C301 MBL CLOSET 1 PUERTA 6 ENTREPAÑOS","B","TAPA","573.6","571.5",,"2",,,,,,"1","18",,"0","LxL{-36}LyL AxP{-0}PyA",,"61863","B","C","1","Caja"
"7/3/2026 2:12 AM","HRJ CC249622 1/2 TK4 1/2 6S-L - C301 MBL CLOSET 1 PUERTA 6 ENTREPAÑOS","A","BASE","573.6","571.5",,"2",,,,,,"1","18",,"0","LxL{-36}LyL AxP{-0}PyA",,"61862","B","C","1","Caja"
"7/3/2026 2:10 AM","HRJ CC249622 1/2 TK4 1/2 6S-L - C201 MBL CLOSET 1 PUERTA 6 ENTREPAÑOS","M","SHELF5","572.6","571.5",,"0","0","2","2",,,"1","18",,"0","LxL{-37}LyL AxP{-0}PyA",,"61861","P","P","1","Caja"
"7/3/2026 2:10 AM","HRJ CC249622 1/2 TK4 1/2 6S-L - C201 MBL CLOSET 1 PUERTA 6 ENTREPAÑOS","L","SHELF4","572.6","571.5",,"0","0","2","2",,,"1","18",,"0","LxL{-37}LyL AxP{-0}PyA",,"61860","P","P","1","Caja"
"7/3/2026 2:10 AM","HRJ CC249622 1/2 TK4 1/2 6S-L - C201 MBL CLOSET 1 PUERTA 6 ENTREPAÑOS","K","SHELF3","572.6","571.5",,"0","0","2","2",,,"1","18",,"0","LxL{-37}LyL AxP{-0}PyA",,"61859","P","P","1","Caja"
"7/3/2026 2:10 AM","HRJ CC249622 1/2 TK4 1/2 6S-L - C201 MBL CLOSET 1 PUERTA 6 ENTREPAÑOS","J","SHELF2","572.6","571.5",,"0","0","2","2",,,"1","18",,"0","LxL{-37}LyL AxP{-0}PyA",,"61858","P","P","1","Caja"
"7/3/2026 2:10 AM","HRJ CC249622 1/2 TK4 1/2 6S-L - C201 MBL CLOSET 1 PUERTA 6 ENTREPAÑOS","N","DOOR","2,320.9","606.4",,"2","2",,,,,"1","18",,"0","LxA{-117,5}AyL  AxL{-3,2}LyA",,"61857","C","C","1","Frente"
"7/3/2026 2:10 AM","HRJ CC249622 1/2 TK4 1/2 6S-L - C201 MBL CLOSET 1 PUERTA 6 ENTREPAÑOS","I","SHELF1","572.6","571.5",,,,"2","2",,,"1","18",,"0","LxL{-37}LyL AxP{-0}PyA",,"61856","P","P","1","Caja"
"7/3/2026 2:10 AM","HRJ CC249622 1/2 TK4 1/2 6S-L - C201 MBL CLOSET 1 PUERTA 6 ENTREPAÑOS","H","SHELF0","573.6","571.5",,"2",,"0",,,,"1","18",,"0","LxL{-36}LyL AxP{-0}PyA",,"61855","P","P","1","Caja"
"7/3/2026 2:10 AM","HRJ CC249622 1/2 TK4 1/2 6S-L - C201 MBL CLOSET 1 PUERTA 6 ENTREPAÑOS","G","RAIL TRASERO","573.6","80",,,,"2",,,,"1","18",,"0","LxL{-36}LyL",,"61854","P","P","1","Caja"
"7/3/2026 2:10 AM","HRJ CC249622 1/2 TK4 1/2 6S-L - C201 MBL CLOSET 1 PUERTA 6 ENTREPAÑOS","F","RAIL TRASERO","573.6","80",,,,"2",,,,"1","18",,"0","LxL{-36}LyL",,"61853","P","P","1","Caja"
"7/3/2026 2:10 AM","HRJ CC249622 1/2 TK4 1/2 6S-L - C201 MBL CLOSET 1 PUERTA 6 ENTREPAÑOS","E","RAIL TRASERO","573.6","80",,"0",,"2",,,,"1","18",,"0","LxL{-36}LyL",,"61852","P","P","1","Caja"
"7/3/2026 2:10 AM","HRJ CC249622 1/2 TK4 1/2 6S-L - C201 MBL CLOSET 1 PUERTA 6 ENTREPAÑOS","D","SIDE L","2,324.1","571.5",,"2","2",,,,,"1","18",,"0","LxA{-114,3}AyL AxP{0}PyA",,"61851","B","C","1","Caja"
"7/3/2026 2:10 AM","HRJ CC249622 1/2 TK4 1/2 6S-L - C201 MBL CLOSET 1 PUERTA 6 ENTREPAÑOS","C","SIDE R","2,324.1","571.5",,"2","2",,,,,"1","18",,"0","LxA{-114,3}AyL AxP{0}PyA",,"61850","B","C","1","Caja"
"7/3/2026 2:10 AM","HRJ CC249622 1/2 TK4 1/2 6S-L - C201 MBL CLOSET 1 PUERTA 6 ENTREPAÑOS","B","TAPA","573.6","571.5",,"2",,,,,,"1","18",,"0","LxL{-36}LyL AxP{-0}PyA",,"61849","B","C","1","Caja"
"7/3/2026 2:10 AM","HRJ CC249622 1/2 TK4 1/2 6S-L - C201 MBL CLOSET 1 PUERTA 6 ENTREPAÑOS","A","BASE","573.6","571.5",,"2",,,,,,"1","18",,"0","LxL{-36}LyL AxP{-0}PyA",,"61848","B","C","1","Caja"
"7/3/2026 12:57 AM","BOV36-SMG18 MBLE HORNO INF COC","E","FRONT OVEN","762","878.4",,"0","2","0","0",,,"1","18",,"0","LxA{0}AyL AxL{-36}LyA",,"61698","C","C","1","Frente"
"7/3/2026 12:57 AM","BOV36-SMG18 MBLE HORNO INF COC","D","RAIL TRASERO","878.4","80",,"0","0","2","0",,,"1","18",,"0","LxL{-36}LyL",,"61697","P","C","1","Caja"
"7/3/2026 12:57 AM","BOV36-SMG18 MBLE HORNO INF COC","D","RAIL TRASERO","878.4","80",,"0","0","2","0",,,"1","18",,"0","LxL{-36}LyL",,"61696","P","C","1","Caja"
"7/3/2026 12:57 AM","BOV36-SMG18 MBLE HORNO INF COC","C","SIDE L","762","609.6",,"2","2","0","0",,,"1","18",,"0","LxA{0}AyL AxP{0}PyA",,"61695","B","C","1","Caja"
"7/3/2026 12:57 AM","BOV36-SMG18 MBLE HORNO INF COC","B","SIDE R","762","609.6",,"2","2","0","0",,,"1","18",,"0","LxA{0}AyL AxP{0}PyA",,"61694","B","C","1","Caja"
"7/3/2026 12:57 AM","BOV36-SMG18 MBLE HORNO INF COC","A","BASE","878.4","591.6",,"2","0","0","0",,,"1","18",,"0","LxL{-36}LyL AxP{-18}PyA",,"61693","B","C","1","Caja"
"7/3/2026 12:55 AM","PN40 1/493 1/4 C601-Pasillo","A","PANEL","2,368.55","1,022.35",,"2","2","0","0",,,"1","18",,"0","LxL{0}LyL AxA{0}AyA",,"61692","C","C","1","Frente"
"7/3/2026 12:52 AM","PN34 7/894 C401-Pasillo","A","PANEL","2,387.6","885.83",,"2","2","0","0",,,"1","18",,"0","LxL{0}LyL AxA{0}AyA",,"61691","C","C","1","Frente"
"7/3/2026 12:50 AM","PN4093 1/4 C401-Pasillo","A","PANEL","2,368.55","1,016",,"2","2","0","0",,,"1","18",,"0","LxL{0}LyL AxA{0}AyA",,"61690","C","C","1","Frente"
"7/3/2026 12:47 AM","PN4093 1/4 C301-Pasillo","A","PANEL","2,368.55","1,016",,"2","2","0","0",,,"1","18",,"0","LxL{0}LyL AxA{0}AyA",,"61689","C","C","1","Frente"
"7/3/2026 12:40 AM","PN4092 7/8 C201-Pasillo","A","PANEL","2,359.03","1,016",,"2","2","0","0",,,"1","18",,"0","LxL{0}LyL AxA{0}AyA",,"61688","C","C","1","Frente"
"7/3/2026 12:39 AM","PN30 3/493 3/4 A501/A502 Area Lavado","A","PANEL","2,381.25","781.05",,"2","2","0","0",,,"1","18",,"0","LxL{0}LyL AxA{0}AyA",,"61687","C","C","1","Frente"
"7/3/2026 12:37 AM","PN3192 3/4 A501/A502 Area Lavado","A","PANEL","2,355.85","787.4",,"2","2","0","0",,,"1","18",,"0","LxL{0}LyL AxA{0}AyA",,"61686","C","C","1","Frente"
"7/3/2026 12:36 AM","PN2292 7/8 C601-1B","A","PANEL","2,359.03","558.8",,"2","2","0","0",,,"1","18",,"0","LxL{0}LyL AxA{0}AyA",,"61685","C","C","1","Frente"
"7/3/2026 12:27 AM","PN3292 7/8 C601-1A","A","PANEL","2,359.03","812.8",,"2","2","0","0",,,"1","18",,"0","LxL{0}LyL AxA{0}AyA",,"61684","C","C","1","Frente"
"7/3/2026 12:23 AM","PN32 1/893 1/4 C601-Principal","A","PANEL","2,368.55","815.98",,"2","2","0","0",,,"1","18",,"0","LxL{0}LyL AxA{0}AyA",,"61683","C","C","1","Frente"
"7/3/2026 12:20 AM","PN25 3/893 1/4 C501-1B","A","PANEL","2,368.55","644.53",,"2","2","0","0",,,"1","18",,"0","LxL{0}LyL AxA{0}AyA",,"61682","C","C","1","Frente"
"7/3/2026 12:14 AM","PN31 3/894 C501-1A","A","PANEL","2,387.6","796.93",,"2","2","0","0",,,"1","18",,"0","LxL{0}LyL AxA{0}AyA",,"61681","C","C","1","Frente"
"7/3/2026 12:09 AM","PN37 3/494 C401-Principal","A","PANEL","2,387.6","958.85",,"2","2","0","0",,,"1","18",,"0","LxL{0}LyL AxA{0}AyA",,"61680","C","C","1","Frente"
"7/3/2026 12:07 AM","PN22 5/893 1/4 C401-1B","A","PANEL","2,368.55","574.68",,"2","2","0","0",,,"1","18",,"0","LxL{0}LyL AxA{0}AyA",,"61679","C","C","1","Frente"
"7/2/2026 11:49 PM","PN39 1/293 5/8 C401-Principal","A","PANEL","2,378.08","1,003.3",,"2","2","0","0",,,"1","18",,"0","LxL{0}LyL AxA{0}AyA",,"61678","C","C","1","Frente"
"7/2/2026 11:36 PM","PN22 4/993 1/4 C301-1B","A","PANEL","2,368.55","569.91",,"2","2","0","0",,,"1","18",,"0","LxL{0}LyL AxA{0}AyA",,"61677","C","C","1","Frente"
"7/2/2026 11:34 PM","PN3093 1/4 C301-1A","A","PANEL","2,368.55","762",,"2","2","0","0",,,"1","18",,"0","LxL{0}LyL AxA{0}AyA",,"61676","C","C","1","Frente"
"7/2/2026 11:31 PM","PN38 5/892 4/9 C301-Principal ","A","PANEL","2,347.91","981.08",,"2","2","0","0",,,"1","18",,"0","LxL{0}LyL AxA{0}AyA",,"61675","C","C","1","Frente"
"7/2/2026 11:25 PM","PN2293 1/4 C201-1B","A","PANEL","2,368.55","558.8",,"2","2","0","0",,,"1","18",,"0","LxL{0}LyL AxA{0}AyA",,"61673","C","C","1","Frente"
"7/2/2026 11:20 PM","PN30 5/893 1/4 C401-1A ","A","PANEL","2,368.55","777.88",,"2","2","0","0",,,"1","18",,"0","LxL{0}LyL AxA{0}AyA",,"61672","C","C","1","Frente"
"7/2/2026 11:16 PM","PN30 5/892 7/8 C201-1A","A","PANEL","2,359.03","777.88",,"2","2","0","0",,,"1","18",,"0","LxL{0}LyL AxA{0}AyA",,"61671","C","C","1","Frente"
"7/2/2026 11:02 PM","PN37 7/893 1/4 C201-Principal","A","PANEL","2,368.55","962.03",,"2","2","0","0",,,"1","18",,"0","LxL{0}LyL AxA{0}AyA",,"61670","C","C","1","Frente"
"6/27/2026 11:01 PM","BMW36-1-SMG18 MBLE INF COC MICROONDAS 1 GAVETA","K","FRENTE","465.68","911.2",,"2","2","0","0",,,"1","18",,"0","AxL{-3,2}LyA",,"61629","C","C","1","Frente"
"6/27/2026 11:01 PM","BMW36-1-SMG18 MBLE INF COC MICROONDAS 1 GAVETA","G","ENTREPAÑO FIJO","878.4","582.6",,"2","0","0","0",,,"1","18",,"0","LxL{-36}LyL AxP{-27}PyA",,"61628","B","C","1","Caja"
"6/27/2026 11:01 PM","BMW36-1-SMG18 MBLE INF COC MICROONDAS 1 GAVETA","L","BACKING","241.32","892.4",,"0","0","0","0",,,"0","6",,"0","AxL{-22}LyA",,"61627","F","X","1","Sin asignar"
"6/27/2026 11:01 PM","BMW36-1-SMG18 MBLE INF COC MICROONDAS 1 GAVETA","J","FRENTE GAVETA INF","193.32","911.2",,"2","2","0","0",,,"1","18",,"0","AxL{-3,2}LyA",,"61626","C","C","1","Frente"
"6/27/2026 11:01 PM","BMW36-1-SMG18 MBLE INF COC MICROONDAS 1 GAVETA","I","TRASERO CAJON INF","791.4","68",,"0","0","1","0",,,"0.45","15",,"0","LxL{-123}LyL",,"61625","B","C","1","Caja"
"6/27/2026 11:01 PM","BMW36-1-SMG18 MBLE INF COC MICROONDAS 1 GAVETA","H","FONDO GAVETA INF","803.4","492",,"0","0","2","0",,,"0.45","15",,"0","LxL{-111}LyL",,"61624","B","C","1","Caja"
"6/27/2026 11:01 PM","BMW36-1-SMG18 MBLE INF COC MICROONDAS 1 GAVETA","F","RAIL TRASERO","878.4","80",,"0","0","2","0",,,"1","18",,"0","LxL{-36}LyL",,"61623","B","C","1","Caja"
"6/27/2026 11:01 PM","BMW36-1-SMG18 MBLE INF COC MICROONDAS 1 GAVETA","E","RAIL TRASERO","878.4","80",,"0","0","2","0",,,"1","18",,"0","LxL{-36}LyL",,"61622","B","C","1","Caja"
"6/27/2026 11:01 PM","BMW36-1-SMG18 MBLE INF COC MICROONDAS 1 GAVETA","D","RAIL DELANTERO","878.4","80",,"2","0","0","0",,,"1","18",,"0","LxL{-36}LyL",,"61621","B","C","1","Caja"
"6/27/2026 11:01 PM","BMW36-1-SMG18 MBLE INF COC MICROONDAS 1 GAVETA","C","SIDE L - R20L","762","609.6",,"2","2","0","0",,,"1","18",,"0","LxA{0}AyL AxP{0}PyA",,"61620","B","C","1","Caja"
"6/27/2026 11:01 PM","BMW36-1-SMG18 MBLE INF COC MICROONDAS 1 GAVETA","B","SIDE R - R20L","762","609.6",,"2","2","0","0",,,"1","18",,"0","LxA{0}AyL AxP{0}PyA",,"61619","B","C","1","Caja"
"6/27/2026 11:01 PM","BMW36-1-SMG18 MBLE INF COC MICROONDAS 1 GAVETA","A","BASE","878.4","582.6",,"2","0","0","0",,,"1","18",,"0","LxL{-36}LyL AxP{-27}PyA",,"61618","B","C","1","Caja"
"6/25/2026 1:03 PM","TK4 96-15MM ZOCALO MBLE COC TABLERO CARB2","A","Zócalo","2,438.4","100",,"2","2",,,,,"2","15",,"0","LxL{0}LyL AxA{0}AyA",,"61594","C","C","1","Frente"
"6/25/2026 12:24 PM","W302024-18MM MBLE SUP COC 2 PUERTAS 1 ENTREPAÑO","J","BACKING","486","740",,"0","0","0","0",,,"0","6",,"0","LxA{-22}AyL AxL{-22}LyA",,"61593","F","X","1",
"6/25/2026 12:24 PM","W302024-18MM MBLE SUP COC 2 PUERTAS 1 ENTREPAÑO","I","DOOR L","504.8","377.8",,"2","2","0","0",,,"1","18",,"0","LxA{-3,2}AyL AxL[0,4958]LyA",,"61592","C","C","1","Frente"
"6/25/2026 12:24 PM","W302024-18MM MBLE SUP COC 2 PUERTAS 1 ENTREPAÑO","H","DOOR R","504.8","377.8",,"2","2","0","0",,,"1","18",,"0","LxA{-3,2}AyL AxL[0,4958]LyA",,"61591","C","C","1","Frente"
"6/25/2026 12:24 PM","W302024-18MM MBLE SUP COC 2 PUERTAS 1 ENTREPAÑO","G","SHELF 1","725","558.8",,"0","0","2","2",,,"1","18",,"0","LxL{-37}LyL",,"61590","P","P","1","Caja"
"6/25/2026 12:24 PM","W302024-18MM MBLE SUP COC 2 PUERTAS 1 ENTREPAÑO","F","RAIL TRAS","726","80",,"0","0","2","0",,,"1","18",,"0","LxL{-36}LyL",,"61589","P","P","1","Caja"
"6/25/2026 12:24 PM","W302024-18MM MBLE SUP COC 2 PUERTAS 1 ENTREPAÑO","E","RAIL TRAS","726","80",,"0","0","2","0",,,"1","18",,"0","LxL{-36}LyL",,"61588","P","P","1","Caja"
"6/25/2026 12:24 PM","W302024-18MM MBLE SUP COC 2 PUERTAS 1 ENTREPAÑO","D","SIDE L - R19L","508","609.6",,"2","2","0","0",,,"1","18",,"0","LxA{0}AyL AxP{0}PyA",,"61587","B","C","1","Caja"
"6/25/2026 12:24 PM","W302024-18MM MBLE SUP COC 2 PUERTAS 1 ENTREPAÑO","C","SIDE R - R19L","508","609.6",,"2","2","0","0",,,"1","18",,"0","LxA{0}AyL AxP{0}PyA",,"61586","B","C","1","Caja"
"6/25/2026 12:24 PM","W302024-18MM MBLE SUP COC 2 PUERTAS 1 ENTREPAÑO","B","TAPA-R19L","726","609.6",,"2","0","0","0",,,"1","18",,"0","LxL{-36}LyL AxP{0}PyA",,"61585","B","C","1","Caja"
"6/25/2026 12:24 PM","W302024-18MM MBLE SUP COC 2 PUERTAS 1 ENTREPAÑO","A","BASE - R19L","726","609.6",,"2","0","0","0",,,"1","18",,"0","LxL{-36}LyL AxP{0}PyA",,"61584","B","C","1","Caja"
"6/25/2026 12:14 PM","PN273 1/4 Toe Kick+Cam lock","A","PANEL","685.8","82.55",,"2","0","0","0",,,"1","18",,"0","LxL{0}LyL AxA{0}AyA",,"61573","C","C","1","Frente"
"6/25/2026 12:12 PM","PN29 1/23 1/4 Toe Kick+Cam lock ","A","PANEL","749.3","82.55",,"2","0","0","0",,,"1","18",,"0","LxL{0}LyL AxA{0}AyA",,"61572","C","C","1","Frente"
"6/25/2026 12:10 PM","PN2723 3/4 Shelf","A","PANEL","685.8","603.25",,"2","0","0","0",,,"1","18",,"0","LxL{0}LyL AxA{0}AyA",,"61571","C","C","1","Frente"
"6/25/2026 12:08 PM","PN29 1/223 3/4 Shelf","A","PANEL","749.3","603.25",,"2","0","0","0",,,"1","18",,"0","LxL{0}LyL AxA{0}AyA",,"61570","C","C","1","Frente"
"6/25/2026 12:06 PM","PN2723 3/4 Shelf+camlock","A","PANEL","685.8","603.25",,"2","0","0","0",,,"1","18",,"0","LxL{0}LyL AxA{0}AyA",,"61569","C","C","1","Frente"
"6/25/2026 12:05 PM","PN29 1/223 3/4 Shelf+camlock","A","PANEL","749.3","603.25",,"2","0","0","0",,,"1","18",,"0","LxL{0}LyL AxA{0}AyA",,"61568","C","C","1","Frente"
"6/25/2026 12:03 PM","PN23 3/495 1/4 1 Side","A","PANEL","2,419.35","603.25",,"2","2","0","0",,,"1","18",,"0","LxL{0}LyL AxA{0}AyA",,"61567","C","C","1","Frente"
"6/25/2026 12:03 PM","PN23 3/495 1/4 2 Sides","A","PANEL","2,419.35","603.25",,"2","2","0","0",,,"1","18",,"0","LxL{0}LyL AxA{0}AyA",,"61566","C","C","1","Frente"
"6/25/2026 11:24 AM","PN37 7/893 5/8 C401-Principal","A","PANEL","2,378.2","962.15",,"2","2","0","0",,,"1","18",,"0","LxL{0}LyL AxA{0}AyA",,"61551","C","C","1","Frente"
"6/17/2026 2:25 PM","UB2828 3/4 MBLE INF COC 1 GAVETA 2 PUERTAS 1/2 ENTREPAÑO CARB2","N","BACKING","728.25","695.2",,"0","0",,,,,"0","6",,"0","LxA{-2}AyL AxL{-16}LyA",,"61543","F","X","1",
"6/17/2026 2:25 PM","UB2828 3/4 MBLE INF COC 1 GAVETA 2 PUERTAS 1/2 ENTREPAÑO CARB2","K","DOOR R","584.15","352.4",,"2","2",,,,,"1","18",,"0","AxL[0,495500]LyA",,"61542","C","C","1",
"6/17/2026 2:25 PM","UB2828 3/4 MBLE INF COC 1 GAVETA 2 PUERTAS 1/2 ENTREPAÑO CARB2","H","SHEFL","680.2","300",,"0","0","2","2",,,"0.45","15",,"0","LxL{-31}LyL",,"61541","P","P","1",
"6/17/2026 2:25 PM","UB2828 3/4 MBLE INF COC 1 GAVETA 2 PUERTAS 1/2 ENTREPAÑO CARB2","F","RAIL TRASERO","681.2","80",,"0","0","2",,,,"0.45","15",,"0","LxL{-30}LyL",,"61540","P","P","1",
"6/17/2026 2:25 PM","UB2828 3/4 MBLE INF COC 1 GAVETA 2 PUERTAS 1/2 ENTREPAÑO CARB2","A","BASE","681.2","585.6",,"0","2",,,,,"0.45","15",,"0","LxL{-30}LyL AxP{-24}PyA",,"61539","B","C","1",
"6/17/2026 2:25 PM","UB2828 3/4 MBLE INF COC 1 GAVETA 2 PUERTAS 1/2 ENTREPAÑO CARB2","M","FRENTE GAVETA","139.7","708",,"2","2",,,,,"1","18",,"0","AxL{-3,2}LyA",,"61538","C","C","1",
"6/17/2026 2:25 PM","UB2828 3/4 MBLE INF COC 1 GAVETA 2 PUERTAS 1/2 ENTREPAÑO CARB2","L","DOOR L","584.15","352.4",,"2","2",,,,,"1","18",,"0","AxL[0,495500]LyA",,"61537","C","C","1",
"6/17/2026 2:25 PM","UB2828 3/4 MBLE INF COC 1 GAVETA 2 PUERTAS 1/2 ENTREPAÑO CARB2","J","TRASERO GAVETA ","594.2","68",,"0","0","1",,,,"0.45","15",,"0","LxL{-117}LyL",,"61536","P","P","1",
"6/17/2026 2:25 PM","UB2828 3/4 MBLE INF COC 1 GAVETA 2 PUERTAS 1/2 ENTREPAÑO CARB2","I","BASE GAVETA ","606.2","492",,"0","0","2",,,,"0.45","15",,"0","LxL{-105}LyL",,"61535","P","P","1",
"6/17/2026 2:25 PM","UB2828 3/4 MBLE INF COC 1 GAVETA 2 PUERTAS 1/2 ENTREPAÑO CARB2","G","RAIL TRASERO","681.2","80",,"0","0","2",,,,"0.45","15",,"0","LxL{-30}LyL",,"61534","P","P","1",
"6/17/2026 2:25 PM","UB2828 3/4 MBLE INF COC 1 GAVETA 2 PUERTAS 1/2 ENTREPAÑO CARB2","E","RAIL DELANTERO","681.2","80",,"2","0",,,,,"0.45","15",,"0","LxL{-30}LyL","Enchape color","61533","P","C","1",
"6/17/2026 2:25 PM","UB2828 3/4 MBLE INF COC 1 GAVETA 2 PUERTAS 1/2 ENTREPAÑO CARB2","D","RAIL DELANTERO","681.2","80",,"2","0",,,,,"0.45","15",,"0","LxL{-30}LyL","Enchape color","61532","P","C","1",
"6/17/2026 2:25 PM","UB2828 3/4 MBLE INF COC 1 GAVETA 2 PUERTAS 1/2 ENTREPAÑO CARB2","C","SIDE L - R17L762","730.25","609.6",,"2","2",,,,,"0.45","15",,"0","LxA{0}AyL AxP{0}PyA",,"61531","B","C","1",
"6/17/2026 2:25 PM","UB2828 3/4 MBLE INF COC 1 GAVETA 2 PUERTAS 1/2 ENTREPAÑO CARB2","B","SIDE R - R17L762","730.25","609.6",,"2","2",,,,,"0.45","15",,"0","LxA{0}AyL AxP{0}PyA",,"61530","B","C","1",
"6/16/2026 3:29 PM","UW1636 MBLE SUP COC 1 PUERTA 3 ENTREPAÑOS OPEN SHELF CARB2","K","BACKING","898.4","390.4",,"0","0","0","0",,,"0","6",,"0","LxA{-16}AyL AxL{-16}LyA",,"61518","F","X",,
"6/16/2026 3:29 PM","UW1636 MBLE SUP COC 1 PUERTA 3 ENTREPAÑOS OPEN SHELF CARB2","J","DOOR ","715.22","403.2",,"2","2","0","0",,,"1","18",,"0","LxA{-199,18}AyL AxL{-3,2}LyA",,"61517","C","C",,
"6/16/2026 3:29 PM","UW1636 MBLE SUP COC 1 PUERTA 3 ENTREPAÑOS OPEN SHELF CARB2","I","SHELF 2","375.4","266.7",,"0","0","2","2",,,"0.45","15",,"0","LxL{-31}LyL",,"61516","P","P","1",
"6/16/2026 3:29 PM","UW1636 MBLE SUP COC 1 PUERTA 3 ENTREPAÑOS OPEN SHELF CARB2","H","SHELF 1","375.4","266.7",,"0","0","2","2",,,"0.45","15",,"0","LxL{-31}LyL",,"61515","P","P","1",
"6/16/2026 3:29 PM","UW1636 MBLE SUP COC 1 PUERTA 3 ENTREPAÑOS OPEN SHELF CARB2","G","SHELF 0","376.4","281.8",,"2",,"0","0",,,"0.45","15",,"0","LxL{-30}LyL",,"61514","B","C","1",
"6/16/2026 3:29 PM","UW1636 MBLE SUP COC 1 PUERTA 3 ENTREPAÑOS OPEN SHELF CARB2","F","RAIL TRASERO","376.4","80",,"0","0","2","0",,,"0.45","15",,"0","LxL{-30}LyL",,"61513","P","P","1",
"6/16/2026 3:29 PM","UW1636 MBLE SUP COC 1 PUERTA 3 ENTREPAÑOS OPEN SHELF CARB2","E","RAIL TRASERO","376.4","80",,"0","0","2","0",,,"0.45","15",,"0","LxL{-30}LyL",,"61512","P","P","1",
"6/16/2026 3:29 PM","UW1636 MBLE SUP COC 1 PUERTA 3 ENTREPAÑOS OPEN SHELF CARB2","D","SIDE L - R16L","914.4","304.8",,"2","2","0","0",,,"0.45","15",,"0","LxA{0}AyL AxP{0}PyA",,"61511","B","C","1",
"6/16/2026 3:29 PM","UW1636 MBLE SUP COC 1 PUERTA 3 ENTREPAÑOS OPEN SHELF CARB2","C","SIDE R - R16L","914.4","304.8",,"2","2","0","0",,,"0.45","15",,"0","LxA{0}AyL AxP{0}PyA",,"61510","B","C","1",
"6/16/2026 3:29 PM","UW1636 MBLE SUP COC 1 PUERTA 3 ENTREPAÑOS OPEN SHELF CARB2","B","TAPA - R16L","376.4","304.8",,"2","0","0","0",,,"0.45","15",,"0","LxL{-30}LyL AxP{0}PyA",,"61509","B","C","1",
"6/16/2026 3:29 PM","UW1636 MBLE SUP COC 1 PUERTA 3 ENTREPAÑOS OPEN SHELF CARB2","A","BASE - R16L","376.4","304.8",,"2","0","0","0",,,"0.45","15",,"0","LxL{-30}LyL AxP{0}PyA",,"61508","B","C","1",
"5/20/2026 2:52 PM","F834 FILLER MBLE INF","A","FILLER","863.6","203.2",,"2","2","0","0",,,"1","18",,"0","LxA{0}AyL AxL{0}LyA",,"61496","C","C","1",
"5/20/2026 2:47 PM","PN24 7/835 PANEL MUEBLE","A","PANEL","889","631.83",,"2","2","0","0",,,"1","18",,"0","LxA{0}AyL AxP{0}PyA",,"61495","C","C","1","Frente"
"5/20/2026 2:44 PM","PN24 7/833 PANEL MUEBLE","A","PANEL","838.2","631.83",,"2","2","0","0",,,"1","18",,"0","LxA{0}AyL AxP{0}PyA",,"61494","C","C","1","Frente"
"5/20/2026 2:42 PM","PN21 7/833 PANEL MUEBLE","A","PANEL","838.2","555.63",,"2","2","0","0",,,"1","18",,"0","LxA{0}AyL AxP{0}PyA",,"61493","C","C","1","Frente"
"5/20/2026 2:24 PM","W3628 MBLE SUP COC 2 PUERTAS 2 ENTREPAÑOS CARB2","J","DOOR L","708","454",,"2","2",,,,,"1","18",,"0","LxA{-3,2}AyL AxL[0,4965]LyA",,"61492","C","C","1","Frente"
"5/20/2026 2:24 PM","W3628 MBLE SUP COC 2 PUERTAS 2 ENTREPAÑOS CARB2","K","BACKING","695.2","898.4",,"0","0","0","0",,,"0","6",,"0","LxA{-16}AyL AxL{-16}LyA",,"61491","F","X","1",
"5/20/2026 2:24 PM","W3628 MBLE SUP COC 2 PUERTAS 2 ENTREPAÑOS CARB2","I","DOOR R","708","454",,"2","2","0","0",,,"1","18",,"0","LxA{-3,2}AyL AxL[0,4965]LyA",,"61490","C","C","1","Frente"
"5/20/2026 2:24 PM","W3628 MBLE SUP COC 2 PUERTAS 2 ENTREPAÑOS CARB2","H","SHELF 2","883.4","266.7",,"0","0","2","2",,,"0.45","15",,"0","LxL{-31}LyL",,"61489","P","P","1","Caja"
"5/20/2026 2:24 PM","W3628 MBLE SUP COC 2 PUERTAS 2 ENTREPAÑOS CARB2","G","SHELF 1","883.4","266.7",,"0","0","2","2",,,"0.45","15",,"0","LxL{-31}LyL",,"61488","P","P","1","Caja"
"5/20/2026 2:24 PM","W3628 MBLE SUP COC 2 PUERTAS 2 ENTREPAÑOS CARB2","F","RAIL TRASERO","884.4","80",,"0","0","2","0",,,"0.45","15",,"0","LxL{-30}LyL",,"61487","P","P","1","Caja"
"5/20/2026 2:24 PM","W3628 MBLE SUP COC 2 PUERTAS 2 ENTREPAÑOS CARB2","E","RAIL TRASERO","884.4","80",,"0","0","2","0",,,"0.45","15",,"0","LxL{-30}LyL",,"61486","P","P","1","Caja"
"5/20/2026 2:24 PM","W3628 MBLE SUP COC 2 PUERTAS 2 ENTREPAÑOS CARB2","D","SIDE L - R16L","711.2","304.8",,"2","2","0","0",,,"0.45","15",,"0","LxA{0}AyL AxP{0}PyA",,"61485","B","C","1","Caja"
"5/20/2026 2:24 PM","W3628 MBLE SUP COC 2 PUERTAS 2 ENTREPAÑOS CARB2","C","SIDE R - R16L","711.2","304.8",,"2","2","0","0",,,"0.45","15",,"0","LxA{0}AyL AxP{0}PyA",,"61484","B","C","1","Caja"
"5/20/2026 2:24 PM","W3628 MBLE SUP COC 2 PUERTAS 2 ENTREPAÑOS CARB2","B","TAPA - R16L","884.4","304.8",,"2","0","0","0",,,"0.45","15",,"0","LxL{-30}LyL AxP{0}PyA",,"61483","B","C","1","Caja"
"5/20/2026 2:24 PM","W3628 MBLE SUP COC 2 PUERTAS 2 ENTREPAÑOS CARB2","A","BASE - R16L","884.4","304.8",,"2","0","0","0",,,"0.45","15",,"0","LxL{-30}LyL AxP{0}PyA",,"61482","B","C","1","Caja"
"5/20/2026 2:05 PM","W2934 MBLE SUP COC 2 PUERTAS 2 ENTREPAÑOS CARB2","J","DOOR L","860.4","365.1",,"2","2",,,,,"1","18",,"0","LxA{-3,2}AyL AxL[0,49565]LyA",,"61470","C","C","1",
"5/20/2026 2:05 PM","W2934 MBLE SUP COC 2 PUERTAS 2 ENTREPAÑOS CARB2","K","BACKING","847.6","720.6",,"0","0","0","0",,,"0","6",,"0","LxA{-16}AyL AxL{-16}LyA",,"61469","F","X","1",
"5/20/2026 2:05 PM","W2934 MBLE SUP COC 2 PUERTAS 2 ENTREPAÑOS CARB2","I","DOOR R","860.4","365.1",,"2","2","0","0",,,"1","18",,"0","LxA{-3,2}AyL AxL[0,49565]LyA",,"61468","C","C","1",
"5/20/2026 2:05 PM","W2934 MBLE SUP COC 2 PUERTAS 2 ENTREPAÑOS CARB2","H","SHELF 2","705.6","266.7",,"0","0","2","2",,,"0.45","15",,"0","LxL{-31}LyL",,"61467","P","P","1",
"5/20/2026 2:05 PM","W2934 MBLE SUP COC 2 PUERTAS 2 ENTREPAÑOS CARB2","G","SHELF 1","705.6","266.7",,"0","0","2","2",,,"0.45","15",,"0","LxL{-31}LyL",,"61466","P","P","1",
"5/20/2026 2:05 PM","W2934 MBLE SUP COC 2 PUERTAS 2 ENTREPAÑOS CARB2","F","RAIL TRASERO","706.6","80",,"0","0","2","0",,,"0.45","15",,"0","LxL{-30}LyL",,"61465","P","P","1",
"5/20/2026 2:05 PM","W2934 MBLE SUP COC 2 PUERTAS 2 ENTREPAÑOS CARB2","E","RAIL TRASERO","706.6","80",,"0","0","2","0",,,"0.45","15",,"0","LxL{-30}LyL",,"61464","P","P","1",
"5/20/2026 2:05 PM","W2934 MBLE SUP COC 2 PUERTAS 2 ENTREPAÑOS CARB2","D","SIDE L - R16L","863.6","304.8",,"2","2","0","0",,,"0.45","15",,"0","LxA{0}AyL AxP{0}PyA",,"61463","B","C","1",
"5/20/2026 2:05 PM","W2934 MBLE SUP COC 2 PUERTAS 2 ENTREPAÑOS CARB2","C","SIDE R - R16L","863.6","304.8",,"2","2","0","0",,,"0.45","15",,"0","LxA{0}AyL AxP{0}PyA",,"61462","B","C","1",
"5/20/2026 2:05 PM","W2934 MBLE SUP COC 2 PUERTAS 2 ENTREPAÑOS CARB2","B","TAPA - R16L","706.6","304.8",,"2","0","0","0",,,"0.45","15",,"0","LxL{-30}LyL AxP{0}PyA",,"61461","B","C","1",
"5/20/2026 2:05 PM","W2934 MBLE SUP COC 2 PUERTAS 2 ENTREPAÑOS CARB2","A","BASE - R16L","706.6","304.8",,"2","0","0","0",,,"0.45","15",,"0","LxL{-30}LyL AxP{0}PyA",,"61460","B","C","1",
"5/20/2026 2:01 PM","W2834 MBLE SUP COC 2 PUERTAS 2 ENTREPAÑOS CARB2","J","DOOR L","860.4","352.4",,"2","2",,,,,"1","18",,"0","LxA{-3,2}AyL AxL[0,4955]LyA",,"61448","C","C","1",
"5/20/2026 2:01 PM","W2834 MBLE SUP COC 2 PUERTAS 2 ENTREPAÑOS CARB2","K","BACKING","847.6","695.2",,"0","0","0","0",,,"0","6",,"0","LxA{-16}AyL AxL{-16}LyA",,"61447","F","X","1",
"5/20/2026 2:01 PM","W2834 MBLE SUP COC 2 PUERTAS 2 ENTREPAÑOS CARB2","I","DOOR R","860.4","352.4",,"2","2","0","0",,,"1","18",,"0","LxA{-3,2}AyL AxL[0,4955]LyA",,"61446","C","C","1",
"5/20/2026 2:01 PM","W2834 MBLE SUP COC 2 PUERTAS 2 ENTREPAÑOS CARB2","H","SHELF 2","680.2","266.7",,"0","0","2","2",,,"0.45","15",,"0","LxL{-31}LyL",,"61445","P","P","1",
"5/20/2026 2:01 PM","W2834 MBLE SUP COC 2 PUERTAS 2 ENTREPAÑOS CARB2","G","SHELF 1","680.2","266.7",,"0","0","2","2",,,"0.45","15",,"0","LxL{-31}LyL",,"61444","P","P","1",
"5/20/2026 2:01 PM","W2834 MBLE SUP COC 2 PUERTAS 2 ENTREPAÑOS CARB2","F","RAIL TRASERO","681.2","80",,"0","0","2","0",,,"0.45","15",,"0","LxL{-30}LyL",,"61443","P","P","1",
"5/20/2026 2:01 PM","W2834 MBLE SUP COC 2 PUERTAS 2 ENTREPAÑOS CARB2","E","RAIL TRASERO","681.2","80",,"0","0","2","0",,,"0.45","15",,"0","LxL{-30}LyL",,"61442","P","P","1",
"5/20/2026 2:01 PM","W2834 MBLE SUP COC 2 PUERTAS 2 ENTREPAÑOS CARB2","D","SIDE L - R16L","863.6","304.8",,"2","2","0","0",,,"0.45","15",,"0","LxA{0}AyL AxP{0}PyA",,"61441","B","C","1",
"5/20/2026 2:01 PM","W2834 MBLE SUP COC 2 PUERTAS 2 ENTREPAÑOS CARB2","C","SIDE R - R16L","863.6","304.8",,"2","2","0","0",,,"0.45","15",,"0","LxA{0}AyL AxP{0}PyA",,"61440","B","C","1",
"5/20/2026 2:01 PM","W2834 MBLE SUP COC 2 PUERTAS 2 ENTREPAÑOS CARB2","B","TAPA - R16L","681.2","304.8",,"2","0","0","0",,,"0.45","15",,"0","LxL{-30}LyL AxP{0}PyA",,"61439","B","C","1",
"5/20/2026 2:01 PM","W2834 MBLE SUP COC 2 PUERTAS 2 ENTREPAÑOS CARB2","A","BASE - R16L","681.2","304.8",,"2","0","0","0",,,"0.45","15",,"0","LxL{-30}LyL AxP{0}PyA",,"61438","B","C","1",
"5/20/2026 1:47 PM","W24 3/434 MBLE SUP COC 2 PUERTAS 2 ENTREPAÑOS CARB2","J","DOOR L","860.4","311.18",,"2","2",,,,,"1","18",,"0","LxA{-3,2}AyL AxL[0,495]LyA",,"61426","C","C",,
"5/20/2026 1:47 PM","W24 3/434 MBLE SUP COC 2 PUERTAS 2 ENTREPAÑOS CARB2","K","BACKING","847.6","612.65",,"0","0","0","0",,,"0","6",,"0","LxA{-16}AyL AxL{-16}LyA",,"61425","F","X",,
"5/20/2026 1:47 PM","W24 3/434 MBLE SUP COC 2 PUERTAS 2 ENTREPAÑOS CARB2","I","DOOR R","860.4","311.18",,"2","2","0","0",,,"1","18",,"0","LxA{-3,2}AyL AxL[0,495]LyA",,"61424","C","C",,
"5/20/2026 1:47 PM","W24 3/434 MBLE SUP COC 2 PUERTAS 2 ENTREPAÑOS CARB2","H","SHELF 2","597.65","266.7",,"0","0","2","2",,,"0.45","15",,"0","LxL{-31}LyL",,"61423","P","P",,
"5/20/2026 1:47 PM","W24 3/434 MBLE SUP COC 2 PUERTAS 2 ENTREPAÑOS CARB2","G","SHELF 1","597.65","266.7",,"0","0","2","2",,,"0.45","15",,"0","LxL{-31}LyL",,"61422","P","P",,
"5/20/2026 1:47 PM","W24 3/434 MBLE SUP COC 2 PUERTAS 2 ENTREPAÑOS CARB2","F","RAIL TRASERO","598.65","80",,"0","0","2","0",,,"0.45","15",,"0","LxL{-30}LyL",,"61421","P","P",,
"5/20/2026 1:47 PM","W24 3/434 MBLE SUP COC 2 PUERTAS 2 ENTREPAÑOS CARB2","E","RAIL TRASERO","598.65","80",,"0","0","2","0",,,"0.45","15",,"0","LxL{-30}LyL",,"61420","P","P",,
"5/20/2026 1:47 PM","W24 3/434 MBLE SUP COC 2 PUERTAS 2 ENTREPAÑOS CARB2","D","SIDE L - R16L","863.6","304.8",,"2","2","0","0",,,"0.45","15",,"0","LxA{0}AyL AxP{0}PyA",,"61419","B","C",,
"5/20/2026 1:47 PM","W24 3/434 MBLE SUP COC 2 PUERTAS 2 ENTREPAÑOS CARB2","C","SIDE R - R16L","863.6","304.8",,"2","2","0","0",,,"0.45","15",,"0","LxA{0}AyL AxP{0}PyA",,"61418","B","C",,
"5/20/2026 1:47 PM","W24 3/434 MBLE SUP COC 2 PUERTAS 2 ENTREPAÑOS CARB2","B","TAPA - R16L","598.65","304.8",,"2","0","0","0",,,"0.45","15",,"0","LxL{-30}LyL AxP{0}PyA",,"61417","B","C",,
"5/20/2026 1:47 PM","W24 3/434 MBLE SUP COC 2 PUERTAS 2 ENTREPAÑOS CARB2","A","BASE - R16L","598.65","304.8",,"2","0","0","0",,,"0.45","15",,"0","LxL{-30}LyL AxP{0}PyA",,"61416","B","C",,
"5/20/2026 1:39 PM","W2034 MBLE SUP COC 1 PUERTA 2 ENTREPAÑOS CARB2","J","BACKING","847.6","492",,"0","0","0","0",,,"0","6",,"0","LxA{-16}AyL AxL{-16}LyA",,"61415","F","X",,
"5/20/2026 1:39 PM","W2034 MBLE SUP COC 1 PUERTA 2 ENTREPAÑOS CARB2","I","DOOR ","860.4","504.8",,"2","2","0","0",,,"1","18",,"0","LxA{-3,2}AyL AxL{-3,2}LyA",,"61414","C","C",,
"5/20/2026 1:39 PM","W2034 MBLE SUP COC 1 PUERTA 2 ENTREPAÑOS CARB2","H","SHELF 2","477","266.8",,"0","0","2","2",,,"0.45","15",,"0","LxL{-31}LyL AxP{-38}PyA",,"61413","P","P",,
"5/20/2026 1:39 PM","W2034 MBLE SUP COC 1 PUERTA 2 ENTREPAÑOS CARB2","G","SHELF 1","477","266.8",,"0","0","2","2",,,"0.45","15",,"0","LxL{-31}LyL AxP{-38}PyA",,"61412","P","P",,
"5/20/2026 1:39 PM","W2034 MBLE SUP COC 1 PUERTA 2 ENTREPAÑOS CARB2","F","RAIL TRASERO","478","80",,"0","0","2","0",,,"0.45","15",,"0","LxL{-30}LyL",,"61411","P","P",,
"5/20/2026 1:39 PM","W2034 MBLE SUP COC 1 PUERTA 2 ENTREPAÑOS CARB2","E","RAIL TRASERO","478","80",,"0","0","2","0",,,"0.45","15",,"0","LxL{-30}LyL",,"61410","P","P",,
"5/20/2026 1:39 PM","W2034 MBLE SUP COC 1 PUERTA 2 ENTREPAÑOS CARB2","D","SIDE L - R16L","863.6","304.8",,"2","2","0","0",,,"0.45","15",,"0","LxA{0}AyL AxP{0}PyA",,"61409","B","C",,
"5/20/2026 1:39 PM","W2034 MBLE SUP COC 1 PUERTA 2 ENTREPAÑOS CARB2","C","SIDE R - R16L","863.6","304.8",,"2","2","0","0",,,"0.45","15",,"0","LxA{0}AyL AxP{0}PyA",,"61408","B","C",,
"5/20/2026 1:39 PM","W2034 MBLE SUP COC 1 PUERTA 2 ENTREPAÑOS CARB2","B","TAPA - R16L","478","304.8",,"2","0","0","0",,,"0.45","15",,"0","LxL{-30}LyL AxP{0}PyA",,"61407","B","C",,
"5/20/2026 1:39 PM","W2034 MBLE SUP COC 1 PUERTA 2 ENTREPAÑOS CARB2","A","BASE - R16L","478","304.8",,"2","0","0","0",,,"0.45","15",,"0","LxL{-30}LyL AxP{0}PyA",,"61406","B","C",,
"5/20/2026 12:27 PM","W1634 MBLE SUP COC 1 PUERTA 2 ENTREPAÑOS CARB2","J","BACKING","847.6","390.4",,"0","0","0","0",,,"0","6",,"0","LxA{-16}AyL AxL{-16}LyA",,"61405","F","X",,
"5/20/2026 12:27 PM","W1634 MBLE SUP COC 1 PUERTA 2 ENTREPAÑOS CARB2","I","DOOR ","860.4","403.2",,"2","2","0","0",,,"1","18",,"0","LxA{-3,2}AyL AxL{-3,2}LyA",,"61404","C","C",,
"5/20/2026 12:27 PM","W1634 MBLE SUP COC 1 PUERTA 2 ENTREPAÑOS CARB2","H","SHELF 2","375.4","266.8",,"0","0","2","2",,,"0.45","15",,"0","LxL{-31}LyL AxP{-38}PyA",,"61403","P","P",,
"5/20/2026 12:27 PM","W1634 MBLE SUP COC 1 PUERTA 2 ENTREPAÑOS CARB2","G","SHELF 1","375.4","266.8",,"0","0","2","2",,,"0.45","15",,"0","LxL{-31}LyL AxP{-38}PyA",,"61402","P","P",,
"5/20/2026 12:27 PM","W1634 MBLE SUP COC 1 PUERTA 2 ENTREPAÑOS CARB2","F","RAIL TRASERO","376.4","80",,"0","0","2","0",,,"0.45","15",,"0","LxL{-30}LyL",,"61401","P","P",,
"5/20/2026 12:27 PM","W1634 MBLE SUP COC 1 PUERTA 2 ENTREPAÑOS CARB2","E","RAIL TRASERO","376.4","80",,"0","0","2","0",,,"0.45","15",,"0","LxL{-30}LyL",,"61400","P","P",,
"5/20/2026 12:27 PM","W1634 MBLE SUP COC 1 PUERTA 2 ENTREPAÑOS CARB2","D","SIDE L - R16L","863.6","304.8",,"2","2","0","0",,,"0.45","15",,"0","LxA{0}AyL AxP{0}PyA",,"61399","B","C",,
"5/20/2026 12:27 PM","W1634 MBLE SUP COC 1 PUERTA 2 ENTREPAÑOS CARB2","C","SIDE R - R16L","863.6","304.8",,"2","2","0","0",,,"0.45","15",,"0","LxA{0}AyL AxP{0}PyA",,"61398","B","C",,
"5/20/2026 12:27 PM","W1634 MBLE SUP COC 1 PUERTA 2 ENTREPAÑOS CARB2","B","TAPA - R16L","376.4","304.8",,"2","0","0","0",,,"0.45","15",,"0","LxL{-30}LyL AxP{0}PyA",,"61397","B","C",,
"5/20/2026 12:27 PM","W1634 MBLE SUP COC 1 PUERTA 2 ENTREPAÑOS CARB2","A","BASE - R16L","376.4","304.8",,"2","0","0","0",,,"0.45","15",,"0","LxL{-30}LyL AxP{0}PyA",,"61396","B","C",,
"5/14/2026 2:06 PM","UW25 1/236 MBLE SUP COC 2 PUERTAS 3 ENTREPAÑOS OPEN SHELF CARB2","L","BACKING","898.4","631.7",,"0","0","0","0",,,"0","6",,"0","LxA{-16}AyL AxL{-16}LyA",,"61385","F","X","1",
"5/14/2026 2:06 PM","UW25 1/236 MBLE SUP COC 2 PUERTAS 3 ENTREPAÑOS OPEN SHELF CARB2","K","DOOR L","715.72","320.65",,"2","2",,,,,"1","18",,"0","LxA{-199,18}AyL AxL[0,494640]LyA",,"61384","C","C","1",
"5/14/2026 2:06 PM","UW25 1/236 MBLE SUP COC 2 PUERTAS 3 ENTREPAÑOS OPEN SHELF CARB2","J","DOOR R","715.72","320.65",,"2","2","0","0",,,"1","18",,"0","LxA{-199,18}AyL AxL[0,494638]LyA",,"61383","C","C","1",
"5/14/2026 2:06 PM","UW25 1/236 MBLE SUP COC 2 PUERTAS 3 ENTREPAÑOS OPEN SHELF CARB2","I","SHELF 2","616.7","266.7",,"0","0","2","2",,,"0.45","15",,"0","LxL{-31}LyL",,"61382","P","P","1",
"5/14/2026 2:06 PM","UW25 1/236 MBLE SUP COC 2 PUERTAS 3 ENTREPAÑOS OPEN SHELF CARB2","H","SHELF 1","616.7","266.7",,"0","0","2","2",,,"0.45","15",,"0","LxL{-31}LyL",,"61381","P","P","1",
"5/14/2026 2:06 PM","UW25 1/236 MBLE SUP COC 2 PUERTAS 3 ENTREPAÑOS OPEN SHELF CARB2","G","SHELF 0","617.7","281.8",,"2",,"0","0",,,"0.45","15",,"0","LxL{-30}LyL",,"61380","P","C","1",
"5/14/2026 2:06 PM","UW25 1/236 MBLE SUP COC 2 PUERTAS 3 ENTREPAÑOS OPEN SHELF CARB2","F","RAIL TRASERO","617.7","80",,"0","0","2","0",,,"0.45","15",,"0","LxL{-30}LyL",,"61379","P","P","1",
"5/14/2026 2:06 PM","UW25 1/236 MBLE SUP COC 2 PUERTAS 3 ENTREPAÑOS OPEN SHELF CARB2","E","RAIL TRASERO","617.7","80",,"0","0","2","0",,,"0.45","15",,"0","LxL{-30}LyL",,"61378","P","P","1",
"5/14/2026 2:06 PM","UW25 1/236 MBLE SUP COC 2 PUERTAS 3 ENTREPAÑOS OPEN SHELF CARB2","D","SIDE L - R16L","914.4","304.8",,"2","2","0","0",,,"0.45","15",,"0","LxA{0}AyL AxP{0}PyA",,"61377","B","C","1",
"5/14/2026 2:06 PM","UW25 1/236 MBLE SUP COC 2 PUERTAS 3 ENTREPAÑOS OPEN SHELF CARB2","C","SIDE R - R16L","914.4","304.8",,"2","2","0","0",,,"0.45","15",,"0","LxA{0}AyL AxP{0}PyA",,"61376","B","C","1",
"5/14/2026 2:06 PM","UW25 1/236 MBLE SUP COC 2 PUERTAS 3 ENTREPAÑOS OPEN SHELF CARB2","B","TAPA - R16L","617.7","304.8",,"2","0","0","0",,,"0.45","15",,"0","LxL{-30}LyL AxP{0}PyA",,"61375","B","C","1",
"5/14/2026 2:06 PM","UW25 1/236 MBLE SUP COC 2 PUERTAS 3 ENTREPAÑOS OPEN SHELF CARB2","A","BASE - R16L","617.7","304.8",,"2","0","0","0",,,"0.45","15",,"0","LxL{-30}LyL AxP{0}PyA",,"61374","B","C","1",
"5/14/2026 11:38 AM","B16 MBLE INF COC 1 CAJÓN 1 PUERTA 1/2 ENTREPAÑO CARB2","M","BACKING","760","390.4",,"0","0",,,,,"0","6",,"0","LxA{-2}AyL AxL{-16}LyA",,"61361","F","X",,
"5/14/2026 11:38 AM","B16 MBLE INF COC 1 CAJÓN 1 PUERTA 1/2 ENTREPAÑO CARB2","L","FRENTE GAVETA","152.4","403.2",,"2","2",,,,,"1","18",,"0","AxL{-3,2}LyA",,"61360","C","C",,
"5/14/2026 11:38 AM","B16 MBLE INF COC 1 CAJÓN 1 PUERTA 1/2 ENTREPAÑO CARB2","K","DOOR R","603.2","403.2",,"2","2",,,,,"1","18",,"0","LxA{-158,8}AyL AxL{-3,2}LyA",,"61359","C","C",,
"5/14/2026 11:38 AM","B16 MBLE INF COC 1 CAJÓN 1 PUERTA 1/2 ENTREPAÑO CARB2","J","TRASERO CAJON","289.4","68",,"0","0","1",,,,"0.45","15",,"0","LxL{-117}LyL",,"61358","P","P",,
"5/14/2026 11:38 AM","B16 MBLE INF COC 1 CAJÓN 1 PUERTA 1/2 ENTREPAÑO CARB2","D","RAIL DELANTERO","376.4","80",,"2","0",,,,,"0.45","15",,"0","LxL{-30}LyL","Enchape color","61357","P","C",,
"5/14/2026 11:38 AM","B16 MBLE INF COC 1 CAJÓN 1 PUERTA 1/2 ENTREPAÑO CARB2","C","SIDE L - R17L762","762","609.6",,"2","2",,,,,"0.45","15",,"0","LxA{0}AyL AxP{0}PyA",,"61356","B","C",,
"5/14/2026 11:38 AM","B16 MBLE INF COC 1 CAJÓN 1 PUERTA 1/2 ENTREPAÑO CARB2","B","SIDE R - R17L762","762","609.6",,"2","2",,,,,"0.45","15",,"0","LxA{0}AyL AxP{0}PyA",,"61355","B","C",,
"5/14/2026 11:38 AM","B16 MBLE INF COC 1 CAJÓN 1 PUERTA 1/2 ENTREPAÑO CARB2","A","BASE","376.4","585.6",,"2","0",,,,,"0.45","15",,"0","LxL{-30}LyL AxP{-24}PyA",,"61354","B","C",,
"5/14/2026 11:38 AM","B16 MBLE INF COC 1 CAJÓN 1 PUERTA 1/2 ENTREPAÑO CARB2","I","PIEZA CAJON","301.4","492",,"0","0","2",,,,"0.45","15",,"0","LxL{-105}LyL",,"61353","P","P",,
"5/14/2026 11:38 AM","B16 MBLE INF COC 1 CAJÓN 1 PUERTA 1/2 ENTREPAÑO CARB2","H","SHELF","375.4","300",,"0","0","2","2",,,"0.45","15",,"0","LxL{-31}LyL",,"61352","P","P",,
"5/14/2026 11:38 AM","B16 MBLE INF COC 1 CAJÓN 1 PUERTA 1/2 ENTREPAÑO CARB2","G","RAIL TRASERO","376.4","80",,"0","0","2",,,,"0.45","15",,"0","LxL{-30}LyL",,"61351","P","P",,
"5/14/2026 11:38 AM","B16 MBLE INF COC 1 CAJÓN 1 PUERTA 1/2 ENTREPAÑO CARB2","F","RAIL TRASERO","376.4","80",,"0","0","2",,,,"0.45","15",,"0","LxL{-30}LyL",,"61350","P","P",,
"5/14/2026 11:38 AM","B16 MBLE INF COC 1 CAJÓN 1 PUERTA 1/2 ENTREPAÑO CARB2","E","RAIL DELANTERO","376.4","80",,"2","0",,,,,"0.45","15",,"0","LxL{-30}LyL","Enchape color","61349","P","C",,
"5/12/2026 1:14 PM","PN6036 PANEL MBLE","A","PANEL","914.4","1,524",,"2","2","0","0",,,"2","18",,"0","LxA{0}AyL AxP{0}PyA",,"61348","C","C","1","Frente"
"5/6/2026 7:43 AM","PN2983 MBLE INF","A","PANEL","2,108.2","736.6",,"2","2","0","0",,,"1","18",,"0","LxA{0}AyL AxP{0}PyA",,"61337","C","C","1","Frente"
"4/17/2026 11:31 AM","FL61065 FILLER MBLE","A","FILLER","1,065","600",,"0","0","0","0",,,"1","18",,"0","LxA{0}AyL AxL{0}LyA",,"61336","C","C","1","Frente"
"4/9/2026 10:01 AM","HRJ DB19-2S-FE-SM-15MM MBLE INF COC 3 GAVETAS 2 PEQUEÑAS","ZB","FONDO MUEBLE","760","466.6",,"0","0","6","0",,,"0","6",,"0","LxA{-2}AyL AxL{-16}LyA",,"61335","F","X","1",
"4/9/2026 10:01 AM","HRJ DB19-2S-FE-SM-15MM MBLE INF COC 3 GAVETAS 2 PEQUEÑAS","S","CONTRAP INF R15L","396.6","183",,"0","0","2","0",,,"0.45","15",,"0","LxL{-86}LyL",,"61334","P","P","1","Caja"
"4/9/2026 10:01 AM","HRJ DB19-2S-FE-SM-15MM MBLE INF COC 3 GAVETAS 2 PEQUEÑAS","T","CONTRAP CENT R15L","396.6","100",,"0","0","2","0",,,"0.45","15",,"0","LxL{-86}LyL",,"61333","P","P","1","Caja"
"4/9/2026 10:01 AM","HRJ DB19-2S-FE-SM-15MM MBLE INF COC 3 GAVETAS 2 PEQUEÑAS","U","CONTRAP SUP R15L","396.6","100",,"0","0","2","0",,,"0.45","15",,"0","LxL{-86}LyL",,"61332","P","P","1","Caja"
"4/9/2026 10:01 AM","HRJ DB19-2S-FE-SM-15MM MBLE INF COC 3 GAVETAS 2 PEQUEÑAS","O","LAT IZQ GAV SUP R15L","500","100",,"0","0","2","1",,,"0.45","15",,"0",,,"61331","P","P","1","Caja"
"4/9/2026 10:01 AM","HRJ DB19-2S-FE-SM-15MM MBLE INF COC 3 GAVETAS 2 PEQUEÑAS","N","LAT DER GAV SUP R15L","500","100",,"0","0","2","1",,,"0.45","15",,"0",,,"61330","P","P","1","Caja"
"4/9/2026 10:01 AM","HRJ DB19-2S-FE-SM-15MM MBLE INF COC 3 GAVETAS 2 PEQUEÑAS","M","LAT IZQ GAV CENTRAL R15L","500","100",,"0","0","2","1",,,"0.45","15",,"0",,,"61329","P","P","1","Caja"
"4/9/2026 10:01 AM","HRJ DB19-2S-FE-SM-15MM MBLE INF COC 3 GAVETAS 2 PEQUEÑAS","L","LAT DER GAV CENTRAL R15L","500","100",,"0","0","2","1",,,"0.45","15",,"0",,,"61328","P","P","1","Caja"
"4/9/2026 10:01 AM","HRJ DB19-2S-FE-SM-15MM MBLE INF COC 3 GAVETAS 2 PEQUEÑAS","K","LAT IZQ GAV INF R15L","500","183",,"0","0","2","1",,,"0.45","15",,"0",,,"61327","P","P","1","Caja"
"4/9/2026 10:01 AM","HRJ DB19-2S-FE-SM-15MM MBLE INF COC 3 GAVETAS 2 PEQUEÑAS","J","LAT DER GAV INF R15L","500","183",,"0","0","2","1",,,"0.45","15",,"0",,,"61326","P","P","1","Caja"
"4/9/2026 10:01 AM","HRJ DB19-2S-FE-SM-15MM MBLE INF COC 3 GAVETAS 2 PEQUEÑAS","V","FRENTE GAV INF","351","479.4",,"2","2","0","0",,,"2","15",,"0","AxL{-3,2}LyA",,"61325","C","C","1","Frente"
"4/9/2026 10:01 AM","HRJ DB19-2S-FE-SM-15MM MBLE INF COC 3 GAVETAS 2 PEQUEÑAS","Q","TRA GAV CENTRAL","396.6","78",,"0","0","2","0",,,"0.45","15",,"0","LxL{-86}LyL",,"61324","P","P","1","Caja"
"4/9/2026 10:01 AM","HRJ DB19-2S-FE-SM-15MM MBLE INF COC 3 GAVETAS 2 PEQUEÑAS","Z","FONDO GAV CENTRAL","492","410.6",,"0","0","0","0",,,"0","6",,"0","AxL{-72}LyA",,"61323","F","X","1","Sin asignar"
"4/9/2026 10:01 AM","HRJ DB19-2S-FE-SM-15MM MBLE INF COC 3 GAVETAS 2 PEQUEÑAS","I","GOLA INF","452.6","80",,"2","0","0","0",,,"0.45","15",,"0","LxL{-30}LyL",,"61322","B","C","1","Caja"
"4/9/2026 10:01 AM","HRJ DB19-2S-FE-SM-15MM MBLE INF COC 3 GAVETAS 2 PEQUEÑAS","H","GOLA SUP","452.6","80",,"2","0","0","0",,,"0.45","15",,"0","LxL{-30}LyL",,"61321","B","C","1","Caja"
"4/9/2026 10:01 AM","HRJ DB19-2S-FE-SM-15MM MBLE INF COC 3 GAVETAS 2 PEQUEÑAS","X","FRENTE GAV SUP ","173.9","479.4",,"2","2","0","0",,,"2","15",,"0","AxL{-3,2}LyA",,"61320","C","C","1","Frente"
"4/9/2026 10:01 AM","HRJ DB19-2S-FE-SM-15MM MBLE INF COC 3 GAVETAS 2 PEQUEÑAS","W","FRENTE GAV CENTRAL ","173.9","479.4",,"2","2","0","0",,,"2","15",,"0","AxL{-3,2}LyA",,"61319","C","C","1","Frente"
"4/9/2026 10:01 AM","HRJ DB19-2S-FE-SM-15MM MBLE INF COC 3 GAVETAS 2 PEQUEÑAS","P","TRAS GAV INF","396.6","161",,"0","0","2","0",,,"0.45","15",,"0","LxL{-86}LyL",,"61318","P","P","1","Caja"
"4/9/2026 10:01 AM","HRJ DB19-2S-FE-SM-15MM MBLE INF COC 3 GAVETAS 2 PEQUEÑAS","R","TRAS GAV SUP","396.6","78",,"0","0","2","0",,,"0.45","15",,"0","LxL{-86}LyL",,"61317","P","P","1","Caja"
"4/9/2026 10:01 AM","HRJ DB19-2S-FE-SM-15MM MBLE INF COC 3 GAVETAS 2 PEQUEÑAS","Y","FONDO GAV INF","492","410.6",,"0","0","0","0",,,"0","6",,"0","AxL{-72}LyA",,"61316","F","X","1","Sin asignar"
"4/9/2026 10:01 AM","HRJ DB19-2S-FE-SM-15MM MBLE INF COC 3 GAVETAS 2 PEQUEÑAS","ZA","FONDO GAV SUP","492","410.6",,"0","0","0","0",,,"0","6",,"0","AxL{-72}LyA",,"61315","F","X","1","Sin asignar"
"4/9/2026 10:01 AM","HRJ DB19-2S-FE-SM-15MM MBLE INF COC 3 GAVETAS 2 PEQUEÑAS","G","RAIL TRASERO","452.6","80",,"0","0","2","0",,,"0.45","15",,"0","LxL{-30}LyL",,"61314","B","C","1","Caja"
"4/9/2026 10:01 AM","HRJ DB19-2S-FE-SM-15MM MBLE INF COC 3 GAVETAS 2 PEQUEÑAS","F","RAIL TRASERO","452.6","80",,"0","0","2","0",,,"0.45","15",,"0","LxL{-30}LyL",,"61313","B","C","1","Caja"
"4/9/2026 10:01 AM","HRJ DB19-2S-FE-SM-15MM MBLE INF COC 3 GAVETAS 2 PEQUEÑAS","E","RAIL DELANTERO","452.6","80",,"2","0","0","0",,,"0.45","15",,"0","LxL{-30}LyL",,"61312","B","C","1","Caja"
"4/9/2026 10:01 AM","HRJ DB19-2S-FE-SM-15MM MBLE INF COC 3 GAVETAS 2 PEQUEÑAS","D","RAIL DELANTERO","452.6","80",,"2","0","0","0",,,"0.45","15",,"0","LxL{-30}LyL",,"61311","B","C","1","Caja"
"4/9/2026 10:01 AM","HRJ DB19-2S-FE-SM-15MM MBLE INF COC 3 GAVETAS 2 PEQUEÑAS","C","SIDE L R17L","762","609.6",,"2","2","0","0",,,"0.45","15",,"0","LxA{0}AyL AxP{0}PyA",,"61310","B","C","1","Caja"
"4/9/2026 10:01 AM","HRJ DB19-2S-FE-SM-15MM MBLE INF COC 3 GAVETAS 2 PEQUEÑAS","B","SIDE R R17L","762","609.6",,"2","2","0","0",,,"0.45","15",,"0","LxA{0}AyL AxP{0}PyA",,"61309","B","C","1","Caja"
"4/9/2026 10:01 AM","HRJ DB19-2S-FE-SM-15MM MBLE INF COC 3 GAVETAS 2 PEQUEÑAS","A","BASE","452.6","585.6",,"2","0","0","0",,,"0.45","15",,"0","LxL{-30}LyL AxP{-24}PyA",,"61308","B","C","1","Caja"
"4/8/2026 1:20 PM","HRJ BFD16-SM-15MM MBLE INF COC 1 PUERTA 1 ENTREPAÑO","E","GOLA","376.4","80",,"2","0","0","0",,,"0.45","15",,"0","LxL{-30}LyL",,"61307","B","C","1","Caja"
"4/8/2026 1:20 PM","HRJ BFD16-SM-15MM MBLE INF COC 1 PUERTA 1 ENTREPAÑO","J","BACKING","760","390.4",,"0","0","0","0",,,"0","6",,"0","LxA{-2}AyL AxL{-16}LyA",,"61306","F","X","1",
"4/8/2026 1:20 PM","HRJ BFD16-SM-15MM MBLE INF COC 1 PUERTA 1 ENTREPAÑO","I","DOOR R","732","403.2",,"2","2","0","0",,,"2","15",,"0","LxA{-30}AyL AxL{-3,2}LyA",,"61305","C","C","1","Frente"
"4/8/2026 1:20 PM","HRJ BFD16-SM-15MM MBLE INF COC 1 PUERTA 1 ENTREPAÑO","H","SHLEF","375.4","558.8",,"0","0","2","2",,,"0.45","15",,"0","LxL{-31}LyL",,"61304","P","P","1","Caja"
"4/8/2026 1:20 PM","HRJ BFD16-SM-15MM MBLE INF COC 1 PUERTA 1 ENTREPAÑO","F","RAIL TRASERO","376.4","80",,"0","0","2","0",,,"0.45","15",,"0","LxL{-30}LyL",,"61302","P","P","1","Caja"
"4/8/2026 1:20 PM","HRJ BFD16-SM-15MM MBLE INF COC 1 PUERTA 1 ENTREPAÑO","G","RAIL TRASERO","376.4","80",,"0","0","2","0",,,"0.45","15",,"0","LxL{-30}LyL",,"61303","P","P","1","Caja"
"4/8/2026 1:20 PM","HRJ BFD16-SM-15MM MBLE INF COC 1 PUERTA 1 ENTREPAÑO","D","RAIL DELANTERO","376.4","80",,"2","0","0","0",,,"0.45","15",,"0","LxL{-30}LyL","ENCHAPE COLOR","61301","B","C","1","Caja"
"4/8/2026 1:20 PM","HRJ BFD16-SM-15MM MBLE INF COC 1 PUERTA 1 ENTREPAÑO","C","SIDE L - R17L762","762","609.6",,"2","2","0","0",,,"0.45","15",,"0","LxA{0}AyL AxP{0}PyA",,"61300","B","C","1","Caja"
"4/8/2026 1:20 PM","HRJ BFD16-SM-15MM MBLE INF COC 1 PUERTA 1 ENTREPAÑO","B","SIDE R - R17L762","762","609.6",,"2","2","0","0",,,"0.45","15",,"0","LxA{0}AyL AxP{0}PyA",,"61299","B","C","1","Caja"
"4/8/2026 1:20 PM","HRJ BFD16-SM-15MM MBLE INF COC 1 PUERTA 1 ENTREPAÑO","A","BASE","376.4","585.6",,"2","0","0","0",,,"0.45","15",,"0","LxL{-30}LyL AxP{-24}PyA",,"61298","B","C","1","Caja"
"3/26/2026 2:54 PM","F628 3/4-15MM FILLER MBLE INF","A","FILLER","730.25","152.4",,"2","2","0","0",,,"2","15",,"0","LxA{0}AyL AxL{0}LyA",,"61297","C","C","1","Frente"
"3/26/2026 9:04 AM","HRJ W3128-SM-15MM MBLE SUP COC 2 PUERTA 2 ENTREPAÑOS","J","DOOR L","727.05","390.5",,"2","2","0","0",,,"2","15",,"0"," LxA{+15,85}AyL AxL[0,495935]LyA",,"61294","C","C","1","Frente"
"3/26/2026 9:04 AM","HRJ W3128-SM-15MM MBLE SUP COC 2 PUERTA 2 ENTREPAÑOS","I","DOOR R","727.05","390.5",,"2","2","0","0",,,"2","15",,"0"," LxA{+15,85}AyL AxL[0,495935]LyA",,"61293","C","C","1","Frente"
"3/26/2026 9:04 AM","HRJ W3128-SM-15MM MBLE SUP COC 2 PUERTA 2 ENTREPAÑOS","K","BACKING","695.2","771.4",,"0","0","0","0",,,"0","6",,"0","LxA{-16}AyL AxL{-16}LyA",,"61292","F","X","1",
"3/26/2026 9:04 AM","HRJ W3128-SM-15MM MBLE SUP COC 2 PUERTA 2 ENTREPAÑOS","H","SHELF 2","756.4","266.7",,"0","0","2","2",,,"0.45","15",,"0","LxL{-31}LyL AxP{-38,1}PyA",,"61291","P","P","1","Caja"
"3/26/2026 9:04 AM","HRJ W3128-SM-15MM MBLE SUP COC 2 PUERTA 2 ENTREPAÑOS","G","SHELF 1","756.4","266.7",,"0","0","2","2",,,"0.45","15",,"0","LxL{-31}LyL AxP{-38,1}PyA",,"61290","P","P","1","Caja"
"3/26/2026 9:04 AM","HRJ W3128-SM-15MM MBLE SUP COC 2 PUERTA 2 ENTREPAÑOS","F","RAIL TRASERO","757.4","80",,"0","0","2","0",,,"0.45","15",,"0","LxL{-30}LyL",,"61289","P","P","1","Caja"
"3/26/2026 9:04 AM","HRJ W3128-SM-15MM MBLE SUP COC 2 PUERTA 2 ENTREPAÑOS","D","SIDE L - R16L","711.2","304.8",,"2","2","0","0",,,"0.45","15",,"0","LxA{0}AyL AxP{0}PyA",,"61287","B","C","1","Caja"
"3/26/2026 9:04 AM","HRJ W3128-SM-15MM MBLE SUP COC 2 PUERTA 2 ENTREPAÑOS","E","RAIL TRASERO","757.4","80",,"0","0","2","0",,,"0.45","15",,"0","LxL{-30}LyL",,"61288","P","P","1","Caja"
"3/26/2026 9:04 AM","HRJ W3128-SM-15MM MBLE SUP COC 2 PUERTA 2 ENTREPAÑOS","C","SIDE R - R16L","711.2","304.8",,"2","2","0","0",,,"0.45","15",,"0","LxA{0}AyL AxP{0}PyA",,"61286","B","C","1","Caja"
"3/26/2026 9:04 AM","HRJ W3128-SM-15MM MBLE SUP COC 2 PUERTA 2 ENTREPAÑOS","B","TAPA - R16L","757.4","304.8",,"2","0","0","0",,,"0.45","15",,"0","LxL{-30}LyL AxP{0}PyA",,"61285","B","C","1","Caja"
"3/26/2026 9:04 AM","HRJ W3128-SM-15MM MBLE SUP COC 2 PUERTA 2 ENTREPAÑOS","A","BASE - R16L","757.4","304.8",,"2","0","0","0",,,"0.45","15",,"0","LxL{-30}LyL AxP{0}PyA",,"61284","B","C","1","Caja"
"3/26/2026 8:58 AM","HRJ SBFD25-SM-15MM MBLE INF LVP 2 PUERTAS","J","BACKING","762","619",,"0","0","0","0",,,"0","6",,"0","LxA{0}AyL AxL{-16}LyA",,"61283","F","X","1",
"3/26/2026 8:58 AM","HRJ SBFD25-SM-15MM MBLE INF LVP 2 PUERTAS","E","GOLA","605","80",,"2","0","0","0",,,"0.45","15",,"0","LxL{-30}LyL",,"61282","B","C","1","Caja"
"3/26/2026 8:58 AM","HRJ SBFD25-SM-15MM MBLE INF LVP 2 PUERTAS","G","RAIL TRASERO","605","80",,"0","0","2","0",,,"0.45","15",,"0","LxL{-30}LyL",,"61281","P","P","1","Caja"
"3/26/2026 8:58 AM","HRJ SBFD25-SM-15MM MBLE INF LVP 2 PUERTAS","F","RAIL TRASERO","605","80",,"0","0","2","0",,,"0.45","15",,"0","LxL{-30}LyL",,"61280","P","P","1","Caja"
"3/26/2026 8:58 AM","HRJ SBFD25-SM-15MM MBLE INF LVP 2 PUERTAS","D","RAIL DELANTERO","605","80",,"2","0","0","0",,,"0.45","15",,"0","LxL{-30}LyL",,"61279","B","C","1","Caja"
"3/26/2026 8:58 AM","HRJ SBFD25-SM-15MM MBLE INF LVP 2 PUERTAS","B","SIDE R ","762","609.6",,"2","2","0","0",,,"0.45","15",,"0","LxA{0}AyL AxP{0}PyA",,"61278","B","C","1","Caja"
"3/26/2026 8:58 AM","HRJ SBFD25-SM-15MM MBLE INF LVP 2 PUERTAS","A","BASE","605","585.6",,"2","0","0","0",,,"0.45","15",,"0","LxL{-30}LyL AxP{-24}PyA",,"61277","B","C","1","Caja"
"3/26/2026 8:58 AM","HRJ SBFD25-SM-15MM MBLE INF LVP 2 PUERTAS","I","DOOR L","732","314.3",,"2","2","0","0",,,"2","15",,"0","LxA{-30}AyL AxL[0,494960]LyA",,"61276","C","C","1","Frente"
"3/26/2026 8:58 AM","HRJ SBFD25-SM-15MM MBLE INF LVP 2 PUERTAS","H","DOOR R","732","314.3",,"2","2","0","0",,,"2","15",,"0","LxA{-30}AyL AxL[0,494960]LyA",,"61275","C","C","1","Frente"
"3/26/2026 8:58 AM","HRJ SBFD25-SM-15MM MBLE INF LVP 2 PUERTAS","C","SIDE L","762","609.6",,"2","2","0","0",,,"0.45","15",,"0","LxA{0}AyL AxP{0}PyA",,"61274","B","C","1","Caja"
"3/26/2026 8:52 AM","HRJ OW2425-MO-15MM MBLE SUP COC MICROONDAS SIN PUERTAS","F","RAIL TRASERO","579.6","80",,"0","0","2","0",,,"2","15",,"0","LxL{-30}LyL",,"61273","P","P","1","Caja"
"3/26/2026 8:52 AM","HRJ OW2425-MO-15MM MBLE SUP COC MICROONDAS SIN PUERTAS","E","RAIL TRASERO","579.6","80",,"0","0","2","0",,,"2","15",,"0","LxL{-30}LyL",,"61272","P","P","1","Caja"
"3/26/2026 8:52 AM","HRJ OW2425-MO-15MM MBLE SUP COC MICROONDAS SIN PUERTAS","D","SIDE L","635","304.8",,"2","2","0","0",,,"2","15",,"0","LxA{0}AyL AxP{0}PyA",,"61271","B","C","1","Caja"
"3/26/2026 8:52 AM","HRJ OW2425-MO-15MM MBLE SUP COC MICROONDAS SIN PUERTAS","C","SIDE R","635","304.8",,"2","2","0","0",,,"2","15",,"0","LxA{0}AyL AxP{0}PyA",,"61270","B","C","1","Caja"
"3/26/2026 8:52 AM","HRJ OW2425-MO-15MM MBLE SUP COC MICROONDAS SIN PUERTAS","B","TAPA","579.6","304.8",,"2","0","0","0",,,"2","15",,"0","LxL{-30}LyL AxP{0}PyA",,"61269","B","C","1","Caja"
"3/26/2026 8:52 AM","HRJ OW2425-MO-15MM MBLE SUP COC MICROONDAS SIN PUERTAS","A","BASE","579.6","434.8",,"2","2","0","0",,,"2","15",,"0","LxL{-30}LyL AxP{+130}PyA",,"61268","B","C","1","Caja"
"3/19/2026 2:33 PM","PN18 5/884-15MM PANEL MUEBLE","A","PANEL","2,133.6","473.08",,"2","2","0","0",,,"2","15",,"0","LxA{0}AyL AxL{0}LyA",,"61241","C","C","1","Frente"
"3/18/2026 5:04 PM","F630-15mm FILLER MBLE","A","FILLER","762","152.4",,"2","2","0","0",,,"2","15",,"0","LxA{0}AyL AxL{0}LyA",,"61234","C","C","1","Frente"
"3/18/2026 5:02 PM","TK4 1/296-15MM ZOCALO MBLE COC TABLERO CARB2","A","Zócalo","2,438.4","114.3",,"2","2",,,,,"2","15",,"0","LxL{0}LyL AxA{0}AyA",,"61233","C","C","1","Frente"
"3/18/2026 5:02 PM","PN24 5/834 1/2-15MM PANEL MUEBLE","A","PANEL","876.3","625.48",,"2","2","0","0",,,"2","15",,"0","LxA{0}AyL AxL{0}LyA",,"61231","C","C","1","Frente"
"3/18/2026 4:54 PM","PN12 5/828 3/4-15MM PANEL MUEBLE","A","PANEL","730.25","320.68",,"2","2","0","0",,,"2","15",,"0","LxA{0}AyL AxL{0}LyA",,"61230","C","C","1","Frente"
"3/18/2026 4:54 PM","F830-15mm FILLER MBLE","A","FILLER","762","203.2",,"2","2","0","0",,,"2","15",,"0","LxA{0}AyL AxL{0}LyA",,"61229","C","C","1","Frente"
"3/18/2026 4:53 PM","F684-15MM FILLER MBLE","A","FILLER","2,133.6","152.4",,"2","2","0","0",,,"2","15",,"0","LxA{0}AyL AxL{0}LyA",,"61228","C","C","1","Frente"
"3/18/2026 4:50 PM","HRJ VPC188418 TK4-SM-15MM MBL ALA COC 2 PUERTAS 5 ENTRE CARB2","P","DOOR DOWN","993.05","454",,"2","2","0","0",,,"2","15",,"0","LxA{-1140,55}AyL AxL{-3,2}LyA",,"61215","C","C","1","Frente"
"3/18/2026 4:50 PM","HRJ VPC188418 TK4-SM-15MM MBL ALA COC 2 PUERTAS 5 ENTRE CARB2","I","GOLA","427.2","80",,"2","0","0","0",,,"0.45","15",,"0","LxL{-30}LyL",,"61214","B","C","1","Caja"
"3/18/2026 4:50 PM","HRJ VPC188418 TK4-SM-15MM MBL ALA COC 2 PUERTAS 5 ENTRE CARB2","H","RIAL DEL","427.2","80",,"2","0","0","0",,,"0.45","15",,"0","LxL{-30}LyL",,"61213","B","C","1","Caja"
"3/18/2026 4:50 PM","HRJ VPC188418 TK4-SM-15MM MBL ALA COC 2 PUERTAS 5 ENTRE CARB2","Q","BACKING","2,017.3","441.2",,,,,,,,"0","6",,"0","LxA{-116,3}AyL AxL{-16}LyA",,"61212","F","X","1",
"3/18/2026 4:50 PM","HRJ VPC188418 TK4-SM-15MM MBL ALA COC 2 PUERTAS 5 ENTRE CARB2","O","DOOR UP","993.05","454",,"2","2",,,,,"2","15",,"0","LxA{-1140,55}AyL AxL{-3,2}LyA",,"61211","C","C","1","Frente"
"3/18/2026 4:50 PM","HRJ VPC188418 TK4-SM-15MM MBL ALA COC 2 PUERTAS 5 ENTRE CARB2","N","SHELF4","426.2","418.1",,,,"2","2",,,"0.45","15",,"0","LxL{-31}LyL AxP{-39,1}PyA",,"61210","P","P","1","Caja"
"3/18/2026 4:50 PM","HRJ VPC188418 TK4-SM-15MM MBL ALA COC 2 PUERTAS 5 ENTRE CARB2","M","SHELF3","426.2","418.1",,,,"2","2",,,"0.45","15",,"0","LxL{-31}LyL AxP{-39,1}PyA",,"61209","P","P","1","Caja"
"3/18/2026 4:50 PM","HRJ VPC188418 TK4-SM-15MM MBL ALA COC 2 PUERTAS 5 ENTRE CARB2","L","SHELF2","426.2","418.1",,,,"2","2",,,"0.45","15",,"0","LxL{-31}LyL AxP{-39,1}PyA",,"61208","P","P","1","Caja"
"3/18/2026 4:50 PM","HRJ VPC188418 TK4-SM-15MM MBL ALA COC 2 PUERTAS 5 ENTRE CARB2","K","SHELF1","426.2","418.1",,,,"2","2",,,"0.45","15",,"0","LxL{-31}LyL AxP{-39,1}PyA",,"61207","P","P","1","Caja"
"3/18/2026 4:50 PM","HRJ VPC188418 TK4-SM-15MM MBL ALA COC 2 PUERTAS 5 ENTRE CARB2","J","SHELF0","427.2","430.2",,,,"2",,,,"0.45","15",,"0","LxL{-30}LyL AxP{-27}PyA",,"61206","P","P","1","Caja"
"3/18/2026 4:50 PM","HRJ VPC188418 TK4-SM-15MM MBL ALA COC 2 PUERTAS 5 ENTRE CARB2","G","RAIL TRAS","427.2","80",,,,"2",,,,"0.45","15",,"0","LxL{-30}LyL",,"61205","P","P","1","Caja"
"3/18/2026 4:50 PM","HRJ VPC188418 TK4-SM-15MM MBL ALA COC 2 PUERTAS 5 ENTRE CARB2","F","RAIL TRAS","427.2","80",,,,"2",,,,"0.45","15",,"0","LxL{-30}LyL",,"61204","P","P","1","Caja"
"3/18/2026 4:49 PM","HRJ VPC188418 TK4-SM-15MM MBL ALA COC 2 PUERTAS 5 ENTRE CARB2","E","RAIL TRAS","427.2","80",,"0",,"2",,,,"0.45","15",,"0","LxL{-30}LyL",,"61203","P","P","1","Caja"
"3/18/2026 4:49 PM","HRJ VPC188418 TK4-SM-15MM MBL ALA COC 2 PUERTAS 5 ENTRE CARB2","D","SIDE L R17L","2,019.3","457.2",,"2","2",,,,,"0.45","15",,"0","LxA{-114,3}AyL AxP{0}PyA",,"61202","B","C","1","Caja"
"3/18/2026 4:49 PM","HRJ VPC188418 TK4-SM-15MM MBL ALA COC 2 PUERTAS 5 ENTRE CARB2","C","SIDE R R17L","2,019.3","457.2",,"2","2",,,,,"0.45","15",,"0","LxA{-114,3}AyL AxP{0}PyA",,"61201","B","C","1","Caja"
"3/18/2026 4:49 PM","HRJ VPC188418 TK4-SM-15MM MBL ALA COC 2 PUERTAS 5 ENTRE CARB2","B","TAPA","427.2","430.2",,"2",,,,,,"0.45","15",,"0","LxL{-30}LyL AxP{-27}PyA",,"61200","B","C","1","Caja"
"3/18/2026 4:49 PM","HRJ VPC188418 TK4-SM-15MM MBL ALA COC 2 PUERTAS 5 ENTRE CARB2","A","BASE","427.2","430.2",,"2",,,,,,"0.45","15",,"0","LxL{-30}LyL AxP{-27}PyA",,"61199","B","C","1","Caja"
"3/18/2026 4:46 PM","HRJ BOV26-15MM MBLE HORNO INF COC PUERTA EXTERIOR","E","RIEL DEL","630.4","80",,"2","0","0","0",,,"0.45","15",,"0","LxL{-30}LyL",,"61182","B","C","1","Caja"
"3/18/2026 4:46 PM","HRJ BOV26-15MM MBLE HORNO INF COC PUERTA EXTERIOR","F","FRONT OVEN","762","657.2",,"2","2","0","0",,,"2","15",,"0","LxA{0}AyL AxL{-3,2}LyA",,"61181","C","C","1","Frente"
"3/18/2026 4:46 PM","HRJ BOV26-15MM MBLE HORNO INF COC PUERTA EXTERIOR","D","RAIL TRASERO","630.4","80",,"0","0","2","0",,,"0.45","15",,"0","LxL{-30}LyL",,"61180","P","P","1","Caja"
"3/18/2026 4:46 PM","HRJ BOV26-15MM MBLE HORNO INF COC PUERTA EXTERIOR","D","RAIL TRASERO","630.4","80",,"0","0","2","0",,,"0.45","15",,"0","LxL{-30}LyL",,"61179","P","P","1","Caja"
"3/18/2026 4:46 PM","HRJ BOV26-15MM MBLE HORNO INF COC PUERTA EXTERIOR","C","SIDE L","762","609.6",,"2","2","0","0",,,"0.45","15",,"0","LxA{0}AyL AxP{0}PyA",,"61178","B","C","1","Caja"
"3/18/2026 4:46 PM","HRJ BOV26-15MM MBLE HORNO INF COC PUERTA EXTERIOR","B","SIDE R","762","609.6",,"2","2","0","0",,,"0.45","15",,"0","LxA{0}AyL AxP{0}PyA",,"61177","B","C","1","Caja"
"3/18/2026 4:46 PM","HRJ BOV26-15MM MBLE HORNO INF COC PUERTA EXTERIOR","A","BASE","630.4","594.6",,"2","0","0","0",,,"0.45","15",,"0","LxL{-30}LyL AxP{-15}PyA",,"61176","B","C","1","Caja"
"3/17/2026 4:26 PM","KF-WSM32 7/81324-18MM KIT FRENTE MBLE","A","DOOR","327","831.83",,"2","2","0","0",,,"1","18",,"0","LxA{-3,2}AyL AxL{-3,2}LyA",,"61123","C","C","1","Frente"
"3/17/2026 4:25 PM","KF-WSM308 1/214-18MM KIT FRENTE MBLE","A","DOOR","212.7","758.8",,"2","2","0","0",,,"1","18",,"0","LxA{-3,2}AyL AxL{-3,2}LyA",,"61122","C","C","1","Frente"
"3/16/2026 5:35 PM","BFD15 MBLE INF COC 1 PUERTA 1 ENTREPAÑO CARB2","I","BACKING","760","365",,"0","0","0","0",,,"0","6",,"0","LxA{-2}AyL AxL{-16}LyA",,"61059","F","X","1",
"3/16/2026 5:35 PM","BFD15 MBLE INF COC 1 PUERTA 1 ENTREPAÑO CARB2","H","DOOR R","758.8","377.8",,"2","2","0","0",,,"1","18",,"0","LxA{-3,2}AyL AxL{-3,2}LyA",,"61058","C","C","1","Frente"
"3/16/2026 5:35 PM","BFD15 MBLE INF COC 1 PUERTA 1 ENTREPAÑO CARB2","G","SHLEF","350","558.8",,"0","0","2","2",,,"0.45","15",,"0","LxL{-31}LyL",,"61057","P","P","1","Caja"
"3/16/2026 5:35 PM","BFD15 MBLE INF COC 1 PUERTA 1 ENTREPAÑO CARB2","F","RAIL TRAS","351","80",,"0","0","2","0",,,"0.45","15",,"0","LxL{-30}LyL",,"61056","P","P","1","Caja"
"3/16/2026 5:35 PM","BFD15 MBLE INF COC 1 PUERTA 1 ENTREPAÑO CARB2","E","RAIL TRAS","351","80",,"0","0","2","0",,,"0.45","15",,"0","LxL{-30}LyL",,"61055","P","P","1","Caja"
"3/16/2026 5:35 PM","BFD15 MBLE INF COC 1 PUERTA 1 ENTREPAÑO CARB2","D","RAIL DEL","351","80",,"2","0","0","0",,,"0.45","15",,"0","LxL{-30}LyL","ENCHAPE COLOR","61054","B","C","1","Caja"
"3/16/2026 5:35 PM","BFD15 MBLE INF COC 1 PUERTA 1 ENTREPAÑO CARB2","C","SIDE L - R17L","762","609.6",,"2","2","0","0",,,"0.45","15",,"0","LxA{0}AyL AxP{0}PyA",,"61053","B","C","1","Caja"
"3/16/2026 5:35 PM","BFD15 MBLE INF COC 1 PUERTA 1 ENTREPAÑO CARB2","B","SIDE R - R17L","762","609.6",,"2","2","0","0",,,"0.45","15",,"0","LxA{0}AyL AxP{0}PyA",,"61052","B","C","1","Caja"
"3/16/2026 5:35 PM","BFD15 MBLE INF COC 1 PUERTA 1 ENTREPAÑO CARB2","A","BASE","351","585.6",,"2","0","0","0",,,"0.45","15",,"0","LxL{-30}LyL AxP{-24}PyA",,"61051","B","C","1","Caja"
"3/9/2026 4:52 PM","W3336 MBLE SUP COC 2 PUERTAS 2 ENTREPAÑOS CARB2","J","DOOR L","911.2","415.9",,"2","2",,,,,"1","18",,"0","LxA{-3,2}AyL AxL[0,49618]LyA",,"60939","C","C","1","Frente"
"3/9/2026 4:52 PM","W3336 MBLE SUP COC 2 PUERTAS 2 ENTREPAÑOS CARB2","K","BACKING","898.4","822.2",,"0","0","0","0",,,"0","6",,"0","LxA{-16}AyL AxL{-16}LyA",,"60938","F","X","1",
"3/9/2026 4:52 PM","W3336 MBLE SUP COC 2 PUERTAS 2 ENTREPAÑOS CARB2","I","DOOR R","911.2","415.9",,"2","2","0","0",,,"1","18",,"0","LxA{-3,2}AyL AxL[0,49618]LyA",,"60937","C","C","1","Frente"
"3/9/2026 4:52 PM","W3336 MBLE SUP COC 2 PUERTAS 2 ENTREPAÑOS CARB2","H","SHELF 2","807.2","266.7",,"0","0","2","2",,,"0.45","15",,"0","LxL{-31}LyL",,"60936","P","P","1","Caja"
"3/9/2026 4:52 PM","W3336 MBLE SUP COC 2 PUERTAS 2 ENTREPAÑOS CARB2","G","SHELF 1","807.2","266.7",,"0","0","2","2",,,"0.45","15",,"0","LxL{-31}LyL",,"60935","P","P","1","Caja"
"3/9/2026 4:52 PM","W3336 MBLE SUP COC 2 PUERTAS 2 ENTREPAÑOS CARB2","F","RAIL TRASERO","808.2","80",,"0","0","2","0",,,"0.45","15",,"0","LxL{-30}LyL",,"60934","P","P","1","Caja"
"3/9/2026 4:52 PM","W3336 MBLE SUP COC 2 PUERTAS 2 ENTREPAÑOS CARB2","E","RAIL TRASERO","808.2","80",,"0","0","2","0",,,"0.45","15",,"0","LxL{-30}LyL",,"60933","P","P","1","Caja"
"3/9/2026 4:52 PM","W3336 MBLE SUP COC 2 PUERTAS 2 ENTREPAÑOS CARB2","D","SIDE L - R16L","914.4","304.8",,"2","2","0","0",,,"0.45","15",,"0","LxA{0}AyL AxP{0}PyA",,"60932","B","C","1","Caja"
"3/9/2026 4:52 PM","W3336 MBLE SUP COC 2 PUERTAS 2 ENTREPAÑOS CARB2","C","SIDE R - R16L","914.4","304.8",,"2","2","0","0",,,"0.45","15",,"0","LxA{0}AyL AxP{0}PyA",,"60931","B","C","1","Caja"
"3/9/2026 4:52 PM","W3336 MBLE SUP COC 2 PUERTAS 2 ENTREPAÑOS CARB2","B","TAPA - R16L","808.2","304.8",,"2","0","0","0",,,"0.45","15",,"0","LxL{-30}LyL AxP{0}PyA",,"60930","B","C","1","Caja"
"3/9/2026 4:52 PM","W3336 MBLE SUP COC 2 PUERTAS 2 ENTREPAÑOS CARB2","A","BASE - R16L","808.2","304.8",,"2","0","0","0",,,"0.45","15",,"0","LxL{-30}LyL AxP{0}PyA",,"60929","B","C","1","Caja"
"3/9/2026 4:50 PM","W31 1/236 MBLE SUP COC 2 PUERTAS 2 ENTREPAÑOS CARB2","J","DOOR L","911.2","396.85",,"2","2",,,,,"1","18",,"0","LxA{-3,2}AyL AxL[0,496000]LyA",,"60928","C","C","1","Frente"
"3/9/2026 4:50 PM","W31 1/236 MBLE SUP COC 2 PUERTAS 2 ENTREPAÑOS CARB2","K","BACKING","898.4","784.1",,"0","0","0","0",,,"0","6",,"0","LxA{-16}AyL AxL{-16}LyA",,"60927","F","X","1",
"3/9/2026 4:49 PM","W31 1/236 MBLE SUP COC 2 PUERTAS 2 ENTREPAÑOS CARB2","I","DOOR R","911.2","396.85",,"2","2","0","0",,,"1","18",,"0","LxA{-3,2}AyL AxL[0,496000]LyA",,"60926","C","C","1","Frente"
"3/9/2026 4:49 PM","W31 1/236 MBLE SUP COC 2 PUERTAS 2 ENTREPAÑOS CARB2","H","SHELF 2","769.1","266.7",,"0","0","2","2",,,"0.45","15",,"0","LxL{-31}LyL",,"60925","P","P","1","Caja"
"3/9/2026 4:49 PM","W31 1/236 MBLE SUP COC 2 PUERTAS 2 ENTREPAÑOS CARB2","G","SHELF 1","769.1","266.7",,"0","0","2","2",,,"0.45","15",,"0","LxL{-31}LyL",,"60924","P","P","1","Caja"
"3/9/2026 4:49 PM","W31 1/236 MBLE SUP COC 2 PUERTAS 2 ENTREPAÑOS CARB2","F","RAIL TRASERO","770.1","80",,"0","0","2","0",,,"0.45","15",,"0","LxL{-30}LyL",,"60923","P","P","1","Caja"
"3/9/2026 4:49 PM","W31 1/236 MBLE SUP COC 2 PUERTAS 2 ENTREPAÑOS CARB2","E","RAIL TRASERO","770.1","80",,"0","0","2","0",,,"0.45","15",,"0","LxL{-30}LyL",,"60922","P","P","1","Caja"
"3/9/2026 4:49 PM","W31 1/236 MBLE SUP COC 2 PUERTAS 2 ENTREPAÑOS CARB2","D","SIDE L - R16L","914.4","304.8",,"2","2","0","0",,,"0.45","15",,"0","LxA{0}AyL AxP{0}PyA",,"60921","B","C","1","Caja"
"3/9/2026 4:49 PM","W31 1/236 MBLE SUP COC 2 PUERTAS 2 ENTREPAÑOS CARB2","C","SIDE R - R16L","914.4","304.8",,"2","2","0","0",,,"0.45","15",,"0","LxA{0}AyL AxP{0}PyA",,"60920","B","C","1","Caja"
"3/9/2026 4:49 PM","W31 1/236 MBLE SUP COC 2 PUERTAS 2 ENTREPAÑOS CARB2","B","TAPA - R16L","770.1","304.8",,"2","0","0","0",,,"0.45","15",,"0","LxL{-30}LyL AxP{0}PyA",,"60919","B","C","1","Caja"
"3/9/2026 4:49 PM","W31 1/236 MBLE SUP COC 2 PUERTAS 2 ENTREPAÑOS CARB2","A","BASE - R16L","770.1","304.8",,"2","0","0","0",,,"0.45","15",,"0","LxL{-30}LyL AxP{0}PyA",,"60918","B","C","1","Caja"
"3/9/2026 4:46 PM","W3036 MBLE SUP COC 2 PUERTAS 2 ENTREPAÑOS CARB2","J","DOOR L","911.2","377.8",,"2","2",,,,,"1","18",,"0","LxA{-3,2}AyL AxL[0,495800]LyA",,"60917","C","C","1","Frente"
"3/9/2026 4:46 PM","W3036 MBLE SUP COC 2 PUERTAS 2 ENTREPAÑOS CARB2","K","BACKING","898.4","746",,"0","0","0","0",,,"0","6",,"0","LxA{-16}AyL AxL{-16}LyA",,"60916","F","X","1",
"3/9/2026 4:46 PM","W3036 MBLE SUP COC 2 PUERTAS 2 ENTREPAÑOS CARB2","I","DOOR R","911.2","377.8",,"2","2","0","0",,,"1","18",,"0","LxA{-3,2}AyL AxL[0,495800]LyA",,"60915","C","C","1","Frente"
"3/9/2026 4:46 PM","W3036 MBLE SUP COC 2 PUERTAS 2 ENTREPAÑOS CARB2","H","SHELF 2","731","266.7",,"0","0","2","2",,,"0.45","15",,"0","LxL{-31}LyL",,"60914","P","P","1","Caja"
"3/9/2026 4:46 PM","W3036 MBLE SUP COC 2 PUERTAS 2 ENTREPAÑOS CARB2","G","SHELF 1","731","266.7",,"0","0","2","2",,,"0.45","15",,"0","LxL{-31}LyL",,"60913","P","P","1","Caja"
"3/9/2026 4:46 PM","W3036 MBLE SUP COC 2 PUERTAS 2 ENTREPAÑOS CARB2","F","RAIL TRASERO","732","80",,"0","0","2","0",,,"0.45","15",,"0","LxL{-30}LyL",,"60912","P","P","1","Caja"
"3/9/2026 4:46 PM","W3036 MBLE SUP COC 2 PUERTAS 2 ENTREPAÑOS CARB2","E","RAIL TRASERO","732","80",,"0","0","2","0",,,"0.45","15",,"0","LxL{-30}LyL",,"60911","P","P","1","Caja"
"3/9/2026 4:46 PM","W3036 MBLE SUP COC 2 PUERTAS 2 ENTREPAÑOS CARB2","D","SIDE L - R16L","914.4","304.8",,"2","2","0","0",,,"0.45","15",,"0","LxA{0}AyL AxP{0}PyA",,"60910","B","C","1","Caja"
"3/9/2026 4:46 PM","W3036 MBLE SUP COC 2 PUERTAS 2 ENTREPAÑOS CARB2","C","SIDE R - R16L","914.4","304.8",,"2","2","0","0",,,"0.45","15",,"0","LxA{0}AyL AxP{0}PyA",,"60909","B","C","1","Caja"
"3/9/2026 4:46 PM","W3036 MBLE SUP COC 2 PUERTAS 2 ENTREPAÑOS CARB2","A","BASE - R16L","732","304.8",,"2","0","0","0",,,"0.45","15",,"0","LxL{-30}LyL AxP{0}PyA",,"60907","B","C","1","Caja"
"3/9/2026 4:46 PM","W3036 MBLE SUP COC 2 PUERTAS 2 ENTREPAÑOS CARB2","B","TAPA - R16L","732","304.8",,"2","0","0","0",,,"0.45","15",,"0","LxL{-30}LyL AxP{0}PyA",,"60908","B","C","1","Caja"
"3/9/2026 4:41 PM","W3028 MBLE SUP COC 2 PUERTAS 2 ENTREPAÑOS CARB2","J","DOOR L","708","377.8",,"2","2",,,,,"1","18",,"0","LxA{-3,2}AyL AxL[0,4958]LyA",,"60906","C","C","1","Frente"
"3/9/2026 4:41 PM","W3028 MBLE SUP COC 2 PUERTAS 2 ENTREPAÑOS CARB2","K","BACKING","695.2","746",,"0","0","0","0",,,"0","6",,"0","LxA{-16}AyL AxL{-16}LyA",,"60905","F","X","1",
"3/9/2026 4:41 PM","W3028 MBLE SUP COC 2 PUERTAS 2 ENTREPAÑOS CARB2","H","SHELF 2","731","266.7",,"0","0","2","2",,,"0.45","15",,"0","LxL{-31}LyL",,"60903","P","P","1","Caja"
"3/9/2026 4:41 PM","W3028 MBLE SUP COC 2 PUERTAS 2 ENTREPAÑOS CARB2","I","DOOR R","708","377.8",,"2","2","0","0",,,"1","18",,"0","LxA{-3,2}AyL AxL[0,4958]LyA",,"60904","C","C","1","Frente"
"3/9/2026 4:41 PM","W3028 MBLE SUP COC 2 PUERTAS 2 ENTREPAÑOS CARB2","G","SHELF 1","731","266.7",,"0","0","2","2",,,"0.45","15",,"0","LxL{-31}LyL",,"60902","P","P","1","Caja"
"3/9/2026 4:41 PM","W3028 MBLE SUP COC 2 PUERTAS 2 ENTREPAÑOS CARB2","F","RAIL TRASERO","732","80",,"0","0","2","0",,,"0.45","15",,"0","LxL{-30}LyL",,"60901","P","P","1","Caja"
"3/9/2026 4:41 PM","W3028 MBLE SUP COC 2 PUERTAS 2 ENTREPAÑOS CARB2","E","RAIL TRASERO","732","80",,"0","0","2","0",,,"0.45","15",,"0","LxL{-30}LyL",,"60900","P","P","1","Caja"
"3/9/2026 4:41 PM","W3028 MBLE SUP COC 2 PUERTAS 2 ENTREPAÑOS CARB2","D","SIDE L - R16L","711.2","304.8",,"2","2","0","0",,,"0.45","15",,"0","LxA{0}AyL AxP{0}PyA",,"60899","B","C","1","Caja"
"3/9/2026 4:41 PM","W3028 MBLE SUP COC 2 PUERTAS 2 ENTREPAÑOS CARB2","C","SIDE R - R16L","711.2","304.8",,"2","2","0","0",,,"0.45","15",,"0","LxA{0}AyL AxP{0}PyA",,"60898","B","C","1","Caja"
"3/9/2026 4:41 PM","W3028 MBLE SUP COC 2 PUERTAS 2 ENTREPAÑOS CARB2","B","TAPA - R16L","732","304.8",,"2","0","0","0",,,"0.45","15",,"0","LxL{-30}LyL AxP{0}PyA",,"60897","B","C","1","Caja"
"3/9/2026 4:41 PM","W3028 MBLE SUP COC 2 PUERTAS 2 ENTREPAÑOS CARB2","A","BASE - R16L","732","304.8",,"2","0","0","0",,,"0.45","15",,"0","LxL{-30}LyL AxP{0}PyA",,"60896","B","C","1","Caja"
"3/9/2026 4:37 PM","W3022 MBLE SUP COC 2 PUERTAS 1 ENTREPAÑO CARB2","J","BACKING","542.8","746",,"0","0","0","0",,,"0","6",,"0","LxA{-16}AyL AxL{-16}LyA",,"60895","F","X","1",
"3/9/2026 4:37 PM","W3022 MBLE SUP COC 2 PUERTAS 1 ENTREPAÑO CARB2","I","DOOR L","555.6","377.8",,"2","2","0","0",,,"1","18",,"0","LxA{-3,2}AyL AxL[0,4958005]LyA",,"60894","C","C","1","Frente"
"3/9/2026 4:37 PM","W3022 MBLE SUP COC 2 PUERTAS 1 ENTREPAÑO CARB2","H","DOOR R","555.6","377.8",,"2","2","0","0",,,"1","18",,"0","LxA{-3,2}AyL AxL[0,495800]LyA",,"60893","C","C","1","Frente"
"3/9/2026 4:37 PM","W3022 MBLE SUP COC 2 PUERTAS 1 ENTREPAÑO CARB2","G","SHELF 1","731","266.7",,"0","0","2","2",,,"0.45","15",,"0","LxL{-31}LyL",,"60892","P","P","1","Caja"
"3/9/2026 4:37 PM","W3022 MBLE SUP COC 2 PUERTAS 1 ENTREPAÑO CARB2","F","RAIL TRASERO","732","80",,"0","0","2","0",,,"0.45","15",,"0","LxL{-30}LyL",,"60891","P","P","1","Caja"
"3/9/2026 4:37 PM","W3022 MBLE SUP COC 2 PUERTAS 1 ENTREPAÑO CARB2","E","RAIL TRASERO","732","80",,"0","0","2","0",,,"0.45","15",,"0","LxL{-30}LyL",,"60890","P","P","1","Caja"
"3/9/2026 4:37 PM","W3022 MBLE SUP COC 2 PUERTAS 1 ENTREPAÑO CARB2","D","SIDE L - R16L","558.8","304.8",,"2","2","0","0",,,"0.45","15",,"0","LxA{0}AyL AxP{0}PyA",,"60889","B","C","1","Caja"
"3/9/2026 4:37 PM","W3022 MBLE SUP COC 2 PUERTAS 1 ENTREPAÑO CARB2","C","SIDE R - R16L","558.8","304.8",,"2","2","0","0",,,"0.45","15",,"0","LxA{0}AyL AxP{0}PyA",,"60888","B","C","1","Caja"
"3/9/2026 4:37 PM","W3022 MBLE SUP COC 2 PUERTAS 1 ENTREPAÑO CARB2","B","TAPA-R16L","732","304.8",,"2","0","0","0",,,"0.45","15",,"0","LxL{-30}LyL AxP{0}PyA",,"60887","B","C","1","Caja"
"3/9/2026 4:37 PM","W3022 MBLE SUP COC 2 PUERTAS 1 ENTREPAÑO CARB2","A","BASE - R16L","732","304.8",,"2","0","0","0",,,"0.45","15",,"0","LxL{-30}LyL AxP{0}PyA",,"60886","B","C","1","Caja"
"3/9/2026 4:33 PM","HRJ W3022 MBLE SUP COC 2 PUERTAS 1 ENTREPAÑO CARB2","J","BACKING","542.8","746",,"0","0","0","0",,,"0","6",,"0","LxA{-16}AyL AxL{-16}LyA",,"60885","F","X","1",
"3/9/2026 4:33 PM","HRJ W3022 MBLE SUP COC 2 PUERTAS 1 ENTREPAÑO CARB2","I","DOOR L","555.6","377.8",,"2","2","0","0",,,"1","18",,"0","LxA{-3,2}AyL AxL[0,4958005]LyA",,"60884","C","C","1","Frente"
"3/9/2026 4:33 PM","HRJ W3022 MBLE SUP COC 2 PUERTAS 1 ENTREPAÑO CARB2","H","DOOR R","555.6","377.8",,"2","2","0","0",,,"1","18",,"0","LxA{-3,2}AyL AxL[0,495800]LyA",,"60883","C","C","1","Frente"
"3/9/2026 4:33 PM","HRJ W3022 MBLE SUP COC 2 PUERTAS 1 ENTREPAÑO CARB2","G","SHELF 1","731","266.7",,"0","0","2","2",,,"0.45","15",,"0","LxL{-31}LyL",,"60882","P","P","1","Caja"
"3/9/2026 4:33 PM","HRJ W3022 MBLE SUP COC 2 PUERTAS 1 ENTREPAÑO CARB2","F","RAIL TRASERO","732","80",,"0","0","2","0",,,"0.45","15",,"0","LxL{-30}LyL",,"60881","P","P","1","Caja"
"3/9/2026 4:33 PM","HRJ W3022 MBLE SUP COC 2 PUERTAS 1 ENTREPAÑO CARB2","E","RAIL TRASERO","732","80",,"0","0","2","0",,,"0.45","15",,"0","LxL{-30}LyL",,"60880","P","P","1","Caja"
"3/9/2026 4:33 PM","HRJ W3022 MBLE SUP COC 2 PUERTAS 1 ENTREPAÑO CARB2","D","SIDE L - R16L","558.8","304.8",,"2","2","0","0",,,"0.45","15",,"0","LxA{0}AyL AxP{0}PyA",,"60879","B","C","1","Caja"
"3/9/2026 4:33 PM","HRJ W3022 MBLE SUP COC 2 PUERTAS 1 ENTREPAÑO CARB2","C","SIDE R - R16L","558.8","304.8",,"2","2","0","0",,,"0.45","15",,"0","LxA{0}AyL AxP{0}PyA",,"60878","B","C","1","Caja"
"3/9/2026 4:33 PM","HRJ W3022 MBLE SUP COC 2 PUERTAS 1 ENTREPAÑO CARB2","B","TAPA-R16L","732","304.8",,"2","0","0","0",,,"0.45","15",,"0","LxL{-30}LyL AxP{0}PyA",,"60877","B","C","1","Caja"
"3/9/2026 4:33 PM","HRJ W3022 MBLE SUP COC 2 PUERTAS 1 ENTREPAÑO CARB2","A","BASE - R16L","732","304.8",,"2","0","0","0",,,"0.45","15",,"0","LxL{-30}LyL AxP{0}PyA",,"60876","B","C","1","Caja"
"3/9/2026 4:31 PM","W3019 MBLE SUP COC 2 PUERTAS 1 ENTREPAÑO CARB2","J","BACKING","466.6","746",,"0","0","0","0",,,"0","6",,"0","LxA{-16}AyL AxL{-16}LyA",,"60875","F","X","1",
"3/9/2026 4:31 PM","W3019 MBLE SUP COC 2 PUERTAS 1 ENTREPAÑO CARB2","I","DOOR L","479.4","377.8",,"2","2","0","0",,,"1","18",,"0","LxA{-3,2}AyL AxL[0,4958]LyA",,"60874","C","C","1","Frente"
"3/9/2026 4:31 PM","W3019 MBLE SUP COC 2 PUERTAS 1 ENTREPAÑO CARB2","H","DOOR R","479.4","377.8",,"2","2","0","0",,,"1","18",,"0","LxA{-3,2}AyL AxL[0,4958]LyA",,"60873","C","C","1","Frente"
"3/9/2026 4:31 PM","W3019 MBLE SUP COC 2 PUERTAS 1 ENTREPAÑO CARB2","G","SHELF 1","731","266.7",,"0","0","2","2",,,"0.45","15",,"0","LxL{-31}LyL",,"60872","P","P","1","Caja"
"3/9/2026 4:31 PM","W3019 MBLE SUP COC 2 PUERTAS 1 ENTREPAÑO CARB2","F","RAIL TRASERO","732","80",,"0","0","2","0",,,"0.45","15",,"0","LxL{-30}LyL",,"60871","P","P","1","Caja"
"3/9/2026 4:31 PM","W3019 MBLE SUP COC 2 PUERTAS 1 ENTREPAÑO CARB2","E","RAIL TRASERO","732","80",,"0","0","2","0",,,"0.45","15",,"0","LxL{-30}LyL",,"60870","P","P","1","Caja"
"3/9/2026 4:31 PM","W3019 MBLE SUP COC 2 PUERTAS 1 ENTREPAÑO CARB2","D","SIDE L - R16L","482.6","304.8",,"2","2","0","0",,,"0.45","15",,"0","LxA{0}AyL AxP{0}PyA",,"60869","B","C","1","Caja"
"3/9/2026 4:31 PM","W3019 MBLE SUP COC 2 PUERTAS 1 ENTREPAÑO CARB2","C","SIDE R - R16L","482.6","304.8",,"2","2","0","0",,,"0.45","15",,"0","LxA{0}AyL AxP{0}PyA",,"60868","B","C","1","Caja"
"3/9/2026 4:31 PM","W3019 MBLE SUP COC 2 PUERTAS 1 ENTREPAÑO CARB2","B","TAPA-R16L","732","304.8",,"2","0","0","0",,,"0.45","15",,"0","LxL{-30}LyL AxP{0}PyA",,"60867","B","C","1","Caja"
"3/9/2026 4:31 PM","W3019 MBLE SUP COC 2 PUERTAS 1 ENTREPAÑO CARB2","A","BASE - R16L","732","304.8",,"2","0","0","0",,,"0.45","15",,"0","LxL{-30}LyL AxP{0}PyA",,"60866","B","C","1","Caja"
"3/9/2026 4:29 PM","W3018 MBLE SUP COC 2 PUERTAS 1 ENTREPAÑO CARB2","J","BACKING","441.2","746",,"0","0","0","0",,,"0","6",,"0","LxA{-16}AyL AxL{-16}LyA",,"60865","F","X","1",
"3/9/2026 4:29 PM","W3018 MBLE SUP COC 2 PUERTAS 1 ENTREPAÑO CARB2","I","DOOR L","454","377.8",,"2","2","0","0",,,"1","18",,"0","LxA{-3,2}AyL AxL[0,4958]LyA",,"60864","C","C","1","Frente"
"3/9/2026 4:29 PM","W3018 MBLE SUP COC 2 PUERTAS 1 ENTREPAÑO CARB2","H","DOOR R","454","377.8",,"2","2","0","0",,,"1","18",,"0","LxA{-3,2}AyL AxL[0,4958]LyA",,"60863","C","C","1","Frente"
"3/9/2026 4:29 PM","W3018 MBLE SUP COC 2 PUERTAS 1 ENTREPAÑO CARB2","G","SHELF 1","731","266.7",,"0","0","2","2",,,"0.45","15",,"0","LxL{-31}LyL",,"60862","P","P","1","Caja"
"3/9/2026 4:29 PM","W3018 MBLE SUP COC 2 PUERTAS 1 ENTREPAÑO CARB2","F","RAIL TRASERO","732","80",,"0","0","2","0",,,"0.45","15",,"0","LxL{-30}LyL",,"60861","P","P","1","Caja"
"3/9/2026 4:29 PM","W3018 MBLE SUP COC 2 PUERTAS 1 ENTREPAÑO CARB2","E","RAIL TRASERO","732","80",,"0","0","2","0",,,"0.45","15",,"0","LxL{-30}LyL",,"60860","P","P","1","Caja"
"3/9/2026 4:29 PM","W3018 MBLE SUP COC 2 PUERTAS 1 ENTREPAÑO CARB2","D","SIDE L - R16L","457.2","304.8",,"2","2","0","0",,,"0.45","15",,"0","LxA{0}AyL AxP{0}PyA",,"60859","B","C","1","Caja"
"3/9/2026 4:29 PM","W3018 MBLE SUP COC 2 PUERTAS 1 ENTREPAÑO CARB2","C","SIDE R - R16L","457.2","304.8",,"2","2","0","0",,,"0.45","15",,"0","LxA{0}AyL AxP{0}PyA",,"60858","B","C","1","Caja"
"3/9/2026 4:29 PM","W3018 MBLE SUP COC 2 PUERTAS 1 ENTREPAÑO CARB2","B","TAPA-R16L","732","304.8",,"2","0","0","0",,,"0.45","15",,"0","LxL{-30}LyL AxP{0}PyA",,"60857","B","C","1","Caja"
"3/9/2026 4:29 PM","W3018 MBLE SUP COC 2 PUERTAS 1 ENTREPAÑO CARB2","A","BASE - R16L","732","304.8",,"2","0","0","0",,,"0.45","15",,"0","LxL{-30}LyL AxP{0}PyA",,"60856","B","C","1","Caja"
"3/9/2026 4:27 PM","W3015 MBLE SUP COC 2 PUERTAS CARB2","I","BACKING","363","746",,"0","0","0","0",,,"0","6",,"0","LxA{-18}AyL LxL{-18}LyL ",,"60855","F","X","1",
"3/9/2026 4:27 PM","W3015 MBLE SUP COC 2 PUERTAS CARB2","H","DOOR L","377.8","377.8",,"2","2","0","0",,,"1","18",,"0","LxA{-3,2}AyL AxL[0,4958]LyA",,"60854","C","C","1","Frente"
"3/9/2026 4:27 PM","W3015 MBLE SUP COC 2 PUERTAS CARB2","G","DOOR R","377.8","377.8",,"2","2","0","0",,,"1","18",,"0","LxA{-3,2}AyL AxL[0,4958]LyA",,"60853","C","C","1","Frente"
"3/9/2026 4:27 PM","W3015 MBLE SUP COC 2 PUERTAS CARB2","F","RAIL TRASERO","732","80",,"0","0","2","0",,,"0.45","15",,"0","LxL{-30}LyL",,"60852","P","P","1","Caja"
"3/9/2026 4:27 PM","W3015 MBLE SUP COC 2 PUERTAS CARB2","E","RAIL TRASERO","732","80",,"0","0","2","0",,,"0.45","15",,"0","LxL{-30}LyL",,"60851","P","P","1","Caja"
"3/9/2026 4:27 PM","W3015 MBLE SUP COC 2 PUERTAS CARB2","D","SIDE L - R16L","381","304.8",,"2","2","0","0",,,"0.45","15",,"0","LxA{0}AyL AxP{0}PyA",,"60850","B","C","1","Caja"
"3/9/2026 4:27 PM","W3015 MBLE SUP COC 2 PUERTAS CARB2","C","SIDE R - R16L","381","304.8",,"2","2","0","0",,,"0.45","15",,"0","LxA{0}AyL AxP{0}PyA",,"60849","B","C","1","Caja"
"3/9/2026 4:27 PM","W3015 MBLE SUP COC 2 PUERTAS CARB2","B","TAPA - R16L","732","304.8",,"2","0","0","0",,,"0.45","15",,"0","LxL{-30}LyL AxP{0}PyA",,"60848","B","C","1","Caja"
"3/9/2026 4:27 PM","W3015 MBLE SUP COC 2 PUERTAS CARB2","A","BASE - R16L","732","304.8",,"2","0","0","0",,,"0.45","15",,"0","LxL{-30}LyL AxP{0}PyA",,"60847","B","C","1","Caja"
"3/9/2026 4:24 PM","W2736 MBLE SUP COC 2 PUERTAS 2 ENTREPAÑOS CARB2","J","DOOR L","911.2","339.7",,"2","2",,,,,"1","18",,"0","LxA{-3,2}AyL AxL[0,495333]LyA",,"60846","C","C","1","Frente"
"3/9/2026 4:24 PM","W2736 MBLE SUP COC 2 PUERTAS 2 ENTREPAÑOS CARB2","K","BACKING","898.4","669.8",,"0","0","0","0",,,"0","6",,"0","LxA{-16}AyL AxL{-16}LyA",,"60845","F","X","1",
"3/9/2026 4:24 PM","W2736 MBLE SUP COC 2 PUERTAS 2 ENTREPAÑOS CARB2","I","DOOR R","911.2","339.7",,"2","2","0","0",,,"1","18",,"0","LxA{-3,2}AyL AxL[0,495333]LyA",,"60844","C","C","1","Frente"
"3/9/2026 4:24 PM","W2736 MBLE SUP COC 2 PUERTAS 2 ENTREPAÑOS CARB2","H","SHELF 2","654.8","266.7",,"0","0","2","2",,,"0.45","15",,"0","LxL{-31}LyL",,"60843","P","P","1","Caja"
"3/9/2026 4:24 PM","W2736 MBLE SUP COC 2 PUERTAS 2 ENTREPAÑOS CARB2","G","SHELF 1","654.8","266.7",,"0","0","2","2",,,"0.45","15",,"0","LxL{-31}LyL",,"60842","P","P","1","Caja"
"3/9/2026 4:24 PM","W2736 MBLE SUP COC 2 PUERTAS 2 ENTREPAÑOS CARB2","F","RAIL TRASERO","655.8","80",,"0","0","2","0",,,"0.45","15",,"0","LxL{-30}LyL",,"60841","P","P","1","Caja"
"3/9/2026 4:24 PM","W2736 MBLE SUP COC 2 PUERTAS 2 ENTREPAÑOS CARB2","E","RAIL TRASERO","655.8","80",,"0","0","2","0",,,"0.45","15",,"0","LxL{-30}LyL",,"60840","P","P","1","Caja"
"3/9/2026 4:24 PM","W2736 MBLE SUP COC 2 PUERTAS 2 ENTREPAÑOS CARB2","D","SIDE L - R16L","914.4","304.8",,"2","2","0","0",,,"0.45","15",,"0","LxA{0}AyL AxP{0}PyA",,"60839","B","C","1","Caja"
"3/9/2026 4:24 PM","W2736 MBLE SUP COC 2 PUERTAS 2 ENTREPAÑOS CARB2","C","SIDE R - R16L","914.4","304.8",,"2","2","0","0",,,"0.45","15",,"0","LxA{0}AyL AxP{0}PyA",,"60838","B","C","1","Caja"
"3/9/2026 4:24 PM","W2736 MBLE SUP COC 2 PUERTAS 2 ENTREPAÑOS CARB2","B","TAPA - R16L","655.8","304.8",,"2","0","0","0",,,"0.45","15",,"0","LxL{-30}LyL AxP{0}PyA",,"60837","B","C","1","Caja"
"3/9/2026 4:24 PM","W2736 MBLE SUP COC 2 PUERTAS 2 ENTREPAÑOS CARB2","A","BASE - R16L","655.8","304.8",,"2","0","0","0",,,"0.45","15",,"0","LxL{-30}LyL AxP{0}PyA",,"60836","B","C","1","Caja"
"3/9/2026 4:15 PM","W25 1/236 MBLE SUP COC 2 PUERTAS 2 ENTREPAÑOS CARB2","J","DOOR L","911.2","320.65",,"2","2",,,,,"1","18",,"0","LxA{-3,2}AyL AxL[0,495059]LyA",,"60835","C","C","1","Frente"
"3/9/2026 4:15 PM","W25 1/236 MBLE SUP COC 2 PUERTAS 2 ENTREPAÑOS CARB2","K","BACKING","898.4","631.7",,"0","0","0","0",,,"0","6",,"0","LxA{-16}AyL AxL{-16}LyA",,"60834","F","X","1",
"3/9/2026 4:15 PM","W25 1/236 MBLE SUP COC 2 PUERTAS 2 ENTREPAÑOS CARB2","I","DOOR R","911.2","320.65",,"2","2","0","0",,,"1","18",,"0","LxA{-3,2}AyL AxL[0,495059]LyA",,"60833","C","C","1","Frente"
"3/9/2026 4:15 PM","W25 1/236 MBLE SUP COC 2 PUERTAS 2 ENTREPAÑOS CARB2","H","SHELF 2","616.7","266.7",,"0","0","2","2",,,"0.45","15",,"0","LxL{-31}LyL",,"60832","P","P","1","Caja"
"3/9/2026 4:15 PM","W25 1/236 MBLE SUP COC 2 PUERTAS 2 ENTREPAÑOS CARB2","G","SHELF 1","616.7","266.7",,"0","0","2","2",,,"0.45","15",,"0","LxL{-31}LyL",,"60831","P","P","1","Caja"
"3/9/2026 4:15 PM","W25 1/236 MBLE SUP COC 2 PUERTAS 2 ENTREPAÑOS CARB2","F","RAIL TRASERO","617.7","80",,"0","0","2","0",,,"0.45","15",,"0","LxL{-30}LyL",,"60830","P","P","1","Caja"
"3/9/2026 4:15 PM","W25 1/236 MBLE SUP COC 2 PUERTAS 2 ENTREPAÑOS CARB2","E","RAIL TRASERO","617.7","80",,"0","0","2","0",,,"0.45","15",,"0","LxL{-30}LyL",,"60829","P","P","1","Caja"
"3/9/2026 4:15 PM","W25 1/236 MBLE SUP COC 2 PUERTAS 2 ENTREPAÑOS CARB2","D","SIDE L - R16L","914.4","304.8",,"2","2","0","0",,,"0.45","15",,"0","LxA{0}AyL AxP{0}PyA",,"60828","B","C","1","Caja"
"3/9/2026 4:15 PM","W25 1/236 MBLE SUP COC 2 PUERTAS 2 ENTREPAÑOS CARB2","C","SIDE R - R16L","914.4","304.8",,"2","2","0","0",,,"0.45","15",,"0","LxA{0}AyL AxP{0}PyA",,"60827","B","C","1","Caja"
"3/9/2026 4:15 PM","W25 1/236 MBLE SUP COC 2 PUERTAS 2 ENTREPAÑOS CARB2","B","TAPA - R16L","617.7","304.8",,"2","0","0","0",,,"0.45","15",,"0","LxL{-30}LyL AxP{0}PyA",,"60826","B","C","1","Caja"
"3/9/2026 4:15 PM","W25 1/236 MBLE SUP COC 2 PUERTAS 2 ENTREPAÑOS CARB2","A","BASE - R16L","617.7","304.8",,"2","0","0","0",,,"0.45","15",,"0","LxL{-30}LyL AxP{0}PyA",,"60825","B","C","1","Caja"
"3/9/2026 4:13 PM","W2436 MBLE SUP COC 2 PUERTAS 2 ENTREPAÑOS CARB2","J","DOOR L","911.2","301.6",,"2","2",,,,,"1","18",,"0","LxA{-3,2}AyL AxL[0,49475]LyA",,"60824","C","C","1","Frente"
"3/9/2026 4:13 PM","W2436 MBLE SUP COC 2 PUERTAS 2 ENTREPAÑOS CARB2","K","BACKING","898.4","593.6",,"0","0","0","0",,,"0","6",,"0","LxA{-16}AyL AxL{-16}LyA",,"60823","F","X","1",
"3/9/2026 4:13 PM","W2436 MBLE SUP COC 2 PUERTAS 2 ENTREPAÑOS CARB2","I","DOOR R","911.2","301.6",,"2","2","0","0",,,"1","18",,"0","LxA{-3,2}AyL AxL[0,49475]LyA",,"60822","C","C","1","Frente"
"3/9/2026 4:13 PM","W2436 MBLE SUP COC 2 PUERTAS 2 ENTREPAÑOS CARB2","H","SHELF 2","578.6","266.7",,"0","0","2","2",,,"0.45","15",,"0","LxL{-31}LyL",,"60821","P","P","1","Caja"
"3/9/2026 4:13 PM","W2436 MBLE SUP COC 2 PUERTAS 2 ENTREPAÑOS CARB2","G","SHELF 1","578.6","266.7",,"0","0","2","2",,,"0.45","15",,"0","LxL{-31}LyL",,"60820","P","P","1","Caja"
"3/9/2026 4:13 PM","W2436 MBLE SUP COC 2 PUERTAS 2 ENTREPAÑOS CARB2","F","RAIL TRASERO","579.6","80",,"0","0","2","0",,,"0.45","15",,"0","LxL{-30}LyL",,"60819","P","P","1","Caja"
"3/9/2026 4:13 PM","W2436 MBLE SUP COC 2 PUERTAS 2 ENTREPAÑOS CARB2","E","RAIL TRASERO","579.6","80",,"0","0","2","0",,,"0.45","15",,"0","LxL{-30}LyL",,"60818","P","P","1","Caja"
"3/9/2026 4:13 PM","W2436 MBLE SUP COC 2 PUERTAS 2 ENTREPAÑOS CARB2","D","SIDE L - R16L","914.4","304.8",,"2","2","0","0",,,"0.45","15",,"0","LxA{0}AyL AxP{0}PyA",,"60817","B","C","1","Caja"
"3/9/2026 4:13 PM","W2436 MBLE SUP COC 2 PUERTAS 2 ENTREPAÑOS CARB2","C","SIDE R - R16L","914.4","304.8",,"2","2","0","0",,,"0.45","15",,"0","LxA{0}AyL AxP{0}PyA",,"60816","B","C","1","Caja"
"3/9/2026 4:13 PM","W2436 MBLE SUP COC 2 PUERTAS 2 ENTREPAÑOS CARB2","B","TAPA - R16L","579.6","304.8",,"2","0","0","0",,,"0.45","15",,"0","LxL{-30}LyL AxP{0}PyA",,"60815","B","C","1","Caja"
"3/9/2026 4:13 PM","W2436 MBLE SUP COC 2 PUERTAS 2 ENTREPAÑOS CARB2","A","BASE - R16L","579.6","304.8",,"2","0","0","0",,,"0.45","15",,"0","LxL{-30}LyL AxP{0}PyA",,"60814","B","C","1","Caja"
"3/9/2026 4:09 PM","W24 3/436 MBLE SUP COC 2 PUERTAS 2 ENTREPAÑOS CARB2","J","DOOR L","911.2","311.12",,"2","2",,,,,"1","18",,"0","LxA{-3,2}AyL AxL[0,494909]LyA",,"60813","C","C","1","Frente"
"3/9/2026 4:09 PM","W24 3/436 MBLE SUP COC 2 PUERTAS 2 ENTREPAÑOS CARB2","K","BACKING","898.4","612.65",,"0","0","0","0",,,"0","6",,"0","LxA{-16}AyL AxL{-16}LyA",,"60812","F","X","1",
"3/9/2026 4:09 PM","W24 3/436 MBLE SUP COC 2 PUERTAS 2 ENTREPAÑOS CARB2","I","DOOR R","911.2","311.12",,"2","2","0","0",,,"1","18",,"0","LxA{-3,2}AyL AxL[0,494909]LyA",,"60811","C","C","1","Frente"
"3/9/2026 4:09 PM","W24 3/436 MBLE SUP COC 2 PUERTAS 2 ENTREPAÑOS CARB2","H","SHELF 2","597.65","266.7",,"0","0","2","2",,,"0.45","15",,"0","LxL{-31}LyL",,"60810","P","P","1","Caja"
"3/9/2026 4:09 PM","W24 3/436 MBLE SUP COC 2 PUERTAS 2 ENTREPAÑOS CARB2","G","SHELF 1","597.65","266.7",,"0","0","2","2",,,"0.45","15",,"0","LxL{-31}LyL",,"60809","P","P","1","Caja"
"3/9/2026 4:09 PM","W24 3/436 MBLE SUP COC 2 PUERTAS 2 ENTREPAÑOS CARB2","F","RAIL TRASERO","598.65","80",,"0","0","2","0",,,"0.45","15",,"0","LxL{-30}LyL",,"60808","P","P","1","Caja"
"3/9/2026 4:09 PM","W24 3/436 MBLE SUP COC 2 PUERTAS 2 ENTREPAÑOS CARB2","E","RAIL TRASERO","598.65","80",,"0","0","2","0",,,"0.45","15",,"0","LxL{-30}LyL",,"60807","P","P","1","Caja"
"3/9/2026 4:09 PM","W24 3/436 MBLE SUP COC 2 PUERTAS 2 ENTREPAÑOS CARB2","D","SIDE L - R16L","914.4","304.8",,"2","2","0","0",,,"0.45","15",,"0","LxA{0}AyL AxP{0}PyA",,"60806","B","C","1","Caja"
"3/9/2026 4:09 PM","W24 3/436 MBLE SUP COC 2 PUERTAS 2 ENTREPAÑOS CARB2","C","SIDE R - R16L","914.4","304.8",,"2","2","0","0",,,"0.45","15",,"0","LxA{0}AyL AxP{0}PyA",,"60805","B","C","1","Caja"
"3/9/2026 4:09 PM","W24 3/436 MBLE SUP COC 2 PUERTAS 2 ENTREPAÑOS CARB2","B","TAPA - R16L","598.65","304.8",,"2","0","0","0",,,"0.45","15",,"0","LxL{-30}LyL AxP{0}PyA",,"60804","B","C","1","Caja"
"3/9/2026 4:09 PM","W24 3/436 MBLE SUP COC 2 PUERTAS 2 ENTREPAÑOS CARB2","A","BASE - R16L","598.65","304.8",,"2","0","0","0",,,"0.45","15",,"0","LxL{-30}LyL AxP{0}PyA",,"60803","B","C","1","Caja"
"3/9/2026 4:07 PM","HRJ W24 3/436 MBLE SUP COC 2 PUERTAS 2 ENTREPAÑOS CARB2","J","DOOR L","911.2","311.12",,"2","2",,,,,"1","18",,"0","LxA{-3,2}AyL AxL[0,494909]LyA",,"60802","C","C","1","Frente"
"3/9/2026 4:07 PM","HRJ W24 3/436 MBLE SUP COC 2 PUERTAS 2 ENTREPAÑOS CARB2","K","BACKING","898.4","612.65",,"0","0","0","0",,,"0","6",,"0","LxA{-16}AyL AxL{-16}LyA",,"60801","F","X","1",
"3/9/2026 4:07 PM","HRJ W24 3/436 MBLE SUP COC 2 PUERTAS 2 ENTREPAÑOS CARB2","I","DOOR R","911.2","311.12",,"2","2","0","0",,,"1","18",,"0","LxA{-3,2}AyL AxL[0,494909]LyA",,"60800","C","C","1","Frente"
"3/9/2026 4:07 PM","HRJ W24 3/436 MBLE SUP COC 2 PUERTAS 2 ENTREPAÑOS CARB2","H","SHELF 2","597.65","266.7",,"0","0","2","2",,,"0.45","15",,"0","LxL{-31}LyL",,"60799","P","P","1","Caja"
"3/9/2026 4:07 PM","HRJ W24 3/436 MBLE SUP COC 2 PUERTAS 2 ENTREPAÑOS CARB2","G","SHELF 1","597.65","266.7",,"0","0","2","2",,,"0.45","15",,"0","LxL{-31}LyL",,"60798","P","P","1","Caja"
"3/9/2026 4:07 PM","HRJ W24 3/436 MBLE SUP COC 2 PUERTAS 2 ENTREPAÑOS CARB2","F","RAIL TRASERO","598.65","80",,"0","0","2","0",,,"0.45","15",,"0","LxL{-30}LyL",,"60797","P","P","1","Caja"
"3/9/2026 4:07 PM","HRJ W24 3/436 MBLE SUP COC 2 PUERTAS 2 ENTREPAÑOS CARB2","E","RAIL TRASERO","598.65","80",,"0","0","2","0",,,"0.45","15",,"0","LxL{-30}LyL",,"60796","P","P","1","Caja"
"3/9/2026 4:07 PM","HRJ W24 3/436 MBLE SUP COC 2 PUERTAS 2 ENTREPAÑOS CARB2","D","SIDE L - R16L","914.4","304.8",,"2","2","0","0",,,"0.45","15",,"0","LxA{0}AyL AxP{0}PyA",,"60795","B","C","1","Caja"
"3/9/2026 4:07 PM","HRJ W24 3/436 MBLE SUP COC 2 PUERTAS 2 ENTREPAÑOS CARB2","C","SIDE R - R16L","914.4","304.8",,"2","2","0","0",,,"0.45","15",,"0","LxA{0}AyL AxP{0}PyA",,"60794","B","C","1","Caja"
"3/9/2026 4:07 PM","HRJ W24 3/436 MBLE SUP COC 2 PUERTAS 2 ENTREPAÑOS CARB2","B","TAPA - R16L","598.65","304.8",,"2","0","0","0",,,"0.45","15",,"0","LxL{-30}LyL AxP{0}PyA",,"60793","B","C","1","Caja"
"3/9/2026 4:07 PM","HRJ W24 3/436 MBLE SUP COC 2 PUERTAS 2 ENTREPAÑOS CARB2","A","BASE - R16L","598.65","304.8",,"2","0","0","0",,,"0.45","15",,"0","LxL{-30}LyL AxP{0}PyA",,"60792","B","C","1","Caja"
"3/9/2026 4:05 PM","W2136 MBLE SUP COC 1 PUERTA 2 ENTREPAÑOS CARB2","J","BACKING","898.4","517.4",,"0","0","0","0",,,"0","6",,"0","LxA{-16}AyL AxL{-16}LyA",,"60791","F","X","1",
"3/9/2026 4:05 PM","W2136 MBLE SUP COC 1 PUERTA 2 ENTREPAÑOS CARB2","I","DOOR ","911.2","530.2",,"2","2","0","0",,,"1","18",,"0","LxA{-3,2}AyL AxL{-3,2}LyA",,"60790","C","C","1","Frente"
"3/9/2026 4:05 PM","W2136 MBLE SUP COC 1 PUERTA 2 ENTREPAÑOS CARB2","H","SHELF 2","502.4","266.7",,"0","0","2","2",,,"0.45","15",,"0","LxL{-31}LyL AxP{-38,1}PyA",,"60789","P","P","1","Caja"
"3/9/2026 4:05 PM","W2136 MBLE SUP COC 1 PUERTA 2 ENTREPAÑOS CARB2","G","SHELF 1","502.4","266.7",,"0","0","2","2",,,"0.45","15",,"0","LxL{-31}LyL AxP{-38,1}PyA",,"60788","P","P","1","Caja"
"3/9/2026 4:05 PM","W2136 MBLE SUP COC 1 PUERTA 2 ENTREPAÑOS CARB2","F","RAIL TRASERO","503.4","80",,"0","0","2","0",,,"0.45","15",,"0","LxL{-30}LyL",,"60787","P","P","1","Caja"
"3/9/2026 4:05 PM","W2136 MBLE SUP COC 1 PUERTA 2 ENTREPAÑOS CARB2","E","RAIL TRASERO","503.4","80",,"0","0","2","0",,,"0.45","15",,"0","LxL{-30}LyL",,"60786","P","P","1","Caja"
"3/9/2026 4:05 PM","W2136 MBLE SUP COC 1 PUERTA 2 ENTREPAÑOS CARB2","D","SIDE L - R16L","914.4","304.8",,"2","2","0","0",,,"0.45","15",,"0","LxA{0}AyL AxP{0}PyA",,"60785","B","C","1","Caja"
"3/9/2026 4:04 PM","W2136 MBLE SUP COC 1 PUERTA 2 ENTREPAÑOS CARB2","C","SIDE R - R16L","914.4","304.8",,"2","2","0","0",,,"0.45","15",,"0","LxA{0}AyL AxP{0}PyA",,"60784","B","C","1","Caja"
"3/9/2026 4:04 PM","W2136 MBLE SUP COC 1 PUERTA 2 ENTREPAÑOS CARB2","B","TAPA - R16L","503.4","304.8",,"2","0","0","0",,,"0.45","15",,"0","LxL{-30}LyL AxP{0}PyA",,"60783","B","C","1","Caja"
"3/9/2026 4:04 PM","W2136 MBLE SUP COC 1 PUERTA 2 ENTREPAÑOS CARB2","A","BASE - R16L","503.4","304.8",,"2","0","0","0",,,"0.45","15",,"0","LxL{-30}LyL AxP{0}PyA",,"60782","B","C","1","Caja"
"3/9/2026 4:01 PM","W1536 MBLE SUP COC 1 PUERTA 2 ENTREPAÑOS CARB2","J","BACKING","898.4","365",,"0","0","0","0",,,"0","6",,"0","LxA{-16}AyL AxL{-16}LyA",,"60781","F","X","1",
"3/9/2026 4:01 PM","W1536 MBLE SUP COC 1 PUERTA 2 ENTREPAÑOS CARB2","I","DOOR ","911.2","377.8",,"2","2","0","0",,,"1","18",,"0","LxA{-3,2}AyL AxL{-3,2}LyA",,"60780","C","C","1","Frente"
"3/9/2026 4:00 PM","W1536 MBLE SUP COC 1 PUERTA 2 ENTREPAÑOS CARB2","H","SHELF 2","350","266.7",,"0","0","2","2",,,"0.45","15",,"0","LxL{-31}LyL AxP{-38,1}PyA",,"60779","P","P","1","Caja"
"3/9/2026 4:00 PM","W1536 MBLE SUP COC 1 PUERTA 2 ENTREPAÑOS CARB2","G","SHELF 1","350","266.7",,"0","0","2","2",,,"0.45","15",,"0","LxL{-31}LyL AxP{-38,1}PyA",,"60778","P","P","1","Caja"
"3/9/2026 4:00 PM","W1536 MBLE SUP COC 1 PUERTA 2 ENTREPAÑOS CARB2","F","RAIL TRASERO","351","80",,"0","0","2","0",,,"0.45","15",,"0","LxL{-30}LyL",,"60777","P","P","1","Caja"
"3/9/2026 4:00 PM","W1536 MBLE SUP COC 1 PUERTA 2 ENTREPAÑOS CARB2","E","RAIL TRASERO","351","80",,"0","0","2","0",,,"0.45","15",,"0","LxL{-30}LyL",,"60776","P","P","1","Caja"
"3/9/2026 4:00 PM","W1536 MBLE SUP COC 1 PUERTA 2 ENTREPAÑOS CARB2","D","SIDE L - R16L","914.4","304.8",,"2","2","0","0",,,"0.45","15",,"0","LxA{0}AyL AxP{0}PyA",,"60775","B","C","1","Caja"
"3/9/2026 4:00 PM","W1536 MBLE SUP COC 1 PUERTA 2 ENTREPAÑOS CARB2","C","SIDE R - R16L","914.4","304.8",,"2","2","0","0",,,"0.45","15",,"0","LxA{0}AyL AxP{0}PyA",,"60774","B","C","1","Caja"
"3/9/2026 4:00 PM","W1536 MBLE SUP COC 1 PUERTA 2 ENTREPAÑOS CARB2","B","TAPA - R16L","351","304.8",,"2","0","0","0",,,"0.45","15",,"0","LxL{-30}LyL AxP{0}PyA",,"60773","B","C","1","Caja"
"3/9/2026 4:00 PM","W1536 MBLE SUP COC 1 PUERTA 2 ENTREPAÑOS CARB2","A","BASE - R16L","351","304.8",,"2","0","0","0",,,"0.45","15",,"0","LxL{-30}LyL AxP{0}PyA",,"60772","B","C","1","Caja"
"3/9/2026 3:54 PM","W1236 MBLE SUP COC 1 PUERTA 2 ENTREPAÑOS CARB2","J","BACKING","898.4","288.8",,"0","0","0","0",,,"0","6",,"0","LxA{-16}AyL AxL{-16}LyA",,"60771","F","X","1",
"3/9/2026 3:54 PM","W1236 MBLE SUP COC 1 PUERTA 2 ENTREPAÑOS CARB2","I","DOOR ","911.2","301.6",,"2","2","0","0",,,"1","18",,"0","LxA{-3,2}AyL AxL{-3,2}LyA",,"60770","C","C","1","Frente"
"3/9/2026 3:54 PM","W1236 MBLE SUP COC 1 PUERTA 2 ENTREPAÑOS CARB2","H","SHELF 2","273.8","266.7",,"0","0","2","2",,,"0.45","15",,"0","LxL{-31}LyL AxP{-38,1}PyA",,"60769","P","P","1","Caja"
"3/9/2026 3:54 PM","W1236 MBLE SUP COC 1 PUERTA 2 ENTREPAÑOS CARB2","G","SHELF 1","273.8","266.7",,"0","0","2","2",,,"0.45","15",,"0","LxL{-31}LyL AxP{-38,1}PyA",,"60768","P","P","1","Caja"
"3/9/2026 3:54 PM","W1236 MBLE SUP COC 1 PUERTA 2 ENTREPAÑOS CARB2","F","RAIL TRASERO","274.8","80",,"0","0","2","0",,,"0.45","15",,"0","LxL{-30}LyL",,"60767","P","P","1","Caja"
"3/9/2026 3:54 PM","W1236 MBLE SUP COC 1 PUERTA 2 ENTREPAÑOS CARB2","E","RAIL TRASERO","274.8","80",,"0","0","2","0",,,"0.45","15",,"0","LxL{-30}LyL",,"60766","P","P","1","Caja"
"3/9/2026 3:54 PM","W1236 MBLE SUP COC 1 PUERTA 2 ENTREPAÑOS CARB2","D","SIDE L - R16L","914.4","304.8",,"2","2","0","0",,,"0.45","15",,"0","LxA{0}AyL AxP{0}PyA",,"60765","B","C","1","Caja"
"3/9/2026 3:54 PM","W1236 MBLE SUP COC 1 PUERTA 2 ENTREPAÑOS CARB2","C","SIDE R - R16L","914.4","304.8",,"2","2","0","0",,,"0.45","15",,"0","LxA{0}AyL AxP{0}PyA",,"60764","B","C","1","Caja"
"3/9/2026 3:54 PM","W1236 MBLE SUP COC 1 PUERTA 2 ENTREPAÑOS CARB2","B","TAPA - R16L","274.8","304.8",,"2","0","0","0",,,"0.45","15",,"0","LxL{-30}LyL AxP{0}PyA",,"60763","B","C","1","Caja"
"3/9/2026 3:54 PM","W1236 MBLE SUP COC 1 PUERTA 2 ENTREPAÑOS CARB2","A","BASE - R16L","274.8","304.8",,"2","0","0","0",,,"0.45","15",,"0","LxL{-30}LyL AxP{0}PyA",,"60762","B","C","1","Caja"
"3/9/2026 3:50 PM","HRJ W1236 MBLE SUP COC 1 PUERTA 2 ENTREPAÑOS CARB2","J","BACKING","898.4","288.8",,"0","0","0","0",,,"0","6",,"0","LxA{-16}AyL AxL{-16}LyA",,"60761","F","X","1",
"3/9/2026 3:50 PM","HRJ W1236 MBLE SUP COC 1 PUERTA 2 ENTREPAÑOS CARB2","I","DOOR ","911.2","301.6",,"2","2","0","0",,,"1","18",,"0","LxA{-3,2}AyL AxL{-3,2}LyA",,"60760","C","C","1","Frente"
"3/9/2026 3:50 PM","HRJ W1236 MBLE SUP COC 1 PUERTA 2 ENTREPAÑOS CARB2","H","SHELF 2","273.8","266.7",,"0","0","2","2",,,"0.45","15",,"0","LxL{-31}LyL AxP{-38,1}PyA",,"60759","P","P","1","Caja"
"3/9/2026 3:50 PM","HRJ W1236 MBLE SUP COC 1 PUERTA 2 ENTREPAÑOS CARB2","G","SHELF 1","273.8","266.7",,"0","0","2","2",,,"0.45","15",,"0","LxL{-31}LyL AxP{-38,1}PyA",,"60758","P","P","1","Caja"
"3/9/2026 3:50 PM","HRJ W1236 MBLE SUP COC 1 PUERTA 2 ENTREPAÑOS CARB2","F","RAIL TRASERO","274.8","80",,"0","0","2","0",,,"0.45","15",,"0","LxL{-30}LyL",,"60757","P","P","1","Caja"
"3/9/2026 3:50 PM","HRJ W1236 MBLE SUP COC 1 PUERTA 2 ENTREPAÑOS CARB2","E","RAIL TRASERO","274.8","80",,"0","0","2","0",,,"0.45","15",,"0","LxL{-30}LyL",,"60756","P","P","1","Caja"
"3/9/2026 3:50 PM","HRJ W1236 MBLE SUP COC 1 PUERTA 2 ENTREPAÑOS CARB2","D","SIDE L - R16L","914.4","304.8",,"2","2","0","0",,,"0.45","15",,"0","LxA{0}AyL AxP{0}PyA",,"60755","B","C","1","Caja"
"3/9/2026 3:50 PM","HRJ W1236 MBLE SUP COC 1 PUERTA 2 ENTREPAÑOS CARB2","C","SIDE R - R16L","914.4","304.8",,"2","2","0","0",,,"0.45","15",,"0","LxA{0}AyL AxP{0}PyA",,"60754","B","C","1","Caja"
"3/9/2026 3:50 PM","HRJ W1236 MBLE SUP COC 1 PUERTA 2 ENTREPAÑOS CARB2","B","TAPA - R16L","274.8","304.8",,"2","0","0","0",,,"0.45","15",,"0","LxL{-30}LyL AxP{0}PyA",,"60753","B","C","1","Caja"
"3/9/2026 3:50 PM","HRJ W1236 MBLE SUP COC 1 PUERTA 2 ENTREPAÑOS CARB2","A","BASE - R16L","274.8","304.8",,"2","0","0","0",,,"0.45","15",,"0","LxL{-30}LyL AxP{0}PyA",,"60752","B","C","1","Caja"
"3/9/2026 3:47 PM","USVFDR3328 3/4-F9 MBLE INF LVM 2 PUERTAS REMOVIBLE CARB2","K","BACKING","605.45","822.2",,"0","0","0","0",,,"0","9",,"0","LxA{-124,8}AyL AxL{-16}LyA",,"60751","F","X","1",
"3/9/2026 3:47 PM","USVFDR3328 3/4-F9 MBLE INF LVM 2 PUERTAS REMOVIBLE CARB2","J","DOOR R","727.05","415.9",,"2","2","0","0",,,"1","18",,"0","LxA{-3,2}AyL AxL[0,49618]LyA",,"60750","C","C","1","Frente"
"3/9/2026 3:47 PM","USVFDR3328 3/4-F9 MBLE INF LVM 2 PUERTAS REMOVIBLE CARB2","I","DOOR R","727.05","415.9",,"2","2","0","0",,,"1","18",,"0","LxA{-3,2}AyL AxL[0,49618]LyA",,"60749","C","C","1","Frente"
"3/9/2026 3:47 PM","USVFDR3328 3/4-F9 MBLE INF LVM 2 PUERTAS REMOVIBLE CARB2","H","RAIL TRASERO","808.2","120.75",,"0","0","2","0",,,"0.45","15",,"0","LxL{-30}LyL",,"60748","P","P","1","Caja"
"3/9/2026 3:47 PM","USVFDR3328 3/4-F9 MBLE INF LVM 2 PUERTAS REMOVIBLE CARB2","G","RAIL TRASERO","808.2","80",,"0","0","2","0",,,"0.45","15",,"0","LxL{-30}LyL",,"60747","P","P","1","Caja"
"3/9/2026 3:47 PM","USVFDR3328 3/4-F9 MBLE INF LVM 2 PUERTAS REMOVIBLE CARB2","F","RAIL TRASERO","808.2","80",,"0","0","2","0",,,"0.45","15",,"0","LxL{-30}LyL",,"60746","P","P","1","Caja"
"3/9/2026 3:47 PM","USVFDR3328 3/4-F9 MBLE INF LVM 2 PUERTAS REMOVIBLE CARB2","E","RAIL DELANTERO","808.2","80",,"2","0","0","0",,,"0.45","15",,"0","LxL{-30}LyL","ENCHAPE COLOR","60745","P","C","1","Caja"
"3/9/2026 3:47 PM","USVFDR3328 3/4-F9 MBLE INF LVM 2 PUERTAS REMOVIBLE CARB2","D","RAIL DELANTERO","808.2","140",,"2","0","0","0",,,"0.45","15",,"0","LxL{-30}LyL",,"60744","B","C","1","Caja"
"3/9/2026 3:47 PM","USVFDR3328 3/4-F9 MBLE INF LVM 2 PUERTAS REMOVIBLE CARB2","C","SIDE L - EN CNC","762","533.4",,"2","2","0","0",,,"0.45","15",,"0","AxP{0}PyA",,"60743","B","C","1","Caja"
"3/9/2026 3:47 PM","USVFDR3328 3/4-F9 MBLE INF LVM 2 PUERTAS REMOVIBLE CARB2","B","SIDE R - EN CNC","762","533.4",,"2","2","0","0",,,"0.45","15",,"0","AxP{0}PyA",,"60742","B","C","1","Caja"
"3/9/2026 3:47 PM","USVFDR3328 3/4-F9 MBLE INF LVM 2 PUERTAS REMOVIBLE CARB2","A","BASE","808.2","518.4",,"2","0","0","0",,,"0.45","15",,"0","LxL{-30}LyL AxP{-15}PyA",,"60741","B","C","1","Caja"
"3/9/2026 3:44 PM","USVFDR3328 3/4 MBLE INF LVM 2 PUERTAS REMOVIBLE CARB2","K","BACKING","605.45","822.2",,"0","0","0","0",,,"0","6",,"0","LxA{-124,8}AyL AxL{-16}LyA",,"60729","F","X","1",
"3/9/2026 3:44 PM","USVFDR3328 3/4 MBLE INF LVM 2 PUERTAS REMOVIBLE CARB2","J","DOOR R","727.05","415.9",,"2","2","0","0",,,"1","18",,"0","LxA{-3,2}AyL AxL[0,49618]LyA",,"60728","C","C","1","Frente"
"3/9/2026 3:44 PM","USVFDR3328 3/4 MBLE INF LVM 2 PUERTAS REMOVIBLE CARB2","I","DOOR R","727.05","415.9",,"2","2","0","0",,,"1","18",,"0","LxA{-3,2}AyL AxL[0,49618]LyA",,"60727","C","C","1","Frente"
"3/9/2026 3:44 PM","USVFDR3328 3/4 MBLE INF LVM 2 PUERTAS REMOVIBLE CARB2","H","RAIL TRAS","808.2","120.75",,"0","0","2","0",,,"0.45","15",,"0","LxL{-30}LyL",,"60726","P","P","1","Caja"
"3/9/2026 3:44 PM","USVFDR3328 3/4 MBLE INF LVM 2 PUERTAS REMOVIBLE CARB2","G","RAIL TRAS","808.2","80",,"0","0","2","0",,,"0.45","15",,"0","LxL{-30}LyL",,"60725","P","P","1","Caja"
"3/9/2026 3:44 PM","USVFDR3328 3/4 MBLE INF LVM 2 PUERTAS REMOVIBLE CARB2","F","RAIL TRAS","808.2","80",,"0","0","2","0",,,"0.45","15",,"0","LxL{-30}LyL",,"60724","P","P","1","Caja"
"3/9/2026 3:44 PM","USVFDR3328 3/4 MBLE INF LVM 2 PUERTAS REMOVIBLE CARB2","E","RAIL DEL","808.2","80",,"2","0","0","0",,,"0.45","15",,"0","LxL{-30}LyL","ENCHAPE COLOR","60723","P","C","1","Caja"
"3/9/2026 3:44 PM","USVFDR3328 3/4 MBLE INF LVM 2 PUERTAS REMOVIBLE CARB2","D","RAIL DEL","808.2","140",,"2","0","0","0",,,"0.45","15",,"0","LxL{-30}LyL",,"60722","B","C","1","Caja"
"3/9/2026 3:44 PM","USVFDR3328 3/4 MBLE INF LVM 2 PUERTAS REMOVIBLE CARB2","C","SIDE L - EN CNC","762","533.4",,"2","2","0","0",,,"0.45","15",,"0","AxP{0}PyA",,"60721","B","C","1","Caja"
"3/9/2026 3:44 PM","USVFDR3328 3/4 MBLE INF LVM 2 PUERTAS REMOVIBLE CARB2","B","SIDE R - EN CNC","762","533.4",,"2","2","0","0",,,"0.45","15",,"0","AxP{0}PyA",,"60720","B","C","1","Caja"
"3/9/2026 3:44 PM","USVFDR3328 3/4 MBLE INF LVM 2 PUERTAS REMOVIBLE CARB2","A","BASE","808.2","518.4",,"2","0","0","0",,,"0.45","15",,"0","LxL{-30}LyL AxP{-15}PyA",,"60719","B","C","1","Caja"
"3/9/2026 3:39 PM","HRJ USVFDR3328 3/4 MBLE INF LVM 2 PUERTAS REMOVIBLE CARB2","K","BACKING","605.45","822.2",,"0","0","0","0",,,"0","6",,"0","LxA{-124,8}AyL AxL{-16}LyA",,"60707","F","X","1",
"3/9/2026 3:39 PM","HRJ USVFDR3328 3/4 MBLE INF LVM 2 PUERTAS REMOVIBLE CARB2","J","DOOR R","727.05","415.9",,"2","2","0","0",,,"1","18",,"0","LxA{-3,2}AyL AxL[0,49618]LyA",,"60706","C","C","1","Frente"
"3/9/2026 3:39 PM","HRJ USVFDR3328 3/4 MBLE INF LVM 2 PUERTAS REMOVIBLE CARB2","I","DOOR R","727.05","415.9",,"2","2","0","0",,,"1","18",,"0","LxA{-3,2}AyL AxL[0,49618]LyA",,"60705","C","C","1","Frente"
"3/9/2026 3:39 PM","HRJ USVFDR3328 3/4 MBLE INF LVM 2 PUERTAS REMOVIBLE CARB2","H","RAIL TRAS","808.2","120.75",,"0","0","2","0",,,"0.45","15",,"0","LxL{-30}LyL",,"60704","P","P","1","Caja"
"3/9/2026 3:39 PM","HRJ USVFDR3328 3/4 MBLE INF LVM 2 PUERTAS REMOVIBLE CARB2","G","RAIL TRAS","808.2","80",,"0","0","2","0",,,"0.45","15",,"0","LxL{-30}LyL",,"60703","P","P","1","Caja"
"3/9/2026 3:39 PM","HRJ USVFDR3328 3/4 MBLE INF LVM 2 PUERTAS REMOVIBLE CARB2","F","RAIL TRAS","808.2","80",,"0","0","2","0",,,"0.45","15",,"0","LxL{-30}LyL",,"60702","P","P","1","Caja"
"3/9/2026 3:39 PM","HRJ USVFDR3328 3/4 MBLE INF LVM 2 PUERTAS REMOVIBLE CARB2","E","RAIL DEL","808.2","80",,"2","0","0","0",,,"0.45","15",,"0","LxL{-30}LyL","ENCHAPE COLOR","60701","P","C","1","Caja"
"3/9/2026 3:39 PM","HRJ USVFDR3328 3/4 MBLE INF LVM 2 PUERTAS REMOVIBLE CARB2","D","RAIL DEL","808.2","140",,"2","0","0","0",,,"0.45","15",,"0","LxL{-30}LyL",,"60700","B","C","1","Caja"
"3/9/2026 3:39 PM","HRJ USVFDR3328 3/4 MBLE INF LVM 2 PUERTAS REMOVIBLE CARB2","C","SIDE L - EN CNC","762","533.4",,"2","2","0","0",,,"0.45","15",,"0","AxP{0}PyA",,"60699","B","C","1","Caja"
"3/9/2026 3:39 PM","HRJ USVFDR3328 3/4 MBLE INF LVM 2 PUERTAS REMOVIBLE CARB2","B","SIDE R - EN CNC","762","533.4",,"2","2","0","0",,,"0.45","15",,"0","AxP{0}PyA",,"60698","B","C","1","Caja"
"3/9/2026 3:39 PM","HRJ USVFDR3328 3/4 MBLE INF LVM 2 PUERTAS REMOVIBLE CARB2","A","BASE","808.2","518.4",,"2","0","0","0",,,"0.45","15",,"0","LxL{-30}LyL AxP{-15}PyA",,"60697","B","C","1","Caja"
"3/9/2026 3:24 PM","USVFD NR3028 3/4-F9 MBLE INF LVM 2 PUERTAS CARB2","I","BACKING","728.25","746",,"0","0","0","0",,,"0","9",,"0","LxA{-2}AyL AxL{-16}LyA",,"60696","F","X","1",
"3/9/2026 3:24 PM","USVFD NR3028 3/4-F9 MBLE INF LVM 2 PUERTAS CARB2","H","DOOR L","727.05","377.8",,"2","2","0","0",,,"1","18",,"0","LxA{-3,2}AyL AxL[0,4958]LyA",,"60695","C","C","1","Frente"
"3/9/2026 3:24 PM","USVFD NR3028 3/4-F9 MBLE INF LVM 2 PUERTAS CARB2","F","RAIL TRASERO","732","80",,"0","0","2","0",,,"0.45","15",,"0","LxL{-30}LyL",,"60693","P","P","1","Caja"
"3/9/2026 3:24 PM","USVFD NR3028 3/4-F9 MBLE INF LVM 2 PUERTAS CARB2","G","DOOR R","727.05","377.8",,"2","2","0","0",,,"1","18",,"0","LxA{-3,2}AyL AxL[0,4958]LyA",,"60694","C","C","1","Frente"
"3/9/2026 3:24 PM","USVFD NR3028 3/4-F9 MBLE INF LVM 2 PUERTAS CARB2","E","RAIL TRASERO","732","80",,"0","0","2","0",,,"0.45","15",,"0","LxL{-30}LyL",,"60692","P","P","1","Caja"
"3/9/2026 3:24 PM","USVFD NR3028 3/4-F9 MBLE INF LVM 2 PUERTAS CARB2","D","RAIL DELANTERO","732","96",,"2","0","0","0",,,"0.45","15",,"0","LxL{-30}LyL",,"60691","B","C","1","Caja"
"3/9/2026 3:24 PM","USVFD NR3028 3/4-F9 MBLE INF LVM 2 PUERTAS CARB2","C","SIDE L - R17L762","730.25","533.4",,"2","2","0","0",,,"0.45","15",,"0","LxA{0}AyL AxP{0}PyA",,"60690","B","C","1","Caja"
"3/9/2026 3:24 PM","USVFD NR3028 3/4-F9 MBLE INF LVM 2 PUERTAS CARB2","B","SIDE R - R17L762","730.25","533.4",,"2","2","0","0",,,"0.45","15",,"0","LxA{0}AyL AxP{0}PyA",,"60689","B","C","1","Caja"
"3/9/2026 3:24 PM","USVFD NR3028 3/4-F9 MBLE INF LVM 2 PUERTAS CARB2","A","BASE","732","506.4",,"2","0","0","0",,,"0.45","15",,"0","LxL{-30}LyL AxP{-27}PyA",,"60688","B","C","1","Caja"
"3/9/2026 3:19 PM","USVFD NR3028 3/4 MBLE INF LVM 2 PUERTAS CARB2","I","BACKING","728.25","746",,"0","0","0","0",,,"0","6",,"0","LxA{-2}AyL AxL{-16}LyA",,"60687","F","X","1",
"3/9/2026 3:19 PM","USVFD NR3028 3/4 MBLE INF LVM 2 PUERTAS CARB2","H","DOOR L","727.05","377.8",,"2","2","0","0",,,"1","18",,"0","LxA{-3,2}AyL AxL[0,4958]LyA",,"60686","C","C","1","Frente"
"3/9/2026 3:19 PM","USVFD NR3028 3/4 MBLE INF LVM 2 PUERTAS CARB2","G","DOOR R","727.05","377.8",,"2","2","0","0",,,"1","18",,"0","LxA{-3,2}AyL AxL[0,4958]LyA",,"60685","C","C","1","Frente"
"3/9/2026 3:19 PM","USVFD NR3028 3/4 MBLE INF LVM 2 PUERTAS CARB2","F","RAIL TRASERO","732","80",,"0","0","2","0",,,"0.45","15",,"0","LxL{-30}LyL",,"60684","P","P","1","Caja"
"3/9/2026 3:19 PM","USVFD NR3028 3/4 MBLE INF LVM 2 PUERTAS CARB2","E","RAIL TRASERO","732","80",,"0","0","2","0",,,"0.45","15",,"0","LxL{-30}LyL",,"60683","P","P","1","Caja"
"3/9/2026 3:19 PM","USVFD NR3028 3/4 MBLE INF LVM 2 PUERTAS CARB2","D","RAIL DELANTERO","732","96",,"2","0","0","0",,,"0.45","15",,"0","LxL{-30}LyL",,"60682","B","C","1","Caja"
"3/9/2026 3:19 PM","USVFD NR3028 3/4 MBLE INF LVM 2 PUERTAS CARB2","C","SIDE L - R17L","730.25","533.4",,"2","2","0","0",,,"0.45","15",,"0","LxA{0}AyL AxP{0}PyA",,"60681","B","C","1","Caja"
"3/9/2026 3:19 PM","USVFD NR3028 3/4 MBLE INF LVM 2 PUERTAS CARB2","B","SIDE R - R17L","730.25","533.4",,"2","2","0","0",,,"0.45","15",,"0","LxA{0}AyL AxP{0}PyA",,"60680","B","C","1","Caja"
"3/9/2026 3:19 PM","USVFD NR3028 3/4 MBLE INF LVM 2 PUERTAS CARB2","A","BASE","732","509.4",,"2","0","0","0",,,"0.45","15",,"0","LxL{-30}LyL AxP{-24}PyA",,"60679","B","C","1","Caja"
"3/9/2026 3:16 PM","HRJ USVFD NR3028 3/4 MBLE INF LVM 2 PUERTAS CARB2","I","BACKING","728.25","746",,"0","0","0","0",,,"0","6",,"0","LxA{-2}AyL AxL{-16}LyA",,"60678","F","X","1",
"3/9/2026 3:16 PM","HRJ USVFD NR3028 3/4 MBLE INF LVM 2 PUERTAS CARB2","H","DOOR L","727.05","377.8",,"2","2","0","0",,,"1","18",,"0","LxA{-3,2}AyL AxL[0,4958]LyA",,"60677","C","C","1","Frente"
"3/9/2026 3:16 PM","HRJ USVFD NR3028 3/4 MBLE INF LVM 2 PUERTAS CARB2","G","DOOR R","727.05","377.8",,"2","2","0","0",,,"1","18",,"0","LxA{-3,2}AyL AxL[0,4958]LyA",,"60676","C","C","1","Frente"
"3/9/2026 3:16 PM","HRJ USVFD NR3028 3/4 MBLE INF LVM 2 PUERTAS CARB2","F","RAIL TRASERO","732","80",,"0","0","2","0",,,"0.45","15",,"0","LxL{-30}LyL",,"60675","P","P","1","Caja"
"3/9/2026 3:16 PM","HRJ USVFD NR3028 3/4 MBLE INF LVM 2 PUERTAS CARB2","E","RAIL TRASERO","732","80",,"0","0","2","0",,,"0.45","15",,"0","LxL{-30}LyL",,"60674","P","P","1","Caja"
"3/9/2026 3:16 PM","HRJ USVFD NR3028 3/4 MBLE INF LVM 2 PUERTAS CARB2","D","RAIL DELANTERO","732","96",,"2","0","0","0",,,"0.45","15",,"0","LxL{-30}LyL",,"60673","B","C","1","Caja"
"3/9/2026 3:16 PM","HRJ USVFD NR3028 3/4 MBLE INF LVM 2 PUERTAS CARB2","C","SIDE L - R17L","730.25","533.4",,"2","2","0","0",,,"0.45","15",,"0","LxA{0}AyL AxP{0}PyA",,"60672","B","C","1","Caja"
"3/9/2026 3:16 PM","HRJ USVFD NR3028 3/4 MBLE INF LVM 2 PUERTAS CARB2","A","BASE","732","509.4",,"2","0","0","0",,,"0.45","15",,"0","LxL{-30}LyL AxP{-24}PyA",,"60670","B","C","1","Caja"
"3/9/2026 3:16 PM","HRJ USVFD NR3028 3/4 MBLE INF LVM 2 PUERTAS CARB2","B","SIDE R - R17L","730.25","533.4",,"2","2","0","0",,,"0.45","15",,"0","LxA{0}AyL AxP{0}PyA",,"60671","B","C","1","Caja"
"3/9/2026 3:13 PM","USBFDR3028 3/4 MBLE INF LVP 2 PUERTAS REMOVIBLE CARB2","K","BACKING","605.45","746",,"0","0","0","0",,,"0","6",,"0","LxA{-124,8}AyL AxL{-16}LyA",,"60669","F","X","1",
"3/9/2026 3:13 PM","USBFDR3028 3/4 MBLE INF LVP 2 PUERTAS REMOVIBLE CARB2","J","DOOR L","727.05","377.8",,"2","2","0","0",,,"1","18",,"0","LxA{-3,2}AyL AxL[0,4958]LyA",,"60668","C","C","1","Frente"
"3/9/2026 3:13 PM","USBFDR3028 3/4 MBLE INF LVP 2 PUERTAS REMOVIBLE CARB2","I","DOOR R","727.05","377.8",,"2","2","0","0",,,"1","18",,"0","LxA{-3,2}AyL AxL[0,4958]LyA",,"60667","C","C","1","Frente"
"3/9/2026 3:13 PM","USBFDR3028 3/4 MBLE INF LVP 2 PUERTAS REMOVIBLE CARB2","H","RAIL TRAS","732","120.75",,"0","0","2","0",,,"0.45","15",,"0","LxL{-30}LyL",,"60666","P","P","1","Caja"
"3/9/2026 3:13 PM","USBFDR3028 3/4 MBLE INF LVP 2 PUERTAS REMOVIBLE CARB2","G","RAIL TRAS","732","80",,"0","0","2","0",,,"0.45","15",,"0","LxL{-30}LyL",,"60665","P","P","1","Caja"
"3/9/2026 3:13 PM","USBFDR3028 3/4 MBLE INF LVP 2 PUERTAS REMOVIBLE CARB2","F","RAIL TRAS","732","80",,"0","0","2","0",,,"0.45","15",,"0","LxL{-30}LyL",,"60664","P","P","1","Caja"
"3/9/2026 3:13 PM","USBFDR3028 3/4 MBLE INF LVP 2 PUERTAS REMOVIBLE CARB2","E","RAIL DEL","732","80",,"2","0","0","0",,,"0.45","15",,"0","LxL{-30}LyL","ENCHAPE COLOR","60663","P","C","1","Caja"
"3/9/2026 3:13 PM","USBFDR3028 3/4 MBLE INF LVP 2 PUERTAS REMOVIBLE CARB2","D","RAIL DEL","732","140",,"2","0","0","0",,,"0.45","15",,"0","LxL{-30}LyL",,"60662","B","C","1","Caja"
"3/9/2026 3:13 PM","USBFDR3028 3/4 MBLE INF LVP 2 PUERTAS REMOVIBLE CARB2","C","SIDE L - EN CNC","762","609.6",,"2","2","0","0",,,"0.45","15",,"0","AxP{0}PyA",,"60661","B","C","1","Caja"
"3/9/2026 3:13 PM","USBFDR3028 3/4 MBLE INF LVP 2 PUERTAS REMOVIBLE CARB2","B","SIDE R - EN CNC","762","609.6",,"2","2","0","0",,,"0.45","15",,"0","AxP{0}PyA",,"60660","B","C","1","Caja"
"3/9/2026 3:12 PM","USBFDR3028 3/4 MBLE INF LVP 2 PUERTAS REMOVIBLE CARB2","A","BASE","732","594.6",,"2","0","0","0",,,"0.45","15",,"0","LxL{-30}LyL AxP{-15}PyA",,"60659","B","C","1","Caja"
"3/9/2026 3:10 PM","HRJ USBFDR3028 3/4 MBLE INF LVP 2 PUERTAS REMOVIBLE CARB2","K","BACKING","605.45","746",,"0","0","0","0",,,"0","6",,"0","LxA{-124,8}AyL AxL{-16}LyA",,"60658","F","X","1",
"3/9/2026 3:10 PM","HRJ USBFDR3028 3/4 MBLE INF LVP 2 PUERTAS REMOVIBLE CARB2","J","DOOR L","727.05","377.8",,"2","2","0","0",,,"1","18",,"0","LxA{-3,2}AyL AxL[0,4958]LyA",,"60657","C","C","1","Frente"
"3/9/2026 3:10 PM","HRJ USBFDR3028 3/4 MBLE INF LVP 2 PUERTAS REMOVIBLE CARB2","I","DOOR R","727.05","377.8",,"2","2","0","0",,,"1","18",,"0","LxA{-3,2}AyL AxL[0,4958]LyA",,"60656","C","C","1","Frente"
"3/9/2026 3:10 PM","HRJ USBFDR3028 3/4 MBLE INF LVP 2 PUERTAS REMOVIBLE CARB2","H","RAIL TRAS","732","120.75",,"0","0","2","0",,,"0.45","15",,"0","LxL{-30}LyL",,"60655","P","P","1","Caja"
"3/9/2026 3:10 PM","HRJ USBFDR3028 3/4 MBLE INF LVP 2 PUERTAS REMOVIBLE CARB2","G","RAIL TRAS","732","80",,"0","0","2","0",,,"0.45","15",,"0","LxL{-30}LyL",,"60654","P","P","1","Caja"
"3/9/2026 3:10 PM","HRJ USBFDR3028 3/4 MBLE INF LVP 2 PUERTAS REMOVIBLE CARB2","F","RAIL TRAS","732","80",,"0","0","2","0",,,"0.45","15",,"0","LxL{-30}LyL",,"60653","P","P","1","Caja"
"3/9/2026 3:10 PM","HRJ USBFDR3028 3/4 MBLE INF LVP 2 PUERTAS REMOVIBLE CARB2","E","RAIL DEL","732","80",,"2","0","0","0",,,"0.45","15",,"0","LxL{-30}LyL","ENCHAPE COLOR","60652","P","C","1","Caja"
"3/9/2026 3:09 PM","HRJ USBFDR3028 3/4 MBLE INF LVP 2 PUERTAS REMOVIBLE CARB2","D","RAIL DEL","732","140",,"2","0","0","0",,,"0.45","15",,"0","LxL{-30}LyL",,"60651","B","C","1","Caja"
"3/9/2026 3:09 PM","HRJ USBFDR3028 3/4 MBLE INF LVP 2 PUERTAS REMOVIBLE CARB2","C","SIDE L - EN CNC","762","609.6",,"2","2","0","0",,,"0.45","15",,"0","AxP{0}PyA",,"60650","B","C","1","Caja"
"3/9/2026 3:09 PM","HRJ USBFDR3028 3/4 MBLE INF LVP 2 PUERTAS REMOVIBLE CARB2","B","SIDE R - EN CNC","762","609.6",,"2","2","0","0",,,"0.45","15",,"0","AxP{0}PyA",,"60649","B","C","1","Caja"
"3/9/2026 3:09 PM","HRJ USBFDR3028 3/4 MBLE INF LVP 2 PUERTAS REMOVIBLE CARB2","A","BASE","732","594.6",,"2","0","0","0",,,"0.45","15",,"0","LxL{-30}LyL AxP{-15}PyA",,"60648","B","C","1","Caja"
"3/9/2026 3:04 PM","UDV1528 3/4-1S-F9 MBLE INF BAÑO 3 GAVETAS 1 PEQUEÑA CARB2","R","BACKING","728.25","365",,"0","0","0","0",,,"0","9",,"0","LxA{-2}AyL AxL{-16}LyA",,"60647","F","X","1",
"3/9/2026 3:04 PM","UDV1528 3/4-1S-F9 MBLE INF BAÑO 3 GAVETAS 1 PEQUEÑA CARB2","Q","FRENTE GAVETA INF","290.5","377.8",,"2","2","0","0",,,"1","18",,"0","LxA[0,397808]AyL AxL{-3,2}LyA",,"60646","C","C","1","Frente"
"3/9/2026 3:04 PM","UDV1528 3/4-1S-F9 MBLE INF BAÑO 3 GAVETAS 1 PEQUEÑA CARB2","P","FRENTE GAVETA CENTRAL","290.5","377.8",,"2","2","0","0",,,"1","18",,"0","LxA[0,397808]AyL AxL{-3,2}LyA",,"60645","C","C","1","Frente"
"3/9/2026 3:04 PM","UDV1528 3/4-1S-F9 MBLE INF BAÑO 3 GAVETAS 1 PEQUEÑA CARB2","O","FRENTE GAVETA SUP","139.7","377.8",,"2","2","0","0",,,"1","18",,"0","AxL{-3,2}LyA",,"60644","C","C","1","Frente"
"3/9/2026 3:04 PM","UDV1528 3/4-1S-F9 MBLE INF BAÑO 3 GAVETAS 1 PEQUEÑA CARB2","N","TRASERO CAJON INF","264","183",,"0","0","1","0",,,"0.45","15",,"0","LxL{-117}LyL",,"60643","P","P","1","Caja"
"3/9/2026 3:04 PM","UDV1528 3/4-1S-F9 MBLE INF BAÑO 3 GAVETAS 1 PEQUEÑA CARB2","M","TRASERO CAJON CENTRAL","264","183",,"0","0","1","0",,,"0.45","15",,"0","LxL{-117}LyL",,"60642","P","P","1","Caja"
"3/9/2026 3:04 PM","UDV1528 3/4-1S-F9 MBLE INF BAÑO 3 GAVETAS 1 PEQUEÑA CARB2","L","TRASERO CAJON SUP","264","68",,"0","0","1","0",,,"0.45","15",,"0","LxL{-117}LyL",,"60641","P","P","1","Caja"
"3/9/2026 3:04 PM","UDV1528 3/4-1S-F9 MBLE INF BAÑO 3 GAVETAS 1 PEQUEÑA CARB2","K","FONDO GAVETA INF","276","441",,"0","0","2","0",,,"0.45","15",,"0","LxL{-105}LyL",,"60640","P","P","1","Caja"
"3/9/2026 3:04 PM","UDV1528 3/4-1S-F9 MBLE INF BAÑO 3 GAVETAS 1 PEQUEÑA CARB2","J","FONDO GAVETA CENTRAL","276","441",,"0","0","2","0",,,"0.45","15",,"0","LxL{-105}LyL",,"60639","P","P","1","Caja"
"3/9/2026 3:04 PM","UDV1528 3/4-1S-F9 MBLE INF BAÑO 3 GAVETAS 1 PEQUEÑA CARB2","I","FONDO GAVETA SUP","276","441",,"0","0","2","0",,,"0.45","15",,"0","LxL{-105}LyL",,"60638","P","P","1","Caja"
"3/9/2026 3:04 PM","UDV1528 3/4-1S-F9 MBLE INF BAÑO 3 GAVETAS 1 PEQUEÑA CARB2","H","RAIL TRASERO","351","80",,"0","0","2","0",,,"0.45","15",,"0","LxL{-30}LyL",,"60637","P","P","1","Caja"
"3/9/2026 3:04 PM","UDV1528 3/4-1S-F9 MBLE INF BAÑO 3 GAVETAS 1 PEQUEÑA CARB2","G","RAIL TRASERO","351","80",,"0","0","2","0",,,"0.45","15",,"0","LxL{-30}LyL",,"60636","P","P","1","Caja"
"3/9/2026 3:04 PM","UDV1528 3/4-1S-F9 MBLE INF BAÑO 3 GAVETAS 1 PEQUEÑA CARB2","F","RAIL DELANTERO","351","80",,"2","0","0","0",,,"0.45","15",,"0","LxL{-30}LyL",,"60635","P","C","1","Caja"
"3/9/2026 3:04 PM","UDV1528 3/4-1S-F9 MBLE INF BAÑO 3 GAVETAS 1 PEQUEÑA CARB2","E","RAIL DELANTERO","351","80",,"2","0","0","0",,,"0.45","15",,"0","LxL{-30}LyL",,"60634","P","C","1","Caja"
"3/9/2026 3:04 PM","UDV1528 3/4-1S-F9 MBLE INF BAÑO 3 GAVETAS 1 PEQUEÑA CARB2","D","RAIL DELANTERO","351","80",,"2","0","0","0",,,"0.45","15",,"0","LxL{-30}LyL",,"60633","P","C","1","Caja"
"3/9/2026 3:04 PM","UDV1528 3/4-1S-F9 MBLE INF BAÑO 3 GAVETAS 1 PEQUEÑA CARB2","C","SIDE L - R17L","730.25","533.4",,"2","2","0","0",,,"0.45","15",,"0","LxA{0}AyL AxP{0}PyA",,"60632","B","C","1","Caja"
"3/9/2026 3:04 PM","UDV1528 3/4-1S-F9 MBLE INF BAÑO 3 GAVETAS 1 PEQUEÑA CARB2","B","SIDE R - R17L","730.25","533.4",,"2","2","0","0",,,"0.45","15",,"0","LxA{0}AyL AxP{0}PyA",,"60631","B","C","1","Caja"
"3/9/2026 3:04 PM","UDV1528 3/4-1S-F9 MBLE INF BAÑO 3 GAVETAS 1 PEQUEÑA CARB2","A","BASE","351","506.4",,"2","0","0","0",,,"0.45","15",,"0","LxL{-30}LyL AxP{-27}PyA",,"60630","B","C","1","Caja"
"3/9/2026 3:00 PM","UDV1528 3/4-1S MBLE INF BAÑO 3 GAVETAS 1 PEQUEÑA CARB2","R","BACKING","728.25","365",,"0","0","0","0",,,"0","6",,"0","LxA{-2}AyL AxL{-16}LyA",,"60629","F","X","1",
"3/9/2026 3:00 PM","UDV1528 3/4-1S MBLE INF BAÑO 3 GAVETAS 1 PEQUEÑA CARB2","Q","FRENTE GAV INF","290.5","377.8",,"2","2","0","0",,,"1","18",,"0","LxA[0,397808]AyL AxL{-3,2}LyA",,"60628","C","C","1","Frente"
"3/9/2026 3:00 PM","UDV1528 3/4-1S MBLE INF BAÑO 3 GAVETAS 1 PEQUEÑA CARB2","P","FRENTE GAV CENTRAL","290.5","377.8",,"2","2","0","0",,,"1","18",,"0","LxA[0,397808]AyL AxL{-3,2}LyA",,"60627","C","C","1","Frente"
"3/9/2026 3:00 PM","UDV1528 3/4-1S MBLE INF BAÑO 3 GAVETAS 1 PEQUEÑA CARB2","O","FRENTE GAV SUP","139.7","377.8",,"2","2","0","0",,,"1","18",,"0","AxL{-3,2}LyA",,"60626","C","C","1","Frente"
"3/9/2026 3:00 PM","UDV1528 3/4-1S MBLE INF BAÑO 3 GAVETAS 1 PEQUEÑA CARB2","N","TRASERO CAJON INF","264","183",,"0","0","1","0",,,"0.45","15",,"0","LxL{-117}LyL",,"60625","P","P","1","Caja"
"3/9/2026 3:00 PM","UDV1528 3/4-1S MBLE INF BAÑO 3 GAVETAS 1 PEQUEÑA CARB2","M","TRASERO CAJON CENTRAL","264","183",,"0","0","1","0",,,"0.45","15",,"0","LxL{-117}LyL",,"60624","P","P","1","Caja"
"3/9/2026 3:00 PM","UDV1528 3/4-1S MBLE INF BAÑO 3 GAVETAS 1 PEQUEÑA CARB2","K","FONDO GAV INF","276","441",,"0","0","2","0",,,"0.45","15",,"0","LxL{-105}LyL",,"60622","P","P","1","Caja"
"3/9/2026 3:00 PM","UDV1528 3/4-1S MBLE INF BAÑO 3 GAVETAS 1 PEQUEÑA CARB2","L","TRASERO CAJON SUP","264","68",,"0","0","1","0",,,"0.45","15",,"0","LxL{-117}LyL",,"60623","P","P","1","Caja"
"3/9/2026 3:00 PM","UDV1528 3/4-1S MBLE INF BAÑO 3 GAVETAS 1 PEQUEÑA CARB2","J","FONDO GAV CENTRAL","276","441",,"0","0","2","0",,,"0.45","15",,"0","LxL{-105}LyL",,"60621","P","P","1","Caja"
"3/9/2026 3:00 PM","UDV1528 3/4-1S MBLE INF BAÑO 3 GAVETAS 1 PEQUEÑA CARB2","I","FONDO GAV SUP","276","441",,"0","0","2","0",,,"0.45","15",,"0","LxL{-105}LyL",,"60620","P","P","1","Caja"
"3/9/2026 3:00 PM","UDV1528 3/4-1S MBLE INF BAÑO 3 GAVETAS 1 PEQUEÑA CARB2","H","RAIL TRAS","351","80",,"0","0","2","0",,,"0.45","15",,"0","LxL{-30}LyL",,"60619","P","P","1","Caja"
"3/9/2026 3:00 PM","UDV1528 3/4-1S MBLE INF BAÑO 3 GAVETAS 1 PEQUEÑA CARB2","G","RAIL TRAS","351","80",,"0","0","2","0",,,"0.45","15",,"0","LxL{-30}LyL",,"60618","P","P","1","Caja"
"3/9/2026 3:00 PM","UDV1528 3/4-1S MBLE INF BAÑO 3 GAVETAS 1 PEQUEÑA CARB2","F","RAIL DEL","351","80",,"2","0","0","0",,,"0.45","15",,"0","LxL{-30}LyL",,"60617","P","C","1","Caja"
"3/9/2026 3:00 PM","UDV1528 3/4-1S MBLE INF BAÑO 3 GAVETAS 1 PEQUEÑA CARB2","E","RAIL DEL","351","80",,"2","0","0","0",,,"0.45","15",,"0","LxL{-30}LyL",,"60616","P","C","1","Caja"
"3/9/2026 3:00 PM","UDV1528 3/4-1S MBLE INF BAÑO 3 GAVETAS 1 PEQUEÑA CARB2","D","RAIL DEL","351","80",,"2","0","0","0",,,"0.45","15",,"0","LxL{-30}LyL",,"60615","P","C","1","Caja"
"3/9/2026 3:00 PM","UDV1528 3/4-1S MBLE INF BAÑO 3 GAVETAS 1 PEQUEÑA CARB2","C","SIDE L - R17L","730.25","533.4",,"2","2","0","0",,,"0.45","15",,"0","LxA{0}AyL AxP{0}PyA",,"60614","B","C","1","Caja"
"3/9/2026 3:00 PM","UDV1528 3/4-1S MBLE INF BAÑO 3 GAVETAS 1 PEQUEÑA CARB2","B","SIDE R - R17L","730.25","533.4",,"2","2","0","0",,,"0.45","15",,"0","LxA{0}AyL AxP{0}PyA",,"60613","B","C","1","Caja"
"3/9/2026 3:00 PM","UDV1528 3/4-1S MBLE INF BAÑO 3 GAVETAS 1 PEQUEÑA CARB2","A","BASE","351","509.4",,"2","0","0","0",,,"0.45","15",,"0","LxL{-30}LyL AxP{-24}PyA",,"60612","B","C","1","Caja"
"3/9/2026 2:58 PM","HRJ UDV1528 3/4-1S MBLE INF BAÑO 3 GAVETAS 1 PEQUEÑA CARB2","R","BACKING","728.25","365",,"0","0","0","0",,,"0","6",,"0","LxA{-2}AyL AxL{-16}LyA",,"60611","F","X","1",
"3/9/2026 2:58 PM","HRJ UDV1528 3/4-1S MBLE INF BAÑO 3 GAVETAS 1 PEQUEÑA CARB2","Q","FRENTE GAV INF","290.5","377.8",,"2","2","0","0",,,"1","18",,"0","LxA[0,397808]AyL AxL{-3,2}LyA",,"60610","C","C","1","Frente"
"3/9/2026 2:58 PM","HRJ UDV1528 3/4-1S MBLE INF BAÑO 3 GAVETAS 1 PEQUEÑA CARB2","P","FRENTE GAV CENTRAL","290.5","377.8",,"2","2","0","0",,,"1","18",,"0","LxA[0,397808]AyL AxL{-3,2}LyA",,"60609","C","C","1","Frente"
"3/9/2026 2:58 PM","HRJ UDV1528 3/4-1S MBLE INF BAÑO 3 GAVETAS 1 PEQUEÑA CARB2","O","FRENTE GAV SUP","139.7","377.8",,"2","2","0","0",,,"1","18",,"0","AxL{-3,2}LyA",,"60608","C","C","1","Frente"
"3/9/2026 2:58 PM","HRJ UDV1528 3/4-1S MBLE INF BAÑO 3 GAVETAS 1 PEQUEÑA CARB2","N","TRASERO CAJON INF","264","183",,"0","0","1","0",,,"0.45","15",,"0","LxL{-117}LyL",,"60607","P","P","1","Caja"
"3/9/2026 2:58 PM","HRJ UDV1528 3/4-1S MBLE INF BAÑO 3 GAVETAS 1 PEQUEÑA CARB2","M","TRASERO CAJON CENTRAL","264","183",,"0","0","1","0",,,"0.45","15",,"0","LxL{-117}LyL",,"60606","P","P","1","Caja"
"3/9/2026 2:58 PM","HRJ UDV1528 3/4-1S MBLE INF BAÑO 3 GAVETAS 1 PEQUEÑA CARB2","L","TRASERO CAJON SUP","264","68",,"0","0","1","0",,,"0.45","15",,"0","LxL{-117}LyL",,"60605","P","P","1","Caja"
"3/9/2026 2:58 PM","HRJ UDV1528 3/4-1S MBLE INF BAÑO 3 GAVETAS 1 PEQUEÑA CARB2","K","FONDO GAV INF","276","441",,"0","0","2","0",,,"0.45","15",,"0","LxL{-105}LyL",,"60604","P","P","1","Caja"
"3/9/2026 2:58 PM","HRJ UDV1528 3/4-1S MBLE INF BAÑO 3 GAVETAS 1 PEQUEÑA CARB2","J","FONDO GAV CENTRAL","276","441",,"0","0","2","0",,,"0.45","15",,"0","LxL{-105}LyL",,"60603","P","P","1","Caja"
"3/9/2026 2:58 PM","HRJ UDV1528 3/4-1S MBLE INF BAÑO 3 GAVETAS 1 PEQUEÑA CARB2","I","FONDO GAV SUP","276","441",,"0","0","2","0",,,"0.45","15",,"0","LxL{-105}LyL",,"60602","P","P","1","Caja"
"3/9/2026 2:58 PM","HRJ UDV1528 3/4-1S MBLE INF BAÑO 3 GAVETAS 1 PEQUEÑA CARB2","H","RAIL TRAS","351","80",,"0","0","2","0",,,"0.45","15",,"0","LxL{-30}LyL",,"60601","P","P","1","Caja"
"3/9/2026 2:58 PM","HRJ UDV1528 3/4-1S MBLE INF BAÑO 3 GAVETAS 1 PEQUEÑA CARB2","G","RAIL TRAS","351","80",,"0","0","2","0",,,"0.45","15",,"0","LxL{-30}LyL",,"60600","P","P","1","Caja"
"3/9/2026 2:58 PM","HRJ UDV1528 3/4-1S MBLE INF BAÑO 3 GAVETAS 1 PEQUEÑA CARB2","F","RAIL DEL","351","80",,"2","0","0","0",,,"0.45","15",,"0","LxL{-30}LyL",,"60599","P","C","1","Caja"
"3/9/2026 2:58 PM","HRJ UDV1528 3/4-1S MBLE INF BAÑO 3 GAVETAS 1 PEQUEÑA CARB2","E","RAIL DEL","351","80",,"2","0","0","0",,,"0.45","15",,"0","LxL{-30}LyL",,"60598","P","C","1","Caja"
"3/9/2026 2:58 PM","HRJ UDV1528 3/4-1S MBLE INF BAÑO 3 GAVETAS 1 PEQUEÑA CARB2","D","RAIL DEL","351","80",,"2","0","0","0",,,"0.45","15",,"0","LxL{-30}LyL",,"60597","P","C","1","Caja"
"3/9/2026 2:58 PM","HRJ UDV1528 3/4-1S MBLE INF BAÑO 3 GAVETAS 1 PEQUEÑA CARB2","C","SIDE L - R17L","730.25","533.4",,"2","2","0","0",,,"0.45","15",,"0","LxA{0}AyL AxP{0}PyA",,"60596","B","C","1","Caja"
"3/9/2026 2:58 PM","HRJ UDV1528 3/4-1S MBLE INF BAÑO 3 GAVETAS 1 PEQUEÑA CARB2","B","SIDE R - R17L","730.25","533.4",,"2","2","0","0",,,"0.45","15",,"0","LxA{0}AyL AxP{0}PyA",,"60595","B","C","1","Caja"
"3/9/2026 2:58 PM","HRJ UDV1528 3/4-1S MBLE INF BAÑO 3 GAVETAS 1 PEQUEÑA CARB2","A","BASE","351","509.4",,"2","0","0","0",,,"0.45","15",,"0","LxL{-30}LyL AxP{-24}PyA",,"60594","B","C","1","Caja"
"3/9/2026 2:51 PM","UDV1228 3/4-1S MBLE INF BAÑO 3 GAVETAS 1 PEQUEÑA CARB2","R","BACKING","728.25","288.8",,"0","0","0","0",,,"0","6",,"0","LxA{-2}AyL AxL{-16}LyA",,"60593","F","X","1",
"3/9/2026 2:51 PM","UDV1228 3/4-1S MBLE INF BAÑO 3 GAVETAS 1 PEQUEÑA CARB2","Q","FRENTE GAVETA INF","290.5","301.6",,"2","2","0","0",,,"1","18",,"0","LxA[0,397808]AyL AxL{-3,2}LyA",,"60592","C","C","1","Frente"
"3/9/2026 2:51 PM","UDV1228 3/4-1S MBLE INF BAÑO 3 GAVETAS 1 PEQUEÑA CARB2","P","FRENTE GAVETA CENTRAL","290.5","301.6",,"2","2","0","0",,,"1","18",,"0","LxA[0,397808]AyL AxL{-3,2}LyA",,"60591","C","C","1","Frente"
"3/9/2026 2:51 PM","UDV1228 3/4-1S MBLE INF BAÑO 3 GAVETAS 1 PEQUEÑA CARB2","O","FRENTE GAVETA SUP","139.7","301.6",,"2","2","0","0",,,"1","18",,"0","AxL{-3,2}LyA",,"60590","C","C","1","Frente"
"3/9/2026 2:51 PM","UDV1228 3/4-1S MBLE INF BAÑO 3 GAVETAS 1 PEQUEÑA CARB2","N","TRASERO CAJON INF","187.8","183",,"0","0","1","0",,,"0.45","15",,"0","LxL{-117}LyL",,"60589","P","P","1","Caja"
"3/9/2026 2:51 PM","UDV1228 3/4-1S MBLE INF BAÑO 3 GAVETAS 1 PEQUEÑA CARB2","M","TRASERO CAJON CENTRAL","187.8","183",,"0","0","1","0",,,"0.45","15",,"0","LxL{-117}LyL",,"60588","P","P","1","Caja"
"3/9/2026 2:51 PM","UDV1228 3/4-1S MBLE INF BAÑO 3 GAVETAS 1 PEQUEÑA CARB2","L","TRASERO CAJON SUP","187.8","68",,"0","0","1","0",,,"0.45","15",,"0","LxL{-117}LyL",,"60587","P","P","1","Caja"
"3/9/2026 2:51 PM","UDV1228 3/4-1S MBLE INF BAÑO 3 GAVETAS 1 PEQUEÑA CARB2","K","FONDO GAV INF","199.8","441",,"0","0","2","0",,,"0.45","15",,"0","LxL{-105}LyL",,"60586","P","P","1","Caja"
"3/9/2026 2:51 PM","UDV1228 3/4-1S MBLE INF BAÑO 3 GAVETAS 1 PEQUEÑA CARB2","J","FONDO GAV CENTRAL","199.8","441",,"0","0","2","0",,,"0.45","15",,"0","LxL{-105}LyL",,"60585","P","P","1","Caja"
"3/9/2026 2:51 PM","UDV1228 3/4-1S MBLE INF BAÑO 3 GAVETAS 1 PEQUEÑA CARB2","I","FONDO GAV SUP","199.8","441",,"0","0","2","0",,,"0.45","15",,"0","LxL{-105}LyL",,"60584","P","P","1","Caja"
"3/9/2026 2:51 PM","UDV1228 3/4-1S MBLE INF BAÑO 3 GAVETAS 1 PEQUEÑA CARB2","H","RAIL TRAS","274.8","80",,"0","0","2","0",,,"0.45","15",,"0","LxL{-30}LyL",,"60583","P","P","1","Caja"
"3/9/2026 2:51 PM","UDV1228 3/4-1S MBLE INF BAÑO 3 GAVETAS 1 PEQUEÑA CARB2","G","RAIL TRAS","274.8","80",,"0","0","2","0",,,"0.45","15",,"0","LxL{-30}LyL",,"60582","P","P","1","Caja"
"3/9/2026 2:51 PM","UDV1228 3/4-1S MBLE INF BAÑO 3 GAVETAS 1 PEQUEÑA CARB2","F","RAIL DEL","274.8","80",,"2","0","0","0",,,"0.45","15",,"0","LxL{-30}LyL",,"60581","P","C","1","Caja"
"3/9/2026 2:51 PM","UDV1228 3/4-1S MBLE INF BAÑO 3 GAVETAS 1 PEQUEÑA CARB2","E","RAIL DEL","274.8","80",,"2","0","0","0",,,"0.45","15",,"0","LxL{-30}LyL",,"60580","P","C","1","Caja"
"3/9/2026 2:51 PM","UDV1228 3/4-1S MBLE INF BAÑO 3 GAVETAS 1 PEQUEÑA CARB2","D","RAIL DEL","274.8","80",,"2","0","0","0",,,"0.45","15",,"0","LxL{-30}LyL",,"60579","P","C","1","Caja"
"3/9/2026 2:51 PM","UDV1228 3/4-1S MBLE INF BAÑO 3 GAVETAS 1 PEQUEÑA CARB2","C","SIDE L - R17L","730.25","533.4",,"2","2","0","0",,,"0.45","15",,"0","LxA{0}AyL AxP{0}PyA",,"60578","B","C","1","Caja"
"3/9/2026 2:51 PM","UDV1228 3/4-1S MBLE INF BAÑO 3 GAVETAS 1 PEQUEÑA CARB2","B","SIDE R - R17L","730.25","533.4",,"2","2","0","0",,,"0.45","15",,"0","LxA{0}AyL AxP{0}PyA",,"60577","B","C","1","Caja"
"3/9/2026 2:51 PM","UDV1228 3/4-1S MBLE INF BAÑO 3 GAVETAS 1 PEQUEÑA CARB2","A","BASE","274.8","509.4",,"2","0","0","0",,,"0.45","15",,"0","LxL{-30}LyL AxP{-24}PyA",,"60576","B","C","1","Caja"
"3/9/2026 2:47 PM","HRJ UDV1228 3/4-1S MBLE INF BAÑO 3 GAVETAS 1 PEQUEÑA CARB2","R","BACKING","728.25","288.8",,"0","0","0","0",,,"0","6",,"0","LxA{-2}AyL AxL{-16}LyA",,"60575","F","X","1",
"3/9/2026 2:47 PM","HRJ UDV1228 3/4-1S MBLE INF BAÑO 3 GAVETAS 1 PEQUEÑA CARB2","Q","FRENTE GAVETA INF","290.5","301.6",,"2","2","0","0",,,"1","18",,"0","LxA[0,397808]AyL AxL{-3,2}LyA",,"60574","C","C","1","Frente"
"3/9/2026 2:47 PM","HRJ UDV1228 3/4-1S MBLE INF BAÑO 3 GAVETAS 1 PEQUEÑA CARB2","P","FRENTE GAVETA CENTRAL","290.5","301.6",,"2","2","0","0",,,"1","18",,"0","LxA[0,397808]AyL AxL{-3,2}LyA",,"60573","C","C","1","Frente"
"3/9/2026 2:47 PM","HRJ UDV1228 3/4-1S MBLE INF BAÑO 3 GAVETAS 1 PEQUEÑA CARB2","O","FRENTE GAVETA SUP","139.7","301.6",,"2","2","0","0",,,"1","18",,"0","AxL{-3,2}LyA",,"60572","C","C","1","Frente"
"3/9/2026 2:47 PM","HRJ UDV1228 3/4-1S MBLE INF BAÑO 3 GAVETAS 1 PEQUEÑA CARB2","N","TRASERO CAJON INF","187.8","183",,"0","0","1","0",,,"0.45","15",,"0","LxL{-117}LyL",,"60571","P","P","1","Caja"
"3/9/2026 2:47 PM","HRJ UDV1228 3/4-1S MBLE INF BAÑO 3 GAVETAS 1 PEQUEÑA CARB2","M","TRASERO CAJON CENTRAL","187.8","183",,"0","0","1","0",,,"0.45","15",,"0","LxL{-117}LyL",,"60570","P","P","1","Caja"
"3/9/2026 2:47 PM","HRJ UDV1228 3/4-1S MBLE INF BAÑO 3 GAVETAS 1 PEQUEÑA CARB2","L","TRASERO CAJON SUP","187.8","68",,"0","0","1","0",,,"0.45","15",,"0","LxL{-117}LyL",,"60569","P","P","1","Caja"
"3/9/2026 2:47 PM","HRJ UDV1228 3/4-1S MBLE INF BAÑO 3 GAVETAS 1 PEQUEÑA CARB2","K","FONDO GAV INF","199.8","441",,"0","0","2","0",,,"0.45","15",,"0","LxL{-105}LyL",,"60568","P","P","1","Caja"
"3/9/2026 2:47 PM","HRJ UDV1228 3/4-1S MBLE INF BAÑO 3 GAVETAS 1 PEQUEÑA CARB2","J","FONDO GAV CENTRAL","199.8","441",,"0","0","2","0",,,"0.45","15",,"0","LxL{-105}LyL",,"60567","P","P","1","Caja"
"3/9/2026 2:47 PM","HRJ UDV1228 3/4-1S MBLE INF BAÑO 3 GAVETAS 1 PEQUEÑA CARB2","I","FONDO GAV SUP","199.8","441",,"0","0","2","0",,,"0.45","15",,"0","LxL{-105}LyL",,"60566","P","P","1","Caja"
"3/9/2026 2:47 PM","HRJ UDV1228 3/4-1S MBLE INF BAÑO 3 GAVETAS 1 PEQUEÑA CARB2","H","RAIL TRAS","274.8","80",,"0","0","2","0",,,"0.45","15",,"0","LxL{-30}LyL",,"60565","P","P","1","Caja"
"3/9/2026 2:47 PM","HRJ UDV1228 3/4-1S MBLE INF BAÑO 3 GAVETAS 1 PEQUEÑA CARB2","G","RAIL TRAS","274.8","80",,"0","0","2","0",,,"0.45","15",,"0","LxL{-30}LyL",,"60564","P","P","1","Caja"
"3/9/2026 2:47 PM","HRJ UDV1228 3/4-1S MBLE INF BAÑO 3 GAVETAS 1 PEQUEÑA CARB2","F","RAIL DEL","274.8","80",,"2","0","0","0",,,"0.45","15",,"0","LxL{-30}LyL",,"60563","P","C","1","Caja"
"3/9/2026 2:47 PM","HRJ UDV1228 3/4-1S MBLE INF BAÑO 3 GAVETAS 1 PEQUEÑA CARB2","E","RAIL DEL","274.8","80",,"2","0","0","0",,,"0.45","15",,"0","LxL{-30}LyL",,"60562","P","C","1","Caja"
"3/9/2026 2:47 PM","HRJ UDV1228 3/4-1S MBLE INF BAÑO 3 GAVETAS 1 PEQUEÑA CARB2","D","RAIL DEL","274.8","80",,"2","0","0","0",,,"0.45","15",,"0","LxL{-30}LyL",,"60561","P","C","1","Caja"
"3/9/2026 2:47 PM","HRJ UDV1228 3/4-1S MBLE INF BAÑO 3 GAVETAS 1 PEQUEÑA CARB2","C","SIDE L - R17L","730.25","533.4",,"2","2","0","0",,,"0.45","15",,"0","LxA{0}AyL AxP{0}PyA",,"60560","B","C","1","Caja"
"3/9/2026 2:47 PM","HRJ UDV1228 3/4-1S MBLE INF BAÑO 3 GAVETAS 1 PEQUEÑA CARB2","B","SIDE R - R17L","730.25","533.4",,"2","2","0","0",,,"0.45","15",,"0","LxA{0}AyL AxP{0}PyA",,"60559","B","C","1","Caja"
"3/9/2026 2:47 PM","HRJ UDV1228 3/4-1S MBLE INF BAÑO 3 GAVETAS 1 PEQUEÑA CARB2","A","BASE","274.8","509.4",,"2","0","0","0",,,"0.45","15",,"0","LxL{-30}LyL AxP{-24}PyA",,"60558","B","C","1","Caja"
"3/9/2026 2:39 PM","UDB1228 3/4-1S MBLE INF COC 3 GAVETAS 1 PEQUEÑA CARB2","R","BACKING","728.25","288.8",,"0","0","0","0",,,"0","6",,"0","LxA{-2}AyL AxL{-16}LyA",,"60557","F","X","1",
"3/9/2026 2:39 PM","UDB1228 3/4-1S MBLE INF COC 3 GAVETAS 1 PEQUEÑA CARB2","Q","FRENTE GAVETA INF","290.5","301.6",,"2","2","0","0",,,"1","18",,"0","LxA[0,397808]AyL AxL{-3,2}LyA",,"60556","C","C","1","Frente"
"3/9/2026 2:39 PM","UDB1228 3/4-1S MBLE INF COC 3 GAVETAS 1 PEQUEÑA CARB2","P","FRENTE GAVETA CENTRAL","290.5","301.6",,"2","2","0","0",,,"1","18",,"0","LxA[0,397808]AyL AxL{-3,2}LyA",,"60555","C","C","1","Frente"
"3/9/2026 2:39 PM","UDB1228 3/4-1S MBLE INF COC 3 GAVETAS 1 PEQUEÑA CARB2","O","FRENTE GAVETA SUP","139.7","301.6",,"2","2","0","0",,,"1","18",,"0","AxL{-3,2}LyA",,"60554","C","C","1","Frente"
"3/9/2026 2:39 PM","UDB1228 3/4-1S MBLE INF COC 3 GAVETAS 1 PEQUEÑA CARB2","N","TRASERO CAJON INF","187.8","183",,"0","0","1","0",,,"0.45","15",,"0","LxL{-117}LyL",,"60553","P","P","1","Caja"
"3/9/2026 2:39 PM","UDB1228 3/4-1S MBLE INF COC 3 GAVETAS 1 PEQUEÑA CARB2","L","TRAS CAJON SUP","187.8","68",,"0","0","1","0",,,"0.45","15",,"0","LxL{-117}LyL",,"60551","P","P","1","Caja"
"3/9/2026 2:39 PM","UDB1228 3/4-1S MBLE INF COC 3 GAVETAS 1 PEQUEÑA CARB2","M","TRAS CAJON CENTRAL","187.8","183",,"0","0","1","0",,,"0.45","15",,"0","LxL{-117}LyL",,"60552","P","P","1","Caja"
"3/9/2026 2:39 PM","UDB1228 3/4-1S MBLE INF COC 3 GAVETAS 1 PEQUEÑA CARB2","K","FONDO GAV INF","199.8","492",,"0","0","2","0",,,"0.45","15",,"0","LxL{-105}LyL",,"60550","P","P","1","Caja"
"3/9/2026 2:39 PM","UDB1228 3/4-1S MBLE INF COC 3 GAVETAS 1 PEQUEÑA CARB2","J","FONDO GAV CENTRAL","199.8","492",,"0","0","2","0",,,"0.45","15",,"0","LxL{-105}LyL",,"60549","P","P","1","Caja"
"3/9/2026 2:39 PM","UDB1228 3/4-1S MBLE INF COC 3 GAVETAS 1 PEQUEÑA CARB2","I","FONDO GAV SUP","199.8","492",,"0","0","2","0",,,"0.45","15",,"0","LxL{-105}LyL",,"60548","P","P","1","Caja"
"3/9/2026 2:39 PM","UDB1228 3/4-1S MBLE INF COC 3 GAVETAS 1 PEQUEÑA CARB2","H","RAIL TRASERO","274.8","80",,"0","0","2","0",,,"0.45","15",,"0","LxL{-30}LyL",,"60547","P","P","1","Caja"
"3/9/2026 2:39 PM","UDB1228 3/4-1S MBLE INF COC 3 GAVETAS 1 PEQUEÑA CARB2","G","RAIL TRASERO","274.8","80",,"0","0","2","0",,,"0.45","15",,"0","LxL{-30}LyL",,"60546","P","P","1","Caja"
"3/9/2026 2:39 PM","UDB1228 3/4-1S MBLE INF COC 3 GAVETAS 1 PEQUEÑA CARB2","F","RAIL DELANTERO","274.8","80",,"2","0","0","0",,,"0.45","15",,"0","LxL{-30}LyL",,"60545","P","C","1","Caja"
"3/9/2026 2:38 PM","UDB1228 3/4-1S MBLE INF COC 3 GAVETAS 1 PEQUEÑA CARB2","E","RAIL DELANTERO","274.8","80",,"2","0","0","0",,,"0.45","15",,"0","LxL{-30}LyL",,"60544","P","C","1","Caja"
"3/9/2026 2:38 PM","UDB1228 3/4-1S MBLE INF COC 3 GAVETAS 1 PEQUEÑA CARB2","D","RAIL DELANTERO","274.8","80",,"2","0","0","0",,,"0.45","15",,"0","LxL{-30}LyL",,"60543","P","C","1","Caja"
"3/9/2026 2:38 PM","UDB1228 3/4-1S MBLE INF COC 3 GAVETAS 1 PEQUEÑA CARB2","C","SIDE L - R17L","730.25","609.6",,"2","2","0","0",,,"0.45","15",,"0","LxA{0}AyL AxP{0}PyA",,"60542","B","C","1","Caja"
"3/9/2026 2:38 PM","UDB1228 3/4-1S MBLE INF COC 3 GAVETAS 1 PEQUEÑA CARB2","B","SIDE R - R17L","730.25","609.6",,"2","2","0","0",,,"0.45","15",,"0","LxA{0}AyL AxP{0}PyA",,"60541","B","C","1","Caja"
"3/9/2026 2:38 PM","UDB1228 3/4-1S MBLE INF COC 3 GAVETAS 1 PEQUEÑA CARB2","A","BASE","274.8","585.6",,"2","0","0","0",,,"0.45","15",,"0","LxL{-30}LyL AxP{-24}PyA",,"60540","B","C","1","Caja"
"3/9/2026 2:30 PM","UBFDR3028 3/4 MBLE INF COC 2 PUERTAS 1 ENTREPAÑO CARB2","H","RAIL TRASERO","732","120.75",,"2","0","0","0",,,"0.45","15",,"0","LxL{-30}LyL",,"60539","P","P","1","Caja"
"3/9/2026 2:30 PM","UBFDR3028 3/4 MBLE INF COC 2 PUERTAS 1 ENTREPAÑO CARB2","L","BACKING","607.5","746",,"0","0","0","0",,,"0","6",,"0","LxA{-122,75}AyL AxL{-16}LyA",,"60537","F","X","1",
"3/9/2026 2:30 PM","UBFDR3028 3/4 MBLE INF COC 2 PUERTAS 1 ENTREPAÑO CARB2","D","RAIL DELANTERO","732","140",,"2","0","0","0",,,"0.45","15",,"0","LxL{-30}LyL",,"60538","B","C","1","Caja"
"3/9/2026 2:30 PM","UBFDR3028 3/4 MBLE INF COC 2 PUERTAS 1 ENTREPAÑO CARB2","K","DOOR L","727.05","377.8",,"2","2","0","0",,,"1","18",,"0","LxA{-3,2}AyL AxL[0,49580]LyA",,"60536","C","C","1","Frente"
"3/9/2026 2:30 PM","UBFDR3028 3/4 MBLE INF COC 2 PUERTAS 1 ENTREPAÑO CARB2","J","DOOR R","727.05","377.8",,"2","2","0","0",,,"1","18",,"0","LxA{-3,2}AyL AxL[0,49580]LyA",,"60535","C","C","1","Frente"
"3/9/2026 2:30 PM","UBFDR3028 3/4 MBLE INF COC 2 PUERTAS 1 ENTREPAÑO CARB2","I","SHELF 0","731","558.8",,"0","0","2","2",,,"0.45","15",,"0","LxL{-31}LyL",,"60534","P","P","1","Caja"
"3/9/2026 2:30 PM","UBFDR3028 3/4 MBLE INF COC 2 PUERTAS 1 ENTREPAÑO CARB2","G","RAIL TRASERO","732","80",,"0","0","2","0",,,"0.45","15",,"0","LxL{-30}LyL",,"60533","P","P","1","Caja"
"3/9/2026 2:30 PM","UBFDR3028 3/4 MBLE INF COC 2 PUERTAS 1 ENTREPAÑO CARB2","F","RAIL TRASERO","732","80",,"0","0","2","0",,,"0.45","15",,"0","LxL{-30}LyL",,"60532","P","P","1","Caja"
"3/9/2026 2:30 PM","UBFDR3028 3/4 MBLE INF COC 2 PUERTAS 1 ENTREPAÑO CARB2","E","RAIL DELANTERO","732","80",,"2","0","0","0",,,"0.45","15",,"0","LxL{-30}LyL",,"60531","B","C","1","Caja"
"3/9/2026 2:30 PM","UBFDR3028 3/4 MBLE INF COC 2 PUERTAS 1 ENTREPAÑO CARB2","C","SIDE L - EN CNC","762","609.6",,"2","2","0","0",,,"0.45","15",,"0","AxP{0}PyA",,"60530","B","C","1","Caja"
"3/9/2026 2:30 PM","UBFDR3028 3/4 MBLE INF COC 2 PUERTAS 1 ENTREPAÑO CARB2","B","SIDE R - EN CNC","762","609.6",,"2","2","0","0",,,"0.45","15",,"0","AxP{0}PyA",,"60529","B","C","1","Caja"
"3/9/2026 2:30 PM","UBFDR3028 3/4 MBLE INF COC 2 PUERTAS 1 ENTREPAÑO CARB2","A","BASE","732","594.6",,"2",,"0","0",,,"0.45","15",,"0","LxL{-30}LyL AxP{-15}PyA",,"60528","B","C","1","Caja"
"3/9/2026 2:18 PM","UBFD3028 3/4 MBLE INF COC 2 PUERTAS 1 ENTREPAÑO CARB2","J","BACKING","728.25","746",,"0","0","0","0",,,"0","6",,"0","LxA{-2}AyL AxL{-16}LyA",,"60527","F","X","1",
"3/9/2026 2:18 PM","UBFD3028 3/4 MBLE INF COC 2 PUERTAS 1 ENTREPAÑO CARB2","I","DOOR L","727.05","377.8",,"2","2","0","0",,,"1","18",,"0","LxA{-3,2}AyL AxL[0,4958]LyA",,"60526","C","C","1","Frente"
"3/9/2026 2:18 PM","UBFD3028 3/4 MBLE INF COC 2 PUERTAS 1 ENTREPAÑO CARB2","H","DOOR R","727.05","377.8",,"2","2","0","0",,,"1","18",,"0","LxA{-3,2}AyL AxL[0,4958]LyA",,"60525","C","C","1","Frente"
"3/9/2026 2:18 PM","UBFD3028 3/4 MBLE INF COC 2 PUERTAS 1 ENTREPAÑO CARB2","G","SHELF 0","731","558.8",,"0","0","2","2",,,"0.45","15",,"0","LxL{-31}LyL",,"60524","P","P","1","Caja"
"3/9/2026 2:18 PM","UBFD3028 3/4 MBLE INF COC 2 PUERTAS 1 ENTREPAÑO CARB2","F","RAIL TRASERO","732","80",,"0","0","2","0",,,"0.45","15",,"0","LxL{-30}LyL",,"60523","P","P","1","Caja"
"3/9/2026 2:18 PM","UBFD3028 3/4 MBLE INF COC 2 PUERTAS 1 ENTREPAÑO CARB2","E","RAIL TRASERO","732","80",,"0","0","2","0",,,"0.45","15",,"0","LxL{-30}LyL",,"60522","P","P","1","Caja"
"3/9/2026 2:18 PM","UBFD3028 3/4 MBLE INF COC 2 PUERTAS 1 ENTREPAÑO CARB2","D","RAIL DELANTERO","732","80",,"2","0","0","0",,,"0.45","15",,"0","LxL{-30}LyL",,"60521","B","C","1","Caja"
"3/9/2026 2:18 PM","UBFD3028 3/4 MBLE INF COC 2 PUERTAS 1 ENTREPAÑO CARB2","C","SIDE L - R17L","730.25","609.6",,"2","2","0","0",,,"0.45","15",,"0","LxA{0}AyL AxP{0}PyA",,"60520","B","C","1","Caja"
"3/9/2026 2:18 PM","UBFD3028 3/4 MBLE INF COC 2 PUERTAS 1 ENTREPAÑO CARB2","B","SIDE R - R17L","730.25","609.6",,"2","2","0","0",,,"0.45","15",,"0","LxA{0}AyL AxP{0}PyA",,"60519","B","C","1","Caja"
"3/9/2026 2:18 PM","UBFD3028 3/4 MBLE INF COC 2 PUERTAS 1 ENTREPAÑO CARB2","A","BASE","732","585.6",,"2","0","0","0",,,"0.45","15",,"0","LxL{-30}LyL AxP{-24}PyA",,"60518","B","C","1","Caja"
"3/9/2026 1:51 PM","DB12-1S MBLE INF COC 3 GAVETAS 1 PEQUEÑA CARB2","R","BACKING","760","288.8",,"0","0","0","0",,,"0","6",,"0","LxA{-2}AyL AxL{-16}LyA",,"60481","F","X","1",
"3/9/2026 1:51 PM","DB12-1S MBLE INF COC 3 GAVETAS 1 PEQUEÑA CARB2","Q","FRENTE GAVETA INF","300.1","301.6",,"2","2","0","0",,,"1","18",,"0","LxA[0,393832]AyL AxL{-3,2}LyA",,"60480","C","C","1","Frente"
"3/9/2026 1:51 PM","DB12-1S MBLE INF COC 3 GAVETAS 1 PEQUEÑA CARB2","P","FRENTE GAVETA CENTRAL","300.1","301.6",,"2","2","0","0",,,"1","18",,"0","LxA[0,393832]AyL AxL{-3,2}LyA",,"60479","C","C","1","Frente"
"3/9/2026 1:51 PM","DB12-1S MBLE INF COC 3 GAVETAS 1 PEQUEÑA CARB2","O","FRENTE GAVETA SUP","152.4","301.6",,"2","2","0","0",,,"1","18",,"0","AxL{-3,2}LyA",,"60478","C","C","1","Frente"
"3/9/2026 1:51 PM","DB12-1S MBLE INF COC 3 GAVETAS 1 PEQUEÑA CARB2","N","TRASERO CAJON INF","187.8","183",,"0","0","1","0",,,"0.45","15",,"0","LxL{-117}LyL",,"60477","P","P","1","Caja"
"3/9/2026 1:51 PM","DB12-1S MBLE INF COC 3 GAVETAS 1 PEQUEÑA CARB2","M","TRASERO CAJON CENTRAL","187.8","183",,"0","0","1","0",,,"0.45","15",,"0","LxL{-117}LyL",,"60476","P","P","1","Caja"
"3/9/2026 1:51 PM","DB12-1S MBLE INF COC 3 GAVETAS 1 PEQUEÑA CARB2","L","TRASERO CAJON SUP","187.8","68",,"0","0","1","0",,,"0.45","15",,"0","LxL{-117}LyL",,"60475","P","P","1","Caja"
"3/9/2026 1:51 PM","DB12-1S MBLE INF COC 3 GAVETAS 1 PEQUEÑA CARB2","K","FONDO GAVETA INF","199.8","492",,"0","0","2","0",,,"0.45","15",,"0","LxL{-105}LyL",,"60474","P","P","1","Caja"
"3/9/2026 1:51 PM","DB12-1S MBLE INF COC 3 GAVETAS 1 PEQUEÑA CARB2","J","FONDO GAVETA CENTRAL","199.8","492",,"0","0","2","0",,,"0.45","15",,"0","LxL{-105}LyL",,"60473","P","P","1","Caja"
"3/9/2026 1:51 PM","DB12-1S MBLE INF COC 3 GAVETAS 1 PEQUEÑA CARB2","I","FONDO GAVETA SUP","199.8","492",,"0","0","2","0",,,"0.45","15",,"0","LxL{-105}LyL",,"60472","P","P","1","Caja"
"3/9/2026 1:51 PM","DB12-1S MBLE INF COC 3 GAVETAS 1 PEQUEÑA CARB2","H","RAIL TRASERO","274.8","80",,"0","0","2","0",,,"0.45","15",,"0","LxL{-30}LyL",,"60471","P","P","1","Caja"
"3/9/2026 1:51 PM","DB12-1S MBLE INF COC 3 GAVETAS 1 PEQUEÑA CARB2","G","RAIL TRASERO","274.8","80",,"0","0","2","0",,,"0.45","15",,"0","LxL{-30}LyL",,"60470","P","P","1","Caja"
"3/9/2026 1:51 PM","DB12-1S MBLE INF COC 3 GAVETAS 1 PEQUEÑA CARB2","F","RAIL DELANTERO","274.8","80",,"2","0","0","0",,,"0.45","15",,"0","LxL{-30}LyL",,"60469","P","C","1","Caja"
"3/9/2026 1:51 PM","DB12-1S MBLE INF COC 3 GAVETAS 1 PEQUEÑA CARB2","E","RAIL DELANTERO","274.8","80",,"2","0","0","0",,,"0.45","15",,"0","LxL{-30}LyL",,"60468","P","C","1","Caja"
"3/9/2026 1:51 PM","DB12-1S MBLE INF COC 3 GAVETAS 1 PEQUEÑA CARB2","D","RAIL DELANTERO","274.8","80",,"2","0","0","0",,,"0.45","15",,"0","LxL{-30}LyL",,"60467","P","C","1","Caja"
"3/9/2026 1:51 PM","DB12-1S MBLE INF COC 3 GAVETAS 1 PEQUEÑA CARB2","C","SIDE L - R17L762","762","609.6",,"2","2","0","0",,,"0.45","15",,"0","LxA{0}AyL AxP{0}PyA",,"60466","B","C","1","Caja"
"3/9/2026 1:51 PM","DB12-1S MBLE INF COC 3 GAVETAS 1 PEQUEÑA CARB2","B","SIDE R - R17L762","762","609.6",,"2","2","0","0",,,"0.45","15",,"0","LxA{0}AyL AxP{0}PyA",,"60465","B","C","1","Caja"
"3/9/2026 1:51 PM","DB12-1S MBLE INF COC 3 GAVETAS 1 PEQUEÑA CARB2","A","BASE","274.8","585.6",,"2","0","0","0",,,"0.45","15",,"0","LxL{-30}LyL AxP{-24}PyA",,"60464","B","C","1","Caja"
"3/9/2026 1:28 PM","BFD9 MBLE INF COC 1 PUERTA 1 ENTREPAÑO CARB2","I","BACKING","760","212.6",,"0","0","0","0",,,"0","6",,"0","LxA{-2}AyL AxL{-16}LyA",,"60463","F","X","1",
"3/9/2026 1:28 PM","BFD9 MBLE INF COC 1 PUERTA 1 ENTREPAÑO CARB2","H","DOOR R","758.8","225.4",,"2","2","0","0",,,"1","18",,"0","LxA{-3,2}AyL AxL{-3,2}LyA",,"60462","C","C","1","Frente"
"3/9/2026 1:28 PM","BFD9 MBLE INF COC 1 PUERTA 1 ENTREPAÑO CARB2","G","SHLEF","197.6","558.8",,"0","0","2","2",,,"0.45","15",,"0","LxL{-31}LyL",,"60461","P","P","1","Caja"
"3/9/2026 1:28 PM","BFD9 MBLE INF COC 1 PUERTA 1 ENTREPAÑO CARB2","F","RAIL TRAS","198.6","80",,"0","0","2","0",,,"0.45","15",,"0","LxL{-30}LyL",,"60460","P","P","1","Caja"
"3/9/2026 1:28 PM","BFD9 MBLE INF COC 1 PUERTA 1 ENTREPAÑO CARB2","E","RAIL TRAS","198.6","80",,"0","0","2","0",,,"0.45","15",,"0","LxL{-30}LyL",,"60459","P","P","1","Caja"
"3/9/2026 1:28 PM","BFD9 MBLE INF COC 1 PUERTA 1 ENTREPAÑO CARB2","D","RAIL DEL","198.6","80",,"2","0","0","0",,,"0.45","15",,"0","LxL{-30}LyL","ENCHAPE COLOR","60458","P","C","1","Caja"
"3/9/2026 1:28 PM","BFD9 MBLE INF COC 1 PUERTA 1 ENTREPAÑO CARB2","C","SIDE L - R17L","762","609.6",,"2","2","0","0",,,"0.45","15",,"0","LxA{0}AyL AxP{0}PyA",,"60457","B","C","1","Caja"
"3/9/2026 1:28 PM","BFD9 MBLE INF COC 1 PUERTA 1 ENTREPAÑO CARB2","B","SIDE R - R17L","762","609.6",,"2","2","0","0",,,"0.45","15",,"0","LxA{0}AyL AxP{0}PyA",,"60456","B","C","1","Caja"
"3/9/2026 1:28 PM","BFD9 MBLE INF COC 1 PUERTA 1 ENTREPAÑO CARB2","A","BASE","198.6","585.6",,"2","0","0","0",,,"0.45","15",,"0","LxL{-30}LyL AxP{-24}PyA",,"60455","B","C","1","Caja"
"3/3/2026 4:29 PM","BFD30 MBLE INF COC 2 PUERTAS 1 ENTREPAÑO CARB2","J","BACKING","760","746",,"0","0","0","0",,,"0","6",,"0","LxA{-2}AyL AxL{-16}LyA",,"60454","F","X","1",
"3/3/2026 4:28 PM","BFD30 MBLE INF COC 2 PUERTAS 1 ENTREPAÑO CARB2","I","DOOR L","758.8","377.8",,"2","2","0","0",,,"1","18",,"0","LxA{-3,2}AyL AxL[0,4958]LyA",,"60453","C","C","1","Frente"
"3/3/2026 4:28 PM","BFD30 MBLE INF COC 2 PUERTAS 1 ENTREPAÑO CARB2","H","DOOR R","758.8","377.8",,"2","2","0","0",,,"1","18",,"0","LxA{-3,2}AyL AxL[0,4958]LyA",,"60452","C","C","1","Frente"
"3/3/2026 4:28 PM","BFD30 MBLE INF COC 2 PUERTAS 1 ENTREPAÑO CARB2","G","SHELF 0","731","558.8",,"0","0","2","2",,,"0.45","15",,"0","LxL{-31}LyL",,"60451","P","P","1","Caja"
"3/3/2026 4:28 PM","BFD30 MBLE INF COC 2 PUERTAS 1 ENTREPAÑO CARB2","F","RAIL TRASERO","732","80",,"0","0","2","0",,,"0.45","15",,"0","LxL{-30}LyL",,"60450","P","P","1","Caja"
"3/3/2026 4:28 PM","BFD30 MBLE INF COC 2 PUERTAS 1 ENTREPAÑO CARB2","E","RAIL TRASERO","732","80",,"0","0","2","0",,,"0.45","15",,"0","LxL{-30}LyL",,"60449","P","P","1","Caja"
"3/3/2026 4:28 PM","BFD30 MBLE INF COC 2 PUERTAS 1 ENTREPAÑO CARB2","D","RAIL DELANTERO","732","80",,"2","0","0","0",,,"0.45","15",,"0","LxL{-30}LyL",,"60448","B","C","1","Caja"
"3/3/2026 4:28 PM","BFD30 MBLE INF COC 2 PUERTAS 1 ENTREPAÑO CARB2","C","SIDE L - R17L","762","609.6",,"2","2","0","0",,,"0.45","15",,"0","LxA{0}AyL AxP{0}PyA",,"60447","B","C","1","Caja"
"3/3/2026 4:28 PM","BFD30 MBLE INF COC 2 PUERTAS 1 ENTREPAÑO CARB2","B","SIDE R - R17L","762","609.6",,"2","2","0","0",,,"0.45","15",,"0","LxA{0}AyL AxP{0}PyA",,"60446","B","C","1","Caja"
"3/3/2026 4:28 PM","BFD30 MBLE INF COC 2 PUERTAS 1 ENTREPAÑO CARB2","A","BASE","732","585.6",,"2","0","0","0",,,"0.45","15",,"0","LxL{-30}LyL AxP{-24}PyA",,"60445","B","C","1","Caja"
"3/2/2026 5:58 PM","B12-MBB-SHK MBLE INF COC 1 GAVETA 1 PUERTA 1/2 ENTREPAÑO CARB2","P","GAV CENTRO","104.2","208.96",,"0","0","0","0",,,"0","9",,"0","LxA{-657,8}AyL AxL{-95,84}LyA",,"60397","F","X","1","Sin asignar"
"3/2/2026 5:58 PM","B12-MBB-SHK MBLE INF COC 1 GAVETA 1 PUERTA 1/2 ENTREPAÑO CARB2","O","GAV LISTON H","80.6","180.96",,"2","2","0","0",,,"1","18",,"0","AxL{-123,84}LyA",,"60396","C","C","1","Frente"
"3/2/2026 5:58 PM","B12-MBB-SHK MBLE INF COC 1 GAVETA 1 PUERTA 1/2 ENTREPAÑO CARB2","M","DOOR CENTRO","510.56","208.96",,"0","0","0","0",,,"0","9",,"0","LxA{-251,44}AyL AxL{-95,84}LyA",,"60395","F","X","1","Sin asignar"
"3/2/2026 5:58 PM","B12-MBB-SHK MBLE INF COC 1 GAVETA 1 PUERTA 1/2 ENTREPAÑO CARB2","L","DOOR LISTON H","125.04","180.96",,"2","2","0","0",,,"1","18",,"0","AxL{-123,84}LyA",,"60394","C","C","1","Frente"
"3/2/2026 5:58 PM","B12-MBB-SHK MBLE INF COC 1 GAVETA 1 PUERTA 1/2 ENTREPAÑO CARB2","Q","BACKING","760","288.8",,"0","0",,,,,"0","4",,"0","LxA{-2}AyL AxL{-16}LyA",,"60393","FS","X","1",
"3/2/2026 5:58 PM","B12-MBB-SHK MBLE INF COC 1 GAVETA 1 PUERTA 1/2 ENTREPAÑO CARB2","N","GAV LISTON V","152.4","125.04",,"2","0",,,,,"1","18",,"0",,,"60392","C","C","1","Frente"
"3/2/2026 5:58 PM","B12-MBB-SHK MBLE INF COC 1 GAVETA 1 PUERTA 1/2 ENTREPAÑO CARB2","K","DOOR LISTON V","603.2","125.04",,"2","0",,,,,"1","18",,"0","LxA{-158,8}AyL",,"60391","C","C","1","Frente"
"3/2/2026 5:58 PM","B12-MBB-SHK MBLE INF COC 1 GAVETA 1 PUERTA 1/2 ENTREPAÑO CARB2","J","TRAS CAJON","243.05","69.85",,"0","0","1",,,,"0.45","15",,"0","LxL{-61,75}LyL",,"60390","P","P","1","Caja"
"3/2/2026 5:58 PM","B12-MBB-SHK MBLE INF COC 1 GAVETA 1 PUERTA 1/2 ENTREPAÑO CARB2","D","RAIL DEL","274.8","80",,"2","0",,,,,"0.45","15",,"0","LxL{-30}LyL","Enchape color","60389","P","C","1","Caja"
"3/2/2026 5:58 PM","B12-MBB-SHK MBLE INF COC 1 GAVETA 1 PUERTA 1/2 ENTREPAÑO CARB2","C","SIDE L - R19L","762","609.6",,"2","2",,,,,"0.45","15",,"0","LxA{0}AyL AxP{0}PyA",,"60388","B","C","1","Caja"
"3/2/2026 5:58 PM","B12-MBB-SHK MBLE INF COC 1 GAVETA 1 PUERTA 1/2 ENTREPAÑO CARB2","B","SIDE R - R19L","762","609.6",,"2","2",,,,,"0.45","15",,"0","LxA{0}AyL AxP{0}PyA",,"60387","B","C","1","Caja"
"3/2/2026 5:58 PM","B12-MBB-SHK MBLE INF COC 1 GAVETA 1 PUERTA 1/2 ENTREPAÑO CARB2","A","BASE","274.8","585.6",,"2","0",,,,,"0.45","15",,"0","LxL{-30}LyL AxP{-24}PyA",,"60386","B","C","1","Caja"
"3/2/2026 5:58 PM","B12-MBB-SHK MBLE INF COC 1 GAVETA 1 PUERTA 1/2 ENTREPAÑO CARB2","I","FONDO CAJON","243.05","498.48",,"0","0","2",,,,"0.45","15",,"0","LxL{-61,75}LyL,",,"60385","P","P","1","Caja"
"3/2/2026 5:58 PM","B12-MBB-SHK MBLE INF COC 1 GAVETA 1 PUERTA 1/2 ENTREPAÑO CARB2","H","SHELF","273.8","300",,"0","0","2","2",,,"0.45","15",,"0","LxL{-31}LyL",,"60384","P","P","1","Caja"
"3/2/2026 5:58 PM","B12-MBB-SHK MBLE INF COC 1 GAVETA 1 PUERTA 1/2 ENTREPAÑO CARB2","G","RAIL TRAS","274.8","80",,"0","0","2",,,,"0.45","15",,"0","LxL{-30}LyL",,"60383","P","P","1","Caja"
"3/2/2026 5:58 PM","B12-MBB-SHK MBLE INF COC 1 GAVETA 1 PUERTA 1/2 ENTREPAÑO CARB2","F","RAIL TRAS","274.8","80",,"0","0","2",,,,"0.45","15",,"0","LxL{-30}LyL",,"60382","P","P","1","Caja"
"3/2/2026 5:58 PM","B12-MBB-SHK MBLE INF COC 1 GAVETA 1 PUERTA 1/2 ENTREPAÑO CARB2","E","RAIL DEL","274.8","80",,"2","0",,,,,"0.45","15",,"0","LxL{-30}LyL","Enchape color","60381","P","C","1","Caja"
"3/2/2026 5:55 PM","B15-MBB-SHK MBLE INF COC 1 GAVETA 1 PUERTA 1/2 ENTREPAÑO CARB2","P","GAV CENTRO","104.2","285.16",,"0","0","0","0",,,"0","9",,"0","LxA{-657,8}AyL AxL{-95,84}LyA",,"60380","F","X","1","Sin asignar"
"3/2/2026 5:55 PM","B15-MBB-SHK MBLE INF COC 1 GAVETA 1 PUERTA 1/2 ENTREPAÑO CARB2","O","GAV LISTON H","80.6","257.16",,"2","2","0","0",,,"1","18",,"0","AxL{-123,84}LyA",,"60379","C","C","1","Frente"
"3/2/2026 5:55 PM","B15-MBB-SHK MBLE INF COC 1 GAVETA 1 PUERTA 1/2 ENTREPAÑO CARB2","M","DOOR CENTRO","510.56","285.16",,"0","0","0","0",,,"0","9",,"0","LxA{-251,44}AyL AxL{-95,84}LyA",,"60378","F","X","1","Sin asignar"
"3/2/2026 5:55 PM","B15-MBB-SHK MBLE INF COC 1 GAVETA 1 PUERTA 1/2 ENTREPAÑO CARB2","L","DOOR LISTON H","125.04","257.16",,"2","2","0","0",,,"1","18",,"0","AxL{-123,84}LyA",,"60377","C","C","1","Frente"
"3/2/2026 5:55 PM","B15-MBB-SHK MBLE INF COC 1 GAVETA 1 PUERTA 1/2 ENTREPAÑO CARB2","Q","BACKING","760","365",,"0","0",,,,,"0","4",,"0","LxA{-2}AyL AxL{-16}LyA",,"60376","FS","X","1",
"3/2/2026 5:55 PM","B15-MBB-SHK MBLE INF COC 1 GAVETA 1 PUERTA 1/2 ENTREPAÑO CARB2","N","GAV LISTON V","152.4","125.04",,"2","0",,,,,"1","18",,"0",,,"60375","C","C","1","Frente"
"3/2/2026 5:55 PM","B15-MBB-SHK MBLE INF COC 1 GAVETA 1 PUERTA 1/2 ENTREPAÑO CARB2","K","DOOR LISTON V","603.2","125.04",,"2","0",,,,,"1","18",,"0","LxA{-158,8}AyL",,"60374","C","C","1","Frente"
"3/2/2026 5:55 PM","B15-MBB-SHK MBLE INF COC 1 GAVETA 1 PUERTA 1/2 ENTREPAÑO CARB2","J","TRAS CAJON","319.25","69.85",,"0","0","1",,,,"0.45","15",,"0","LxL{-61,75}LyL",,"60373","P","P","1","Caja"
"3/2/2026 5:55 PM","B15-MBB-SHK MBLE INF COC 1 GAVETA 1 PUERTA 1/2 ENTREPAÑO CARB2","D","RAIL DEL","351","80",,"2","0",,,,,"0.45","15",,"0","LxL{-30}LyL","Enchape color","60372","P","C","1","Caja"
"3/2/2026 5:55 PM","B15-MBB-SHK MBLE INF COC 1 GAVETA 1 PUERTA 1/2 ENTREPAÑO CARB2","C","SIDE L - R19L","762","609.6",,"2","2",,,,,"0.45","15",,"0","LxA{0}AyL AxP{0}PyA",,"60371","B","C","1","Caja"
"3/2/2026 5:55 PM","B15-MBB-SHK MBLE INF COC 1 GAVETA 1 PUERTA 1/2 ENTREPAÑO CARB2","B","SIDE R - R19L","762","609.6",,"2","2",,,,,"0.45","15",,"0","LxA{0}AyL AxP{0}PyA",,"60370","B","C","1","Caja"
"3/2/2026 5:55 PM","B15-MBB-SHK MBLE INF COC 1 GAVETA 1 PUERTA 1/2 ENTREPAÑO CARB2","A","BASE","351","585.6",,"2","0",,,,,"0.45","15",,"0","LxL{-30}LyL AxP{-24}PyA",,"60369","B","C","1","Caja"
"3/2/2026 5:55 PM","B15-MBB-SHK MBLE INF COC 1 GAVETA 1 PUERTA 1/2 ENTREPAÑO CARB2","I","FONDO CAJON","319.25","498.48",,"0","0","2",,,,"0.45","15",,"0","LxL{-61,75}LyL,",,"60368","P","P","1","Caja"
"3/2/2026 5:55 PM","B15-MBB-SHK MBLE INF COC 1 GAVETA 1 PUERTA 1/2 ENTREPAÑO CARB2","H","SHELF","350","300",,"0","0","2","2",,,"0.45","15",,"0","LxL{-31}LyL",,"60367","P","P","1","Caja"
"3/2/2026 5:55 PM","B15-MBB-SHK MBLE INF COC 1 GAVETA 1 PUERTA 1/2 ENTREPAÑO CARB2","G","RAIL TRAS","351","80",,"0","0","2",,,,"0.45","15",,"0","LxL{-30}LyL",,"60366","P","P","1","Caja"
"3/2/2026 5:55 PM","B15-MBB-SHK MBLE INF COC 1 GAVETA 1 PUERTA 1/2 ENTREPAÑO CARB2","F","RAIL TRAS","351","80",,"0","0","2",,,,"0.45","15",,"0","LxL{-30}LyL",,"60365","P","P","1","Caja"
"3/2/2026 5:55 PM","B15-MBB-SHK MBLE INF COC 1 GAVETA 1 PUERTA 1/2 ENTREPAÑO CARB2","E","RAIL DEL","351","80",,"2","0",,,,,"0.45","15",,"0","LxL{-30}LyL","Enchape color","60364","P","C","1","Caja"
"3/2/2026 5:52 PM","B30-MBB-SHK MBLE INF COC 1 GAVETA 2 PUERTAS 1/2 ENTREPAÑO CARB2","P","DOOR L CENTRO","510.56","285.16",,"0","0","0","0",,,"0","9",,"0","LxA{-251,44}AyL AxL{-476,84}LyA",,"60363","F","X","1","Sin asignar"
"3/2/2026 5:52 PM","B30-MBB-SHK MBLE INF COC 1 GAVETA 2 PUERTAS 1/2 ENTREPAÑO CARB2","O","DOOR L LISTON H","125.04","257.16",,"2","2","0","0",,,"1","18",,"0","AxL{-504,84}LyA",,"60362","C","C","1","Frente"
"3/2/2026 5:52 PM","B30-MBB-SHK MBLE INF COC 1 GAVETA 2 PUERTAS 1/2 ENTREPAÑO CARB2","N","DOOR L LISTON V","603.2","125.04",,"2","0","0","0",,,"1","18",,"0","LxA{-158,8}AyL",,"60361","C","C","1","Frente"
"3/2/2026 5:52 PM","B30-MBB-SHK MBLE INF COC 1 GAVETA 2 PUERTAS 1/2 ENTREPAÑO CARB2","S","GAV CENTRO","104.2","666.16",,"0","0","0","0",,,"0","9",,"0","LxA{-657,8}AyL AxL{-95,84}LyA",,"60360","F","X","1","Sin asignar"
"3/2/2026 5:52 PM","B30-MBB-SHK MBLE INF COC 1 GAVETA 2 PUERTAS 1/2 ENTREPAÑO CARB2","R","GAV LISTON H","80.6","638.16",,"2","2","0","0",,,"1","18",,"0","AxL{-123,84}LyA",,"60359","C","C","1","Frente"
"3/2/2026 5:52 PM","B30-MBB-SHK MBLE INF COC 1 GAVETA 2 PUERTAS 1/2 ENTREPAÑO CARB2","M","DOOR R CENTRO","510.56","285.16",,"0","0","0","0",,,"0","9",,"0","LxA{-251,44}AyL AxL{-476,84}LyA",,"60358","F","X","1","Sin asignar"
"3/2/2026 5:52 PM","B30-MBB-SHK MBLE INF COC 1 GAVETA 2 PUERTAS 1/2 ENTREPAÑO CARB2","L","DOOR R LISTON H","125.04","257.16",,"2","2","0","0",,,"1","18",,"0","AxL{-504,84}LyA",,"60357","C","C","1","Frente"
"3/2/2026 5:52 PM","B30-MBB-SHK MBLE INF COC 1 GAVETA 2 PUERTAS 1/2 ENTREPAÑO CARB2","T","BACKING","760","746",,"0","0",,,,,"0","4",,"0","LxA{-2}AyL AxL{-16}LyA",,"60356","FS","X","1",
"3/2/2026 5:52 PM","B30-MBB-SHK MBLE INF COC 1 GAVETA 2 PUERTAS 1/2 ENTREPAÑO CARB2","Q","GAV LISTON V","152.4","125.04",,"2","0",,,,,"1","18",,"0",,,"60355","C","C","1","Frente"
"3/2/2026 5:52 PM","B30-MBB-SHK MBLE INF COC 1 GAVETA 2 PUERTAS 1/2 ENTREPAÑO CARB2","K","DOOR R LISTON V","603.2","125.04",,"2","0",,,,,"1","18",,"0","LxA{-158,8}AyL",,"60354","C","C","1","Frente"
"3/2/2026 5:52 PM","B30-MBB-SHK MBLE INF COC 1 GAVETA 2 PUERTAS 1/2 ENTREPAÑO CARB2","J","TRAS CAJON","700.25","69.85",,"0","0","1",,,,"0.45","15",,"0","LxL{-61,75}LyL",,"60353","P","P","1","Caja"
"3/2/2026 5:52 PM","B30-MBB-SHK MBLE INF COC 1 GAVETA 2 PUERTAS 1/2 ENTREPAÑO CARB2","D","RAIL DEL","732","80",,"2","0",,,,,"0.45","15",,"0","LxL{-30}LyL","Enchape color","60352","P","C","1","Caja"
"3/2/2026 5:52 PM","B30-MBB-SHK MBLE INF COC 1 GAVETA 2 PUERTAS 1/2 ENTREPAÑO CARB2","C","SIDE L - R19L","762","609.6",,"2","2",,,,,"0.45","15",,"0","LxA{0}AyL AxP{0}PyA",,"60351","B","C","1","Caja"
"3/2/2026 5:52 PM","B30-MBB-SHK MBLE INF COC 1 GAVETA 2 PUERTAS 1/2 ENTREPAÑO CARB2","B","SIDE R - R19L","762","609.6",,"2","2",,,,,"0.45","15",,"0","LxA{0}AyL AxP{0}PyA",,"60350","B","C","1","Caja"
"3/2/2026 5:52 PM","B30-MBB-SHK MBLE INF COC 1 GAVETA 2 PUERTAS 1/2 ENTREPAÑO CARB2","A","BASE","732","585.6",,"2","0",,,,,"0.45","15",,"0","LxL{-30}LyL AxP{-24}PyA",,"60349","B","C","1","Caja"
"3/2/2026 5:52 PM","B30-MBB-SHK MBLE INF COC 1 GAVETA 2 PUERTAS 1/2 ENTREPAÑO CARB2","I","FONDO CAJON","700.25","498.48",,"0","0","2",,,,"0.45","15",,"0","LxL{-61,75}LyL",,"60348","P","P","1","Caja"
"3/2/2026 5:52 PM","B30-MBB-SHK MBLE INF COC 1 GAVETA 2 PUERTAS 1/2 ENTREPAÑO CARB2","H","SHELF","731","300",,"0","0","2","2",,,"0.45","15",,"0","LxL{-31}LyL",,"60347","P","P","1","Caja"
"3/2/2026 5:52 PM","B30-MBB-SHK MBLE INF COC 1 GAVETA 2 PUERTAS 1/2 ENTREPAÑO CARB2","G","RAIL TRAS","732","80",,"0","0","2",,,,"0.45","15",,"0","LxL{-30}LyL",,"60346","P","P","1","Caja"
"3/2/2026 5:52 PM","B30-MBB-SHK MBLE INF COC 1 GAVETA 2 PUERTAS 1/2 ENTREPAÑO CARB2","F","RAIL TRAS","732","80",,"0","0","2",,,,"0.45","15",,"0","LxL{-30}LyL",,"60345","P","P","1","Caja"
"3/2/2026 5:52 PM","B30-MBB-SHK MBLE INF COC 1 GAVETA 2 PUERTAS 1/2 ENTREPAÑO CARB2","E","RAIL DEL","732","80",,"2","0",,,,,"0.45","15",,"0","LxL{-30}LyL","Enchape color","60344","P","C","1","Caja"
"3/2/2026 5:46 PM","DV12-1s-MBB-SHK MBLE INF COC 3 GAVETAS 1 PEQUEÑA CARB2","W","FRENTE INF CENTRO","207.36","208.96",,"0","0","0","0",,,"0","9",,"0","AxL{-95,84}LyA",,"60343","F","X","1",
"3/2/2026 5:46 PM","DV12-1s-MBB-SHK MBLE INF COC 3 GAVETAS 1 PEQUEÑA CARB2","V","FRENTE INF LISTON H","125.04","180.96",,"2","2","0","0",,,"1","18",,"0","AxL{-123,84}LyA",,"60342","C","C","1","Frente"
"3/2/2026 5:46 PM","DV12-1s-MBB-SHK MBLE INF COC 3 GAVETAS 1 PEQUEÑA CARB2","T","FRENTE CENT CENTRO","207.36","208.96",,"0","0","0","0",,,"0","9",,"0","AxL{-95,84}LyA",,"60341","F","X","1",
"3/2/2026 5:46 PM","DV12-1s-MBB-SHK MBLE INF COC 3 GAVETAS 1 PEQUEÑA CARB2","S","FRENTE CENT LISTON H","125.04","180.96",,"2","2","0","0",,,"1","18",,"0","AxL{-123,84}LyA",,"60340","C","C","1","Frente"
"3/2/2026 5:46 PM","DV12-1s-MBB-SHK MBLE INF COC 3 GAVETAS 1 PEQUEÑA CARB2","Q","FRENTE SUP CENTRO","104.2","208.96",,"0","0","0","0",,,"0","9",,"0","AxL{-95,84}LyA",,"60339","F","X","1",
"3/2/2026 5:46 PM","DV12-1s-MBB-SHK MBLE INF COC 3 GAVETAS 1 PEQUEÑA CARB2","P","FRENTE SUP LISTON H","80.6","180.96",,"2","2","0","0",,,"1","18",,"0","AxL{-123,84}LyA",,"60338","C","C","1","Frente"
"3/2/2026 5:46 PM","DV12-1s-MBB-SHK MBLE INF COC 3 GAVETAS 1 PEQUEÑA CARB2","X","BACKING","760","288.8",,"0","0","0","0",,,"0","4",,"0","LxA{-2}AyL AxL{-16}LyA",,"60337","FS","X","1",
"3/2/2026 5:46 PM","DV12-1s-MBB-SHK MBLE INF COC 3 GAVETAS 1 PEQUEÑA CARB2","U","FRENTE INF LISTON V","300.1","125.04",,"2","0","0","0",,,"1","18",,"0",,,"60336","C","C","1","Frente"
"3/2/2026 5:46 PM","DV12-1s-MBB-SHK MBLE INF COC 3 GAVETAS 1 PEQUEÑA CARB2","R","FRENTE CENT LISTON V","300.1","125.04",,"2","0","0","0",,,"1","18",,"0",,,"60335","C","C","1","Frente"
"3/2/2026 5:46 PM","DV12-1s-MBB-SHK MBLE INF COC 3 GAVETAS 1 PEQUEÑA CARB2","O","FRENTE SUP LISTON V","152.4","125.04",,"2","0","0","0",,,"1","18",,"0",,,"60334","C","C","1","Frente"
"3/2/2026 5:46 PM","DV12-1s-MBB-SHK MBLE INF COC 3 GAVETAS 1 PEQUEÑA CARB2","N","TRAS GAV INF","243.05","69.85",,"0","0","1","0",,,"0.45","15",,"0","LxL{-61,75}LyL",,"60333","P","P","1","Caja"
"3/2/2026 5:46 PM","DV12-1s-MBB-SHK MBLE INF COC 3 GAVETAS 1 PEQUEÑA CARB2","M","TRAS GAV CENT","243.05","69.85",,"0","0","1","0",,,"0.45","15",,"0","LxL{-61,75}LyL",,"60332","P","P","1","Caja"
"3/2/2026 5:46 PM","DV12-1s-MBB-SHK MBLE INF COC 3 GAVETAS 1 PEQUEÑA CARB2","L","TRAS GAV SUP","243.05","69.85",,"0","0","1","0",,,"0.45","15",,"0","LxL{-61,75}LyL",,"60331","P","P","1","Caja"
"3/2/2026 5:46 PM","DV12-1s-MBB-SHK MBLE INF COC 3 GAVETAS 1 PEQUEÑA CARB2","K","FONDO GAV INF","243.05","447.48",,"0","0","2","0",,,"0.45","15",,"0","LxL{-61,75}LyL",,"60330","P","P","1","Caja"
"3/2/2026 5:46 PM","DV12-1s-MBB-SHK MBLE INF COC 3 GAVETAS 1 PEQUEÑA CARB2","J","FONDO GAV CENTRAL","243.05","447.48",,"0","0","2","0",,,"0.45","15",,"0","LxL{-61,75}LyL",,"60329","P","P","1","Caja"
"3/2/2026 5:46 PM","DV12-1s-MBB-SHK MBLE INF COC 3 GAVETAS 1 PEQUEÑA CARB2","I","FONDO GAV SUP","243.05","447.48",,"0","0","2","0",,,"0.45","15",,"0","LxL{-61,75}LyL",,"60328","P","P","1","Caja"
"3/2/2026 5:46 PM","DV12-1s-MBB-SHK MBLE INF COC 3 GAVETAS 1 PEQUEÑA CARB2","H","RAIL TRAS","274.8","80",,"0","0","2","0",,,"0.45","15",,"0","LxL{-30}LyL",,"60327","P","P","1","Caja"
"3/2/2026 5:46 PM","DV12-1s-MBB-SHK MBLE INF COC 3 GAVETAS 1 PEQUEÑA CARB2","G","RAIL TRAS","274.8","80",,"0","0","2","0",,,"0.45","15",,"0","LxL{-30}LyL",,"60326","P","P","1","Caja"
"3/2/2026 5:46 PM","DV12-1s-MBB-SHK MBLE INF COC 3 GAVETAS 1 PEQUEÑA CARB2","F","RAIL DEL","274.8","80",,"2","0","0","0",,,"0.45","15",,"0","LxL{-30}LyL",,"60325","P","C","1","Caja"
"3/2/2026 5:46 PM","DV12-1s-MBB-SHK MBLE INF COC 3 GAVETAS 1 PEQUEÑA CARB2","E","RAIL DEL","274.8","80",,"2","0","0","0",,,"0.45","15",,"0","LxL{-30}LyL",,"60324","P","C","1","Caja"
"3/2/2026 5:46 PM","DV12-1s-MBB-SHK MBLE INF COC 3 GAVETAS 1 PEQUEÑA CARB2","D","RAIL DEL","274.8","80",,"2","0","0","0",,,"0.45","15",,"0","LxL{-30}LyL",,"60323","P","C","1","Caja"
"3/2/2026 5:45 PM","DV12-1s-MBB-SHK MBLE INF COC 3 GAVETAS 1 PEQUEÑA CARB2","C","SIDE L - R19L","762","533.4",,"2","2","0","0",,,"0.45","15",,"0","LxA{0}AyL AxP{0}PyA",,"60322","B","C","1","Caja"
"3/2/2026 5:45 PM","DV12-1s-MBB-SHK MBLE INF COC 3 GAVETAS 1 PEQUEÑA CARB2","B","SIDE R - R19L","762","533.4",,"2","2","0","0",,,"0.45","15",,"0","LxA{0}AyL AxP{0}PyA",,"60321","B","C","1","Caja"
"3/2/2026 5:45 PM","DV12-1s-MBB-SHK MBLE INF COC 3 GAVETAS 1 PEQUEÑA CARB2","A","BASE","274.8","509.4",,"2","0","0","0",,,"0.45","15",,"0","LxL{-30}LyL AxP{-24}PyA",,"60320","B","C","1","Caja"
"3/2/2026 5:40 PM","DV14-1s-MBB-SHK MBLE INF COC 3 GAVETAS 1 PEQUEÑA CARB2","W","FRENTE INF CENTRO","207.36","259.76",,"0","0","0","0",,,"0","9",,"0","AxL{-95,84}LyA",,"60319","F","X","1",
"3/2/2026 5:40 PM","DV14-1s-MBB-SHK MBLE INF COC 3 GAVETAS 1 PEQUEÑA CARB2","V","FRENTE INF LISTON H","125.04","231.76",,"2","2","0","0",,,"1","18",,"0","AxL{-123,84}LyA",,"60318","C","C","1","Frente"
"3/2/2026 5:40 PM","DV14-1s-MBB-SHK MBLE INF COC 3 GAVETAS 1 PEQUEÑA CARB2","T","FRENTE CENT CENTRO","207.36","259.76",,"0","0","0","0",,,"0","9",,"0","AxL{-95,84}LyA",,"60317","F","X","1",
"3/2/2026 5:40 PM","DV14-1s-MBB-SHK MBLE INF COC 3 GAVETAS 1 PEQUEÑA CARB2","S","FRENTE CENT LISTON H","125.04","231.76",,"2","2","0","0",,,"1","18",,"0","AxL{-123,84}LyA",,"60316","C","C","1","Frente"
"3/2/2026 5:40 PM","DV14-1s-MBB-SHK MBLE INF COC 3 GAVETAS 1 PEQUEÑA CARB2","Q","FRENTE SUP CENTRO","104.2","259.76",,"0","0","0","0",,,"0","9",,"0","AxL{-95,84}LyA",,"60315","F","X","1",
"3/2/2026 5:40 PM","DV14-1s-MBB-SHK MBLE INF COC 3 GAVETAS 1 PEQUEÑA CARB2","P","FRENTE SUP LISTON H","80.6","231.76",,"2","2","0","0",,,"1","18",,"0","AxL{-123,84}LyA",,"60314","C","C","1","Frente"
"3/2/2026 5:40 PM","DV14-1s-MBB-SHK MBLE INF COC 3 GAVETAS 1 PEQUEÑA CARB2","X","BACKING","760","339.6",,"0","0","0","0",,,"0","4",,"0","LxA{-2}AyL AxL{-16}LyA",,"60313","FS","X","1",
"3/2/2026 5:40 PM","DV14-1s-MBB-SHK MBLE INF COC 3 GAVETAS 1 PEQUEÑA CARB2","U","FRENTE INF LISTON V","300.1","125.04",,"2","0","0","0",,,"1","18",,"0",,,"60312","C","C","1","Frente"
"3/2/2026 5:40 PM","DV14-1s-MBB-SHK MBLE INF COC 3 GAVETAS 1 PEQUEÑA CARB2","R","FRENTE CENT LISTON V","300.1","125.04",,"2","0","0","0",,,"1","18",,"0",,,"60311","C","C","1","Frente"
"3/2/2026 5:40 PM","DV14-1s-MBB-SHK MBLE INF COC 3 GAVETAS 1 PEQUEÑA CARB2","O","FRENTE SUP LISTON V","152.4","125.04",,"2","0","0","0",,,"1","18",,"0",,,"60310","C","C","1","Frente"
"3/2/2026 5:40 PM","DV14-1s-MBB-SHK MBLE INF COC 3 GAVETAS 1 PEQUEÑA CARB2","N","TRAS GAV INF","293.85","69.85",,"0","0","1","0",,,"0.45","15",,"0","LxL{-61,75}LyL",,"60309","P","P","1","Caja"
"3/2/2026 5:40 PM","DV14-1s-MBB-SHK MBLE INF COC 3 GAVETAS 1 PEQUEÑA CARB2","M","TRAS GAV CENT","293.85","69.85",,"0","0","1","0",,,"0.45","15",,"0","LxL{-61,75}LyL",,"60308","P","P","1","Caja"
"3/2/2026 5:40 PM","DV14-1s-MBB-SHK MBLE INF COC 3 GAVETAS 1 PEQUEÑA CARB2","L","TRAS GAV SUP","293.85","69.85",,"0","0","1","0",,,"0.45","15",,"0","LxL{-61,75}LyL",,"60307","P","P","1","Caja"
"3/2/2026 5:40 PM","DV14-1s-MBB-SHK MBLE INF COC 3 GAVETAS 1 PEQUEÑA CARB2","K","FONDO GAV INF","293.85","447.48",,"0","0","2","0",,,"0.45","15",,"0","LxL{-61,75}LyL",,"60306","P","P","1","Caja"
"3/2/2026 5:40 PM","DV14-1s-MBB-SHK MBLE INF COC 3 GAVETAS 1 PEQUEÑA CARB2","J","FONDO GAV CENTRAL","293.85","447.48",,"0","0","2","0",,,"0.45","15",,"0","LxL{-61,75}LyL",,"60305","P","P","1","Caja"
"3/2/2026 5:39 PM","DV14-1s-MBB-SHK MBLE INF COC 3 GAVETAS 1 PEQUEÑA CARB2","I","FONDO GAV SUP","293.85","447.48",,"0","0","2","0",,,"0.45","15",,"0","LxL{-61,75}LyL",,"60304","P","P","1","Caja"
"3/2/2026 5:39 PM","DV14-1s-MBB-SHK MBLE INF COC 3 GAVETAS 1 PEQUEÑA CARB2","H","RAIL TRAS","325.6","80",,"0","0","2","0",,,"0.45","15",,"0","LxL{-30}LyL",,"60303","P","P","1","Caja"
"3/2/2026 5:39 PM","DV14-1s-MBB-SHK MBLE INF COC 3 GAVETAS 1 PEQUEÑA CARB2","G","RAIL TRAS","325.6","80",,"0","0","2","0",,,"0.45","15",,"0","LxL{-30}LyL",,"60302","P","P","1","Caja"
"3/2/2026 5:39 PM","DV14-1s-MBB-SHK MBLE INF COC 3 GAVETAS 1 PEQUEÑA CARB2","F","RAIL DEL","325.6","80",,"2","0","0","0",,,"0.45","15",,"0","LxL{-30}LyL",,"60301","P","C","1","Caja"
"3/2/2026 5:39 PM","DV14-1s-MBB-SHK MBLE INF COC 3 GAVETAS 1 PEQUEÑA CARB2","E","RAIL DEL","325.6","80",,"2","0","0","0",,,"0.45","15",,"0","LxL{-30}LyL",,"60300","P","C","1","Caja"
"3/2/2026 5:39 PM","DV14-1s-MBB-SHK MBLE INF COC 3 GAVETAS 1 PEQUEÑA CARB2","D","RAIL DEL","325.6","80",,"2","0","0","0",,,"0.45","15",,"0","LxL{-30}LyL",,"60299","P","C","1","Caja"
"3/2/2026 5:39 PM","DV14-1s-MBB-SHK MBLE INF COC 3 GAVETAS 1 PEQUEÑA CARB2","C","SIDE L - R19L","762","533.4",,"2","2","0","0",,,"0.45","15",,"0","LxA{0}AyL AxP{0}PyA",,"60298","B","C","1","Caja"
"3/2/2026 5:39 PM","DV14-1s-MBB-SHK MBLE INF COC 3 GAVETAS 1 PEQUEÑA CARB2","B","SIDE R - R19L","762","533.4",,"2","2","0","0",,,"0.45","15",,"0","LxA{0}AyL AxP{0}PyA",,"60297","B","C","1","Caja"
"3/2/2026 5:39 PM","DV14-1s-MBB-SHK MBLE INF COC 3 GAVETAS 1 PEQUEÑA CARB2","A","BASE","325.6","509.4",,"2","0","0","0",,,"0.45","15",,"0","LxL{-30}LyL AxP{-24}PyA",,"60296","B","C","1","Caja"
"3/2/2026 5:31 PM","DV18-1s-MBB-SHK MBLE INF COC 3 GAVETAS 1 PEQUEÑA CARB2","W","FRENTE INF CENTRO","207.36","361.36",,"0","0","0","0",,,"0","9",,"0","AxL{-95,84}LyA",,"60295","F","X","1",
"3/2/2026 5:31 PM","DV18-1s-MBB-SHK MBLE INF COC 3 GAVETAS 1 PEQUEÑA CARB2","V","FRENTE INF LISTON H","125.04","333.36",,"2","2","0","0",,,"1","18",,"0","AxL{-123,84}LyA",,"60294","C","C","1","Frente"
"3/2/2026 5:31 PM","DV18-1s-MBB-SHK MBLE INF COC 3 GAVETAS 1 PEQUEÑA CARB2","T","FRENTE CENT CENTRO","207.36","361.36",,"0","0","0","0",,,"0","9",,"0","AxL{-95,84}LyA",,"60293","F","X","1",
"3/2/2026 5:30 PM","DV18-1s-MBB-SHK MBLE INF COC 3 GAVETAS 1 PEQUEÑA CARB2","S","FRENTE CENT LISTON H","125.04","333.36",,"2","2","0","0",,,"1","18",,"0","AxL{-123,84}LyA",,"60292","C","C","1","Frente"
"3/2/2026 5:30 PM","DV18-1s-MBB-SHK MBLE INF COC 3 GAVETAS 1 PEQUEÑA CARB2","Q","FRENTE SUP CENTRO","104.2","361.36",,"0","0","0","0",,,"0","9",,"0","AxL{-95,84}LyA",,"60291","F","X","1",
"3/2/2026 5:30 PM","DV18-1s-MBB-SHK MBLE INF COC 3 GAVETAS 1 PEQUEÑA CARB2","P","FRENTE SUP LISTON H","80.6","333.36",,"2","2","0","0",,,"1","18",,"0","AxL{-123,84}LyA",,"60290","C","C","1","Frente"
"3/2/2026 5:30 PM","DV18-1s-MBB-SHK MBLE INF COC 3 GAVETAS 1 PEQUEÑA CARB2","X","BACKING","760","441.2",,"0","0","0","0",,,"0","4",,"0","LxA{-2}AyL AxL{-16}LyA",,"60289","FS","X","1",
"3/2/2026 5:30 PM","DV18-1s-MBB-SHK MBLE INF COC 3 GAVETAS 1 PEQUEÑA CARB2","U","FRENTE INF LISTON V","300.1","125.04",,"2","0","0","0",,,"1","18",,"0",,,"60288","C","C","1","Frente"
"3/2/2026 5:30 PM","DV18-1s-MBB-SHK MBLE INF COC 3 GAVETAS 1 PEQUEÑA CARB2","R","FRENTE CENT LISTON V","300.1","125.04",,"2","0","0","0",,,"1","18",,"0",,,"60287","C","C","1","Frente"
"3/2/2026 5:30 PM","DV18-1s-MBB-SHK MBLE INF COC 3 GAVETAS 1 PEQUEÑA CARB2","O","FRENTE SUP LISTON V","152.4","125.04",,"2","0","0","0",,,"1","18",,"0",,,"60286","C","C","1","Frente"
"3/2/2026 5:30 PM","DV18-1s-MBB-SHK MBLE INF COC 3 GAVETAS 1 PEQUEÑA CARB2","N","TRAS GAV INF","395.45","69.85",,"0","0","1","0",,,"0.45","15",,"0","LxL{-61,75}LyL",,"60285","P","P","1","Caja"
"3/2/2026 5:30 PM","DV18-1s-MBB-SHK MBLE INF COC 3 GAVETAS 1 PEQUEÑA CARB2","M","TRAS GAV CENT","395.45","69.85",,"0","0","1","0",,,"0.45","15",,"0","LxL{-61,75}LyL",,"60284","P","P","1","Caja"
"3/2/2026 5:30 PM","DV18-1s-MBB-SHK MBLE INF COC 3 GAVETAS 1 PEQUEÑA CARB2","L","TRAS GAV SUP","395.45","69.85",,"0","0","1","0",,,"0.45","15",,"0","LxL{-61,75}LyL",,"60283","P","P","1","Caja"
"3/2/2026 5:30 PM","DV18-1s-MBB-SHK MBLE INF COC 3 GAVETAS 1 PEQUEÑA CARB2","K","FONDO GAV INF","395.45","447.48",,"0","0","2","0",,,"0.45","15",,"0","LxL{-61,75}LyL",,"60282","P","P","1","Caja"
"3/2/2026 5:30 PM","DV18-1s-MBB-SHK MBLE INF COC 3 GAVETAS 1 PEQUEÑA CARB2","J","FONDO GAV CENTRAL","395.45","447.48",,"0","0","2","0",,,"0.45","15",,"0","LxL{-61,75}LyL",,"60281","P","P","1","Caja"
"3/2/2026 5:30 PM","DV18-1s-MBB-SHK MBLE INF COC 3 GAVETAS 1 PEQUEÑA CARB2","I","FONDO GAV SUP","395.45","447.48",,"0","0","2","0",,,"0.45","15",,"0","LxL{-61,75}LyL",,"60280","P","P","1","Caja"
"3/2/2026 5:30 PM","DV18-1s-MBB-SHK MBLE INF COC 3 GAVETAS 1 PEQUEÑA CARB2","H","RAIL TRAS","427.2","80",,"0","0","2","0",,,"0.45","15",,"0","LxL{-30}LyL",,"60279","P","P","1","Caja"
"3/2/2026 5:30 PM","DV18-1s-MBB-SHK MBLE INF COC 3 GAVETAS 1 PEQUEÑA CARB2","F","RAIL DEL","427.2","80",,"2","0","0","0",,,"0.45","15",,"0","LxL{-30}LyL",,"60277","P","C","1","Caja"
"3/2/2026 5:30 PM","DV18-1s-MBB-SHK MBLE INF COC 3 GAVETAS 1 PEQUEÑA CARB2","G","RAIL TRAS","427.2","80",,"0","0","2","0",,,"0.45","15",,"0","LxL{-30}LyL",,"60278","P","P","1","Caja"
"3/2/2026 5:30 PM","DV18-1s-MBB-SHK MBLE INF COC 3 GAVETAS 1 PEQUEÑA CARB2","E","RAIL DEL","427.2","80",,"2","0","0","0",,,"0.45","15",,"0","LxL{-30}LyL",,"60276","P","C","1","Caja"
"3/2/2026 5:30 PM","DV18-1s-MBB-SHK MBLE INF COC 3 GAVETAS 1 PEQUEÑA CARB2","D","RAIL DEL","427.2","80",,"2","0","0","0",,,"0.45","15",,"0","LxL{-30}LyL",,"60275","P","C","1","Caja"
"3/2/2026 5:30 PM","DV18-1s-MBB-SHK MBLE INF COC 3 GAVETAS 1 PEQUEÑA CARB2","C","SIDE L - R19L","762","533.4",,"2","2","0","0",,,"0.45","15",,"0","LxA{0}AyL AxP{0}PyA",,"60274","B","C","1","Caja"
"3/2/2026 5:30 PM","DV18-1s-MBB-SHK MBLE INF COC 3 GAVETAS 1 PEQUEÑA CARB2","B","SIDE R - R19L","762","533.4",,"2","2","0","0",,,"0.45","15",,"0","LxA{0}AyL AxP{0}PyA",,"60273","B","C","1","Caja"
"3/2/2026 5:30 PM","DV18-1s-MBB-SHK MBLE INF COC 3 GAVETAS 1 PEQUEÑA CARB2","A","BASE","427.2","509.4",,"2","0","0","0",,,"0.45","15",,"0","LxL{-30}LyL AxP{-24}PyA",,"60272","B","C","1","Caja"
"3/2/2026 5:23 PM","DV24-1s-MBB-SHK MBLE INF COC 3 GAVETAS 1 PEQUEÑA CARB2","W","FRENTE INF CENTRO","207.36","513.76",,"0","0","0","0",,,"0","9",,"0","AxL{-95,84}LyA",,"60271","F","X","1",
"3/2/2026 5:23 PM","DV24-1s-MBB-SHK MBLE INF COC 3 GAVETAS 1 PEQUEÑA CARB2","V","FRENTE INF LISTON H","125.04","485.76",,"2","2","0","0",,,"1","18",,"0","AxL{-123,84}LyA",,"60270","C","C","1","Frente"
"3/2/2026 5:23 PM","DV24-1s-MBB-SHK MBLE INF COC 3 GAVETAS 1 PEQUEÑA CARB2","T","FRENTE CENT CENTRO","207.36","513.76",,"0","0","0","0",,,"0","9",,"0","AxL{-95,84}LyA",,"60269","F","X","1",
"3/2/2026 5:23 PM","DV24-1s-MBB-SHK MBLE INF COC 3 GAVETAS 1 PEQUEÑA CARB2","Q","FRENTE SUP CENTRO","104.2","513.76",,"0","0","0","0",,,"0","9",,"0","AxL{-95,84}LyA",,"60267","F","X","1",
"3/2/2026 5:23 PM","DV24-1s-MBB-SHK MBLE INF COC 3 GAVETAS 1 PEQUEÑA CARB2","S","FRENTE CENT LISTON H","125.04","485.76",,"2","2","0","0",,,"1","18",,"0","AxL{-123,84}LyA",,"60268","C","C","1","Frente"
"3/2/2026 5:23 PM","DV24-1s-MBB-SHK MBLE INF COC 3 GAVETAS 1 PEQUEÑA CARB2","P","FRENTE SUP LISTON H","80.6","485.76",,"2","2","0","0",,,"1","18",,"0","AxL{-123,84}LyA",,"60266","C","C","1","Frente"
"3/2/2026 5:23 PM","DV24-1s-MBB-SHK MBLE INF COC 3 GAVETAS 1 PEQUEÑA CARB2","X","BACKING","760","593.6",,"0","0","0","0",,,"0","4",,"0","LxA{-2}AyL AxL{-16}LyA",,"60265","FS","X","1",
"3/2/2026 5:23 PM","DV24-1s-MBB-SHK MBLE INF COC 3 GAVETAS 1 PEQUEÑA CARB2","U","FRENTE INF LISTON V","300.1","125.04",,"2","0","0","0",,,"1","18",,"0",,,"60264","C","C","1","Frente"
"3/2/2026 5:23 PM","DV24-1s-MBB-SHK MBLE INF COC 3 GAVETAS 1 PEQUEÑA CARB2","O","FRENTE SUP LISTON V","152.4","125.04",,"2","0","0","0",,,"1","18",,"0",,,"60262","C","C","1","Frente"
"3/2/2026 5:23 PM","DV24-1s-MBB-SHK MBLE INF COC 3 GAVETAS 1 PEQUEÑA CARB2","R","FRENTE CENT LISTON V","300.1","125.04",,"2","0","0","0",,,"1","18",,"0",,,"60263","C","C","1","Frente"
"3/2/2026 5:23 PM","DV24-1s-MBB-SHK MBLE INF COC 3 GAVETAS 1 PEQUEÑA CARB2","N","TRAS GAV INF","547.85","69.85",,"0","0","1","0",,,"0.45","15",,"0","LxL{-61,75}LyL",,"60261","P","P","1","Caja"
"3/2/2026 5:23 PM","DV24-1s-MBB-SHK MBLE INF COC 3 GAVETAS 1 PEQUEÑA CARB2","M","TRAS GAV CENT","547.85","69.85",,"0","0","1","0",,,"0.45","15",,"0","LxL{-61,75}LyL",,"60260","P","P","1","Caja"
"3/2/2026 5:23 PM","DV24-1s-MBB-SHK MBLE INF COC 3 GAVETAS 1 PEQUEÑA CARB2","L","TRAS GAV SUP","547.85","69.85",,"0","0","1","0",,,"0.45","15",,"0","LxL{-61,75}LyL",,"60259","P","P","1","Caja"
"3/2/2026 5:23 PM","DV24-1s-MBB-SHK MBLE INF COC 3 GAVETAS 1 PEQUEÑA CARB2","K","FONDO GAV INF","547.85","447.48",,"0","0","2","0",,,"0.45","15",,"0","LxL{-61,75}LyL",,"60258","P","P","1","Caja"
"3/2/2026 5:23 PM","DV24-1s-MBB-SHK MBLE INF COC 3 GAVETAS 1 PEQUEÑA CARB2","J","FONDO GAV CENTRAL","547.85","447.48",,"0","0","2","0",,,"0.45","15",,"0","LxL{-61,75}LyL",,"60257","P","P","1","Caja"
"3/2/2026 5:23 PM","DV24-1s-MBB-SHK MBLE INF COC 3 GAVETAS 1 PEQUEÑA CARB2","I","FONDO GAV SUP","547.85","447.48",,"0","0","2","0",,,"0.45","15",,"0","LxL{-61,75}LyL",,"60256","P","P","1","Caja"
"3/2/2026 5:23 PM","DV24-1s-MBB-SHK MBLE INF COC 3 GAVETAS 1 PEQUEÑA CARB2","H","RAIL TRAS","579.6","80",,"0","0","2","0",,,"0.45","15",,"0","LxL{-30}LyL",,"60255","P","P","1","Caja"
"3/2/2026 5:23 PM","DV24-1s-MBB-SHK MBLE INF COC 3 GAVETAS 1 PEQUEÑA CARB2","G","RAIL TRAS","579.6","80",,"0","0","2","0",,,"0.45","15",,"0","LxL{-30}LyL",,"60254","P","P","1","Caja"
"3/2/2026 5:23 PM","DV24-1s-MBB-SHK MBLE INF COC 3 GAVETAS 1 PEQUEÑA CARB2","F","RAIL DEL","579.6","80",,"2","0","0","0",,,"0.45","15",,"0","LxL{-30}LyL",,"60253","P","C","1","Caja"
"3/2/2026 5:23 PM","DV24-1s-MBB-SHK MBLE INF COC 3 GAVETAS 1 PEQUEÑA CARB2","E","RAIL DEL","579.6","80",,"2","0","0","0",,,"0.45","15",,"0","LxL{-30}LyL",,"60252","P","C","1","Caja"
"3/2/2026 5:23 PM","DV24-1s-MBB-SHK MBLE INF COC 3 GAVETAS 1 PEQUEÑA CARB2","D","RAIL DEL","579.6","80",,"2","0","0","0",,,"0.45","15",,"0","LxL{-30}LyL",,"60251","P","C","1","Caja"
"3/2/2026 5:23 PM","DV24-1s-MBB-SHK MBLE INF COC 3 GAVETAS 1 PEQUEÑA CARB2","C","SIDE L - R19L","762","533.4",,"2","2","0","0",,,"0.45","15",,"0","LxA{0}AyL AxP{0}PyA",,"60250","B","C","1","Caja"
"3/2/2026 5:23 PM","DV24-1s-MBB-SHK MBLE INF COC 3 GAVETAS 1 PEQUEÑA CARB2","B","SIDE R - R19L","762","533.4",,"2","2","0","0",,,"0.45","15",,"0","LxA{0}AyL AxP{0}PyA",,"60249","B","C","1","Caja"
"3/2/2026 5:23 PM","DV24-1s-MBB-SHK MBLE INF COC 3 GAVETAS 1 PEQUEÑA CARB2","A","BASE","579.6","509.4",,"2","0","0","0",,,"0.45","15",,"0","LxL{-30}LyL AxP{-24}PyA",,"60248","B","C","1","Caja"
"3/2/2026 5:11 PM","SB36-SHK MBLE INF COC 1 FRENTE FALSO 2 PUERTA CARB2","L","DOOR L CENTRO","510.56","361.36",,"0","0","0","0",,,"0","9",,"0","LxA{-251,44}AyL AxL{-553,04}LyA",,"60247","F","X","1","Sin asignar"
"3/2/2026 5:11 PM","SB36-SHK MBLE INF COC 1 FRENTE FALSO 2 PUERTA CARB2","K","DOOR L LISTON H","125.04","333.36",,"2","2","0","0",,,"1","18",,"0","AxL{-581,04}LyA",,"60246","C","C","1","Frente"
"3/2/2026 5:11 PM","SB36-SHK MBLE INF COC 1 FRENTE FALSO 2 PUERTA CARB2","J","DOOR L LISTON V","603.2","125.04",,"2","0","0","0",,,"1","18",,"0","LxA{-158,8}AyL",,"60245","C","C","1","Frente"
"3/2/2026 5:11 PM","SB36-SHK MBLE INF COC 1 FRENTE FALSO 2 PUERTA CARB2","O","FRENTE CENTRO","104.2","818.56",,"0","0","0","0",,,"0","9",,"0","LxA{-657,8}AyL AxL{-95,84}LyA",,"60244","F","X","1","Sin asignar"
"3/2/2026 5:11 PM","SB36-SHK MBLE INF COC 1 FRENTE FALSO 2 PUERTA CARB2","N","FRENTE LISTON H","80.6","790.56",,"2","2","0","0",,,"1","18",,"0","AxL{-123,84}LyA",,"60243","C","C","1","Frente"
"3/2/2026 5:11 PM","SB36-SHK MBLE INF COC 1 FRENTE FALSO 2 PUERTA CARB2","I","DOOR R CENTRO","510.56","361.36",,"0","0","0","0",,,"0","9",,"0","LxA{-251,44}AyL AxL{-553,04}LyA",,"60242","F","X","1","Sin asignar"
"3/2/2026 5:11 PM","SB36-SHK MBLE INF COC 1 FRENTE FALSO 2 PUERTA CARB2","H","DOOR R LISTON H","125.04","333.36",,"2","2","0","0",,,"1","18",,"0","AxL{-581,04}LyA",,"60241","C","C","1","Frente"
"3/2/2026 5:11 PM","SB36-SHK MBLE INF COC 1 FRENTE FALSO 2 PUERTA CARB2","P","BACKING","760","898.4",,"0","0",,,,,"0","4",,"0","LxA{-2}AyL AxL{-16}LyA",,"60240","FS","X","1",
"3/2/2026 5:11 PM","SB36-SHK MBLE INF COC 1 FRENTE FALSO 2 PUERTA CARB2","M","FRENTE LISTON V","152.4","125.04",,"2","0",,,,,"1","18",,"0",,,"60239","C","C","1","Frente"
"3/2/2026 5:11 PM","SB36-SHK MBLE INF COC 1 FRENTE FALSO 2 PUERTA CARB2","G","DOOR R LISTON V","603.2","125.04",,"2","0",,,,,"1","18",,"0","LxA{-158,8}AyL",,"60238","C","C","1","Frente"
"3/2/2026 5:11 PM","SB36-SHK MBLE INF COC 1 FRENTE FALSO 2 PUERTA CARB2","D","RAIL DEL","884.4","177.8",,"2","0",,,,,"0.45","15",,"0","LxL{-30}LyL","Enchape color","60237","P","C","1","Caja"
"3/2/2026 5:11 PM","SB36-SHK MBLE INF COC 1 FRENTE FALSO 2 PUERTA CARB2","C","SIDE L - R19L","762","609.6",,"2","2",,,,,"0.45","15",,"0","LxA{0}AyL AxP{0}PyA",,"60236","B","C","1","Caja"
"3/2/2026 5:10 PM","SB36-SHK MBLE INF COC 1 FRENTE FALSO 2 PUERTA CARB2","B","SIDE R - R19L","762","609.6",,"2","2",,,,,"0.45","15",,"0","LxA{0}AyL AxP{0}PyA",,"60235","B","C","1","Caja"
"3/2/2026 5:10 PM","SB36-SHK MBLE INF COC 1 FRENTE FALSO 2 PUERTA CARB2","A","BASE","884.4","585.6",,"2","0",,,,,"0.45","15",,"0","LxL{-30}LyL AxP{-24}PyA",,"60234","B","C","1","Caja"
"3/2/2026 5:10 PM","SB36-SHK MBLE INF COC 1 FRENTE FALSO 2 PUERTA CARB2","F","RAIL TRAS","884.4","80",,"0","0","2",,,,"0.45","15",,"0","LxL{-30}LyL",,"60233","P","P","1","Caja"
"3/2/2026 5:10 PM","SB36-SHK MBLE INF COC 1 FRENTE FALSO 2 PUERTA CARB2","E","RAIL TRAS","884.4","80",,"0","0","2",,,,"0.45","15",,"0","LxL{-30}LyL",,"60232","P","P","1","Caja"
"3/2/2026 5:08 PM","SV30-SHK MBLE INF BAÑO 1 FRENTE FALSO 2 PUERTA CARB2","L","DOOR L CENTRO","510.56","285.16",,"0","0","0","0",,,"0","9",,"0","LxA{-251,44}AyL AxL{-476,84}LyA",,"60231","F","X","1","Sin asignar"
"3/2/2026 5:08 PM","SV30-SHK MBLE INF BAÑO 1 FRENTE FALSO 2 PUERTA CARB2","K","DOOR L LISTON H","125.04","257.16",,"2","2","0","0",,,"1","18",,"0","AxL{-504,84}LyA",,"60230","C","C","1","Frente"
"3/2/2026 5:08 PM","SV30-SHK MBLE INF BAÑO 1 FRENTE FALSO 2 PUERTA CARB2","J","DOOR L LISTON V","603.2","125.04",,"2","0","0","0",,,"1","18",,"0","LxA{-158,8}AyL",,"60229","C","C","1","Frente"
"3/2/2026 5:08 PM","SV30-SHK MBLE INF BAÑO 1 FRENTE FALSO 2 PUERTA CARB2","O","FRENTE CENTRO","104.2","666.16",,"0","0","0","0",,,"0","9",,"0","LxA{-657,8}AyL AxL{-95,84}LyA",,"60228","F","X","1","Sin asignar"
"3/2/2026 5:08 PM","SV30-SHK MBLE INF BAÑO 1 FRENTE FALSO 2 PUERTA CARB2","N","FRENTE LISTON H","80.6","638.16",,"2","2","0","0",,,"1","18",,"0","AxL{-123,84}LyA",,"60227","C","C","1","Frente"
"3/2/2026 5:08 PM","SV30-SHK MBLE INF BAÑO 1 FRENTE FALSO 2 PUERTA CARB2","I","DOOR R CENTRO","510.56","285.16",,"0","0","0","0",,,"0","9",,"0","LxA{-251,44}AyL AxL{-476,84}LyA",,"60226","F","X","1","Sin asignar"
"3/2/2026 5:08 PM","SV30-SHK MBLE INF BAÑO 1 FRENTE FALSO 2 PUERTA CARB2","H","DOOR R LISTON H","125.04","257.16",,"2","2","0","0",,,"1","18",,"0","AxL{-504,84}LyA",,"60225","C","C","1","Frente"
"3/2/2026 5:08 PM","SV30-SHK MBLE INF BAÑO 1 FRENTE FALSO 2 PUERTA CARB2","P","BACKING","760","746",,"0","0",,,,,"0","4",,"0","LxA{-2}AyL AxL{-16}LyA",,"60224","FS","X","1",
"3/2/2026 5:08 PM","SV30-SHK MBLE INF BAÑO 1 FRENTE FALSO 2 PUERTA CARB2","M","FRENTE LISTON V","152.4","125.04",,"2","0",,,,,"1","18",,"0",,,"60223","C","C","1","Frente"
"3/2/2026 5:08 PM","SV30-SHK MBLE INF BAÑO 1 FRENTE FALSO 2 PUERTA CARB2","G","DOOR R LISTON V","603.2","125.04",,"2","0",,,,,"1","18",,"0","LxA{-158,8}AyL",,"60222","C","C","1","Frente"
"3/2/2026 5:08 PM","SV30-SHK MBLE INF BAÑO 1 FRENTE FALSO 2 PUERTA CARB2","D","RAIL DEL","732","177.8",,"2","0",,,,,"0.45","15",,"0","LxL{-30}LyL","Enchape color","60221","P","C","1","Caja"
"3/2/2026 5:08 PM","SV30-SHK MBLE INF BAÑO 1 FRENTE FALSO 2 PUERTA CARB2","C","SIDE L - R19L","762","533.4",,"2","2",,,,,"0.45","15",,"0","LxA{0}AyL AxP{0}PyA",,"60220","B","C","1","Caja"
"3/2/2026 5:08 PM","SV30-SHK MBLE INF BAÑO 1 FRENTE FALSO 2 PUERTA CARB2","B","SIDE R - R19L","762","533.4",,"2","2",,,,,"0.45","15",,"0","LxA{0}AyL AxP{0}PyA",,"60219","B","C","1","Caja"
"3/2/2026 5:08 PM","SV30-SHK MBLE INF BAÑO 1 FRENTE FALSO 2 PUERTA CARB2","A","BASE","732","509.4",,"2","0",,,,,"0.45","15",,"0","LxL{-30}LyL AxP{-24}PyA",,"60218","B","C","1","Caja"
"3/2/2026 5:08 PM","SV30-SHK MBLE INF BAÑO 1 FRENTE FALSO 2 PUERTA CARB2","F","RAIL TRAS","732","80",,"0","0","2",,,,"0.45","15",,"0","LxL{-30}LyL",,"60217","P","P","1","Caja"
"3/2/2026 5:07 PM","SV30-SHK MBLE INF BAÑO 1 FRENTE FALSO 2 PUERTA CARB2","E","RAIL TRAS","732","80",,"0","0","2",,,,"0.45","15",,"0","LxL{-30}LyL",,"60216","P","P","1","Caja"
"3/2/2026 5:03 PM","SV33-SHK MBLE INF BAÑO 1 FRENTE FALSO 2 PUERTA CARB2","L","DOOR L CENTRO","510.56","323.26",,"0","0","0","0",,,"0","9",,"0","LxA{-251,44}AyL AxL{-514,94}LyA",,"60215","F","X","1","Sin asignar"
"3/2/2026 5:03 PM","SV33-SHK MBLE INF BAÑO 1 FRENTE FALSO 2 PUERTA CARB2","K","DOOR L LISTON H","125.04","295.26",,"2","2","0","0",,,"1","18",,"0","AxL{-542,94}LyA",,"60214","C","C","1","Frente"
"3/2/2026 5:03 PM","SV33-SHK MBLE INF BAÑO 1 FRENTE FALSO 2 PUERTA CARB2","J","DOOR L LISTON V","603.2","125.04",,"2","0","0","0",,,"1","18",,"0","LxA{-158,8}AyL",,"60213","C","C","1","Frente"
"3/2/2026 5:03 PM","SV33-SHK MBLE INF BAÑO 1 FRENTE FALSO 2 PUERTA CARB2","O","FRENTE CENTRO","104.2","742.36",,"0","0","0","0",,,"0","9",,"0","LxA{-657,8}AyL AxL{-95,84}LyA",,"60212","F","X","1","Sin asignar"
"3/2/2026 5:03 PM","SV33-SHK MBLE INF BAÑO 1 FRENTE FALSO 2 PUERTA CARB2","N","FRENTE LISTON H","80.6","714.36",,"2","2","0","0",,,"1","18",,"0","AxL{-123,84}LyA",,"60211","C","C","1","Frente"
"3/2/2026 5:03 PM","SV33-SHK MBLE INF BAÑO 1 FRENTE FALSO 2 PUERTA CARB2","I","DOOR R CENTRO","510.56","323.26",,"0","0","0","0",,,"0","9",,"0","LxA{-251,44}AyL AxL{-514,94}LyA",,"60210","F","X","1","Sin asignar"
"3/2/2026 5:03 PM","SV33-SHK MBLE INF BAÑO 1 FRENTE FALSO 2 PUERTA CARB2","H","DOOR R LISTON H","125.04","295.26",,"2","2","0","0",,,"1","18",,"0","AxL{-542,94}LyA",,"60209","C","C","1","Frente"
"3/2/2026 5:03 PM","SV33-SHK MBLE INF BAÑO 1 FRENTE FALSO 2 PUERTA CARB2","P","BACKING","760","822.2",,"0","0",,,,,"0","4",,"0","LxA{-2}AyL AxL{-16}LyA",,"60208","FS","X","1",
"3/2/2026 5:03 PM","SV33-SHK MBLE INF BAÑO 1 FRENTE FALSO 2 PUERTA CARB2","M","FRENTE LISTON V","152.4","125.04",,"2","0",,,,,"1","18",,"0",,,"60207","C","C","1","Frente"
"3/2/2026 5:03 PM","SV33-SHK MBLE INF BAÑO 1 FRENTE FALSO 2 PUERTA CARB2","G","DOOR R LISTON V","603.2","125.04",,"2","0",,,,,"1","18",,"0","LxA{-158,8}AyL",,"60206","C","C","1","Frente"
"3/2/2026 5:03 PM","SV33-SHK MBLE INF BAÑO 1 FRENTE FALSO 2 PUERTA CARB2","D","RAIL DEL","808.2","177.8",,"2","0",,,,,"0.45","15",,"0","LxL{-30}LyL","Enchape color","60205","P","C","1","Caja"
"3/2/2026 5:03 PM","SV33-SHK MBLE INF BAÑO 1 FRENTE FALSO 2 PUERTA CARB2","C","SIDE L - R19L","762","533.4",,"2","2",,,,,"0.45","15",,"0","LxA{0}AyL AxP{0}PyA",,"60204","B","C","1","Caja"
"3/2/2026 5:03 PM","SV33-SHK MBLE INF BAÑO 1 FRENTE FALSO 2 PUERTA CARB2","B","SIDE R - R19L","762","533.4",,"2","2",,,,,"0.45","15",,"0","LxA{0}AyL AxP{0}PyA",,"60203","B","C","1","Caja"
"3/2/2026 5:03 PM","SV33-SHK MBLE INF BAÑO 1 FRENTE FALSO 2 PUERTA CARB2","A","BASE","808.2","509.4",,"2","0",,,,,"0.45","15",,"0","LxL{-30}LyL AxP{-24}PyA",,"60202","B","C","1","Caja"
"3/2/2026 5:03 PM","SV33-SHK MBLE INF BAÑO 1 FRENTE FALSO 2 PUERTA CARB2","F","RAIL TRAS","808.2","80",,"0","0","2",,,,"0.45","15",,"0","LxL{-30}LyL",,"60201","P","P","1","Caja"
"3/2/2026 5:03 PM","SV33-SHK MBLE INF BAÑO 1 FRENTE FALSO 2 PUERTA CARB2","E","RAIL TRAS","808.2","80",,"0","0","2",,,,"0.45","15",,"0","LxL{-30}LyL",,"60200","P","P","1","Caja"
"3/2/2026 4:54 PM","SV36-SHK MBLE INF BAÑO 1 FRENTE FALSO 2 PUERTA CARB2","L","DOOR L CENTRO","510.56","361.36",,"0","0","0","0",,,"0","9",,"0","LxA{-251,44}AyL AxL{-553,04}LyA",,"60199","F","X","1","Sin asignar"
"3/2/2026 4:54 PM","SV36-SHK MBLE INF BAÑO 1 FRENTE FALSO 2 PUERTA CARB2","K","DOOR L LISTON H","125.04","333.36",,"2","2","0","0",,,"1","18",,"0","AxL{-581,04}LyA",,"60198","C","C","1","Frente"
"3/2/2026 4:54 PM","SV36-SHK MBLE INF BAÑO 1 FRENTE FALSO 2 PUERTA CARB2","J","DOOR L LISTON V","603.2","125.04",,"2","0","0","0",,,"1","18",,"0","LxA{-158,8}AyL",,"60197","C","C","1","Frente"
"3/2/2026 4:54 PM","SV36-SHK MBLE INF BAÑO 1 FRENTE FALSO 2 PUERTA CARB2","O","FRENTE CENTRO","104.2","818.56",,"0","0","0","0",,,"0","9",,"0","LxA{-657,8}AyL AxL{-95,84}LyA",,"60196","F","X","1","Sin asignar"
"3/2/2026 4:54 PM","SV36-SHK MBLE INF BAÑO 1 FRENTE FALSO 2 PUERTA CARB2","N","FRENTE LISTON H","80.6","790.56",,"2","2","0","0",,,"1","18",,"0","AxL{-123,84}LyA",,"60195","C","C","1","Frente"
"3/2/2026 4:54 PM","SV36-SHK MBLE INF BAÑO 1 FRENTE FALSO 2 PUERTA CARB2","I","DOOR R CENTRO","510.56","361.36",,"0","0","0","0",,,"0","9",,"0","LxA{-251,44}AyL AxL{-553,04}LyA",,"60194","F","X","1","Sin asignar"
"3/2/2026 4:54 PM","SV36-SHK MBLE INF BAÑO 1 FRENTE FALSO 2 PUERTA CARB2","H","DOOR R LISTON H","125.04","333.36",,"2","2","0","0",,,"1","18",,"0","AxL{-581,04}LyA",,"60193","C","C","1","Frente"
"3/2/2026 4:54 PM","SV36-SHK MBLE INF BAÑO 1 FRENTE FALSO 2 PUERTA CARB2","P","BACKING","760","898.4",,"0","0",,,,,"0","4",,"0","LxA{-2}AyL AxL{-16}LyA",,"60192","FS","X","1",
"3/2/2026 4:54 PM","SV36-SHK MBLE INF BAÑO 1 FRENTE FALSO 2 PUERTA CARB2","M","FRENTE LISTON V","152.4","125.04",,"2","0",,,,,"1","18",,"0",,,"60191","C","C","1","Frente"
"3/2/2026 4:54 PM","SV36-SHK MBLE INF BAÑO 1 FRENTE FALSO 2 PUERTA CARB2","D","RAIL DEL","884.4","177.8",,"2","0",,,,,"0.45","15",,"0","LxL{-30}LyL","Enchape color","60189","P","C","1","Caja"
"3/2/2026 4:54 PM","SV36-SHK MBLE INF BAÑO 1 FRENTE FALSO 2 PUERTA CARB2","G","DOOR R LISTON V","603.2","125.04",,"2","0",,,,,"1","18",,"0","LxA{-158,8}AyL",,"60190","C","C","1","Frente"
"3/2/2026 4:54 PM","SV36-SHK MBLE INF BAÑO 1 FRENTE FALSO 2 PUERTA CARB2","C","SIDE L - R19L","762","533.4",,"2","2",,,,,"0.45","15",,"0","LxA{0}AyL AxP{0}PyA",,"60188","B","C","1","Caja"
"3/2/2026 4:54 PM","SV36-SHK MBLE INF BAÑO 1 FRENTE FALSO 2 PUERTA CARB2","B","SIDE R - R19L","762","533.4",,"2","2",,,,,"0.45","15",,"0","LxA{0}AyL AxP{0}PyA",,"60187","B","C","1","Caja"
"3/2/2026 4:54 PM","SV36-SHK MBLE INF BAÑO 1 FRENTE FALSO 2 PUERTA CARB2","A","BASE","884.4","509.4",,"2","0",,,,,"0.45","15",,"0","LxL{-30}LyL AxP{-24}PyA",,"60186","B","C","1","Caja"
"3/2/2026 4:54 PM","SV36-SHK MBLE INF BAÑO 1 FRENTE FALSO 2 PUERTA CARB2","F","RAIL TRAS","884.4","80",,"0","0","2",,,,"0.45","15",,"0","LxL{-30}LyL",,"60185","P","P","1","Caja"
"3/2/2026 4:54 PM","SV36-SHK MBLE INF BAÑO 1 FRENTE FALSO 2 PUERTA CARB2","E","RAIL TRAS","884.4","80",,"0","0","2",,,,"0.45","15",,"0","LxL{-30}LyL",,"60184","P","P","1","Caja"
"3/2/2026 4:15 PM","BFD27 MBLE INF COC 2 PUERTAS 1 ENTREPAÑO CARB2","J","BACKING","760","669.8",,"0","0","0","0",,,"0","6",,"0","LxA{-2}AyL AxL{-16}LyA",,"60163","F","X","1",
"3/2/2026 4:15 PM","BFD27 MBLE INF COC 2 PUERTAS 1 ENTREPAÑO CARB2","I","DOOR L","758.8","339.7",,"2","2","0","0",,,"1","18",,"0","LxA{-3,2}AyL AxL[0,495333]LyA",,"60162","C","C","1","Frente"
"3/2/2026 4:15 PM","BFD27 MBLE INF COC 2 PUERTAS 1 ENTREPAÑO CARB2","H","DOOR R","758.8","339.7",,"2","2","0","0",,,"1","18",,"0","LxA{-3,2}AyL AxL[0,495333]LyA",,"60161","C","C","1","Frente"
"3/2/2026 4:15 PM","BFD27 MBLE INF COC 2 PUERTAS 1 ENTREPAÑO CARB2","G","SHELF 0","654.8","558.8",,"0","0","2","2",,,"0.45","15",,"0","LxL{-31}LyL",,"60160","P","P","1","Caja"
"3/2/2026 4:15 PM","BFD27 MBLE INF COC 2 PUERTAS 1 ENTREPAÑO CARB2","F","RAIL TRASERO","655.8","80",,"0","0","2","0",,,"0.45","15",,"0","LxL{-30}LyL",,"60159","P","P","1","Caja"
"3/2/2026 4:15 PM","BFD27 MBLE INF COC 2 PUERTAS 1 ENTREPAÑO CARB2","E","RAIL TRASERO","655.8","80",,"0","0","2","0",,,"0.45","15",,"0","LxL{-30}LyL",,"60158","P","P","1","Caja"
"3/2/2026 4:15 PM","BFD27 MBLE INF COC 2 PUERTAS 1 ENTREPAÑO CARB2","D","RAIL DELANTERO","655.8","80",,"2","0","0","0",,,"0.45","15",,"0","LxL{-30}LyL",,"60157","B","C","1","Caja"
"3/2/2026 4:15 PM","BFD27 MBLE INF COC 2 PUERTAS 1 ENTREPAÑO CARB2","C","SIDE L - R17L","762","609.6",,"2","2","0","0",,,"0.45","15",,"0","LxA{0}AyL AxP{0}PyA",,"60156","B","C","1","Caja"
"3/2/2026 4:15 PM","BFD27 MBLE INF COC 2 PUERTAS 1 ENTREPAÑO CARB2","B","SIDE R - R17L","762","609.6",,"2","2","0","0",,,"0.45","15",,"0","LxA{0}AyL AxP{0}PyA",,"60155","B","C","1","Caja"
"3/2/2026 4:15 PM","BFD27 MBLE INF COC 2 PUERTAS 1 ENTREPAÑO CARB2","A","BASE","655.8","585.6",,"2","0","0","0",,,"0.45","15",,"0","LxL{-30}LyL AxP{-24}PyA",,"60154","B","C","1","Caja"
"3/2/2026 3:00 PM","W3630-SHK MBLE SUP COC 2 PUERTAS 2 ENTREPAÑOS CARB2","G","SHELF","883.4","266.7",,"2","2","0","0",,,"0.45","15",,"0","LxL{-31}LyL",,"60134","P","P","1","Caja"
"3/2/2026 3:00 PM","W3630-SHK MBLE SUP COC 2 PUERTAS 2 ENTREPAÑOS CARB2","G","SHELF","883.4","266.7",,"2","2","0","0",,,"0.45","15",,"0","LxL{-31}LyL",,"60133","P","P","1","Caja"
"3/2/2026 3:00 PM","W3630-SHK MBLE SUP COC 2 PUERTAS 2 ENTREPAÑOS CARB2","N","DOOR L CENTRO","666.16","361.36",,"0","0","0","0",,,"0","9",,"0","LxA{-95,84}AyL AxL{-553,04}LyA",,"60132","F","X","1","Sin asignar"
"3/2/2026 3:00 PM","W3630-SHK MBLE SUP COC 2 PUERTAS 2 ENTREPAÑOS CARB2","M","DOOR L LISTON H","125.04","333.36",,"2","2","0","0",,,"1","18",,"0","AxL{-581,04}LyA",,"60131","C","C","1","Frente"
"3/2/2026 3:00 PM","W3630-SHK MBLE SUP COC 2 PUERTAS 2 ENTREPAÑOS CARB2","K","DOOR R CENTRO","666.16","361.36",,"0","0","0","0",,,"0","9",,"0","LxA{-95,84}AyL AxL{-553,04}LyA",,"60130","F","X","1",
"3/2/2026 3:00 PM","W3630-SHK MBLE SUP COC 2 PUERTAS 2 ENTREPAÑOS CARB2","J","DOOR R LISTON H","125.04","333.36",,"2","2","0","0",,,"1","18",,"0","AxL{-581,04}LyA",,"60129","C","C","1","Frente"
"3/2/2026 3:00 PM","W3630-SHK MBLE SUP COC 2 PUERTAS 2 ENTREPAÑOS CARB2","L","DOOR L LISTON V","758.8","125.04",,"2","0",,,,,"1","18",,"0","LxA{-3,2}AyL",,"60128","C","C","1","Frente"
"3/2/2026 3:00 PM","W3630-SHK MBLE SUP COC 2 PUERTAS 2 ENTREPAÑOS CARB2","O","BACKING","746","898.4",,"0","0","0","0",,,"0","4",,"0","LxA{-16}AyL AxL{-16}LyA",,"60127","FS","X","1",
"3/2/2026 3:00 PM","W3630-SHK MBLE SUP COC 2 PUERTAS 2 ENTREPAÑOS CARB2","I","DOOR R LISTON V","758.8","125.04",,"2","0","0","0",,,"1","18",,"0","LxA{-3,2}AyL",,"60126","C","C","1","Frente"
"3/2/2026 3:00 PM","W3630-SHK MBLE SUP COC 2 PUERTAS 2 ENTREPAÑOS CARB2","F","RAIL TRASERO","884.4","80",,"0","0","2","0",,,"0.45","15",,"0","LxL{-30}LyL",,"60125","P","P","1","Caja"
"3/2/2026 3:00 PM","W3630-SHK MBLE SUP COC 2 PUERTAS 2 ENTREPAÑOS CARB2","E","RAIL TRASERO","884.4","80",,"0","0","2","0",,,"0.45","15",,"0","LxL{-30}LyL",,"60124","P","P","1","Caja"
"3/2/2026 3:00 PM","W3630-SHK MBLE SUP COC 2 PUERTAS 2 ENTREPAÑOS CARB2","D","SIDE L - R18L","762","304.8",,"2","2","0","0",,,"0.45","15",,"0","LxA{0}AyL AxP{0}PyA",,"60123","B","C","1","Caja"
"3/2/2026 3:00 PM","W3630-SHK MBLE SUP COC 2 PUERTAS 2 ENTREPAÑOS CARB2","C","SIDE R - R18L","762","304.8",,"2","2","0","0",,,"0.45","15",,"0","LxA{0}AyL AxP{0}PyA",,"60122","B","C","1","Caja"
"3/2/2026 3:00 PM","W3630-SHK MBLE SUP COC 2 PUERTAS 2 ENTREPAÑOS CARB2","B","TAPA - R18L","884.4","304.8",,"2","0","0","0",,,"0.45","15",,"0","LxL{-30}LyL AxP{0}PyA",,"60121","B","C","1","Caja"
"3/2/2026 3:00 PM","W3630-SHK MBLE SUP COC 2 PUERTAS 2 ENTREPAÑOS CARB2","A","BASE - R18L","884.4","304.8",,"2","0","0","0",,,"0.45","15",,"0","LxL{-30}LyL AxP{0}PyA",,"60120","B","C","1","Caja"
"3/2/2026 2:33 PM","W3012-SHK MBLE SUP COC 2 PUERTAS CARB2","N","DOOR L CENTRO","208.96","285.16",,"0","0","0","0",,,"0","9",,"0","LxA{-95,84}AyL AxL{-476,84}LyA",,"60119","F","X","1","Sin asignar"
"3/2/2026 2:33 PM","W3012-SHK MBLE SUP COC 2 PUERTAS CARB2","M","DOOR L LISTON H","125.04","257.16",,"2","2","0","0",,,"1","18",,"0","AxL{-504,84}LyA",,"60118","C","C","1","Frente"
"3/2/2026 2:33 PM","W3012-SHK MBLE SUP COC 2 PUERTAS CARB2","K","DOOR R CENTRO","208.96","285.16",,"0","0","0","0",,,"0","9",,"0","LxA{-95,84}AyL AxL{-476,84}LyA",,"60117","F","X","1",
"3/2/2026 2:33 PM","W3012-SHK MBLE SUP COC 2 PUERTAS CARB2","J","DOOR R LISTON H","125.04","257.16",,"2","2","0","0",,,"1","18",,"0","AxL{-504,84}LyA",,"60116","C","C","1","Frente"
"3/2/2026 2:33 PM","W3012-SHK MBLE SUP COC 2 PUERTAS CARB2","L","DOOR L LISTON V","301.6","125.04",,"2","0",,,,,"1","18",,"0","LxA{-3,2}AyL",,"60115","C","C","1","Frente"
"3/2/2026 2:33 PM","W3012-SHK MBLE SUP COC 2 PUERTAS CARB2","O","BACKING","288.8","746",,"0","0","0","0",,,"0","4",,"0","LxA{-16}AyL AxL{-16}LyA",,"60114","FS","X","1",
"3/2/2026 2:33 PM","W3012-SHK MBLE SUP COC 2 PUERTAS CARB2","I","DOOR R LISTON V","301.6","125.04",,"2","0","0","0",,,"1","18",,"0","LxA{-3,2}AyL",,"60113","C","C","1","Frente"
"3/2/2026 2:33 PM","W3012-SHK MBLE SUP COC 2 PUERTAS CARB2","F","RAIL TRASERO","732","80",,"0","0","2","0",,,"0.45","15",,"0","LxL{-30}LyL",,"60112","P","P","1","Caja"
"3/2/2026 2:33 PM","W3012-SHK MBLE SUP COC 2 PUERTAS CARB2","E","RAIL TRASERO","732","80",,"0","0","2","0",,,"0.45","15",,"0","LxL{-30}LyL",,"60111","P","P","1","Caja"
"3/2/2026 2:32 PM","W3012-SHK MBLE SUP COC 2 PUERTAS CARB2","D","SIDE L - R18L","304.8","304.8",,"2","2","0","0",,,"0.45","15",,"0","LxA{0}AyL AxP{0}PyA",,"60110","B","C","1","Caja"
"3/2/2026 2:32 PM","W3012-SHK MBLE SUP COC 2 PUERTAS CARB2","C","SIDE R - R18L","304.8","304.8",,"2","2","0","0",,,"0.45","15",,"0","LxA{0}AyL AxP{0}PyA",,"60109","B","C","1","Caja"
"3/2/2026 2:32 PM","W3012-SHK MBLE SUP COC 2 PUERTAS CARB2","B","TAPA - R18L","732","304.8",,"2","0","0","0",,,"0.45","15",,"0","LxL{-30}LyL AxP{0}PyA",,"60108","B","C","1","Caja"
"3/2/2026 2:32 PM","W3012-SHK MBLE SUP COC 2 PUERTAS CARB2","A","BASE - R18L","732","304.8",,"2","0","0","0",,,"0.45","15",,"0","LxL{-30}LyL AxP{0}PyA",,"60107","B","C","1","Caja"
"2/23/2026 10:44 AM","HRJ SVFD42-S18MM-D DER MBLE INF LVP 2 PUERTAS","N","FILLER","743.6","80",,"2","2","0","0",,,"1","18",,"0","LxA{0}AyL",,"59728","B","C","1","Frente"
"2/23/2026 10:44 AM","HRJ SVFD42-S18MM-D DER MBLE INF LVP 2 PUERTAS","K","ENTREPAÑO","202","512",,"2","0","0","0",,,"1","18",,"0","AxP{-18}PyA",,"59727","B","C","1","Caja"
"2/23/2026 10:44 AM","HRJ SVFD42-S18MM-D DER MBLE INF LVP 2 PUERTAS","J","ENTREPAÑO","202","512",,"2","0","0","0",,,"1","18",,"0","AxP{-18}PyA",,"59726","B","C","1","Caja"
"2/23/2026 10:44 AM","HRJ SVFD42-S18MM-D DER MBLE INF LVP 2 PUERTAS","D","DIVISION","725.6","512",,"2","2","0","0",,,"1","18",,"0","LxA{-18}AyL AxP{-18}PyA",,"59725","B","C","1","Caja"
"2/23/2026 10:44 AM","HRJ SVFD42-S18MM-D DER MBLE INF LVP 2 PUERTAS","G","REF DEL H","202","80",,"2","2","0","0",,,"1","18",,"0",,,"59724","C","C","1","Frente"
"2/23/2026 10:44 AM","HRJ SVFD42-S18MM-D DER MBLE INF LVP 2 PUERTAS","F","GOLA","770.8","80",,"2","0","0","0",,,"1","18",,"0","LxL{-296}LyL",,"59723","B","C","1","Caja"
"2/23/2026 10:44 AM","HRJ SVFD42-S18MM-D DER MBLE INF LVP 2 PUERTAS","I","RAIL TRASERO","990.8","80",,"0","0","2","0",,,"1","18",,"0","LxL{-76}LyL",,"59722","P","C","1","Caja"
"2/23/2026 10:44 AM","HRJ SVFD42-S18MM-D DER MBLE INF LVP 2 PUERTAS","H","RAIL TRASERO","990.8","80",,"0","0","2","0",,,"1","18",,"0","LxL{-76}LyL",,"59721","P","C","1","Caja"
"2/23/2026 10:43 AM","HRJ SVFD42-S18MM-D DER MBLE INF LVP 2 PUERTAS","E","RAIL DELANTERO","770.8","80",,"2","0","0","0",,,"1","18",,"0","LxL{-296}LyL",,"59720","B","C","1","Caja"
"2/23/2026 10:43 AM","HRJ SVFD42-S18MM-D DER MBLE INF LVP 2 PUERTAS","B","SIDE R","743.6","530",,"2","2","0","0",,,"1","18",,"0","LxA{0}AyL AxP{0}PyA",,"59719","B","C","1","Caja"
"2/23/2026 10:43 AM","HRJ SVFD42-S18MM-D DER MBLE INF LVP 2 PUERTAS","A","BASE","990.8","530",,"2","0","0","0",,,"1","18",,"0","LxL{-76}LyL AxP{0}PyA",,"59718","B","C","1","Caja"
"2/23/2026 10:43 AM","HRJ SVFD42-S18MM-D DER MBLE INF LVP 2 PUERTAS","M","DOOR L","708.6","400.2",,"2","2","0","0",,,"1","18",,"0","LxA{-35}AyL",,"59717","C","C","1","Frente"
"2/23/2026 10:43 AM","HRJ SVFD42-S18MM-D DER MBLE INF LVP 2 PUERTAS","L","DOOR R","708.6","400.2",,"2","2","0","0",,,"1","18",,"0","LxA{-35}AyL",,"59716","C","C","1","Frente"
"2/23/2026 10:43 AM","HRJ SVFD42-S18MM-D DER MBLE INF LVP 2 PUERTAS","C","SIDE L","743.6","530",,"2","2","0","0",,,"1","18",,"0","LxA{0}AyL AxP{0}PyA",,"59715","B","C","1","Caja"
"2/23/2026 10:41 AM","HRJ SVFD42-S18MM-L IZQ MBLE INF LVP 2 PUERTAS","N","FILLER","743.6","80",,"2","2","0","0",,,"1","18",,"0","LxA{0}AyL",,"59714","B","C","1","Frente"
"2/23/2026 10:41 AM","HRJ SVFD42-S18MM-L IZQ MBLE INF LVP 2 PUERTAS","K","ENTREPAÑO","202","512",,"2","0","0","0",,,"1","18",,"0","AxP{-18}PyA",,"59713","B","C","1","Caja"
"2/23/2026 10:41 AM","HRJ SVFD42-S18MM-L IZQ MBLE INF LVP 2 PUERTAS","J","ENTREPAÑO","202","512",,"2","0","0","0",,,"1","18",,"0","AxP{-18}PyA",,"59712","B","C","1","Caja"
"2/23/2026 10:41 AM","HRJ SVFD42-S18MM-L IZQ MBLE INF LVP 2 PUERTAS","D","DIVISION","725.6","512",,"2","2","0","0",,,"1","18",,"0","LxA{-18}AyL AxP{-18}PyA",,"59711","B","C","1","Caja"
"2/23/2026 10:41 AM","HRJ SVFD42-S18MM-L IZQ MBLE INF LVP 2 PUERTAS","G","REF DEL H","202","80",,"2","2","0","0",,,"1","18",,"0",,,"59710","C","C","1","Frente"
"2/23/2026 10:41 AM","HRJ SVFD42-S18MM-L IZQ MBLE INF LVP 2 PUERTAS","F","GOLA","770.8","80",,"2","0","0","0",,,"1","18",,"0","LxL{-296}LyL",,"59709","B","C","1","Caja"
"2/23/2026 10:41 AM","HRJ SVFD42-S18MM-L IZQ MBLE INF LVP 2 PUERTAS","I","RAIL TRASERO","990.8","80",,"0","0","2","0",,,"1","18",,"0","LxL{-76}LyL",,"59708","P","C","1","Caja"
"2/23/2026 10:41 AM","HRJ SVFD42-S18MM-L IZQ MBLE INF LVP 2 PUERTAS","H","RAIL TRASERO","990.8","80",,"0","0","2","0",,,"1","18",,"0","LxL{-76}LyL",,"59707","P","C","1","Caja"
"2/23/2026 10:41 AM","HRJ SVFD42-S18MM-L IZQ MBLE INF LVP 2 PUERTAS","E","RAIL DELANTERO","770.8","80",,"2","0","0","0",,,"1","18",,"0","LxL{-296}LyL",,"59706","B","C","1","Caja"
"2/23/2026 10:41 AM","HRJ SVFD42-S18MM-L IZQ MBLE INF LVP 2 PUERTAS","B","SIDE R","743.6","530",,"2","2","0","0",,,"1","18",,"0","LxA{0}AyL AxP{0}PyA",,"59705","B","C","1","Caja"
"2/23/2026 10:41 AM","HRJ SVFD42-S18MM-L IZQ MBLE INF LVP 2 PUERTAS","A","BASE","990.8","530",,"2","0","0","0",,,"1","18",,"0","LxL{-76}LyL AxP{0}PyA",,"59704","B","C","1","Caja"
"2/23/2026 10:41 AM","HRJ SVFD42-S18MM-L IZQ MBLE INF LVP 2 PUERTAS","M","DOOR L","708.6","400.2",,"2","2","0","0",,,"1","18",,"0","LxA{-35}AyL",,"59703","C","C","1","Frente"
"2/23/2026 10:41 AM","HRJ SVFD42-S18MM-L IZQ MBLE INF LVP 2 PUERTAS","L","DOOR R","708.6","400.2",,"2","2","0","0",,,"1","18",,"0","LxA{-35}AyL",,"59702","C","C","1","Frente"
"2/23/2026 10:41 AM","HRJ SVFD42-S18MM-L IZQ MBLE INF LVP 2 PUERTAS","C","SIDE L","743.6","530",,"2","2","0","0",,,"1","18",,"0","LxA{0}AyL AxP{0}PyA",,"59701","B","C","1","Caja"
"2/16/2026 3:59 PM","PN25 3/435 1/4 PANEL MBLE","A","PANEL","895.35","654.05",,"2","2","0","0",,,"1","18",,"0","LxA{0}AyL AxP{0}PyA",,"59700","C","C","1","Frente"
"2/16/2026 3:55 PM","PN21 3/433 1/4 PANEL MBLE","A","PANEL","844.55","552.45",,"2","2","0","0",,,"1","18",,"0","LxA{0}AyL AxP{0}PyA",,"59699","C","C","1","Frente"
"2/9/2026 7:59 AM","TABLERO COMPUESTO - PANEL OCULTO DW / PANEL DE RELLENO","B","FILLER","901.7","152.4",,"2","2",,,,,"1","18",,"0",,,"59687","C","C","1",
"2/9/2026 7:59 AM","TABLERO COMPUESTO - PANEL OCULTO DW / PANEL DE RELLENO","A","PANEL","901.7","628.65",,"2","2","0","0",,,"1","18",,"0","LxA{0}AyL AxP{0}PyA",,"59686","C","C","1",
"2/5/2026 10:39 AM","HRJ W3336 MBLE SUP COC 2 PUERTAS 2 ENTREPAÑOS CARB2","J","DOOR L","911.2","415.9",,"2","2",,,,,"1","18",,"0","LxA{-3,2}AyL AxL[0,49618]LyA",,"59647","C","C","1","Frente"
"2/5/2026 10:39 AM","HRJ W3336 MBLE SUP COC 2 PUERTAS 2 ENTREPAÑOS CARB2","K","BACKING","898.4","822.2",,"0","0","0","0",,,"0","6",,"0","LxA{-16}AyL AxL{-16}LyA",,"59646","F","X","1",
"2/5/2026 10:39 AM","HRJ W3336 MBLE SUP COC 2 PUERTAS 2 ENTREPAÑOS CARB2","I","DOOR R","911.2","415.9",,"2","2","0","0",,,"1","18",,"0","LxA{-3,2}AyL AxL[0,49618]LyA",,"59645","C","C","1","Frente"
"2/5/2026 10:39 AM","HRJ W3336 MBLE SUP COC 2 PUERTAS 2 ENTREPAÑOS CARB2","H","SHELF 2","807.2","266.7",,"0","0","2","2",,,"0.45","15",,"0","LxL{-31}LyL",,"59644","P","P","1","Caja"
"2/5/2026 10:39 AM","HRJ W3336 MBLE SUP COC 2 PUERTAS 2 ENTREPAÑOS CARB2","G","SHELF 1","807.2","266.7",,"0","0","2","2",,,"0.45","15",,"0","LxL{-31}LyL",,"59643","P","P","1","Caja"
"2/5/2026 10:39 AM","HRJ W3336 MBLE SUP COC 2 PUERTAS 2 ENTREPAÑOS CARB2","F","RAIL TRASERO","808.2","80",,"0","0","2","0",,,"0.45","15",,"0","LxL{-30}LyL",,"59642","P","P","1","Caja"
"2/5/2026 10:39 AM","HRJ W3336 MBLE SUP COC 2 PUERTAS 2 ENTREPAÑOS CARB2","E","RAIL TRASERO","808.2","80",,"0","0","2","0",,,"0.45","15",,"0","LxL{-30}LyL",,"59641","P","P","1","Caja"
"2/5/2026 10:39 AM","HRJ W3336 MBLE SUP COC 2 PUERTAS 2 ENTREPAÑOS CARB2","D","SIDE L - R16L","914.4","304.8",,"2","2","0","0",,,"0.45","15",,"0","LxA{0}AyL AxP{0}PyA",,"59640","B","C","1","Caja"
"2/5/2026 10:39 AM","HRJ W3336 MBLE SUP COC 2 PUERTAS 2 ENTREPAÑOS CARB2","C","SIDE R - R16L","914.4","304.8",,"2","2","0","0",,,"0.45","15",,"0","LxA{0}AyL AxP{0}PyA",,"59639","B","C","1","Caja"
"2/5/2026 10:39 AM","HRJ W3336 MBLE SUP COC 2 PUERTAS 2 ENTREPAÑOS CARB2","B","TAPA - R16L","808.2","304.8",,"2","0","0","0",,,"0.45","15",,"0","LxL{-30}LyL AxP{0}PyA",,"59638","B","C","1","Caja"
"2/5/2026 10:39 AM","HRJ W3336 MBLE SUP COC 2 PUERTAS 2 ENTREPAÑOS CARB2","A","BASE - R16L","808.2","304.8",,"2","0","0","0",,,"0.45","15",,"0","LxL{-30}LyL AxP{0}PyA",,"59637","B","C","1","Caja"
"2/5/2026 10:29 AM","HRJ W31 1/236 MBLE SUP COC 2 PUERTAS 2 ENTREPAÑOS CARB2","J","DOOR L","911.2","396.85",,"2","2",,,,,"1","18",,"0","LxA{-3,2}AyL AxL[0,496000]LyA",,"59636","C","C","1","Frente"
"2/5/2026 10:29 AM","HRJ W31 1/236 MBLE SUP COC 2 PUERTAS 2 ENTREPAÑOS CARB2","K","BACKING","898.4","784.1",,"0","0","0","0",,,"0","6",,"0","LxA{-16}AyL AxL{-16}LyA",,"59635","F","X","1",
"2/5/2026 10:29 AM","HRJ W31 1/236 MBLE SUP COC 2 PUERTAS 2 ENTREPAÑOS CARB2","I","DOOR R","911.2","396.85",,"2","2","0","0",,,"1","18",,"0","LxA{-3,2}AyL AxL[0,496000]LyA",,"59634","C","C","1","Frente"
"2/5/2026 10:29 AM","HRJ W31 1/236 MBLE SUP COC 2 PUERTAS 2 ENTREPAÑOS CARB2","H","SHELF 2","769.1","266.7",,"0","0","2","2",,,"0.45","15",,"0","LxL{-31}LyL",,"59633","P","P","1","Caja"
"2/5/2026 10:29 AM","HRJ W31 1/236 MBLE SUP COC 2 PUERTAS 2 ENTREPAÑOS CARB2","G","SHELF 1","769.1","266.7",,"0","0","2","2",,,"0.45","15",,"0","LxL{-31}LyL",,"59632","P","P","1","Caja"
"2/5/2026 10:29 AM","HRJ W31 1/236 MBLE SUP COC 2 PUERTAS 2 ENTREPAÑOS CARB2","F","RAIL TRASERO","770.1","80",,"0","0","2","0",,,"0.45","15",,"0","LxL{-30}LyL",,"59631","P","P","1","Caja"
"2/5/2026 10:29 AM","HRJ W31 1/236 MBLE SUP COC 2 PUERTAS 2 ENTREPAÑOS CARB2","E","RAIL TRASERO","770.1","80",,"0","0","2","0",,,"0.45","15",,"0","LxL{-30}LyL",,"59630","P","P","1","Caja"
"2/5/2026 10:29 AM","HRJ W31 1/236 MBLE SUP COC 2 PUERTAS 2 ENTREPAÑOS CARB2","D","SIDE L - R16L","914.4","304.8",,"2","2","0","0",,,"0.45","15",,"0","LxA{0}AyL AxP{0}PyA",,"59629","B","C","1","Caja"
"2/5/2026 10:29 AM","HRJ W31 1/236 MBLE SUP COC 2 PUERTAS 2 ENTREPAÑOS CARB2","C","SIDE R - R16L","914.4","304.8",,"2","2","0","0",,,"0.45","15",,"0","LxA{0}AyL AxP{0}PyA",,"59628","B","C","1","Caja"
"2/5/2026 10:29 AM","HRJ W31 1/236 MBLE SUP COC 2 PUERTAS 2 ENTREPAÑOS CARB2","B","TAPA - R16L","770.1","304.8",,"2","0","0","0",,,"0.45","15",,"0","LxL{-30}LyL AxP{0}PyA",,"59627","B","C","1","Caja"
"2/5/2026 10:29 AM","HRJ W31 1/236 MBLE SUP COC 2 PUERTAS 2 ENTREPAÑOS CARB2","A","BASE - R16L","770.1","304.8",,"2","0","0","0",,,"0.45","15",,"0","LxL{-30}LyL AxP{0}PyA",,"59626","B","C","1","Caja"
"2/5/2026 10:24 AM","HRJ W3036 MBLE SUP COC 2 PUERTAS 2 ENTREPAÑOS CARB2","J","DOOR L","911.2","377.8",,"2","2",,,,,"1","18",,"0","LxA{-3,2}AyL AxL[0,495800]LyA",,"59625","C","C","1","Frente"
"2/5/2026 10:24 AM","HRJ W3036 MBLE SUP COC 2 PUERTAS 2 ENTREPAÑOS CARB2","K","BACKING","898.4","746",,"0","0","0","0",,,"0","6",,"0","LxA{-16}AyL AxL{-16}LyA",,"59624","F","X","1",
"2/5/2026 10:24 AM","HRJ W3036 MBLE SUP COC 2 PUERTAS 2 ENTREPAÑOS CARB2","I","DOOR R","911.2","377.8",,"2","2","0","0",,,"1","18",,"0","LxA{-3,2}AyL AxL[0,495800]LyA",,"59623","C","C","1","Frente"
"2/5/2026 10:24 AM","HRJ W3036 MBLE SUP COC 2 PUERTAS 2 ENTREPAÑOS CARB2","H","SHELF 2","731","266.7",,"0","0","2","2",,,"0.45","15",,"0","LxL{-31}LyL",,"59622","P","P","1","Caja"
"2/5/2026 10:24 AM","HRJ W3036 MBLE SUP COC 2 PUERTAS 2 ENTREPAÑOS CARB2","G","SHELF 1","731","266.7",,"0","0","2","2",,,"0.45","15",,"0","LxL{-31}LyL",,"59621","P","P","1","Caja"
"2/5/2026 10:24 AM","HRJ W3036 MBLE SUP COC 2 PUERTAS 2 ENTREPAÑOS CARB2","F","RAIL TRASERO","732","80",,"0","0","2","0",,,"0.45","15",,"0","LxL{-30}LyL",,"59620","P","P","1","Caja"
"2/5/2026 10:24 AM","HRJ W3036 MBLE SUP COC 2 PUERTAS 2 ENTREPAÑOS CARB2","E","RAIL TRASERO","732","80",,"0","0","2","0",,,"0.45","15",,"0","LxL{-30}LyL",,"59619","P","P","1","Caja"
"2/5/2026 10:24 AM","HRJ W3036 MBLE SUP COC 2 PUERTAS 2 ENTREPAÑOS CARB2","D","SIDE L - R16L","914.4","304.8",,"2","2","0","0",,,"0.45","15",,"0","LxA{0}AyL AxP{0}PyA",,"59618","B","C","1","Caja"
"2/5/2026 10:24 AM","HRJ W3036 MBLE SUP COC 2 PUERTAS 2 ENTREPAÑOS CARB2","C","SIDE R - R16L","914.4","304.8",,"2","2","0","0",,,"0.45","15",,"0","LxA{0}AyL AxP{0}PyA",,"59617","B","C","1","Caja"
"2/5/2026 10:24 AM","HRJ W3036 MBLE SUP COC 2 PUERTAS 2 ENTREPAÑOS CARB2","B","TAPA - R16L","732","304.8",,"2","0","0","0",,,"0.45","15",,"0","LxL{-30}LyL AxP{0}PyA",,"59616","B","C","1","Caja"
"2/5/2026 10:24 AM","HRJ W3036 MBLE SUP COC 2 PUERTAS 2 ENTREPAÑOS CARB2","A","BASE - R16L","732","304.8",,"2","0","0","0",,,"0.45","15",,"0","LxL{-30}LyL AxP{0}PyA",,"59615","B","C","1","Caja"
"2/5/2026 10:17 AM","HRJ W3028 MBLE SUP COC 2 PUERTAS 2 ENTREPAÑOS CARB2","J","DOOR L","708","377.8",,"2","2",,,,,"1","18",,"0","LxA{-3,2}AyL AxL[0,4958]LyA",,"59614","C","C","1","Frente"
"2/5/2026 10:17 AM","HRJ W3028 MBLE SUP COC 2 PUERTAS 2 ENTREPAÑOS CARB2","K","BACKING","695.2","746",,"0","0","0","0",,,"0","6",,"0","LxA{-16}AyL AxL{-16}LyA",,"59613","F","X","1",
"2/5/2026 10:17 AM","HRJ W3028 MBLE SUP COC 2 PUERTAS 2 ENTREPAÑOS CARB2","I","DOOR R","708","377.8",,"2","2","0","0",,,"1","18",,"0","LxA{-3,2}AyL AxL[0,4958]LyA",,"59612","C","C","1","Frente"
"2/5/2026 10:17 AM","HRJ W3028 MBLE SUP COC 2 PUERTAS 2 ENTREPAÑOS CARB2","H","SHELF 2","731","266.7",,"0","0","2","2",,,"0.45","15",,"0","LxL{-31}LyL",,"59611","P","P","1","Caja"
"2/5/2026 10:17 AM","HRJ W3028 MBLE SUP COC 2 PUERTAS 2 ENTREPAÑOS CARB2","G","SHELF 1","731","266.7",,"0","0","2","2",,,"0.45","15",,"0","LxL{-31}LyL",,"59610","P","P","1","Caja"
"2/5/2026 10:17 AM","HRJ W3028 MBLE SUP COC 2 PUERTAS 2 ENTREPAÑOS CARB2","F","RAIL TRASERO","732","80",,"0","0","2","0",,,"0.45","15",,"0","LxL{-30}LyL",,"59609","P","P","1","Caja"
"2/5/2026 10:17 AM","HRJ W3028 MBLE SUP COC 2 PUERTAS 2 ENTREPAÑOS CARB2","E","RAIL TRASERO","732","80",,"0","0","2","0",,,"0.45","15",,"0","LxL{-30}LyL",,"59608","P","P","1","Caja"
"2/5/2026 10:17 AM","HRJ W3028 MBLE SUP COC 2 PUERTAS 2 ENTREPAÑOS CARB2","D","SIDE L - R16L","711.2","304.8",,"2","2","0","0",,,"0.45","15",,"0","LxA{0}AyL AxP{0}PyA",,"59607","B","C","1","Caja"
"2/5/2026 10:17 AM","HRJ W3028 MBLE SUP COC 2 PUERTAS 2 ENTREPAÑOS CARB2","C","SIDE R - R16L","711.2","304.8",,"2","2","0","0",,,"0.45","15",,"0","LxA{0}AyL AxP{0}PyA",,"59606","B","C","1","Caja"
"2/5/2026 10:17 AM","HRJ W3028 MBLE SUP COC 2 PUERTAS 2 ENTREPAÑOS CARB2","B","TAPA - R16L","732","304.8",,"2","0","0","0",,,"0.45","15",,"0","LxL{-30}LyL AxP{0}PyA",,"59605","B","C","1","Caja"
"2/5/2026 10:17 AM","HRJ W3028 MBLE SUP COC 2 PUERTAS 2 ENTREPAÑOS CARB2","A","BASE - R16L","732","304.8",,"2","0","0","0",,,"0.45","15",,"0","LxL{-30}LyL AxP{0}PyA",,"59604","B","C","1","Caja"
"2/5/2026 10:05 AM","HRJ W3019 MBLE SUP COC 2 PUERTAS 1 ENTREPAÑO CARB2","J","BACKING","466.6","746",,"0","0","0","0",,,"0","6",,"0","LxA{-16}AyL AxL{-16}LyA",,"59593","F","X","1",
"2/5/2026 10:05 AM","HRJ W3019 MBLE SUP COC 2 PUERTAS 1 ENTREPAÑO CARB2","I","DOOR L","479.4","377.8",,"2","2","0","0",,,"1","18",,"0","LxA{-3,2}AyL AxL[0,4958]LyA",,"59592","C","C","1","Frente"
"2/5/2026 10:05 AM","HRJ W3019 MBLE SUP COC 2 PUERTAS 1 ENTREPAÑO CARB2","H","DOOR R","479.4","377.8",,"2","2","0","0",,,"1","18",,"0","LxA{-3,2}AyL AxL[0,4958]LyA",,"59591","C","C","1","Frente"
"2/5/2026 10:05 AM","HRJ W3019 MBLE SUP COC 2 PUERTAS 1 ENTREPAÑO CARB2","G","SHELF 1","731","266.7",,"0","0","2","2",,,"0.45","15",,"0","LxL{-31}LyL",,"59590","P","P","1","Caja"
"2/5/2026 10:05 AM","HRJ W3019 MBLE SUP COC 2 PUERTAS 1 ENTREPAÑO CARB2","F","RAIL TRASERO","732","80",,"0","0","2","0",,,"0.45","15",,"0","LxL{-30}LyL",,"59589","P","P","1","Caja"
"2/5/2026 10:05 AM","HRJ W3019 MBLE SUP COC 2 PUERTAS 1 ENTREPAÑO CARB2","E","RAIL TRASERO","732","80",,"0","0","2","0",,,"0.45","15",,"0","LxL{-30}LyL",,"59588","P","P","1","Caja"
"2/5/2026 10:05 AM","HRJ W3019 MBLE SUP COC 2 PUERTAS 1 ENTREPAÑO CARB2","D","SIDE L - R16L","482.6","304.8",,"2","2","0","0",,,"0.45","15",,"0","LxA{0}AyL AxP{0}PyA",,"59587","B","C","1","Caja"
"2/5/2026 10:05 AM","HRJ W3019 MBLE SUP COC 2 PUERTAS 1 ENTREPAÑO CARB2","C","SIDE R - R16L","482.6","304.8",,"2","2","0","0",,,"0.45","15",,"0","LxA{0}AyL AxP{0}PyA",,"59586","B","C","1","Caja"
"2/5/2026 10:05 AM","HRJ W3019 MBLE SUP COC 2 PUERTAS 1 ENTREPAÑO CARB2","B","TAPA-R16L","732","304.8",,"2","0","0","0",,,"0.45","15",,"0","LxL{-30}LyL AxP{0}PyA",,"59585","B","C","1","Caja"
"2/5/2026 10:05 AM","HRJ W3019 MBLE SUP COC 2 PUERTAS 1 ENTREPAÑO CARB2","A","BASE - R16L","732","304.8",,"2","0","0","0",,,"0.45","15",,"0","LxL{-30}LyL AxP{0}PyA",,"59584","B","C","1","Caja"
"2/5/2026 10:03 AM","HRJ W3015 MBLE SUP COC 2 PUERTAS CARB2","I","BACKING","365","746",,"0","0","0","0",,,"0","6",,"0","LxA{-18}AyL LxL{-18}LyL ",,"59583","F","X","1",
"2/5/2026 10:03 AM","HRJ W3015 MBLE SUP COC 2 PUERTAS CARB2","H","DOOR L","377.8","377.8",,"2","2","0","0",,,"1","18",,"0","LxA{-3,2}AyL AxL[0,4958]LyA",,"59582","C","C","1","Frente"
"2/5/2026 10:03 AM","HRJ W3015 MBLE SUP COC 2 PUERTAS CARB2","G","DOOR R","377.8","377.8",,"2","2","0","0",,,"1","18",,"0","LxA{-3,2}AyL AxL[0,4958]LyA",,"59581","C","C","1","Frente"
"2/5/2026 10:03 AM","HRJ W3015 MBLE SUP COC 2 PUERTAS CARB2","F","RAIL TRASERO","732","80",,"0","0","2","0",,,"0.45","15",,"0","LxL{-30}LyL",,"59580","P","P","1","Caja"
"2/5/2026 10:03 AM","HRJ W3015 MBLE SUP COC 2 PUERTAS CARB2","E","RAIL TRASERO","732","80",,"0","0","2","0",,,"0.45","15",,"0","LxL{-30}LyL",,"59579","P","P","1","Caja"
"2/5/2026 10:03 AM","HRJ W3015 MBLE SUP COC 2 PUERTAS CARB2","D","SIDE L - R16L","381","304.8",,"2","2","0","0",,,"0.45","15",,"0","LxA{0}AyL AxP{0}PyA",,"59578","B","C","1","Caja"
"2/5/2026 10:03 AM","HRJ W3015 MBLE SUP COC 2 PUERTAS CARB2","C","SIDE R - R16L","381","304.8",,"2","2","0","0",,,"0.45","15",,"0","LxA{0}AyL AxP{0}PyA",,"59577","B","C","1","Caja"
"2/5/2026 10:03 AM","HRJ W3015 MBLE SUP COC 2 PUERTAS CARB2","B","TAPA - R16L","732","304.8",,"2","0","0","0",,,"0.45","15",,"0","LxL{-30}LyL AxP{0}PyA",,"59576","B","C","1","Caja"
"2/5/2026 10:03 AM","HRJ W3015 MBLE SUP COC 2 PUERTAS CARB2","A","BASE - R16L","732","304.8",,"2","0","0","0",,,"0.45","15",,"0","LxL{-30}LyL AxP{0}PyA",,"59575","B","C","1","Caja"
"2/5/2026 10:00 AM","HRJ W2736 MBLE SUP COC 2 PUERTAS 2 ENTREPAÑOS CARB2","J","DOOR L","911.2","339.7",,"2","2",,,,,"1","18",,"0","LxA{-3,2}AyL AxL[0,495333]LyA",,"59574","C","C","1","Frente"
"2/5/2026 10:00 AM","HRJ W2736 MBLE SUP COC 2 PUERTAS 2 ENTREPAÑOS CARB2","K","BACKING","898.4","669.8",,"0","0","0","0",,,"0","6",,"0","LxA{-16}AyL AxL{-16}LyA",,"59573","F","X","1",
"2/5/2026 10:00 AM","HRJ W2736 MBLE SUP COC 2 PUERTAS 2 ENTREPAÑOS CARB2","I","DOOR R","911.2","339.7",,"2","2","0","0",,,"1","18",,"0","LxA{-3,2}AyL AxL[0,495333]LyA",,"59572","C","C","1","Frente"
"2/5/2026 10:00 AM","HRJ W2736 MBLE SUP COC 2 PUERTAS 2 ENTREPAÑOS CARB2","H","SHELF 2","654.8","266.7",,"0","0","2","2",,,"0.45","15",,"0","LxL{-31}LyL",,"59571","P","P","1","Caja"
"2/5/2026 10:00 AM","HRJ W2736 MBLE SUP COC 2 PUERTAS 2 ENTREPAÑOS CARB2","G","SHELF 1","654.8","266.7",,"0","0","2","2",,,"0.45","15",,"0","LxL{-31}LyL",,"59570","P","P","1","Caja"
"2/5/2026 10:00 AM","HRJ W2736 MBLE SUP COC 2 PUERTAS 2 ENTREPAÑOS CARB2","F","RAIL TRASERO","655.8","80",,"0","0","2","0",,,"0.45","15",,"0","LxL{-30}LyL",,"59569","P","P","1","Caja"
"2/5/2026 10:00 AM","HRJ W2736 MBLE SUP COC 2 PUERTAS 2 ENTREPAÑOS CARB2","E","RAIL TRASERO","655.8","80",,"0","0","2","0",,,"0.45","15",,"0","LxL{-30}LyL",,"59568","P","P","1","Caja"
"2/5/2026 10:00 AM","HRJ W2736 MBLE SUP COC 2 PUERTAS 2 ENTREPAÑOS CARB2","D","SIDE L - R16L","914.4","304.8",,"2","2","0","0",,,"0.45","15",,"0","LxA{0}AyL AxP{0}PyA",,"59567","B","C","1","Caja"
"2/5/2026 10:00 AM","HRJ W2736 MBLE SUP COC 2 PUERTAS 2 ENTREPAÑOS CARB2","C","SIDE R - R16L","914.4","304.8",,"2","2","0","0",,,"0.45","15",,"0","LxA{0}AyL AxP{0}PyA",,"59566","B","C","1","Caja"
"2/5/2026 10:00 AM","HRJ W2736 MBLE SUP COC 2 PUERTAS 2 ENTREPAÑOS CARB2","B","TAPA - R16L","655.8","304.8",,"2","0","0","0",,,"0.45","15",,"0","LxL{-30}LyL AxP{0}PyA",,"59565","B","C","1","Caja"
"2/5/2026 10:00 AM","HRJ W2736 MBLE SUP COC 2 PUERTAS 2 ENTREPAÑOS CARB2","A","BASE - R16L","655.8","304.8",,"2","0","0","0",,,"0.45","15",,"0","LxL{-30}LyL AxP{0}PyA",,"59564","B","C","1","Caja"
"2/5/2026 9:58 AM","HRJ W25 1/236 MBLE SUP COC 2 PUERTAS 2 ENTREPAÑOS CARB2","J","DOOR L","911.2","320.65",,"2","2",,,,,"1","18",,"0","LxA{-3,2}AyL AxL[0,495059]LyA",,"59563","C","C","1","Frente"
"2/5/2026 9:58 AM","HRJ W25 1/236 MBLE SUP COC 2 PUERTAS 2 ENTREPAÑOS CARB2","K","BACKING","898.4","631.7",,"0","0","0","0",,,"0","6",,"0","LxA{-16}AyL AxL{-16}LyA",,"59562","F","X","1",
"2/5/2026 9:58 AM","HRJ W25 1/236 MBLE SUP COC 2 PUERTAS 2 ENTREPAÑOS CARB2","I","DOOR R","911.2","320.65",,"2","2","0","0",,,"1","18",,"0","LxA{-3,2}AyL AxL[0,495059]LyA",,"59561","C","C","1","Frente"
"2/5/2026 9:58 AM","HRJ W25 1/236 MBLE SUP COC 2 PUERTAS 2 ENTREPAÑOS CARB2","H","SHELF 2","616.7","266.7",,"0","0","2","2",,,"0.45","15",,"0","LxL{-31}LyL",,"59560","P","P","1","Caja"
"2/5/2026 9:58 AM","HRJ W25 1/236 MBLE SUP COC 2 PUERTAS 2 ENTREPAÑOS CARB2","G","SHELF 1","616.7","266.7",,"0","0","2","2",,,"0.45","15",,"0","LxL{-31}LyL",,"59559","P","P","1","Caja"
"2/5/2026 9:58 AM","HRJ W25 1/236 MBLE SUP COC 2 PUERTAS 2 ENTREPAÑOS CARB2","F","RAIL TRASERO","617.7","80",,"0","0","2","0",,,"0.45","15",,"0","LxL{-30}LyL",,"59558","P","P","1","Caja"
"2/5/2026 9:58 AM","HRJ W25 1/236 MBLE SUP COC 2 PUERTAS 2 ENTREPAÑOS CARB2","E","RAIL TRASERO","617.7","80",,"0","0","2","0",,,"0.45","15",,"0","LxL{-30}LyL",,"59557","P","P","1","Caja"
"2/5/2026 9:58 AM","HRJ W25 1/236 MBLE SUP COC 2 PUERTAS 2 ENTREPAÑOS CARB2","D","SIDE L - R16L","914.4","304.8",,"2","2","0","0",,,"0.45","15",,"0","LxA{0}AyL AxP{0}PyA",,"59556","B","C","1","Caja"
"2/5/2026 9:58 AM","HRJ W25 1/236 MBLE SUP COC 2 PUERTAS 2 ENTREPAÑOS CARB2","C","SIDE R - R16L","914.4","304.8",,"2","2","0","0",,,"0.45","15",,"0","LxA{0}AyL AxP{0}PyA",,"59555","B","C","1","Caja"
"2/5/2026 9:58 AM","HRJ W25 1/236 MBLE SUP COC 2 PUERTAS 2 ENTREPAÑOS CARB2","B","TAPA - R16L","617.7","304.8",,"2","0","0","0",,,"0.45","15",,"0","LxL{-30}LyL AxP{0}PyA",,"59554","B","C","1","Caja"
"2/5/2026 9:58 AM","HRJ W25 1/236 MBLE SUP COC 2 PUERTAS 2 ENTREPAÑOS CARB2","A","BASE - R16L","617.7","304.8",,"2","0","0","0",,,"0.45","15",,"0","LxL{-30}LyL AxP{0}PyA",,"59553","B","C","1","Caja"
"2/5/2026 9:47 AM","HRJ W2436 MBLE SUP COC 2 PUERTAS 2 ENTREPAÑOS CARB2","J","DOOR L","911.2","301.6",,"2","2",,,,,"1","18",,"0","LxA{-3,2}AyL AxL[0,49475]LyA",,"59552","C","C","1","Frente"
"2/5/2026 9:47 AM","HRJ W2436 MBLE SUP COC 2 PUERTAS 2 ENTREPAÑOS CARB2","K","BACKING","898.4","593.6",,"0","0","0","0",,,"0","6",,"0","LxA{-16}AyL AxL{-16}LyA",,"59551","F","X","1",
"2/5/2026 9:47 AM","HRJ W2436 MBLE SUP COC 2 PUERTAS 2 ENTREPAÑOS CARB2","I","DOOR R","911.2","301.6",,"2","2","0","0",,,"1","18",,"0","LxA{-3,2}AyL AxL[0,49475]LyA",,"59550","C","C","1","Frente"
"2/5/2026 9:47 AM","HRJ W2436 MBLE SUP COC 2 PUERTAS 2 ENTREPAÑOS CARB2","H","SHELF 2","578.6","266.7",,"0","0","2","2",,,"0.45","15",,"0","LxL{-31}LyL",,"59549","P","P","1","Caja"
"2/5/2026 9:47 AM","HRJ W2436 MBLE SUP COC 2 PUERTAS 2 ENTREPAÑOS CARB2","G","SHELF 1","578.6","266.7",,"0","0","2","2",,,"0.45","15",,"0","LxL{-31}LyL",,"59548","P","P","1","Caja"
"2/5/2026 9:47 AM","HRJ W2436 MBLE SUP COC 2 PUERTAS 2 ENTREPAÑOS CARB2","F","RAIL TRASERO","579.6","80",,"0","0","2","0",,,"0.45","15",,"0","LxL{-30}LyL",,"59547","P","P","1","Caja"
"2/5/2026 9:47 AM","HRJ W2436 MBLE SUP COC 2 PUERTAS 2 ENTREPAÑOS CARB2","E","RAIL TRASERO","579.6","80",,"0","0","2","0",,,"0.45","15",,"0","LxL{-30}LyL",,"59546","P","P","1","Caja"
"2/5/2026 9:47 AM","HRJ W2436 MBLE SUP COC 2 PUERTAS 2 ENTREPAÑOS CARB2","D","SIDE L - R16L","914.4","304.8",,"2","2","0","0",,,"0.45","15",,"0","LxA{0}AyL AxP{0}PyA",,"59545","B","C","1","Caja"
"2/5/2026 9:47 AM","HRJ W2436 MBLE SUP COC 2 PUERTAS 2 ENTREPAÑOS CARB2","C","SIDE R - R16L","914.4","304.8",,"2","2","0","0",,,"0.45","15",,"0","LxA{0}AyL AxP{0}PyA",,"59544","B","C","1","Caja"
"2/5/2026 9:47 AM","HRJ W2436 MBLE SUP COC 2 PUERTAS 2 ENTREPAÑOS CARB2","B","TAPA - R16L","579.6","304.8",,"2","0","0","0",,,"0.45","15",,"0","LxL{-30}LyL AxP{0}PyA",,"59543","B","C","1","Caja"
"2/5/2026 9:47 AM","HRJ W2436 MBLE SUP COC 2 PUERTAS 2 ENTREPAÑOS CARB2","A","BASE - R16L","579.6","304.8",,"2","0","0","0",,,"0.45","15",,"0","LxL{-30}LyL AxP{0}PyA",,"59542","B","C","1","Caja"
"2/5/2026 9:43 AM","HRJ W2236 MBLE SUP COC 1 PUERTA 2 ENTREPAÑOS CARB2","J","BACKING","898.4","542.8",,"0","0","0","0",,,"0","6",,"0","LxA{-16}AyL AxL{-16}LyA",,"59541","F","X","1",
"2/5/2026 9:43 AM","HRJ W2236 MBLE SUP COC 1 PUERTA 2 ENTREPAÑOS CARB2","I","DOOR ","911.2","555.6",,"2","2","0","0",,,"1","18",,"0","LxA{-3,2}AyL AxL{-3,2}LyA",,"59540","C","C","1","Frente"
"2/5/2026 9:43 AM","HRJ W2236 MBLE SUP COC 1 PUERTA 2 ENTREPAÑOS CARB2","H","SHELF 2","527.8","266.7",,"0","0","2","2",,,"0.45","15",,"0","LxL{-31}LyL AxP{-38,1}PyA",,"59539","P","P","1","Caja"
"2/5/2026 9:43 AM","HRJ W2236 MBLE SUP COC 1 PUERTA 2 ENTREPAÑOS CARB2","G","SHELF 1","527.8","266.7",,"0","0","2","2",,,"0.45","15",,"0","LxL{-31}LyL AxP{-38,1}PyA",,"59538","P","P","1","Caja"
"2/5/2026 9:43 AM","HRJ W2236 MBLE SUP COC 1 PUERTA 2 ENTREPAÑOS CARB2","E","RAIL TRASERO","528.8","80",,"0","0","2","0",,,"0.45","15",,"0","LxL{-30}LyL",,"59536","P","P","1","Caja"
"2/5/2026 9:43 AM","HRJ W2236 MBLE SUP COC 1 PUERTA 2 ENTREPAÑOS CARB2","F","RAIL TRASERO","528.8","80",,"0","0","2","0",,,"0.45","15",,"0","LxL{-30}LyL",,"59537","P","P","1","Caja"
"2/5/2026 9:43 AM","HRJ W2236 MBLE SUP COC 1 PUERTA 2 ENTREPAÑOS CARB2","D","SIDE L - R16L","914.4","304.8",,"2","2","0","0",,,"0.45","15",,"0","LxA{0}AyL AxP{0}PyA",,"59535","B","C","1","Caja"
"2/5/2026 9:43 AM","HRJ W2236 MBLE SUP COC 1 PUERTA 2 ENTREPAÑOS CARB2","C","SIDE R - R16L","914.4","304.8",,"2","2","0","0",,,"0.45","15",,"0","LxA{0}AyL AxP{0}PyA",,"59534","B","C","1","Caja"
"2/5/2026 9:42 AM","HRJ W2236 MBLE SUP COC 1 PUERTA 2 ENTREPAÑOS CARB2","B","TAPA - R16L","528.8","304.8",,"2","0","0","0",,,"0.45","15",,"0","LxL{-30}LyL AxP{0}PyA",,"59533","B","C","1","Caja"
"2/5/2026 9:42 AM","HRJ W2236 MBLE SUP COC 1 PUERTA 2 ENTREPAÑOS CARB2","A","BASE - R16L","528.8","304.8",,"2","0","0","0",,,"0.45","15",,"0","LxL{-30}LyL AxP{0}PyA",,"59532","B","C","1","Caja"
"2/5/2026 9:39 AM","HRJ W2136 MBLE SUP COC 1 PUERTA 2 ENTREPAÑOS CARB2","J","BACKING","898.4","517.4",,"0","0","0","0",,,"0","6",,"0","LxA{-16}AyL AxL{-16}LyA",,"59531","F","X","1",
"2/5/2026 9:39 AM","HRJ W2136 MBLE SUP COC 1 PUERTA 2 ENTREPAÑOS CARB2","I","DOOR ","911.2","530.2",,"2","2","0","0",,,"1","18",,"0","LxA{-3,2}AyL AxL{-3,2}LyA",,"59530","C","C","1","Frente"
"2/5/2026 9:39 AM","HRJ W2136 MBLE SUP COC 1 PUERTA 2 ENTREPAÑOS CARB2","H","SHELF 2","502.4","266.7",,"0","0","2","2",,,"0.45","15",,"0","LxL{-31}LyL AxP{-38,1}PyA",,"59529","P","P","1","Caja"
"2/5/2026 9:39 AM","HRJ W2136 MBLE SUP COC 1 PUERTA 2 ENTREPAÑOS CARB2","G","SHELF 1","502.4","266.7",,"0","0","2","2",,,"0.45","15",,"0","LxL{-31}LyL AxP{-38,1}PyA",,"59528","P","P","1","Caja"
"2/5/2026 9:39 AM","HRJ W2136 MBLE SUP COC 1 PUERTA 2 ENTREPAÑOS CARB2","F","RAIL TRASERO","503.4","80",,"0","0","2","0",,,"0.45","15",,"0","LxL{-30}LyL",,"59527","P","P","1","Caja"
"2/5/2026 9:39 AM","HRJ W2136 MBLE SUP COC 1 PUERTA 2 ENTREPAÑOS CARB2","E","RAIL TRASERO","503.4","80",,"0","0","2","0",,,"0.45","15",,"0","LxL{-30}LyL",,"59526","P","P","1","Caja"
"2/5/2026 9:39 AM","HRJ W2136 MBLE SUP COC 1 PUERTA 2 ENTREPAÑOS CARB2","D","SIDE L - R16L","914.4","304.8",,"2","2","0","0",,,"0.45","15",,"0","LxA{0}AyL AxP{0}PyA",,"59525","B","C","1","Caja"
"2/5/2026 9:39 AM","HRJ W2136 MBLE SUP COC 1 PUERTA 2 ENTREPAÑOS CARB2","C","SIDE R - R16L","914.4","304.8",,"2","2","0","0",,,"0.45","15",,"0","LxA{0}AyL AxP{0}PyA",,"59524","B","C","1","Caja"
"2/5/2026 9:39 AM","HRJ W2136 MBLE SUP COC 1 PUERTA 2 ENTREPAÑOS CARB2","B","TAPA - R16L","503.4","304.8",,"2","0","0","0",,,"0.45","15",,"0","LxL{-30}LyL AxP{0}PyA",,"59523","B","C","1","Caja"
"2/5/2026 9:39 AM","HRJ W2136 MBLE SUP COC 1 PUERTA 2 ENTREPAÑOS CARB2","A","BASE - R16L","503.4","304.8",,"2","0","0","0",,,"0.45","15",,"0","LxL{-30}LyL AxP{0}PyA",,"59522","B","C","1","Caja"
"2/5/2026 9:30 AM","HRJ W1536 MBLE SUP COC 1 PUERTA 2 ENTREPAÑOS CARB2","J","BACKING","898.4","365",,"0","0","0","0",,,"0","6",,"0","LxA{-16}AyL AxL{-16}LyA",,"59511","F","X","1",
"2/5/2026 9:30 AM","HRJ W1536 MBLE SUP COC 1 PUERTA 2 ENTREPAÑOS CARB2","I","DOOR ","911.2","377.8",,"2","2","0","0",,,"1","18",,"0","LxA{-3,2}AyL AxL{-3,2}LyA",,"59510","C","C","1","Frente"
"2/5/2026 9:30 AM","HRJ W1536 MBLE SUP COC 1 PUERTA 2 ENTREPAÑOS CARB2","H","SHELF 2","350","266.7",,"0","0","2","2",,,"0.45","15",,"0","LxL{-31}LyL AxP{-38,1}PyA",,"59509","P","P","1","Caja"
"2/5/2026 9:30 AM","HRJ W1536 MBLE SUP COC 1 PUERTA 2 ENTREPAÑOS CARB2","G","SHELF 1","350","266.7",,"0","0","2","2",,,"0.45","15",,"0","LxL{-31}LyL AxP{-38,1}PyA",,"59508","P","P","1","Caja"
"2/5/2026 9:30 AM","HRJ W1536 MBLE SUP COC 1 PUERTA 2 ENTREPAÑOS CARB2","F","RAIL TRASERO","351","80",,"0","0","2","0",,,"0.45","15",,"0","LxL{-30}LyL",,"59507","P","P","1","Caja"
"2/5/2026 9:30 AM","HRJ W1536 MBLE SUP COC 1 PUERTA 2 ENTREPAÑOS CARB2","E","RAIL TRASERO","351","80",,"0","0","2","0",,,"0.45","15",,"0","LxL{-30}LyL",,"59506","P","P","1","Caja"
"2/5/2026 9:30 AM","HRJ W1536 MBLE SUP COC 1 PUERTA 2 ENTREPAÑOS CARB2","D","SIDE L - R16L","914.4","304.8",,"2","2","0","0",,,"0.45","15",,"0","LxA{0}AyL AxP{0}PyA",,"59505","B","C","1","Caja"
"2/5/2026 9:30 AM","HRJ W1536 MBLE SUP COC 1 PUERTA 2 ENTREPAÑOS CARB2","C","SIDE R - R16L","914.4","304.8",,"2","2","0","0",,,"0.45","15",,"0","LxA{0}AyL AxP{0}PyA",,"59504","B","C","1","Caja"
"2/5/2026 9:30 AM","HRJ W1536 MBLE SUP COC 1 PUERTA 2 ENTREPAÑOS CARB2","B","TAPA - R16L","351","304.8",,"2","0","0","0",,,"0.45","15",,"0","LxL{-30}LyL AxP{0}PyA",,"59503","B","C","1","Caja"
"2/5/2026 9:30 AM","HRJ W1536 MBLE SUP COC 1 PUERTA 2 ENTREPAÑOS CARB2","A","BASE - R16L","351","304.8",,"2","0","0","0",,,"0.45","15",,"0","LxL{-30}LyL AxP{0}PyA",,"59502","B","C","1","Caja"
"2/4/2026 4:17 PM","HRJ UBFDR3028 3/4 MBLE INF COC 2 PUERTAS 1 ENTREPAÑO CARB2","H","RAIL TRASERO","732","120.75",,"2","0","0","0",,,"0.45","15",,"0","LxL{-30}LyL",,"59480","P","P","1","Caja"
"2/4/2026 4:17 PM","HRJ UBFDR3028 3/4 MBLE INF COC 2 PUERTAS 1 ENTREPAÑO CARB2","D","RAIL DELANTERO","732","140",,"2","0","0","0",,,"0.45","15",,"0","LxL{-30}LyL",,"59479","B","C","1","Caja"
"2/4/2026 4:17 PM","HRJ UBFDR3028 3/4 MBLE INF COC 2 PUERTAS 1 ENTREPAÑO CARB2","L","BACKING","607.5","746",,"0","0","0","0",,,"0","6",,"0","LxA{-122,75}AyL AxL{-16}LyA",,"59478","F","X","1",
"2/4/2026 4:17 PM","HRJ UBFDR3028 3/4 MBLE INF COC 2 PUERTAS 1 ENTREPAÑO CARB2","K","DOOR L","727.05","377.8",,"2","2","0","0",,,"1","18",,"0","LxA{-3,2}AyL AxL[0,49580]LyA",,"59477","C","C","1","Frente"
"2/4/2026 4:17 PM","HRJ UBFDR3028 3/4 MBLE INF COC 2 PUERTAS 1 ENTREPAÑO CARB2","J","DOOR R","727.05","377.8",,"2","2","0","0",,,"1","18",,"0","LxA{-3,2}AyL AxL[0,49580]LyA",,"59476","C","C","1","Frente"
"2/4/2026 4:17 PM","HRJ UBFDR3028 3/4 MBLE INF COC 2 PUERTAS 1 ENTREPAÑO CARB2","I","SHELF 0","731","558.8",,"0","0","2","2",,,"0.45","15",,"0","LxL{-31}LyL",,"59475","P","P","1","Caja"
"2/4/2026 4:17 PM","HRJ UBFDR3028 3/4 MBLE INF COC 2 PUERTAS 1 ENTREPAÑO CARB2","G","RAIL TRASERO","732","80",,"0","0","2","0",,,"0.45","15",,"0","LxL{-30}LyL",,"59474","P","P","1","Caja"
"2/4/2026 4:17 PM","HRJ UBFDR3028 3/4 MBLE INF COC 2 PUERTAS 1 ENTREPAÑO CARB2","F","RAIL TRASERO","732","80",,"0","0","2","0",,,"0.45","15",,"0","LxL{-30}LyL",,"59473","P","P","1","Caja"
"2/4/2026 4:17 PM","HRJ UBFDR3028 3/4 MBLE INF COC 2 PUERTAS 1 ENTREPAÑO CARB2","E","RAIL DELANTERO","732","80",,"2","0","0","0",,,"0.45","15",,"0","LxL{-30}LyL",,"59472","B","C","1","Caja"
"2/4/2026 4:17 PM","HRJ UBFDR3028 3/4 MBLE INF COC 2 PUERTAS 1 ENTREPAÑO CARB2","C","SIDE L - R17L","762","609.6",,"2","2","0","0",,,"0.45","15",,"0","AxP{0}PyA",,"59471","B","C","1","Caja"
"2/4/2026 4:16 PM","HRJ UBFDR3028 3/4 MBLE INF COC 2 PUERTAS 1 ENTREPAÑO CARB2","B","SIDE R - R17L","762","609.6",,"2","2","0","0",,,"0.45","15",,"0","AxP{0}PyA",,"59470","B","C","1","Caja"
"2/4/2026 4:16 PM","HRJ UBFDR3028 3/4 MBLE INF COC 2 PUERTAS 1 ENTREPAÑO CARB2","A","BASE","732","594.6",,"2",,"0","0",,,"0.45","15",,"0","LxL{-30}LyL AxP{-15}PyA",,"59469","B","C","1","Caja"
"2/4/2026 3:05 PM","HRJ UDB1228 3/4-1S MBLE INF COC 3 GAVETAS 1 PEQUEÑA CARB2","R","BACKING","728.25","288.8",,"0","0","0","0",,,"0","6",,"0","LxA{-2}AyL AxL{-16}LyA",,"59380","F","X","1",
"2/4/2026 3:05 PM","HRJ UDB1228 3/4-1S MBLE INF COC 3 GAVETAS 1 PEQUEÑA CARB2","Q","FRENTE GAVETA INF","290.5","301.6",,"2","2","0","0",,,"1","18",,"0","LxA[0,397808]AyL AxL{-3,2}LyA",,"59379","C","C","1","Frente"
"2/4/2026 3:05 PM","HRJ UDB1228 3/4-1S MBLE INF COC 3 GAVETAS 1 PEQUEÑA CARB2","P","FRENTE GAVETA CENTRAL","290.5","301.6",,"2","2","0","0",,,"1","18",,"0","LxA[0,397808]AyL AxL{-3,2}LyA",,"59378","C","C","1","Frente"
"2/4/2026 3:05 PM","HRJ UDB1228 3/4-1S MBLE INF COC 3 GAVETAS 1 PEQUEÑA CARB2","O","FRENTE GAVETA SUP","139.7","301.6",,"2","2","0","0",,,"1","18",,"0","AxL{-3,2}LyA",,"59377","C","C","1","Frente"
"2/4/2026 3:05 PM","HRJ UDB1228 3/4-1S MBLE INF COC 3 GAVETAS 1 PEQUEÑA CARB2","N","TRASERO CAJON INF","187.8","183",,"0","0","1","0",,,"0.45","15",,"0","LxL{-117}LyL",,"59376","P","P","1","Caja"
"2/4/2026 3:05 PM","HRJ UDB1228 3/4-1S MBLE INF COC 3 GAVETAS 1 PEQUEÑA CARB2","M","TRAS CAJON CENTRAL","187.8","183",,"0","0","1","0",,,"0.45","15",,"0","LxL{-117}LyL",,"59375","P","P","1","Caja"
"2/4/2026 3:05 PM","HRJ UDB1228 3/4-1S MBLE INF COC 3 GAVETAS 1 PEQUEÑA CARB2","L","TRAS CAJON SUP","187.8","68",,"0","0","1","0",,,"0.45","15",,"0","LxL{-117}LyL",,"59374","P","P","1","Caja"
"2/4/2026 3:05 PM","HRJ UDB1228 3/4-1S MBLE INF COC 3 GAVETAS 1 PEQUEÑA CARB2","K","FONDO GAV INF","199.8","492",,"0","0","2","0",,,"0.45","15",,"0","LxL{-105}LyL",,"59373","P","P","1","Caja"
"2/4/2026 3:05 PM","HRJ UDB1228 3/4-1S MBLE INF COC 3 GAVETAS 1 PEQUEÑA CARB2","J","FONDO GAV CENTRAL","199.8","492",,"0","0","2","0",,,"0.45","15",,"0","LxL{-105}LyL",,"59372","P","P","1","Caja"
"2/4/2026 3:05 PM","HRJ UDB1228 3/4-1S MBLE INF COC 3 GAVETAS 1 PEQUEÑA CARB2","I","FONDO GAV SUP","199.8","492",,"0","0","2","0",,,"0.45","15",,"0","LxL{-105}LyL",,"59371","P","P","1","Caja"
"2/4/2026 3:05 PM","HRJ UDB1228 3/4-1S MBLE INF COC 3 GAVETAS 1 PEQUEÑA CARB2","H","RAIL TRASERO","274.8","80",,"0","0","2","0",,,"0.45","15",,"0","LxL{-30}LyL",,"59370","P","P","1","Caja"
"2/4/2026 3:05 PM","HRJ UDB1228 3/4-1S MBLE INF COC 3 GAVETAS 1 PEQUEÑA CARB2","G","RAIL TRASERO","274.8","80",,"0","0","2","0",,,"0.45","15",,"0","LxL{-30}LyL",,"59369","P","P","1","Caja"
"2/4/2026 3:05 PM","HRJ UDB1228 3/4-1S MBLE INF COC 3 GAVETAS 1 PEQUEÑA CARB2","F","RAIL DELANTERO","274.8","80",,"2","0","0","0",,,"0.45","15",,"0","LxL{-30}LyL",,"59368","P","C","1","Caja"
"2/4/2026 3:05 PM","HRJ UDB1228 3/4-1S MBLE INF COC 3 GAVETAS 1 PEQUEÑA CARB2","E","RAIL DELANTERO","274.8","80",,"2","0","0","0",,,"0.45","15",,"0","LxL{-30}LyL",,"59367","P","C","1","Caja"
"2/4/2026 3:05 PM","HRJ UDB1228 3/4-1S MBLE INF COC 3 GAVETAS 1 PEQUEÑA CARB2","D","RAIL DELANTERO","274.8","80",,"2","0","0","0",,,"0.45","15",,"0","LxL{-30}LyL",,"59366","P","C","1","Caja"
"2/4/2026 3:05 PM","HRJ UDB1228 3/4-1S MBLE INF COC 3 GAVETAS 1 PEQUEÑA CARB2","C","SIDE L - R17L","730.25","609.6",,"2","2","0","0",,,"0.45","15",,"0","LxA{0}AyL AxP{0}PyA",,"59365","B","C","1","Caja"
"2/4/2026 3:05 PM","HRJ UDB1228 3/4-1S MBLE INF COC 3 GAVETAS 1 PEQUEÑA CARB2","B","SIDE R - R17L","730.25","609.6",,"2","2","0","0",,,"0.45","15",,"0","LxA{0}AyL AxP{0}PyA",,"59364","B","C","1","Caja"
"2/4/2026 3:05 PM","HRJ UDB1228 3/4-1S MBLE INF COC 3 GAVETAS 1 PEQUEÑA CARB2","A","BASE","274.8","585.6",,"2","0","0","0",,,"0.45","15",,"0","LxL{-30}LyL AxP{-24}PyA",,"59363","B","C","1","Caja"
"2/4/2026 2:45 PM","HRJ UBFD3028 3/4 MBLE INF COC 2 PUERTAS 1 ENTREPAÑO CARB2","J","BACKING","728.25","746",,"0","0","0","0",,,"0","6",,"0","LxA{-2}AyL AxL{-16}LyA",,"59338","F","X","1",
"2/4/2026 2:45 PM","HRJ UBFD3028 3/4 MBLE INF COC 2 PUERTAS 1 ENTREPAÑO CARB2","I","DOOR L","727.05","377.8",,"2","2","0","0",,,"1","18",,"0","LxA{-3,2}AyL AxL[0,4958]LyA",,"59337","C","C","1","Frente"
"2/4/2026 2:45 PM","HRJ UBFD3028 3/4 MBLE INF COC 2 PUERTAS 1 ENTREPAÑO CARB2","H","DOOR R","727.05","377.8",,"2","2","0","0",,,"1","18",,"0","LxA{-3,2}AyL AxL[0,4958]LyA",,"59336","C","C","1","Frente"
"2/4/2026 2:45 PM","HRJ UBFD3028 3/4 MBLE INF COC 2 PUERTAS 1 ENTREPAÑO CARB2","G","SHELF 0","731","558.8",,"0","0","2","2",,,"0.45","15",,"0","LxL{-31}LyL",,"59335","P","P","1","Caja"
"2/4/2026 2:45 PM","HRJ UBFD3028 3/4 MBLE INF COC 2 PUERTAS 1 ENTREPAÑO CARB2","F","RAIL TRASERO","732","80",,"0","0","2","0",,,"0.45","15",,"0","LxL{-30}LyL",,"59334","P","P","1","Caja"
"2/4/2026 2:45 PM","HRJ UBFD3028 3/4 MBLE INF COC 2 PUERTAS 1 ENTREPAÑO CARB2","E","RAIL TRASERO","732","80",,"0","0","2","0",,,"0.45","15",,"0","LxL{-30}LyL",,"59333","P","P","1","Caja"
"2/4/2026 2:45 PM","HRJ UBFD3028 3/4 MBLE INF COC 2 PUERTAS 1 ENTREPAÑO CARB2","D","RAIL DELANTERO","732","80",,"2","0","0","0",,,"0.45","15",,"0","LxL{-30}LyL",,"59332","B","C","1","Caja"
"2/4/2026 2:45 PM","HRJ UBFD3028 3/4 MBLE INF COC 2 PUERTAS 1 ENTREPAÑO CARB2","C","SIDE L - R17L762","730.25","609.6",,"2","2","0","0",,,"0.45","15",,"0","LxA{0}AyL AxP{0}PyA",,"59331","B","C","1","Caja"
"2/4/2026 2:45 PM","HRJ UBFD3028 3/4 MBLE INF COC 2 PUERTAS 1 ENTREPAÑO CARB2","B","SIDE R - R17L762","730.25","609.6",,"2","2","0","0",,,"0.45","15",,"0","LxA{0}AyL AxP{0}PyA",,"59330","B","C","1","Caja"
"2/4/2026 2:45 PM","HRJ UBFD3028 3/4 MBLE INF COC 2 PUERTAS 1 ENTREPAÑO CARB2","A","BASE","732","585.6",,"2","0","0","0",,,"0.45","15",,"0","LxL{-30}LyL AxP{-24}PyA",,"59329","B","C","1","Caja"
"2/4/2026 2:39 PM","HRJ SBFD33 MBLE INF LVP 2 PUERTAS CARB2","H","DOOR L","758.8","415.9",,"2","2","0","0",,,"1","18",,"0","LxA{-3,2}AyL AxL[0,49618]LyA",,"59317","C","C","1","Frente"
"2/4/2026 2:39 PM","HRJ SBFD33 MBLE INF LVP 2 PUERTAS CARB2","I","BACKING","760","822.2",,"0","0","0","0",,,"0","6",,"0","LxA{-2}AyL AxL{-16}LyA",,"59318","F","X","1",
"2/4/2026 2:39 PM","HRJ SBFD33 MBLE INF LVP 2 PUERTAS CARB2","G","DOOR R","758.8","415.9",,"2","2","0","0",,,"1","18",,"0","LxA{-3,2}AyL AxL[0,49618]LyA",,"59316","C","C","1","Frente"
"2/4/2026 2:39 PM","HRJ SBFD33 MBLE INF LVP 2 PUERTAS CARB2","F","RAIL TRASERO","808.2","80",,"0","0","2","0",,,"0.45","15",,"0","LxL{-30}LyL",,"59315","P","P","1","Caja"
"2/4/2026 2:39 PM","HRJ SBFD33 MBLE INF LVP 2 PUERTAS CARB2","E","RAIL TRASERO","808.2","80",,"0","0","2","0",,,"0.45","15",,"0","LxL{-30}LyL",,"59314","P","P","1","Caja"
"2/4/2026 2:39 PM","HRJ SBFD33 MBLE INF LVP 2 PUERTAS CARB2","D","RAIL DELANTERO","808.2","128",,"2","0","0","0",,,"0.45","15",,"0","LxL{-30}LyL",,"59313","B","C","1","Caja"
"2/4/2026 2:39 PM","HRJ SBFD33 MBLE INF LVP 2 PUERTAS CARB2","C","SIDE L - R17L762","762","609.6",,"2","2","0","0",,,"0.45","15",,"0","LxA{0}AyL AxP{0}PyA",,"59312","B","C","1","Caja"
"2/4/2026 2:39 PM","HRJ SBFD33 MBLE INF LVP 2 PUERTAS CARB2","B","SIDE R - R17L762","762","609.6",,"2","2","0","0",,,"0.45","15",,"0","LxA{0}AyL AxP{0}PyA",,"59311","B","C","1","Caja"
"2/4/2026 2:39 PM","HRJ SBFD33 MBLE INF LVP 2 PUERTAS CARB2","A","BASE","808.2","585.6",,"2","0","0","0",,,"0.45","15",,"0","LxL{-30}LyL AxP{-24}PyA",,"59310","B","C","1","Caja"
"2/4/2026 2:36 PM","HRJ DB15-1S MBLE INF COC 3 GAVETAS 1 PEQUEÑA CARB2","R","BACKING","760","365",,"0","0","0","0",,,"0","6",,"0","LxA{-2}AyL AxL{-16}LyA",,"59309","F","X","1",
"2/4/2026 2:36 PM","HRJ DB15-1S MBLE INF COC 3 GAVETAS 1 PEQUEÑA CARB2","Q","FRENTE GAVETA INF","300.08","377.8",,"2","2","0","0",,,"1","18",,"0","LxA[0,3938]AyL AxL{-3,2}LyA",,"59308","C","C","1","Frente"
"2/4/2026 2:36 PM","HRJ DB15-1S MBLE INF COC 3 GAVETAS 1 PEQUEÑA CARB2","P","FRENTE GAVETA CENTRAL","300.08","377.8",,"2","2","0","0",,,"1","18",,"0","LxA[0,3938]AyL AxL{-3,2}LyA",,"59307","C","C","1","Frente"
"2/4/2026 2:36 PM","HRJ DB15-1S MBLE INF COC 3 GAVETAS 1 PEQUEÑA CARB2","O","FRENTE GAVETA SUP","152.4","377.8",,"2","2","0","0",,,"1","18",,"0","AxL{-3,2}LyA",,"59306","C","C","1","Frente"
"2/4/2026 2:36 PM","HRJ DB15-1S MBLE INF COC 3 GAVETAS 1 PEQUEÑA CARB2","N","TRASERO CAJON INF","264","183",,"0","0","1","0",,,"0.45","15",,"0","LxL{-117}LyL",,"59305","P","P","1","Caja"
"2/4/2026 2:36 PM","HRJ DB15-1S MBLE INF COC 3 GAVETAS 1 PEQUEÑA CARB2","M","TRASERO CAJON CENTRAL","264","183",,"0","0","1","0",,,"0.45","15",,"0","LxL{-117}LyL",,"59304","P","P","1","Caja"
"2/4/2026 2:36 PM","HRJ DB15-1S MBLE INF COC 3 GAVETAS 1 PEQUEÑA CARB2","L","TRASERO CAJON SUP","264","68",,"0","0","1","0",,,"0.45","15",,"0","LxL{-117}LyL",,"59303","P","P","1","Caja"
"2/4/2026 2:36 PM","HRJ DB15-1S MBLE INF COC 3 GAVETAS 1 PEQUEÑA CARB2","K","FONDO GAVETA INF","276","492",,"0","0","2","0",,,"0.45","15",,"0","LxL{-105}LyL",,"59302","P","P","1","Caja"
"2/4/2026 2:36 PM","HRJ DB15-1S MBLE INF COC 3 GAVETAS 1 PEQUEÑA CARB2","J","FONDO GAVETA CENTRAL","276","492",,"0","0","2","0",,,"0.45","15",,"0","LxL{-105}LyL",,"59301","P","P","1","Caja"
"2/4/2026 2:36 PM","HRJ DB15-1S MBLE INF COC 3 GAVETAS 1 PEQUEÑA CARB2","I","FONDO GAVETA SUP","276","492",,"0","0","2","0",,,"0.45","15",,"0","LxL{-105}LyL",,"59300","P","P","1","Caja"
"2/4/2026 2:36 PM","HRJ DB15-1S MBLE INF COC 3 GAVETAS 1 PEQUEÑA CARB2","H","RAIL TRASERO","351","80",,"0","0","2","0",,,"0.45","15",,"0","LxL{-30}LyL",,"59299","P","P","1","Caja"
"2/4/2026 2:36 PM","HRJ DB15-1S MBLE INF COC 3 GAVETAS 1 PEQUEÑA CARB2","G","RAIL TRASERO","351","80",,"0","0","2","0",,,"0.45","15",,"0","LxL{-30}LyL",,"59298","P","P","1","Caja"
"2/4/2026 2:36 PM","HRJ DB15-1S MBLE INF COC 3 GAVETAS 1 PEQUEÑA CARB2","F","RAIL DELANTERO","351","80",,"2","0","0","0",,,"0.45","15",,"0","LxL{-30}LyL",,"59297","P","C","1","Caja"
"2/4/2026 2:36 PM","HRJ DB15-1S MBLE INF COC 3 GAVETAS 1 PEQUEÑA CARB2","E","RAIL DELANTERO","351","80",,"2","0","0","0",,,"0.45","15",,"0","LxL{-30}LyL",,"59296","P","C","1","Caja"
"2/4/2026 2:36 PM","HRJ DB15-1S MBLE INF COC 3 GAVETAS 1 PEQUEÑA CARB2","D","RAIL DELANTERO","351","80",,"2","0","0","0",,,"0.45","15",,"0","LxL{-30}LyL",,"59295","P","C","1","Caja"
"2/4/2026 2:36 PM","HRJ DB15-1S MBLE INF COC 3 GAVETAS 1 PEQUEÑA CARB2","C","SIDE L - R17L762","762","609.6",,"2","2","0","0",,,"0.45","15",,"0","LxA{0}AyL AxP{0}PyA",,"59294","B","C","1","Caja"
"2/4/2026 2:36 PM","HRJ DB15-1S MBLE INF COC 3 GAVETAS 1 PEQUEÑA CARB2","B","SIDE R - R17L762","762","609.6",,"2","2","0","0",,,"0.45","15",,"0","LxA{0}AyL AxP{0}PyA",,"59293","B","C","1","Caja"
"2/4/2026 2:36 PM","HRJ DB15-1S MBLE INF COC 3 GAVETAS 1 PEQUEÑA CARB2","A","BASE","351","585.6",,"2","0","0","0",,,"0.45","15",,"0","LxL{-30}LyL AxP{-24}PyA",,"59292","B","C","1","Caja"
"2/4/2026 2:23 PM","HRJ BFD30 MBLE INF COC 2 PUERTAS 1 ENTREPAÑO CARB2","J","BACKING","760","746",,"0","0","0","0",,,"0","6",,"0","LxA{-2}AyL AxL{-16}LyA",,"59255","F","X","1",
"2/4/2026 2:23 PM","HRJ BFD30 MBLE INF COC 2 PUERTAS 1 ENTREPAÑO CARB2","I","DOOR L","758.8","377.8",,"2","2","0","0",,,"1","18",,"0","LxA{-3,2}AyL AxL[0,4958]LyA",,"59254","C","C","1","Frente"
"2/4/2026 2:23 PM","HRJ BFD30 MBLE INF COC 2 PUERTAS 1 ENTREPAÑO CARB2","H","DOOR R","758.8","377.8",,"2","2","0","0",,,"1","18",,"0","LxA{-3,2}AyL AxL[0,4958]LyA",,"59253","C","C","1","Frente"
"2/4/2026 2:23 PM","HRJ BFD30 MBLE INF COC 2 PUERTAS 1 ENTREPAÑO CARB2","G","SHELF 0","731","558.8",,"0","0","2","2",,,"0.45","15",,"0","LxL{-31}LyL",,"59252","P","P","1","Caja"
"2/4/2026 2:23 PM","HRJ BFD30 MBLE INF COC 2 PUERTAS 1 ENTREPAÑO CARB2","F","RAIL TRASERO","732","80",,"0","0","2","0",,,"0.45","15",,"0","LxL{-30}LyL",,"59251","P","P","1","Caja"
"2/4/2026 2:23 PM","HRJ BFD30 MBLE INF COC 2 PUERTAS 1 ENTREPAÑO CARB2","E","RAIL TRASERO","732","80",,"0","0","2","0",,,"0.45","15",,"0","LxL{-30}LyL",,"59250","P","P","1","Caja"
"2/4/2026 2:23 PM","HRJ BFD30 MBLE INF COC 2 PUERTAS 1 ENTREPAÑO CARB2","D","RAIL DELANTERO","732","80",,"2","0","0","0",,,"0.45","15",,"0","LxL{-30}LyL",,"59249","B","C","1","Caja"
"2/4/2026 2:23 PM","HRJ BFD30 MBLE INF COC 2 PUERTAS 1 ENTREPAÑO CARB2","C","SIDE L - R17L","762","609.6",,"2","2","0","0",,,"0.45","15",,"0","LxA{0}AyL AxP{0}PyA",,"59248","B","C","1","Caja"
"2/4/2026 2:23 PM","HRJ BFD30 MBLE INF COC 2 PUERTAS 1 ENTREPAÑO CARB2","B","SIDE R - R17L","762","609.6",,"2","2","0","0",,,"0.45","15",,"0","LxA{0}AyL AxP{0}PyA",,"59247","B","C","1","Caja"
"2/4/2026 2:23 PM","HRJ BFD30 MBLE INF COC 2 PUERTAS 1 ENTREPAÑO CARB2","A","BASE","732","585.6",,"0","2","0","0",,,"0.45","15",,"0","LxL{-30}LyL AxP{-24}PyA",,"59246","B","C","1","Caja"
"2/3/2026 10:48 AM","HRJ BFD27 MBLE INF COC 2 PUERTAS 1 ENTREPAÑO CARB2","J","BACKING","760","669.8",,"0","0","0","0",,,"0","6",,"0","LxA{-2}AyL AxL{-16}LyA",,"58961","F","X","1",
"2/3/2026 10:48 AM","HRJ BFD27 MBLE INF COC 2 PUERTAS 1 ENTREPAÑO CARB2","I","DOOR L","758.8","339.7",,"2","2","0","0",,,"1","18",,"0","LxA{-3,2}AyL AxL[0,495333]LyA",,"58960","C","C","1","Frente"
"2/3/2026 10:48 AM","HRJ BFD27 MBLE INF COC 2 PUERTAS 1 ENTREPAÑO CARB2","H","DOOR R","758.8","339.7",,"2","2","0","0",,,"1","18",,"0","LxA{-3,2}AyL AxL[0,495333]LyA",,"58959","C","C","1","Frente"
"2/3/2026 10:48 AM","HRJ BFD27 MBLE INF COC 2 PUERTAS 1 ENTREPAÑO CARB2","G","SHELF 0","654.8","558.8",,"0","0","2","2",,,"0.45","15",,"0","LxL{-31}LyL",,"58958","P","P","1","Caja"
"2/3/2026 10:48 AM","HRJ BFD27 MBLE INF COC 2 PUERTAS 1 ENTREPAÑO CARB2","F","RAIL TRASERO","655.8","80",,"0","0","2","0",,,"0.45","15",,"0","LxL{-30}LyL",,"58957","P","P","1","Caja"
"2/3/2026 10:48 AM","HRJ BFD27 MBLE INF COC 2 PUERTAS 1 ENTREPAÑO CARB2","E","RAIL TRASERO","655.8","80",,"0","0","2","0",,,"0.45","15",,"0","LxL{-30}LyL",,"58956","P","P","1","Caja"
"2/3/2026 10:48 AM","HRJ BFD27 MBLE INF COC 2 PUERTAS 1 ENTREPAÑO CARB2","D","RAIL DELANTERO","655.8","80",,"2","0","0","0",,,"0.45","15",,"0","LxL{-30}LyL",,"58955","B","C","1","Caja"
"2/3/2026 10:48 AM","HRJ BFD27 MBLE INF COC 2 PUERTAS 1 ENTREPAÑO CARB2","C","SIDE L - R17L","762","609.6",,"2","2","0","0",,,"0.45","15",,"0","LxA{0}AyL AxP{0}PyA",,"58954","B","C","1","Caja"
"2/3/2026 10:48 AM","HRJ BFD27 MBLE INF COC 2 PUERTAS 1 ENTREPAÑO CARB2","B","SIDE R - R17L","762","609.6",,"2","2","0","0",,,"0.45","15",,"0","LxA{0}AyL AxP{0}PyA",,"58953","B","C","1","Caja"
"2/3/2026 10:48 AM","HRJ BFD27 MBLE INF COC 2 PUERTAS 1 ENTREPAÑO CARB2","A","BASE","655.8","585.6",,"2","0","0","0",,,"0.45","15",,"0","LxL{-30}LyL AxP{-24}PyA",,"58952","B","C","1","Caja"
"2/3/2026 10:05 AM","HRJ BFD15 MBLE INF COC 1 PUERTA 1 ENTREPAÑO CARB2","I","BACKING","760","365",,"0","0","0","0",,,"0","6",,"0","LxA{-2}AyL AxL{-16}LyA",,"58941","F","X","1",
"2/3/2026 10:05 AM","HRJ BFD15 MBLE INF COC 1 PUERTA 1 ENTREPAÑO CARB2","H","DOOR R","758.8","377.8",,"2","2","0","0",,,"1","18",,"0","LxA{-3,2}AyL AxL{-3,2}LyA",,"58940","C","C","1","Frente"
"2/3/2026 10:05 AM","HRJ BFD15 MBLE INF COC 1 PUERTA 1 ENTREPAÑO CARB2","G","SHLEF","350","558.8",,"0","0","2","2",,,"0.45","15",,"0","LxL{-31}LyL",,"58939","P","P","1","Caja"
"2/3/2026 10:05 AM","HRJ BFD15 MBLE INF COC 1 PUERTA 1 ENTREPAÑO CARB2","F","RAIL TRAS","351","80",,"0","0","2","0",,,"0.45","15",,"0","LxL{-30}LyL",,"58938","P","P","1","Caja"
"2/3/2026 10:05 AM","HRJ BFD15 MBLE INF COC 1 PUERTA 1 ENTREPAÑO CARB2","E","RAIL TRAS","351","80",,"0","0","2","0",,,"0.45","15",,"0","LxL{-30}LyL",,"58937","P","P","1","Caja"
"2/3/2026 10:05 AM","HRJ BFD15 MBLE INF COC 1 PUERTA 1 ENTREPAÑO CARB2","D","RAIL DEL","351","80",,"2","0","0","0",,,"0.45","15",,"0","LxL{-30}LyL","ENCHAPE COLOR","58936","P","C","1","Caja"
"2/3/2026 10:05 AM","HRJ BFD15 MBLE INF COC 1 PUERTA 1 ENTREPAÑO CARB2","C","SIDE L - R17L","762","609.6",,"2","2","0","0",,,"0.45","15",,"0","LxA{0}AyL AxP{0}PyA",,"58935","B","C","1","Caja"
"2/3/2026 10:05 AM","HRJ BFD15 MBLE INF COC 1 PUERTA 1 ENTREPAÑO CARB2","B","SIDE R - R17L","762","609.6",,"2","2","0","0",,,"0.45","15",,"0","LxA{0}AyL AxP{0}PyA",,"58934","B","C","1","Caja"
"2/3/2026 10:05 AM","HRJ BFD15 MBLE INF COC 1 PUERTA 1 ENTREPAÑO CARB2","A","BASE","351","585.6",,"2","0","0","0",,,"0.45","15",,"0","LxL{-30}LyL AxP{-24}PyA",,"58933","B","C","1","Caja"
"2/3/2026 9:48 AM","HRJ BFD9 MBLE INF COC 1 PUERTA 1 ENTREPAÑO CARB2","I","BACKING","760","212.6",,"0","0","0","0",,,"0","6",,"0","LxA{-2}AyL AxL{-16}LyA",,"58932","F","X","1",
"2/3/2026 9:48 AM","HRJ BFD9 MBLE INF COC 1 PUERTA 1 ENTREPAÑO CARB2","H","DOOR R","758.8","225.4",,"2","2","0","0",,,"1","18",,"0","LxA{-3,2}AyL AxL{-3,2}LyA",,"58931","C","C","1","Frente"
"2/3/2026 9:48 AM","HRJ BFD9 MBLE INF COC 1 PUERTA 1 ENTREPAÑO CARB2","G","SHLEF","197.6","558.8",,"0","0","2","2",,,"0.45","15",,"0","LxL{-31}LyL",,"58930","P","P","1","Caja"
"2/3/2026 9:48 AM","HRJ BFD9 MBLE INF COC 1 PUERTA 1 ENTREPAÑO CARB2","F","RAIL TRAS","198.6","80",,"0","0","2","0",,,"0.45","15",,"0","LxL{-30}LyL",,"58929","P","P","1","Caja"
"2/3/2026 9:48 AM","HRJ BFD9 MBLE INF COC 1 PUERTA 1 ENTREPAÑO CARB2","E","RAIL TRAS","198.6","80",,"0","0","2","0",,,"0.45","15",,"0","LxL{-30}LyL",,"58928","P","P","1","Caja"
"2/3/2026 9:48 AM","HRJ BFD9 MBLE INF COC 1 PUERTA 1 ENTREPAÑO CARB2","D","RAIL DEL","198.6","80",,"2","0","0","0",,,"0.45","15",,"0","LxL{-30}LyL","ENCHAPE COLOR","58927","P","C","1","Caja"
"2/3/2026 9:48 AM","HRJ BFD9 MBLE INF COC 1 PUERTA 1 ENTREPAÑO CARB2","C","SIDE L - R17L","762","609.6",,"2","2","0","0",,,"0.45","15",,"0","LxA{0}AyL AxP{0}PyA",,"58926","B","C","1","Caja"
"2/3/2026 9:48 AM","HRJ BFD9 MBLE INF COC 1 PUERTA 1 ENTREPAÑO CARB2","B","SIDE R - R17L","762","609.6",,"2","2","0","0",,,"0.45","15",,"0","LxA{0}AyL AxP{0}PyA",,"58925","B","C","1","Caja"
"2/3/2026 9:48 AM","HRJ BFD9 MBLE INF COC 1 PUERTA 1 ENTREPAÑO CARB2","A","BASE","198.6","585.6",,"2","0","0","0",,,"0.45","15",,"0","LxL{-30}LyL AxP{-24}PyA",,"58924","B","C","1","Caja"
"1/27/2026 3:09 PM","SBFD36 PRUEBA","F","RAIL TRASERO","884.4","80",,"0","0","2","0",,,"0.45","15",,"0","LxL{-30}LyL",,"58317","P","P","1","Caja"
"1/27/2026 3:09 PM","SBFD36 PRUEBA","E","RAIL TRASERO","884.4","80",,"0","0","2","0",,,"0.45","15",,"0","LxL{-30}LyL",,"58316","P","P","1","Caja"
"1/27/2026 3:09 PM","SBFD36 PRUEBA","D","RAIL DELANTERO","884.4","128",,"2","0","0","0",,,"0.45","15",,"0","LxL{-30}LyL",,"58315","B","C","1","Caja"
"1/27/2026 3:09 PM","SBFD36 PRUEBA","B","SIDE R - R19L 5mm","762","609.6",,"2","2","0","0",,,"0.45","15",,"0","LxA{0}AyL AxP{0}PyA",,"58314","B","C","1","Caja"
"1/27/2026 3:09 PM","SBFD36 PRUEBA","A","BASE","884.4","585.6",,"2","0","0","0",,,"0.45","15",,"0","LxL{-30}LyL AxP{-24}PyA",,"58313","B","C","1","Caja"
"1/27/2026 3:08 PM","SBFD36 PRUEBA","I","BACKING","760","898.4",,"0","0","0","0",,,"0","4",,"0","AxL{-16}LyA",,"58312","FS","X","1",
"1/27/2026 3:08 PM","SBFD36 PRUEBA","C","SIDE L - R19L 5mm","762","609.6",,"2","2","0","0",,,"0.45","15",,"0","LxA{0}AyL AxP{0}PyA",,"58311","B","C","1","Caja"
"1/9/2026 3:35 PM","HRJ W3315-PUSH-SM18 MBLE SUP COC 2 PUERTAS CARB2","I","BACKING","359","816.2",,"0","0","0","0",,,"0","6",,"0","LxA{-22}AyL AxL{-22}LyA ",,"57814","F","X","1",
"1/9/2026 3:35 PM","HRJ W3315-PUSH-SM18 MBLE SUP COC 2 PUERTAS CARB2","H","DOOR L","377.8","415.9",,"2","2","0","0",,,"1","18",,"0","LxA{-3,2}AyL AxL[0,496182]LyA",,"57813","C","C","1","Frente"
"1/9/2026 3:35 PM","HRJ W3315-PUSH-SM18 MBLE SUP COC 2 PUERTAS CARB2","G","DOOR R","377.8","415.9",,"2","2","0","0",,,"1","18",,"0","LxA{-3,2}AyL AxL[0,496182]LyA",,"57812","C","C","1","Frente"
"1/9/2026 3:35 PM","HRJ W3315-PUSH-SM18 MBLE SUP COC 2 PUERTAS CARB2","F","RAIL TRASERO","802.2","80",,"0","0","2","0",,,"1","18",,"0","LxL{-36}LyL",,"57811","P","P","1","Caja"
"1/9/2026 3:35 PM","HRJ W3315-PUSH-SM18 MBLE SUP COC 2 PUERTAS CARB2","E","RAIL TRASERO","802.2","80",,"0","0","2","0",,,"1","18",,"0","LxL{-36}LyL",,"57810","P","P","1","Caja"
"1/9/2026 3:35 PM","HRJ W3315-PUSH-SM18 MBLE SUP COC 2 PUERTAS CARB2","D","SIDE L - R20L","381","304.8",,"2","2","0","0",,,"1","18",,"0","LxA{0}AyL AxP{0}PyA",,"57809","B","C","1","Caja"
"1/9/2026 3:35 PM","HRJ W3315-PUSH-SM18 MBLE SUP COC 2 PUERTAS CARB2","C","SIDE R - R20L","381","304.8",,"2","2","0","0",,,"1","18",,"0","LxA{0}AyL AxP{0}PyA",,"57808","B","C","1","Caja"
"1/9/2026 3:35 PM","HRJ W3315-PUSH-SM18 MBLE SUP COC 2 PUERTAS CARB2","B","TAPA - R20L","802.2","304.8",,"2","0","0","0",,,"1","18",,"0","LxL{-36}LyL AxP{0}PyA",,"57807","B","C","1","Caja"
"1/9/2026 3:35 PM","HRJ W3315-PUSH-SM18 MBLE SUP COC 2 PUERTAS CARB2","A","BASE - R20L","802.2","304.8",,"2","0","0","0",,,"1","18",,"0","LxL{-36}LyL AxP{0}PyA",,"57806","B","C","1","Caja"
"1/9/2026 3:25 PM","HRJ W3015-PUSH-SM18 MBLE SUP COC 2 PUERTAS CARB2","I","BACKING","359","740",,"0","0","0","0",,,"0","6",,"0","LxA{-22}AyL AxL{-22}LyA ",,"57805","F","X","1",
"1/9/2026 3:25 PM","HRJ W3015-PUSH-SM18 MBLE SUP COC 2 PUERTAS CARB2","H","DOOR L","377.8","377.8",,"2","2","0","0",,,"1","18",,"0","LxA{-3,2}AyL AxL[0,495800]LyA",,"57804","C","C","1","Frente"
"1/9/2026 3:25 PM","HRJ W3015-PUSH-SM18 MBLE SUP COC 2 PUERTAS CARB2","G","DOOR R","377.8","377.8",,"2","2","0","0",,,"1","18",,"0","LxA{-3,2}AyL AxL[0,495800]LyA",,"57803","C","C","1","Frente"
"1/9/2026 3:25 PM","HRJ W3015-PUSH-SM18 MBLE SUP COC 2 PUERTAS CARB2","F","RAIL TRASERO","726","80",,"0","0","2","0",,,"1","18",,"0","LxL{-36}LyL",,"57802","P","P","1","Caja"
"1/9/2026 3:25 PM","HRJ W3015-PUSH-SM18 MBLE SUP COC 2 PUERTAS CARB2","E","RAIL TRASERO","726","80",,"0","0","2","0",,,"1","18",,"0","LxL{-36}LyL",,"57801","P","P","1","Caja"
"1/9/2026 3:25 PM","HRJ W3015-PUSH-SM18 MBLE SUP COC 2 PUERTAS CARB2","D","SIDE L - R20L","381","304.8",,"2","2","0","0",,,"1","18",,"0","LxA{0}AyL AxP{0}PyA",,"57800","B","C","1","Caja"
"1/9/2026 3:25 PM","HRJ W3015-PUSH-SM18 MBLE SUP COC 2 PUERTAS CARB2","C","SIDE R - R20L","381","304.8",,"2","2","0","0",,,"1","18",,"0","LxA{0}AyL AxP{0}PyA",,"57799","B","C","1","Caja"
"1/9/2026 3:25 PM","HRJ W3015-PUSH-SM18 MBLE SUP COC 2 PUERTAS CARB2","B","TAPA - R20L","726","304.8",,"2","0","0","0",,,"1","18",,"0","LxL{-36}LyL AxP{0}PyA",,"57798","B","C","1","Caja"
"1/9/2026 3:25 PM","HRJ W3015-PUSH-SM18 MBLE SUP COC 2 PUERTAS CARB2","A","BASE - R20L","726","304.8",,"2","0","0","0",,,"1","18",,"0","LxL{-36}LyL AxP{0}PyA",,"57797","B","C","1","Caja"
"1/9/2026 3:04 PM","HRJ W2715-PUSH-SM18 MBLE SUP COC 2 PUERTAS CARB2","I","BACKING","359","663.8",,"0","0","0","0",,,"0","6",,"0","LxA{-22}AyL AxL{-22}LyA ",,"57787","F","X","1",
"1/9/2026 3:04 PM","HRJ W2715-PUSH-SM18 MBLE SUP COC 2 PUERTAS CARB2","H","DOOR L","377.8","339.7",,"2","2","0","0",,,"1","18",,"0","LxA{-3,2}AyL AxL[0,495333]LyA",,"57786","C","C","1","Frente"
"1/9/2026 3:04 PM","HRJ W2715-PUSH-SM18 MBLE SUP COC 2 PUERTAS CARB2","G","DOOR R","377.8","339.7",,"2","2","0","0",,,"1","18",,"0","LxA{-3,2}AyL AxL[0,495333]LyA",,"57785","C","C","1","Frente"
"1/9/2026 3:04 PM","HRJ W2715-PUSH-SM18 MBLE SUP COC 2 PUERTAS CARB2","F","RAIL TRASERO","649.8","80",,"0","0","2","0",,,"1","18",,"0","LxL{-36}LyL",,"57784","P","P","1","Caja"
"1/9/2026 3:04 PM","HRJ W2715-PUSH-SM18 MBLE SUP COC 2 PUERTAS CARB2","E","RAIL TRASERO","649.8","80",,"0","0","2","0",,,"1","18",,"0","LxL{-36}LyL",,"57783","P","P","1","Caja"
"1/9/2026 3:04 PM","HRJ W2715-PUSH-SM18 MBLE SUP COC 2 PUERTAS CARB2","C","SIDE R - R20L","381","304.8",,"2","2","0","0",,,"1","18",,"0","LxA{0}AyL AxP{0}PyA",,"57781","B","C","1","Caja"
"1/9/2026 3:04 PM","HRJ W2715-PUSH-SM18 MBLE SUP COC 2 PUERTAS CARB2","D","SIDE L - R20L","381","304.8",,"2","2","0","0",,,"1","18",,"0","LxA{0}AyL AxP{0}PyA",,"57782","B","C","1","Caja"
"1/9/2026 3:04 PM","HRJ W2715-PUSH-SM18 MBLE SUP COC 2 PUERTAS CARB2","B","TAPA - R20L","649.8","304.8",,"2","0","0","0",,,"1","18",,"0","LxL{-36}LyL AxP{0}PyA",,"57780","B","C","1","Caja"
"1/9/2026 3:04 PM","HRJ W2715-PUSH-SM18 MBLE SUP COC 2 PUERTAS CARB2","A","BASE - R20L","649.8","304.8",,"2","0","0","0",,,"1","18",,"0","LxL{-36}LyL AxP{0}PyA",,"57779","B","C","1","Caja"
"1/9/2026 3:02 PM","HRJ OW3018-MO18mm MBLE SUP COC MICROONDAS SIN PUERTAS","G","BACKING","435.2","740",,"0","0","0","0",,,"0","6",,"0","LxA{-22}AyL AxL{-22}LyA",,"57778","F","X","1",
"1/9/2026 3:02 PM","HRJ OW3018-MO18mm MBLE SUP COC MICROONDAS SIN PUERTAS","F","RAIL TRASERO","726","80",,"0","0","2","0",,,"1","18",,"0","LxL{-36}LyL",,"57777","P","P","1","Caja"
"1/9/2026 3:02 PM","HRJ OW3018-MO18mm MBLE SUP COC MICROONDAS SIN PUERTAS","E","RAIL TRASERO","726","80",,"0","0","2","0",,,"1","18",,"0","LxL{-36}LyL",,"57776","P","P","1","Caja"
"1/9/2026 3:02 PM","HRJ OW3018-MO18mm MBLE SUP COC MICROONDAS SIN PUERTAS","D","SIDE L - R20L","457.2","304.8",,"2","2","0","0",,,"1","18",,"0","LxA{0}AyL AxP{0}PyA",,"57775","B","C","1","Caja"
"1/9/2026 3:02 PM","HRJ OW3018-MO18mm MBLE SUP COC MICROONDAS SIN PUERTAS","C","SIDE R - R20L","457.2","304.8",,"2","2","0","0",,,"1","18",,"0","LxA{0}AyL AxP{0}PyA",,"57774","B","C","1","Caja"
"1/9/2026 3:02 PM","HRJ OW3018-MO18mm MBLE SUP COC MICROONDAS SIN PUERTAS","B","TAPA - R20L","726","304.8",,"2","0","0","0",,,"1","18",,"0","LxL{-36}LyL AxP{0}PyA",,"57773","B","C","1","Caja"
"1/9/2026 3:02 PM","HRJ OW3018-MO18mm MBLE SUP COC MICROONDAS SIN PUERTAS","A","BASE - R20L","726","434.8",,"2","2","0","0",,,"1","18",,"0","LxL{-36}LyL AxP{+130}PyA",,"57772","B","C","1","Caja"
"1/9/2026 9:37 AM","PN24 7/834 1/2 PANEL MUEBLE","A","PANEL","876.3","631.83",,"2","2","0","0",,,"1","18",,"0","LxA{0}AyL AxP{0}PyA",,"57686","C","C","1","Frente"
"1/8/2026 10:59 AM","CLCOR74 2H- 4SH-2DR con División y Cajón Adicional","ZJ","Division Cajón Add","370","563",,"2","0","0","0",,,"0.45","15",,"0","AxP{-37}PyA",,"57684","C","C","1","Caja"
"1/8/2026 10:59 AM","CLCOR74 2H- 4SH-2DR con División y Cajón Adicional","ZK","Puerta Cajón Add","366","1,786",,"2","2","0","0",,,"1","18",,"0","AxL{-34}LyA",,"57683","C","C","1","Frente"
"1/8/2026 10:59 AM","CLCOR74 2H- 4SH-2DR con División y Cajón Adicional","ZI","Ref Inf Cajón Add","1,790","80",,"2","0","0","0",,,"0.45","15",,"0","LxL{-30}LyL",,"57682","C","C","1","Caja"
"1/8/2026 10:59 AM","CLCOR74 2H- 4SH-2DR con División y Cajón Adicional","ZH","Ref Sup Cajón Add","1,790","80",,"2","0","0","0",,,"0.45","15",,"0","LxL{-30}LyL",,"57681","C","C","1","Caja"
"1/8/2026 10:59 AM","CLCOR74 2H- 4SH-2DR con División y Cajón Adicional","ZG","Lat Izq Cajón Add","400","600",,"2","2","0","0",,,"0.45","15",,"0","AxP{0}PyA",,"57680","C","C","1","Caja"
"1/8/2026 10:59 AM","CLCOR74 2H- 4SH-2DR con División y Cajón Adicional","ZF","Lat Der Cajón Add","400","600",,"2","2","0","0",,,"0.45","15",,"0","AxP{0}PyA",,"57679","C","C","1","Caja"
"1/8/2026 10:59 AM","CLCOR74 2H- 4SH-2DR con División y Cajón Adicional","ZE","Tapa Cajón Add","1,790","600",,"2","0","0","0",,,"0.45","15",,"0","LxL{-30}LyL AxP{0}PyA",,"57678","C","C","1","Caja"
"1/8/2026 10:59 AM","CLCOR74 2H- 4SH-2DR con División y Cajón Adicional","ZD","Base Cajón Add","1,790","600",,"2","0","0","0",,,"0.45","15",,"0","LxL{-30}LyL AxP{0}PyA",,"57677","C","C","1","Caja"
"1/8/2026 10:59 AM","CLCOR74 2H- 4SH-2DR con División y Cajón Adicional","ZC","Puerta Izq","2,316","925",,"2","2","0","0",,,"1","18",,"0",,,"57676","C","C","1","Frente"
"1/8/2026 10:59 AM","CLCOR74 2H- 4SH-2DR con División y Cajón Adicional","ZB","Puerta Der","2,316","925",,"2","2","0","0",,,"1","18",,"0",,,"57675","C","C","1","Frente"
"1/8/2026 10:59 AM","CLCOR74 2H- 4SH-2DR con División y Cajón Adicional","ZA","Ref Puertas","1,790","80",,"2","0","0","0",,,"1","18",,"0","LxL{-30}LyL",,"57674","C","C","1","Frente"
"1/8/2026 10:59 AM","CLCOR74 2H- 4SH-2DR con División y Cajón Adicional","E","Ref Sup front","120","1,790",,"2","0","0","0",,,"0.45","15",,"0","AxL{-30}LyA",,"57673","C","C","1","Caja"
"1/8/2026 10:59 AM","CLCOR74 2H- 4SH-2DR con División y Cajón Adicional","D","Ref Sup Tras","1,790","80",,"2","0","0","0",,,"0.45","15",,"0","LxL{-30}LyL",,"57672","C","C","1","Caja"
"1/8/2026 10:59 AM","CLCOR74 2H- 4SH-2DR con División y Cajón Adicional","Z","Parche Gav Inf","593.6","180.2",,"2","2","0","0",,,"0.45","15",,"0",,,"57671","C","C","1","Caja"
"1/8/2026 10:59 AM","CLCOR74 2H- 4SH-2DR con División y Cajón Adicional","Y","Parche Gav Sup","593.6","180.2",,"2","2","0","0",,,"0.45","15",,"0",,,"57670","C","C","1","Caja"
"1/8/2026 10:59 AM","CLCOR74 2H- 4SH-2DR con División y Cajón Adicional","X","Fondo Gav Inf","557","343",,"0","0","0","0",,,"0","6",,"0",,,"57669","F","X","1","Sin asignar"
"1/8/2026 10:59 AM","CLCOR74 2H- 4SH-2DR con División y Cajón Adicional","V","Contraparche Gav Inf R20L","543","152.4",,"2","0","0","0",,,"0.45","15",,"0",,,"57667","C","C","1","Caja"
"1/8/2026 10:59 AM","CLCOR74 2H- 4SH-2DR con División y Cajón Adicional","W","Fondo Gav Sup","557","343",,"0","0","0","0",,,"0","6",,"0",,,"57668","F","X","1","Sin asignar"
"1/8/2026 10:59 AM","CLCOR74 2H- 4SH-2DR con División y Cajón Adicional","U","Contraparche Gav Sup R20L","543","152.4",,"2","0","0","0",,,"0.45","15",,"0",,,"57666","C","C","1","Caja"
"1/8/2026 10:59 AM","CLCOR74 2H- 4SH-2DR con División y Cajón Adicional","S","Lat Izq Gav Sup R20L","350","152.4",,"2","2","0","0",,,"0.45","15",,"0",,,"57665","C","C","1","Caja"
"1/8/2026 10:59 AM","CLCOR74 2H- 4SH-2DR con División y Cajón Adicional","T","Lat Izq Gav Inf R20L","350","152.4",,"2","2","0","0",,,"0.45","15",,"0",,,"57664","C","C","1","Caja"
"1/8/2026 10:59 AM","CLCOR74 2H- 4SH-2DR con División y Cajón Adicional","R","Lat Der Gav Inf R20L","350","152.4",,"2","2","0","0",,,"0.45","15",,"0",,,"57663","C","C","1","Caja"
"1/8/2026 10:59 AM","CLCOR74 2H- 4SH-2DR con División y Cajón Adicional","Q","Lat Der Gav Sup R20L","350","152.4",,"2","2","0","0",,,"0.45","15",,"0",,,"57662","C","C","1","Caja"
"1/8/2026 10:59 AM","CLCOR74 2H- 4SH-2DR con División y Cajón Adicional","P","Trasero Gav Inf","543","125.4",,"2","0","0","0",,,"0.45","15",,"0",,,"57661","C","C","1","Caja"
"1/8/2026 10:59 AM","CLCOR74 2H- 4SH-2DR con División y Cajón Adicional","O","Trasero Gav Sup","543","125.4",,"2","0","0","0",,,"0.45","15",,"0",,,"57660","C","C","1","Caja"
"1/8/2026 10:59 AM","CLCOR74 2H- 4SH-2DR con División y Cajón Adicional","L","Entrepaño Tapa","600","450",,"2","0","0","0",,,"0.45","15",,"0"," AxP{-150}PyA",,"57659","C","C","1","Caja"
"1/8/2026 10:59 AM","CLCOR74 2H- 4SH-2DR con División y Cajón Adicional","K","Entrepaño Base","600","450",,"2","0","0","0",,,"0.45","15",,"0"," AxP{-150}PyA",,"57658","C","C","1","Caja"
"1/8/2026 10:59 AM","CLCOR74 2H- 4SH-2DR con División y Cajón Adicional","N","Entrepaño","599","450",,"2","2","0","0",,,"0.45","15",,"0"," AxP{-150}PyA",,"57657","C","C","1","Caja"
"1/8/2026 10:59 AM","CLCOR74 2H- 4SH-2DR con División y Cajón Adicional","J","Entrepaño Cent Fijo","1,175","450",,"2","0","0","0",,,"0.45","15",,"0"," LxL{-645}LyL AxP{-150}PyA",,"57656","C","C","1","Caja"
"1/8/2026 10:59 AM","CLCOR74 2H- 4SH-2DR con División y Cajón Adicional","M","Entrepaño","599","450",,"2","2","0","0",,,"0.45","15",,"0"," AxP{-150}PyA",,"57655","C","C","1","Caja"
"1/8/2026 10:59 AM","CLCOR74 2H- 4SH-2DR con División y Cajón Adicional","H","División","2,050","450",,"2","1","0","0",,,"0.45","15",,"0","AxP{-150}PyA",,"57654","C","C","1","Caja"
"1/8/2026 10:59 AM","CLCOR74 2H- 4SH-2DR con División y Cajón Adicional","B","Lat Der","2,400","600",,"2","2","0","0",,,"0.45","15",,"0","LxA{0}AyL AxP{0}PyA",,"57653","C","C","1","Caja"
"1/8/2026 10:59 AM","CLCOR74 2H- 4SH-2DR con División y Cajón Adicional","G","Ref Gav Tra","600","80",,"2","0","0","0",,,"0.45","15",,"0",,,"57652","C","C","1","Caja"
"1/8/2026 10:58 AM","CLCOR74 2H- 4SH-2DR con División y Cajón Adicional","F","Ref Cent Tra","1,175","80",,"2","0","0","0",,,"0.45","15",,"0","LxL{-645}LyL",,"57651","C","C","1","Caja"
"1/8/2026 10:58 AM","CLCOR74 2H- 4SH-2DR con División y Cajón Adicional","A","Tapa","1,790","600",,"2","0","0","0",,,"0.45","15",,"0","LxL{-30}LyL AxP{0}PyA",,"57650","C","C","1","Caja"
"1/8/2026 10:58 AM","CLCOR74 2H- 4SH-2DR con División y Cajón Adicional","I","Entrepaño Sup Fijo","1,790","450",,"2","0","0","0",,,"0.45","15",,"0","LxL{-30}LyL AxP{-150}PyA",,"57649","C","C","1","Caja"
"1/8/2026 10:58 AM","CLCOR74 2H- 4SH-2DR con División y Cajón Adicional","C","Lat Izq","2,400","600",,"2","2","0","0",,,"0.45","15",,"0","LxA{0}AyL AxP{0}PyA",,"57648","C","C","1","Caja"
"12/4/2025 8:56 AM","PN4034 1/2 PANEL MUEBLE","A","PANEL","876.3","1,016",,"2","2","0","0",,,"1","18",,"0","LxA{0}AyL AxL{0}LyA",,"57372","C","C","1","Frente"
"12/4/2025 8:50 AM","PN34 1/279 PANEL MUEBLE","A","PANEL","2,006.6","876.3",,"2","2","0","0",,,"1","18",,"0","LxA{0}AyL AxL{0}LyA",,"57371","C","C","1","Frente"
"12/4/2025 8:48 AM","PN25 1/216 PANEL MUEBLE","A","PANEL","406.4","647.7",,"2","2","0","0",,,"1","18",,"0","LxA{0}AyL AxL{0}LyA",,"57370","C","C","1","Frente"
"12/4/2025 8:46 AM","PN12 3/452 PANEL MUEBLE","A","PANEL","1,320.8","323.85",,"2","2","0","0",,,"1","18",,"0","LxA{0}AyL AxL{0}LyA",,"57369","C","C","1","Frente"
"12/4/2025 8:45 AM","PN25 1/296 PANEL MUEBLE","A","PANEL","2,438.4","647.7",,"2","2","0","0",,,"1","18",,"0","LxA{0}AyL AxL{0}LyA",,"57368","C","C","1","Frente"
"12/4/2025 8:44 AM","HRJ W3336-SM18 MBLE DER SUP COC 2 PUERTAS 2 ENTREPAÑOS","J","DOOR L","930.25","415.9",,"2","2","0","0",,,"1","18",,"0","LxA{+15,85}AyL AxL[0,496182]LyA",,"57367","C","C","1","Frente"
"12/4/2025 8:44 AM","HRJ W3336-SM18 MBLE DER SUP COC 2 PUERTAS 2 ENTREPAÑOS","K","BACKING","892.4","816.2",,"0","0","0","0",,,"0","6",,"0","LxA{-22}AyL AxL{-22}LyA",,"57366","F","X","1",
"12/4/2025 8:44 AM","HRJ W3336-SM18 MBLE DER SUP COC 2 PUERTAS 2 ENTREPAÑOS","I","DOOR R","930.25","415.9",,"2","2","0","0",,,"1","18",,"0","LxA{+15,85}AyL AxL[0,496182]LyA",,"57365","C","C","1","Frente"
"12/4/2025 8:44 AM","HRJ W3336-SM18 MBLE DER SUP COC 2 PUERTAS 2 ENTREPAÑOS","H","SHELF 2","801.2","266.7",,"0","0","2","2",,,"1","18",,"0","LxL{-37}LyL",,"57364","P","C","1","Caja"
"12/4/2025 8:44 AM","HRJ W3336-SM18 MBLE DER SUP COC 2 PUERTAS 2 ENTREPAÑOS","G","SHELF 1","801.2","266.7",,"0","0","2","2",,,"1","18",,"0","LxL{-37}LyL",,"57363","P","C","1","Caja"
"12/4/2025 8:44 AM","HRJ W3336-SM18 MBLE DER SUP COC 2 PUERTAS 2 ENTREPAÑOS","F","RAIL TRASERO","802.2","80",,"0","0","2","0",,,"1","18",,"0","LxL{-36}LyL",,"57362","P","C","1","Caja"
"12/4/2025 8:44 AM","HRJ W3336-SM18 MBLE DER SUP COC 2 PUERTAS 2 ENTREPAÑOS","E","RAIL TRASERO","802.2","80",,"0","0","2","0",,,"1","18",,"0","LxL{-36}LyL",,"57361","P","C","1","Caja"
"12/4/2025 8:44 AM","HRJ W3336-SM18 MBLE DER SUP COC 2 PUERTAS 2 ENTREPAÑOS","D","SIDE L - R20L","914.4","304.8",,"2","2","0","0",,,"1","18",,"0","LxA{0}AyL AxP{0}PyA",,"57360","B","C","1","Caja"
"12/4/2025 8:44 AM","HRJ W3336-SM18 MBLE DER SUP COC 2 PUERTAS 2 ENTREPAÑOS","B","TAPA - R20L","802.2","304.8",,"2","0","0","0",,,"1","18",,"0","LxL{-36}LyL AxP{0}PyA",,"57358","B","C","1","Caja"
"12/4/2025 8:44 AM","HRJ W3336-SM18 MBLE DER SUP COC 2 PUERTAS 2 ENTREPAÑOS","C","SIDE R - R20L","914.4","304.8",,"2","2","0","0",,,"1","18",,"0","LxA{0}AyL AxP{0}PyA",,"57359","B","C","1","Caja"
"12/4/2025 8:44 AM","HRJ W3336-SM18 MBLE DER SUP COC 2 PUERTAS 2 ENTREPAÑOS","A","BASE - R20L","802.2","304.8",,"2","0","0","0",,,"1","18",,"0","LxL{-36}LyL AxP{0}PyA",,"57357","B","C","1","Caja"
"12/4/2025 8:39 AM","HRJ W3018-PUSH-SM18 MBLE DER SUP COC 2 PUERTAS 1 ENTREPAÑOS","I","DOOR L","454","377.8",,"2","2","0","0",,,"1","18",,"0","LxA{-3,2}AyL AxL[0,495800]LyA",,"57356","C","C","1","Frente"
"12/4/2025 8:39 AM","HRJ W3018-PUSH-SM18 MBLE DER SUP COC 2 PUERTAS 1 ENTREPAÑOS","J","BACKING","435.2","740",,"0","0","0","0",,,"0","6",,"0","LxA{-22}AyL AxL{-22}LyA",,"57355","F","X","1",
"12/4/2025 8:39 AM","HRJ W3018-PUSH-SM18 MBLE DER SUP COC 2 PUERTAS 1 ENTREPAÑOS","H","DOOR R","454","377.8",,"2","2","0","0",,,"1","18",,"0","LxA{-3,2}AyL AxL[0,495800]LyA",,"57354","C","C","1","Frente"
"12/4/2025 8:39 AM","HRJ W3018-PUSH-SM18 MBLE DER SUP COC 2 PUERTAS 1 ENTREPAÑOS","G","SHELF 1","725","266.7",,"0","0","2","2",,,"1","18",,"0","LxL{-37}LyL",,"57353","P","C","1","Caja"
"12/4/2025 8:39 AM","HRJ W3018-PUSH-SM18 MBLE DER SUP COC 2 PUERTAS 1 ENTREPAÑOS","F","RAIL TRASERO","726","80",,"0","0","2","0",,,"1","18",,"0","LxL{-36}LyL",,"57352","P","C","1","Caja"
"12/4/2025 8:39 AM","HRJ W3018-PUSH-SM18 MBLE DER SUP COC 2 PUERTAS 1 ENTREPAÑOS","E","RAIL TRASERO","726","80",,"0","0","2","0",,,"1","18",,"0","LxL{-36}LyL",,"57351","P","C","1","Caja"
"12/4/2025 8:39 AM","HRJ W3018-PUSH-SM18 MBLE DER SUP COC 2 PUERTAS 1 ENTREPAÑOS","D","SIDE L - R20L","457.2","304.8",,"2","2","0","0",,,"1","18",,"0","LxA{0}AyL AxP{0}PyA",,"57350","B","C","1","Caja"
"12/4/2025 8:39 AM","HRJ W3018-PUSH-SM18 MBLE DER SUP COC 2 PUERTAS 1 ENTREPAÑOS","C","SIDE R - R20L","457.2","304.8",,"2","2","0","0",,,"1","18",,"0","LxA{0}AyL AxP{0}PyA",,"57349","B","C","1","Caja"
"12/4/2025 8:39 AM","HRJ W3018-PUSH-SM18 MBLE DER SUP COC 2 PUERTAS 1 ENTREPAÑOS","B","TAPA - R20L","726","304.8",,"2","0","0","0",,,"1","18",,"0","LxL{-36}LyL AxP{0}PyA",,"57348","B","C","1","Caja"
"12/4/2025 8:39 AM","HRJ W3018-PUSH-SM18 MBLE DER SUP COC 2 PUERTAS 1 ENTREPAÑOS","A","BASE - R20L","726","304.8",,"2","0","0","0",,,"1","18",,"0","LxL{-36}LyL AxP{0}PyA",,"57347","B","C","1","Caja"
"12/4/2025 8:33 AM","HRJ W301524-PUSH-SM18 MBLE SUP COC 2 PUERTAS CARB2","I","BACKING","359","740",,"0","0","0","0",,,"0","6",,"0","LxA{-22}AyL AxL{-22}LyA ",,"57346","F","X","1",
"12/4/2025 8:33 AM","HRJ W301524-PUSH-SM18 MBLE SUP COC 2 PUERTAS CARB2","H","DOOR L","377.8","377.8",,"2","2","0","0",,,"1","18",,"0","LxA{-3,2}AyL AxL[0,495800]LyA",,"57345","C","C","1","Frente"
"12/4/2025 8:33 AM","HRJ W301524-PUSH-SM18 MBLE SUP COC 2 PUERTAS CARB2","G","DOOR R","377.8","377.8",,"2","2","0","0",,,"1","18",,"0","LxA{-3,2}AyL AxL[0,495800]LyA",,"57344","C","C","1","Frente"
"12/4/2025 8:33 AM","HRJ W301524-PUSH-SM18 MBLE SUP COC 2 PUERTAS CARB2","F","RAIL TRASERO","726","80",,"0","0","2","0",,,"1","18",,"0","LxL{-36}LyL",,"57343","P","P","1","Caja"
"12/4/2025 8:33 AM","HRJ W301524-PUSH-SM18 MBLE SUP COC 2 PUERTAS CARB2","E","RAIL TRASERO","726","80",,"0","0","2","0",,,"1","18",,"0","LxL{-36}LyL",,"57342","P","P","1","Caja"
"12/4/2025 8:33 AM","HRJ W301524-PUSH-SM18 MBLE SUP COC 2 PUERTAS CARB2","D","SIDE L - R16L","381","609.6",,"2","2","0","0",,,"1","18",,"0","LxA{0}AyL AxP{0}PyA",,"57341","B","C","1","Caja"
"12/4/2025 8:33 AM","HRJ W301524-PUSH-SM18 MBLE SUP COC 2 PUERTAS CARB2","C","SIDE R - R16L","381","609.6",,"2","2","0","0",,,"1","18",,"0","LxA{0}AyL AxP{0}PyA",,"57340","B","C","1","Caja"
"12/4/2025 8:33 AM","HRJ W301524-PUSH-SM18 MBLE SUP COC 2 PUERTAS CARB2","B","TAPA - R16L","726","609.6",,"2","0","0","0",,,"1","18",,"0","LxL{-36}LyL AxP{0}PyA",,"57339","B","C","1","Caja"
"12/4/2025 8:33 AM","HRJ W301524-PUSH-SM18 MBLE SUP COC 2 PUERTAS CARB2","A","BASE - R16L","726","609.6",,"2","0","0","0",,,"1","18",,"0","LxL{-36}LyL AxP{0}PyA",,"57338","B","C","1","Caja"
"12/2/2025 11:59 AM","HRJ WER2440-SM MBLE SUP COC 2 PUERTA 2 ENTREPAÑOS","K","DOOR L","1,031.85","298.45",,"2","2","0","0",,,"1","18",,"0","LxA{+15,85}AyL",,"57289","C","C","1","Frente"
"12/2/2025 11:59 AM","HRJ WER2440-SM MBLE SUP COC 2 PUERTA 2 ENTREPAÑOS","J","DOOR R","1,031.85","279.4",,"2","2","0","0",,,"1","18",,"0","LxA{+15,85}AyL",,"57288","C","C","1","Frente"
"12/2/2025 11:59 AM","HRJ WER2440-SM MBLE SUP COC 2 PUERTA 2 ENTREPAÑOS","E","REF TRAS","986","152.4",,"0","0","0","0",,,"0","15",,"0","LxA{-30}AyL",,"57287","P","P","1","Caja"
"12/2/2025 11:59 AM","HRJ WER2440-SM MBLE SUP COC 2 PUERTA 2 ENTREPAÑOS","I","SHELF 2","558.8","558.8",,"0","0","2","2",,,"0.45","15",,"0",,,"57286","P","P","1","Caja"
"12/2/2025 11:59 AM","HRJ WER2440-SM MBLE SUP COC 2 PUERTA 2 ENTREPAÑOS","H","SHELF 1","558.8","558.8",,"0","0","2","2",,,"0.45","15",,"0",,,"57285","P","P","1","Caja"
"12/2/2025 11:59 AM","HRJ WER2440-SM MBLE SUP COC 2 PUERTA 2 ENTREPAÑOS","G","BACKING IZQ","986","558.8",,"0","0","0","0",,,"0.45","15",,"0","LxA{-30}AyL AxL{-50,8}LyA",,"57284","P","P","1","Caja"
"12/2/2025 11:59 AM","HRJ WER2440-SM MBLE SUP COC 2 PUERTA 2 ENTREPAÑOS","F","BACKING DER","986","558.8",,"0","0","0","0",,,"0.45","15",,"0","LxA{-30}AyL AxL{-50,8}LyA",,"57283","P","P","1","Caja"
"12/2/2025 11:59 AM","HRJ WER2440-SM MBLE SUP COC 2 PUERTA 2 ENTREPAÑOS","D","SIDE L - R16L","1,016","304.8",,"2","2","0","0",,,"0.45","15",,"0","LxA{0}AyL AxP{0}PyA",,"57282","B","C","1","Caja"
"12/2/2025 11:59 AM","HRJ WER2440-SM MBLE SUP COC 2 PUERTA 2 ENTREPAÑOS","C","SIDE R - R16L","1,016","304.8",,"2","2","0","0",,,"0.45","15",,"0","LxA{0}AyL AxP{0}PyA",,"57281","B","C","1","Caja"
"12/2/2025 11:59 AM","HRJ WER2440-SM MBLE SUP COC 2 PUERTA 2 ENTREPAÑOS","B","TAPA - R16L","594.6","594.6",,"2","0","0","0",,,"0.45","15",,"0","LxL{-15}LyL AxL{-15}LyA",,"57280","B","C","1","Caja"
"12/2/2025 11:59 AM","HRJ WER2440-SM MBLE SUP COC 2 PUERTA 2 ENTREPAÑOS","A","BASE - R16L","594.6","594.6",,"2","0","0","0",,,"0.45","15",,"0","LxL{-15}LyL AxL{-15}LyA",,"57279","B","C","1","Caja"
"12/1/2025 9:24 AM","F640 7/8 FILLER MBLE INF","A","FILLER","1,038.23","152.4",,"2","2","0","0",,,"1","18",,"0","LxA{0}AyL AxL{0}LyA",,"57278","C","C",,
"12/1/2025 8:58 AM","HRJ W3023-PUSH MBLE SUP COC 2 PUERTA 1 ENTREPAÑO","I","DOOR L","581","377.8",,"2","2","0","0",,,"1","18",,"0","LxA{-3,2}AyL AxL[0,495800]LyA",,"57277","C","C","1","Frente"
"12/1/2025 8:58 AM","HRJ W3023-PUSH MBLE SUP COC 2 PUERTA 1 ENTREPAÑO","G","SHELF","731","266.7",,"0","0","2","2",,,"0.45","15",,"0","LxL{-31}LyL",,"57276","P","P","1","Caja"
"12/1/2025 8:58 AM","HRJ W3023-PUSH MBLE SUP COC 2 PUERTA 1 ENTREPAÑO","J","BACKING","568.2","746",,"0","0","0","0",,,"0","6",,"0","LxA{-16}AyL AxL{-16}LyA",,"57275","F","X","1",
"12/1/2025 8:58 AM","HRJ W3023-PUSH MBLE SUP COC 2 PUERTA 1 ENTREPAÑO","H","DOOR R","581","377.8",,"2","2","0","0",,,"1","18",,"0","LxA{-3,2}AyL AxL[0,495800]LyA",,"57274","C","C","1","Frente"
"12/1/2025 8:58 AM","HRJ W3023-PUSH MBLE SUP COC 2 PUERTA 1 ENTREPAÑO","F","RAIL TRASERO","732","80",,"0","0","2","0",,,"0.45","15",,"0","LxL{-30}LyL",,"57273","P","P","1","Caja"
"12/1/2025 8:58 AM","HRJ W3023-PUSH MBLE SUP COC 2 PUERTA 1 ENTREPAÑO","E","RAIL TRASERO","732","80",,"0","0","2","0",,,"0.45","15",,"0","LxL{-30}LyL",,"57272","P","P","1","Caja"
"12/1/2025 8:58 AM","HRJ W3023-PUSH MBLE SUP COC 2 PUERTA 1 ENTREPAÑO","D","SIDE L - R16L","584.2","304.8",,"2","2","0","0",,,"0.45","15",,"0","LxA{0}AyL AxP{0}PyA",,"57271","B","C","1","Caja"
"12/1/2025 8:58 AM","HRJ W3023-PUSH MBLE SUP COC 2 PUERTA 1 ENTREPAÑO","C","SIDE R - R16L","584.2","304.8",,"2","2","0","0",,,"0.45","15",,"0","LxA{0}AyL AxP{0}PyA",,"57270","B","C","1","Caja"
"12/1/2025 8:58 AM","HRJ W3023-PUSH MBLE SUP COC 2 PUERTA 1 ENTREPAÑO","B","TAPA - R16L","732","304.8",,"2","0","0","0",,,"0.45","15",,"0","LxL{-30}LyL AxP{0}PyA",,"57269","B","C","1","Caja"
"12/1/2025 8:58 AM","HRJ W3023-PUSH MBLE SUP COC 2 PUERTA 1 ENTREPAÑO","A","BASE - R16L","732","304.8",,"2","0","0","0",,,"0.45","15",,"0","LxL{-30}LyL AxP{0}PyA",,"57268","B","C","1","Caja"
"12/1/2025 8:11 AM","HRJ SBFD33-SMG MBLE INF LVP 2 PUERTAS","F","RAIL TRASERO","808.2","80",,"0","0","2","0",,,"0.45","15",,"0","LxL{-30}LyL",,"57267","P","P","1","Caja"
"12/1/2025 8:11 AM","HRJ SBFD33-SMG MBLE INF LVP 2 PUERTAS","E","RAIL TRASERO","808.2","80",,"0","0","2","0",,,"0.45","15",,"0","LxL{-30}LyL",,"57266","P","P","1","Caja"
"12/1/2025 8:11 AM","HRJ SBFD33-SMG MBLE INF LVP 2 PUERTAS","D","RAIL DELANTERO","808.2","80",,"2","0","0","0",,,"0.45","15",,"0","LxL{-30}LyL",,"57265","C","C","1","Frente"
"12/1/2025 8:11 AM","HRJ SBFD33-SMG MBLE INF LVP 2 PUERTAS","B","SIDE R - R20L","762","609.6",,"2","2","0","0",,,"0.45","15",,"0","LxA{0}AyL AxP{0}PyA",,"57264","B","C","1","Caja"
"12/1/2025 8:11 AM","HRJ SBFD33-SMG MBLE INF LVP 2 PUERTAS","I","BACKING","760","816.2",,"0","0","0","0",,,"0","6",,"0","AxL{-22}LyA",,"57262","F","X","1",
"12/1/2025 8:11 AM","HRJ SBFD33-SMG MBLE INF LVP 2 PUERTAS","A","BASE","808.2","585.6",,"2","0","0","0",,,"0.45","15",,"0","LxL{-30}LyL AxP{-24}PyA",,"57263","B","C","1","Caja"
"12/1/2025 8:11 AM","HRJ SBFD33-SMG MBLE INF LVP 2 PUERTAS","H","DOOR L","732","415.9",,"2","2","0","0",,,"1","18",,"0","LxA{-30}AyL AxL[0,496182]LyA",,"57261","C","C","1","Frente"
"12/1/2025 8:11 AM","HRJ SBFD33-SMG MBLE INF LVP 2 PUERTAS","G","DOOR R","732","415.9",,"2","2","0","0",,,"1","18",,"0","LxA{-30}AyL AxL[0,496182]LyA",,"57260","C","C","1","Frente"
"12/1/2025 8:11 AM","HRJ SBFD33-SMG MBLE INF LVP 2 PUERTAS","C","SIDE L - R20L","762","609.6",,"2","2","0","0",,,"0.45","15",,"0","LxA{0}AyL AxP{0}PyA",,"57259","B","C","1","Caja"
"11/28/2025 3:29 PM","HRJ BLS36-SMG MBLE INF COC LAZY SUSAN 2 PUERTAS 1 ENTREPAÑO CARB2","F","REF TRAS CHAFLAN L","747","177.8",,"0","0","0","1",,,"0.45","15",,"0","LxA{-15}AyL",,"57249","P","P","1","Caja"
"11/28/2025 3:29 PM","HRJ BLS36-SMG MBLE INF COC LAZY SUSAN 2 PUERTAS 1 ENTREPAÑO CARB2","H","BACKING DER","788.7","747",,"0","0","1","0",,,"0.45","15",,"0","LxL{-125,7}LyL AxA{-15}AyA",,"57248","P","P","1","Caja"
"11/28/2025 3:29 PM","HRJ BLS36-SMG MBLE INF COC LAZY SUSAN 2 PUERTAS 1 ENTREPAÑO CARB2","K","DOOR L","732","298.4",,"2","2","0","0",,,"1","18",,"0","LxA{-30}AyL",,"57247","C","C","1","Frente"
"11/28/2025 3:29 PM","HRJ BLS36-SMG MBLE INF COC LAZY SUSAN 2 PUERTAS 1 ENTREPAÑO CARB2","J","DOOR R","732","279.4",,"2","2","0","0",,,"1","18",,"0","LxA{-30}AyL",,"57246","C","C","1","Frente"
"11/28/2025 3:28 PM","HRJ BLS36-SMG MBLE INF COC LAZY SUSAN 2 PUERTAS 1 ENTREPAÑO CARB2","I","SHELF","883.4","883.4",,"0","0","2","2",,,"0.45","15",,"0",,,"57245","P","P","1","Caja"
"11/28/2025 3:28 PM","HRJ BLS36-SMG MBLE INF COC LAZY SUSAN 2 PUERTAS 1 ENTREPAÑO CARB2","G","BACKING IZQ","788.7","747",,"0","0","1","0",,,"0.45","15",,"0","LxL{-125,7}LyL AxA{-15}AyA",,"57244","P","P","1","Caja"
"11/28/2025 3:28 PM","HRJ BLS36-SMG MBLE INF COC LAZY SUSAN 2 PUERTAS 1 ENTREPAÑO CARB2","E","RAIL DEL CEN","316.8","80",,"2","0","0","0",,,"0.45","15",,"0","LxL{-597,6}LyL",,"57243","B","C","1","Caja"
"11/28/2025 3:28 PM","HRJ BLS36-SMG MBLE INF COC LAZY SUSAN 2 PUERTAS 1 ENTREPAÑO CARB2","D","RAIL DEL SUP","884.4","200",,"2","0","0","0",,,"0.45","15",,"0","LxL{-30}LyL",,"57242","B","C","1","Caja"
"11/28/2025 3:28 PM","HRJ BLS36-SMG MBLE INF COC LAZY SUSAN 2 PUERTAS 1 ENTREPAÑO CARB2","C","SIDE L - R17L762","747","609.6",,"2","2","0","0",,,"0.45","15",,"0","LxA{-15}AyL AxP{0}PyA",,"57241","B","C","1","Caja"
"11/28/2025 3:28 PM","HRJ BLS36-SMG MBLE INF COC LAZY SUSAN 2 PUERTAS 1 ENTREPAÑO CARB2","B","SIDE R - R17L762","747","609.6",,"2","1","0","0",,,"0.45","15",,"0","LxA{-15}AyL AxP{0}PyA",,"57240","B","C","1","Caja"
"11/28/2025 3:28 PM","HRJ BLS36-SMG MBLE INF COC LAZY SUSAN 2 PUERTAS 1 ENTREPAÑO CARB2","A","BASE","914.4","914.4",,"2","2","0","0",,,"0.45","15",,"0","LxL{0}LyL AxL{0}LyA",,"57239","B","C","1","Caja"
"11/27/2025 4:25 PM","HRJ BBLFD45-D19 1/2-SMG MBLE DER INF COC ESQUINERO 1 PUERTA 1 ENTREPAÑO","F","REF DEL INF","732","100",,"1","1","0","0",,,"0.45","15",,"0","LxA{-30}AyL",,"57238","B","C","1","Caja"
"11/27/2025 4:25 PM","HRJ BBLFD45-D19 1/2-SMG MBLE DER INF COC ESQUINERO 1 PUERTA 1 ENTREPAÑO","E","REF DEL CENTRAL","732","100",,"1","1","0","0",,,"0.45","15",,"0","LxA{-30}AyL",,"57237","C","C","1","Caja"
"11/27/2025 4:25 PM","HRJ BBLFD45-D19 1/2-SMG MBLE DER INF COC ESQUINERO 1 PUERTA 1 ENTREPAÑO","L","BACKING","760","1,127",,"0","0","0","0",,,"0","6",,"0","LxA{-2}AyL AxL{-16}LyA",,"57236","F","X","1",
"11/27/2025 4:25 PM","HRJ BBLFD45-D19 1/2-SMG MBLE DER INF COC ESQUINERO 1 PUERTA 1 ENTREPAÑO","K","DOOR","732","495.3",,"2","2","0","0",,,"1","18",,"0","LxA{-30}AyL ",,"57235","C","C","1","Frente"
"11/27/2025 4:25 PM","HRJ BBLFD45-D19 1/2-SMG MBLE DER INF COC ESQUINERO 1 PUERTA 1 ENTREPAÑO","J","BLIND DOOR","762","642.9",,"2","2","0","0",,,"1","18",,"0","LxA{0}AyLAxL{-500,1}LyA",,"57234","C","C","1","Frente"
"11/27/2025 4:25 PM","HRJ BBLFD45-D19 1/2-SMG MBLE DER INF COC ESQUINERO 1 PUERTA 1 ENTREPAÑO","I","SHELF","1,112","458.8",,"0","0","2","2",,,"0.45","15",,"0","LxL{-31}LyL AxP{-150,8}PyA",,"57233","P","P","1","Caja"
"11/27/2025 4:25 PM","HRJ BBLFD45-D19 1/2-SMG MBLE DER INF COC ESQUINERO 1 PUERTA 1 ENTREPAÑO","H","RAIL TRAS INF","1,113","80",,"0","0","2","0",,,"0.45","15",,"0","LxL{-30}LyL",,"57232","P","P","1","Caja"
"11/27/2025 4:25 PM","HRJ BBLFD45-D19 1/2-SMG MBLE DER INF COC ESQUINERO 1 PUERTA 1 ENTREPAÑO","G","RAIL TRAS SUP","1,113","80",,"0","0","2","0",,,"0.45","15",,"0","LxL{-30}LyL",,"57231","P","P","1","Caja"
"11/27/2025 4:25 PM","HRJ BBLFD45-D19 1/2-SMG MBLE DER INF COC ESQUINERO 1 PUERTA 1 ENTREPAÑO","D","RAIL DEL","1,113","80",,"2","0","0","0",,,"0.45","15",,"0","LxL{-30}LyL",,"57230","B","C","1","Caja"
"11/27/2025 4:25 PM","HRJ BBLFD45-D19 1/2-SMG MBLE DER INF COC ESQUINERO 1 PUERTA 1 ENTREPAÑO","C","SIDE L - R17L762","762","609.6",,"1","2","0","0",,,"0.45","15",,"0","LxA{0}AyL AxP{0}PyA",,"57229","B","C","1","Caja"
"11/27/2025 4:25 PM","HRJ BBLFD45-D19 1/2-SMG MBLE DER INF COC ESQUINERO 1 PUERTA 1 ENTREPAÑO","B","SIDE R - R17L762","762","609.6",,"2","2","0","0",,,"0.45","15",,"0","LxA{0}AyL AxP{0}PyA",,"57228","B","C","1","Caja"
"11/27/2025 4:25 PM","HRJ BBLFD45-D19 1/2-SMG MBLE DER INF COC ESQUINERO 1 PUERTA 1 ENTREPAÑO","A","BASE","1,113","585.6",,"0","2","0","0",,,"0.45","15",,"0","LxL{-30}LyL AxP{-24}PyA",,"57227","B","C","1","Caja"
"11/27/2025 8:44 AM","F634 1/2 FILLER MBLE INF","A","FILLER","876.3","152.4",,"2","2","0","0",,,"1","18",,"0","LxA{0}AyL AxL{0}LyA",,"57215","C","C","1","Frente"
"11/27/2025 8:18 AM","HRJ WBL3840 D22 7/8L-SM MBLE IZQ SUP COC 1 PUERTA 3 ENTREPAÑOS","I","SHELF 2","934.2","266.7",,"0","0","2","2",,,"0.45","15",,"0","LxL{-31}LyL",,"57214","P","P","1",
"11/27/2025 8:18 AM","HRJ WBL3840 D22 7/8L-SM MBLE IZQ SUP COC 1 PUERTA 3 ENTREPAÑOS","K","DOOR BLIND","1,035.05","384.18",,"2","2","0","0",,,"1","18",,"0","LxA{+19,05}AyL",,"57213","C","C","1","Frente"
"11/27/2025 8:18 AM","HRJ WBL3840 D22 7/8L-SM MBLE IZQ SUP COC 1 PUERTA 3 ENTREPAÑOS","L","BACKING","1,000","949.2",,"0","0","0","0",,,"0","6",,"0","LxA{-16}AyL AxL{-16}LyA",,"57212","F","X","1",
"11/27/2025 8:18 AM","HRJ WBL3840 D22 7/8L-SM MBLE IZQ SUP COC 1 PUERTA 3 ENTREPAÑOS","J","DOOR","1,031.85","577.83",,"2","2","0","0",,,"1","18",,"0","LxA{+15,85}AyL",,"57211","C","C","1","Frente"
"11/27/2025 8:18 AM","HRJ WBL3840 D22 7/8L-SM MBLE IZQ SUP COC 1 PUERTA 3 ENTREPAÑOS","H","SHELF 2","934.2","266.7",,"0","0","2","2",,,"0.45","15",,"0","LxL{-31}LyL",,"57210","P","P","1","Caja"
"11/27/2025 8:18 AM","HRJ WBL3840 D22 7/8L-SM MBLE IZQ SUP COC 1 PUERTA 3 ENTREPAÑOS","G","SHELF 1","934.2","266.7",,"0","0","2","2",,,"0.45","15",,"0","LxL{-31}LyL",,"57209","P","P","1","Caja"
"11/27/2025 8:18 AM","HRJ WBL3840 D22 7/8L-SM MBLE IZQ SUP COC 1 PUERTA 3 ENTREPAÑOS","F","RAIL TRASERO","935.2","80",,"0","0","2","0",,,"0.45","15",,"0","LxL{-30}LyL",,"57208","P","P","1","Caja"
"11/27/2025 8:18 AM","HRJ WBL3840 D22 7/8L-SM MBLE IZQ SUP COC 1 PUERTA 3 ENTREPAÑOS","E","RAIL TRASERO","935.2","80",,"0","0","2","0",,,"0.45","15",,"0","LxL{-30}LyL",,"57207","P","P","1","Caja"
"11/27/2025 8:18 AM","HRJ WBL3840 D22 7/8L-SM MBLE IZQ SUP COC 1 PUERTA 3 ENTREPAÑOS","D","SIDE L - R20L","1,016","304.8",,"2","2","0","0",,,"0.45","15",,"0","LxA{0}AyL AxP{0}PyA",,"57206","B","C","1","Caja"
"11/27/2025 8:18 AM","HRJ WBL3840 D22 7/8L-SM MBLE IZQ SUP COC 1 PUERTA 3 ENTREPAÑOS","C","SIDE R - R20L","1,016","304.8",,"2","2","0","0",,,"0.45","15",,"0","LxA{0}AyL AxP{0}PyA",,"57205","B","C","1","Caja"
"11/27/2025 8:18 AM","HRJ WBL3840 D22 7/8L-SM MBLE IZQ SUP COC 1 PUERTA 3 ENTREPAÑOS","B","TAPA - R20L","935.2","304.8",,"2","0","0","0",,,"0.45","15",,"0","LxL{-30}LyL AxP{0}PyA",,"57204","B","C","1","Caja"
"11/27/2025 8:18 AM","HRJ WBL3840 D22 7/8L-SM MBLE IZQ SUP COC 1 PUERTA 3 ENTREPAÑOS","A","BASE - R20L","935.2","304.8",,"2","0","0","0",,,"0.45","15",,"0","LxL{-30}LyL AxP{0}PyA",,"57203","B","C","1","Caja"
"11/27/2025 8:15 AM","HRJ W3440-SM MBLE SUP COC 2 PUERTA 3 ENTREPAÑOS","K","DOOR L","1,031.85","428.6",,"2","2","0","0",,,"1","18",,"0"," LxA{+15,85}AyL AxL[0,49629]LyA",,"57202","C","C","1","Frente"
"11/27/2025 8:15 AM","HRJ W3440-SM MBLE SUP COC 2 PUERTA 3 ENTREPAÑOS","I","SHELF 3","832.6","266.7",,"0","0","2","2",,,"0.45","15",,"0","LxL{-31}LyL AxP{-38,1}PyA",,"57201","P","P","1","Caja"
"11/27/2025 8:15 AM","HRJ W3440-SM MBLE SUP COC 2 PUERTA 3 ENTREPAÑOS","J","DOOR R","1,031.85","428.6",,"2","2","0","0",,,"1","18",,"0"," LxA{+15,85}AyL AxL[0,49629]LyA",,"57200","C","C","1","Frente"
"11/27/2025 8:15 AM","HRJ W3440-SM MBLE SUP COC 2 PUERTA 3 ENTREPAÑOS","L","BACKING","1,000","847.6",,"0","0","0","0",,,"0","6",,"0","LxA{-16}AyL AxL{-16}LyA",,"57199","F","X","1",
"11/27/2025 8:15 AM","HRJ W3440-SM MBLE SUP COC 2 PUERTA 3 ENTREPAÑOS","H","SHELF 2","832.6","266.7",,"0","0","2","2",,,"0.45","15",,"0","LxL{-31}LyL AxP{-38,1}PyA",,"57198","P","P","1","Caja"
"11/27/2025 8:15 AM","HRJ W3440-SM MBLE SUP COC 2 PUERTA 3 ENTREPAÑOS","G","SHELF 1","832.6","266.7",,"0","0","2","2",,,"0.45","15",,"0","LxL{-31}LyL AxP{-38,1}PyA",,"57197","P","P","1","Caja"
"11/27/2025 8:15 AM","HRJ W3440-SM MBLE SUP COC 2 PUERTA 3 ENTREPAÑOS","F","RAIL TRASERO","833.6","80",,"0","0","2","0",,,"0.45","15",,"0","LxL{-30}LyL",,"57196","P","P","1","Caja"
"11/27/2025 8:15 AM","HRJ W3440-SM MBLE SUP COC 2 PUERTA 3 ENTREPAÑOS","E","RAIL TRASERO","833.6","80",,"0","0","2","0",,,"0.45","15",,"0","LxL{-30}LyL",,"57195","P","P","1","Caja"
"11/27/2025 8:15 AM","HRJ W3440-SM MBLE SUP COC 2 PUERTA 3 ENTREPAÑOS","D","SIDE L - R16L","1,016","304.8",,"2","2","0","0",,,"0.45","15",,"0","LxA{0}AyL AxP{0}PyA",,"57194","B","C","1","Caja"
"11/27/2025 8:15 AM","HRJ W3440-SM MBLE SUP COC 2 PUERTA 3 ENTREPAÑOS","C","SIDE R - R16L","1,016","304.8",,"2","2","0","0",,,"0.45","15",,"0","LxA{0}AyL AxP{0}PyA",,"57193","B","C","1","Caja"
"11/27/2025 8:15 AM","HRJ W3440-SM MBLE SUP COC 2 PUERTA 3 ENTREPAÑOS","B","TAPA - R16L","833.6","304.8",,"2","0","0","0",,,"0.45","15",,"0","LxL{-30}LyL AxP{0}PyA",,"57192","B","C","1","Caja"
"11/27/2025 8:15 AM","HRJ W3440-SM MBLE SUP COC 2 PUERTA 3 ENTREPAÑOS","A","BASE - R16L","833.6","304.8",,"2","0","0","0",,,"0.45","15",,"0","LxL{-30}LyL AxP{0}PyA",,"57191","B","C","1","Caja"
"11/27/2025 8:12 AM","HRJ WER2440-SM MBLE SUP COC 2 PUERTA 3 ENTREPAÑOS","L","DOOR L","1,031.85","298.45",,"2","2","0","0",,,"1","18",,"0","LxA{+15,85}AyL",,"57178","C","C","1","Frente"
"11/27/2025 8:12 AM","HRJ WER2440-SM MBLE SUP COC 2 PUERTA 3 ENTREPAÑOS","K","DOOR R","1,031.85","279.4",,"2","2","0","0",,,"1","18",,"0","LxA{+15,85}AyL",,"57177","C","C","1","Frente"
"11/27/2025 8:12 AM","HRJ WER2440-SM MBLE SUP COC 2 PUERTA 3 ENTREPAÑOS","J","SHELF 3","558.8","558.8",,"0","0","2","2",,,"0.45","15",,"0",,,"57176","P","P","1","Caja"
"11/27/2025 8:12 AM","HRJ WER2440-SM MBLE SUP COC 2 PUERTA 3 ENTREPAÑOS","E","REF TRAS","986","152.4",,"0","0","0","0",,,"0","15",,"0","LxA{-30}AyL",,"57175","P","P","1","Caja"
"11/27/2025 8:12 AM","HRJ WER2440-SM MBLE SUP COC 2 PUERTA 3 ENTREPAÑOS","I","SHELF 2","558.8","558.8",,"0","0","2","2",,,"0.45","15",,"0",,,"57174","P","P","1","Caja"
"11/27/2025 8:12 AM","HRJ WER2440-SM MBLE SUP COC 2 PUERTA 3 ENTREPAÑOS","H","SHELF 1","558.8","558.8",,"0","0","2","2",,,"0.45","15",,"0",,,"57173","P","P","1","Caja"
"11/27/2025 8:12 AM","HRJ WER2440-SM MBLE SUP COC 2 PUERTA 3 ENTREPAÑOS","G","BACKING IZQ","986","558.8",,"0","0","0","0",,,"0.45","15",,"0","LxA{-30}AyL AxL{-50,8}LyA",,"57172","P","P","1","Caja"
"11/27/2025 8:12 AM","HRJ WER2440-SM MBLE SUP COC 2 PUERTA 3 ENTREPAÑOS","F","BACKING DER","986","558.8",,"0","0","0","0",,,"0.45","15",,"0","LxA{-30}AyL AxL{-50,8}LyA",,"57171","P","P","1","Caja"
"11/27/2025 8:12 AM","HRJ WER2440-SM MBLE SUP COC 2 PUERTA 3 ENTREPAÑOS","D","SIDE L - R16L","1,016","304.8",,"2","2","0","0",,,"0.45","15",,"0","LxA{0}AyL AxP{0}PyA",,"57170","B","C","1","Caja"
"11/27/2025 8:12 AM","HRJ WER2440-SM MBLE SUP COC 2 PUERTA 3 ENTREPAÑOS","C","SIDE R - R16L","1,016","304.8",,"2","2","0","0",,,"0.45","15",,"0","LxA{0}AyL AxP{0}PyA",,"57169","B","C","1","Caja"
"11/27/2025 8:12 AM","HRJ WER2440-SM MBLE SUP COC 2 PUERTA 3 ENTREPAÑOS","B","TAPA - R16L","594.6","594.6",,"2","0","0","0",,,"0.45","15",,"0","LxL{-15}LyL AxL{-15}LyA",,"57168","B","C","1","Caja"
"11/27/2025 8:12 AM","HRJ WER2440-SM MBLE SUP COC 2 PUERTA 3 ENTREPAÑOS","A","BASE - R16L","594.6","594.6",,"2","0","0","0",,,"0.45","15",,"0","LxL{-15}LyL AxL{-15}LyA",,"57167","B","C","1","Caja"
"11/27/2025 8:06 AM","HRJ W1240-L-SM MBLE SUP IZQ COC 1 PUERTA 3 ENTREPAÑOS","I","SHELF 3","273.8","266.7",,"0","0","2","2",,,"0.45","15",,"0","LxL{-31}LyL AxP{-38,1}PyA",,"57166","P","P","1","Caja"
"11/27/2025 8:06 AM","HRJ W1240-L-SM MBLE SUP IZQ COC 1 PUERTA 3 ENTREPAÑOS","J","DOOR","1,031.85","301.6",,"2","2","0","0",,,"1","18",,"0"," LxA{+15,85}AyL AxL{-3,2}LyA",,"57165","C","C","1","Frente"
"11/27/2025 8:06 AM","HRJ W1240-L-SM MBLE SUP IZQ COC 1 PUERTA 3 ENTREPAÑOS","K","BACKING","1,000","288.8",,"0","0","0","0",,,"0","6",,"0","LxA{-16}AyL AxL{-16}LyA",,"57164","F","X","1",
"11/27/2025 8:06 AM","HRJ W1240-L-SM MBLE SUP IZQ COC 1 PUERTA 3 ENTREPAÑOS","H","SHELF 2","273.8","266.7",,"0","0","2","2",,,"0.45","15",,"0","LxL{-31}LyL AxP{-38,1}PyA",,"57163","P","P","1","Caja"
"11/27/2025 8:06 AM","HRJ W1240-L-SM MBLE SUP IZQ COC 1 PUERTA 3 ENTREPAÑOS","G","SHELF 1","273.8","266.7",,"0","0","2","2",,,"0.45","15",,"0","LxL{-31}LyL AxP{-38,1}PyA",,"57162","P","P","1","Caja"
"11/27/2025 8:06 AM","HRJ W1240-L-SM MBLE SUP IZQ COC 1 PUERTA 3 ENTREPAÑOS","F","RAIL TRASERO","274.8","80",,"0","0","2","0",,,"0.45","15",,"0","LxL{-30}LyL",,"57161","P","P","1","Caja"
"11/27/2025 8:06 AM","HRJ W1240-L-SM MBLE SUP IZQ COC 1 PUERTA 3 ENTREPAÑOS","E","RAIL TRASERO","274.8","80",,"0","0","2","0",,,"0.45","15",,"0","LxL{-30}LyL",,"57160","P","P","1","Caja"
"11/27/2025 8:06 AM","HRJ W1240-L-SM MBLE SUP IZQ COC 1 PUERTA 3 ENTREPAÑOS","D","SIDE L - R16L","1,016","304.8",,"2","2","0","0",,,"0.45","15",,"0","LxA{0}AyL AxP{0}PyA",,"57159","B","C","1","Caja"
"11/27/2025 8:06 AM","HRJ W1240-L-SM MBLE SUP IZQ COC 1 PUERTA 3 ENTREPAÑOS","C","SIDE R - R16L","1,016","304.8",,"2","2","0","0",,,"0.45","15",,"0","LxA{0}AyL AxP{0}PyA",,"57158","B","C","1","Caja"
"11/27/2025 8:06 AM","HRJ W1240-L-SM MBLE SUP IZQ COC 1 PUERTA 3 ENTREPAÑOS","B","TAPA - R16L","274.8","304.8",,"2","0","0","0",,,"0.45","15",,"0","LxL{-30}LyL AxP{0}PyA",,"57157","B","C","1","Caja"
"11/27/2025 8:06 AM","HRJ W1240-L-SM MBLE SUP IZQ COC 1 PUERTA 3 ENTREPAÑOS","A","BASE - R16L","274.8","304.8",,"2","0","0","0",,,"0.45","15",,"0","LxL{-30}LyL AxP{0}PyA",,"57156","B","C","1","Caja"
"11/27/2025 7:50 AM","HRJ TW3334 1/4-PUSH-SM MBLE SUP COC 2 PUERTAS","I","DOOR SM","441.33","835",,"2","2","0","0",,,"1","18",,"0","AxL{-3,2}LyA",,"57155","C","C","1","Frente"
"11/27/2025 7:50 AM","HRJ TW3334 1/4-PUSH-SM MBLE SUP COC 2 PUERTAS","J","BACKING","853.95","822.2",,"0","0","0","0",,,"0","6",,"0","LxA{-16}AyL AxL{-16}LyA",,"57153","F","X","1",
"11/27/2025 7:50 AM","HRJ TW3334 1/4-PUSH-SM MBLE SUP COC 2 PUERTAS","G","SHELF","808.2","281.8",,"2","0","0","0",,,"1","18",,"0"," LxL{-30}LyL AxP{-23}PyA",,"57154","P","C","1","Caja"
"11/27/2025 7:50 AM","HRJ TW3334 1/4-PUSH-SM MBLE SUP COC 2 PUERTAS","H","DOOR PUSH","441.33","835",,"2","2","0","0",,,"1","18",,"0","AxL{-3,2}LyA",,"57152","C","C","1","Frente"
"11/27/2025 7:50 AM","HRJ TW3334 1/4-PUSH-SM MBLE SUP COC 2 PUERTAS","F","RAIL TRASERO","808.2","80",,"0","0","2","0",,,"0.45","15",,"0","LxL{-30}LyL",,"57151","P","P","1","Caja"
"11/27/2025 7:50 AM","HRJ TW3334 1/4-PUSH-SM MBLE SUP COC 2 PUERTAS","E","RAIL TRASERO","808.2","80",,"0","0","2","0",,,"0.45","15",,"0","LxL{-30}LyL",,"57150","P","P","1","Caja"
"11/27/2025 7:50 AM","HRJ TW3334 1/4-PUSH-SM MBLE SUP COC 2 PUERTAS","D","SIDE L - R16L","869.95","304.8",,"2","2","0","0",,,"0.45","15",,"0","LxA{0}AyL AxP{0}PyA",,"57149","B","C","1","Caja"
"11/27/2025 7:50 AM","HRJ TW3334 1/4-PUSH-SM MBLE SUP COC 2 PUERTAS","C","SIDE R - R16L","869.95","304.8",,"2","2","0","0",,,"0.45","15",,"0","LxA{0}AyL AxP{0}PyA",,"57148","B","C","1","Caja"
"11/27/2025 7:50 AM","HRJ TW3334 1/4-PUSH-SM MBLE SUP COC 2 PUERTAS","B","TAPA - R16L","808.2","304.8",,"2","0","0","0",,,"0.45","15",,"0","LxL{-30}LyL AxP{0}PyA",,"57147","B","C","1","Caja"
"11/27/2025 7:50 AM","HRJ TW3334 1/4-PUSH-SM MBLE SUP COC 2 PUERTAS","A","BASE - R16L","808.2","304.8",,"2","0","0","0",,,"0.45","15",,"0","LxL{-30}LyL AxP{0}PyA",,"57146","B","C","1","Caja"
"11/27/2025 7:29 AM","HRJ W12 1/240-R-SM MBLE SUP COC 1 PUERTA 3 ENTREPAÑOS CARB2","I","SHELF 3","286.5","266.7",,"0","0","2","2",,,"0.45","15",,"0","LxL{-31}LyL AxP{-38,1}PyA",,"57145","P","P","1","Caja"
"11/27/2025 7:29 AM","HRJ W12 1/240-R-SM MBLE SUP COC 1 PUERTA 3 ENTREPAÑOS CARB2","J","DOOR","1,031.85","314.3",,"2","2","0","0",,,"1","18",,"0"," LxA{+15,85}AyL AxL{-3,2}LyA",,"57144","C","C","1","Frente"
"11/27/2025 7:29 AM","HRJ W12 1/240-R-SM MBLE SUP COC 1 PUERTA 3 ENTREPAÑOS CARB2","K","BACKING","1,000","301.5",,"0","0","0","0",,,"0","6",,"0","LxA{-16}AyL AxL{-16}LyA",,"57143","F","X","1",
"11/27/2025 7:29 AM","HRJ W12 1/240-R-SM MBLE SUP COC 1 PUERTA 3 ENTREPAÑOS CARB2","H","SHELF 2","286.5","266.7",,"0","0","2","2",,,"0.45","15",,"0","LxL{-31}LyL AxP{-38,1}PyA",,"57142","P","P","1","Caja"
"11/27/2025 7:29 AM","HRJ W12 1/240-R-SM MBLE SUP COC 1 PUERTA 3 ENTREPAÑOS CARB2","G","SHELF 1","286.5","266.7",,"0","0","2","2",,,"0.45","15",,"0","LxL{-31}LyL AxP{-38,1}PyA",,"57141","P","P","1","Caja"
"11/27/2025 7:29 AM","HRJ W12 1/240-R-SM MBLE SUP COC 1 PUERTA 3 ENTREPAÑOS CARB2","F","RAIL TRASERO","287.5","80",,"0","0","2","0",,,"0.45","15",,"0","LxL{-30}LyL",,"57140","P","P","1","Caja"
"11/27/2025 7:29 AM","HRJ W12 1/240-R-SM MBLE SUP COC 1 PUERTA 3 ENTREPAÑOS CARB2","E","RAIL TRASERO","287.5","80",,"0","0","2","0",,,"0.45","15",,"0","LxL{-30}LyL",,"57139","P","P","1","Caja"
"11/27/2025 7:29 AM","HRJ W12 1/240-R-SM MBLE SUP COC 1 PUERTA 3 ENTREPAÑOS CARB2","D","SIDE L - R16L","1,016","304.8",,"2","2","0","0",,,"0.45","15",,"0","LxA{0}AyL AxP{0}PyA",,"57138","B","C","1","Caja"
"11/27/2025 7:29 AM","HRJ W12 1/240-R-SM MBLE SUP COC 1 PUERTA 3 ENTREPAÑOS CARB2","C","SIDE R - R16L","1,016","304.8",,"2","2","0","0",,,"0.45","15",,"0","LxA{0}AyL AxP{0}PyA",,"57137","B","C","1","Caja"
"11/27/2025 7:29 AM","HRJ W12 1/240-R-SM MBLE SUP COC 1 PUERTA 3 ENTREPAÑOS CARB2","B","TAPA - R16L","287.5","304.8",,"2","0","0","0",,,"0.45","15",,"0","LxL{-30}LyL AxP{0}PyA",,"57136","B","C","1","Caja"
"11/27/2025 7:29 AM","HRJ W12 1/240-R-SM MBLE SUP COC 1 PUERTA 3 ENTREPAÑOS CARB2","A","BASE - R16L","287.5","304.8",,"2","0","0","0",,,"0.45","15",,"0","LxL{-30}LyL AxP{0}PyA",,"57135","B","C","1","Caja"
"11/27/2025 7:25 AM","HRJ W332424-PUSH MBLE SUP COC 2 PUERTA 1 ENTREPAÑO","J","DOOR L","606.4","415.9",,"2","2","0","0",,,"1","18",,"0","LxA{-3,2}AyL AxL[0,496182]LyA",,"57134","C","C","1","Frente"
"11/27/2025 7:25 AM","HRJ W332424-PUSH MBLE SUP COC 2 PUERTA 1 ENTREPAÑO","H","SHELF","807.2","266.7",,"0","0","2","2",,,"0.45","15",,"0","LxL{-31}LyL",,"57133","P","P","1","Caja"
"11/27/2025 7:25 AM","HRJ W332424-PUSH MBLE SUP COC 2 PUERTA 1 ENTREPAÑO","G","SHELF","807.2","266.7",,"0","0","2","2",,,"0.45","15",,"0","LxL{-31}LyL",,"57132","P","P","1","Caja"
"11/27/2025 7:25 AM","HRJ W332424-PUSH MBLE SUP COC 2 PUERTA 1 ENTREPAÑO","K","BACKING","593.6","822.2",,"0","0","0","0",,,"0","6",,"0","LxA{-16}AyL AxL{-16}LyA",,"57131","F","X","1",
"11/27/2025 7:25 AM","HRJ W332424-PUSH MBLE SUP COC 2 PUERTA 1 ENTREPAÑO","I","DOOR R","606.4","415.9",,"2","2","0","0",,,"1","18",,"0","LxA{-3,2}AyL AxL[0,496182]LyA",,"57130","C","C","1","Frente"
"11/27/2025 7:25 AM","HRJ W332424-PUSH MBLE SUP COC 2 PUERTA 1 ENTREPAÑO","F","RAIL TRASERO","808.2","80",,"0","0","2","0",,,"0.45","15",,"0","LxL{-30}LyL",,"57129","P","P","1","Caja"
"11/27/2025 7:25 AM","HRJ W332424-PUSH MBLE SUP COC 2 PUERTA 1 ENTREPAÑO","E","RAIL TRASERO","808.2","80",,"0","0","2","0",,,"0.45","15",,"0","LxL{-30}LyL",,"57128","P","P","1","Caja"
"11/27/2025 7:25 AM","HRJ W332424-PUSH MBLE SUP COC 2 PUERTA 1 ENTREPAÑO","D","SIDE L - R16L","609.6","609.6",,"2","2","0","0",,,"0.45","15",,"0","LxA{0}AyL AxP{0}PyA",,"57127","B","C","1","Caja"
"11/27/2025 7:25 AM","HRJ W332424-PUSH MBLE SUP COC 2 PUERTA 1 ENTREPAÑO","C","SIDE R - R16L","609.6","609.6",,"2","2","0","0",,,"0.45","15",,"0","LxA{0}AyL AxP{0}PyA",,"57126","B","C","1","Caja"
"11/27/2025 7:25 AM","HRJ W332424-PUSH MBLE SUP COC 2 PUERTA 1 ENTREPAÑO","B","TAPA - R16L","808.2","609.6",,"2","0","0","0",,,"0.45","15",,"0","LxL{-30}LyL AxP{0}PyA",,"57125","B","C","1","Caja"
"11/27/2025 7:25 AM","HRJ W332424-PUSH MBLE SUP COC 2 PUERTA 1 ENTREPAÑO","A","BASE - R16L","808.2","609.6",,"2","0","0","0",,,"0.45","15",,"0","LxL{-30}LyL AxP{0}PyA",,"57124","B","C","1","Caja"
"11/27/2025 7:22 AM","HRJ BFD24-SMG MBLE INF COC 2 PUERTAS 1 ENTREPAÑO","D","REF DEL","579.6","80",,"2","2","0","0",,,"0.45","15",,"0","LxL{-30}LyL",,"57123","B","C","1","Caja"
"11/27/2025 7:22 AM","HRJ BFD24-SMG MBLE INF COC 2 PUERTAS 1 ENTREPAÑO","J","BACKING","760","593.6",,"0","0","0","0",,,"0","6",,"0","LxA{-2}AyL AxL{-16}LyA",,"57122","F","X","1",
"11/27/2025 7:22 AM","HRJ BFD24-SMG MBLE INF COC 2 PUERTAS 1 ENTREPAÑO","I","DOOR L","732","301.6",,"2","2","0","0",,,"1","18",,"0","LxA{-30}AyL AxL[0,494750]LyA",,"57121","C","C","1","Frente"
"11/27/2025 7:22 AM","HRJ BFD24-SMG MBLE INF COC 2 PUERTAS 1 ENTREPAÑO","H","DOOR R","732","301.6",,"2","2","0","0",,,"1","18",,"0","LxA{-30}AyL AxL[0,494750]LyA",,"57120","C","C","1","Frente"
"11/27/2025 7:22 AM","HRJ BFD24-SMG MBLE INF COC 2 PUERTAS 1 ENTREPAÑO","G","SHELF 0","578.6","558.8",,"0","0","2","2",,,"0.45","15",,"0","LxL{-31}LyL",,"57119","P","P","1","Caja"
"11/27/2025 7:22 AM","HRJ BFD24-SMG MBLE INF COC 2 PUERTAS 1 ENTREPAÑO","F","RAIL TRASERO","579.6","80",,"0","0","2","0",,,"0.45","15",,"0","LxL{-30}LyL",,"57118","P","P","1","Caja"
"11/27/2025 7:22 AM","HRJ BFD24-SMG MBLE INF COC 2 PUERTAS 1 ENTREPAÑO","E","RAIL TRASERO","579.6","80",,"0","0","2","0",,,"0.45","15",,"0","LxL{-30}LyL",,"57117","P","P","1","Caja"
"11/27/2025 7:22 AM","HRJ BFD24-SMG MBLE INF COC 2 PUERTAS 1 ENTREPAÑO","C","SIDE L - R17L762","762","609.6",,"2","2","0","0",,,"0.45","15",,"0","LxA{0}AyL AxP{0}PyA",,"57116","B","C","1","Caja"
"11/27/2025 7:22 AM","HRJ BFD24-SMG MBLE INF COC 2 PUERTAS 1 ENTREPAÑO","B","SIDE R - R17L762","762","609.6",,"2","2","0","0",,,"0.45","15",,"0","LxA{0}AyL AxP{0}PyA",,"57115","B","C","1","Caja"
"11/27/2025 7:22 AM","HRJ BFD24-SMG MBLE INF COC 2 PUERTAS 1 ENTREPAÑO","A","BASE","579.6","585.6",,"2","0","0","0",,,"0.45","15",,"0","LxL{-30}LyL AxP{-24}PyA",,"57114","B","C","1","Caja"
"11/27/2025 7:18 AM","HRJ BOV30-SMG MBLE HORNO INF COC PUERTA EXTERIOR","E","RIEL DEL","732","80",,"2","0","0","0",,,"0.45","15",,"0","LxL{-30}LyL",,"57088","B","C","1","Caja"
"11/27/2025 7:18 AM","HRJ BOV30-SMG MBLE HORNO INF COC PUERTA EXTERIOR","F","FRONT OVEN","732","758.8",,"2","2","0","0",,,"1","18",,"0","LxA{-30}AyL AxL{-3,2}LyA",,"57087","C","C","1","Frente"
"11/27/2025 7:18 AM","HRJ BOV30-SMG MBLE HORNO INF COC PUERTA EXTERIOR","D","RAIL TRASERO","732","80",,"0","0","2","0",,,"0.45","15",,"0","LxL{-30}LyL",,"57086","P","P","1","Caja"
"11/27/2025 7:18 AM","HRJ BOV30-SMG MBLE HORNO INF COC PUERTA EXTERIOR","D","RAIL TRASERO","732","80",,"0","0","2","0",,,"0.45","15",,"0","LxL{-30}LyL",,"57085","P","P","1","Caja"
"11/27/2025 7:18 AM","HRJ BOV30-SMG MBLE HORNO INF COC PUERTA EXTERIOR","C","SIDE L","762","609.6",,"2","2","0","0",,,"0.45","15",,"0","LxA{0}AyL AxP{0}PyA",,"57084","B","C","1","Caja"
"11/27/2025 7:18 AM","HRJ BOV30-SMG MBLE HORNO INF COC PUERTA EXTERIOR","B","SIDE R","762","609.6",,"2","2","0","0",,,"0.45","15",,"0","LxA{0}AyL AxP{0}PyA",,"57083","B","C","1","Caja"
"11/27/2025 7:18 AM","HRJ BOV30-SMG MBLE HORNO INF COC PUERTA EXTERIOR","A","BASE","732","594.6",,"2","0","0","0",,,"0.45","15",,"0","LxL{-30}LyL AxP{-15}PyA",,"57082","B","C","1","Caja"
"11/26/2025 4:33 PM","HRJ DB22-2s-SMG MBLE INF COC 3 GAVETAS 2 PEQUEÑAS","P","BACKING","760","542.8",,"0","0","0","0",,,"0","6",,"0","LxA{-2}AyL AxL{-16}LyA",,"57081","F","X","0",
"11/26/2025 4:33 PM","HRJ DB22-2s-SMG MBLE INF COC 3 GAVETAS 2 PEQUEÑAS","O","FRENTE GAVETA INF","351","555.6",,"2","2","0","0",,,"1","18",,"0","AxL{-3,2}LyA",,"57080","C","C","0","Frente"
"11/26/2025 4:33 PM","HRJ DB22-2s-SMG MBLE INF COC 3 GAVETAS 2 PEQUEÑAS","N","FRENTE GAVETA CENTRAL","173.9","555.6",,"2","2","0","0",,,"1","18",,"0","AxL{-3,2}LyA",,"57079","C","C","0","Frente"
"11/26/2025 4:33 PM","HRJ DB22-2s-SMG MBLE INF COC 3 GAVETAS 2 PEQUEÑAS","M","FRENTE GAVETA SUP","173.9","555.6",,"2","2","0","0",,,"1","18",,"0","AxL{-3,2}LyA",,"57078","C","C","1","Frente"
"11/26/2025 4:33 PM","HRJ DB22-2s-SMG MBLE INF COC 3 GAVETAS 2 PEQUEÑAS","L","TRASERO CAJON INF","441.8","183",,"0","0","1","2",,,"0.45","15",,"0","LxL{-117}LyL",,"57077","P","P","0","Caja"
"11/26/2025 4:33 PM","HRJ DB22-2s-SMG MBLE INF COC 3 GAVETAS 2 PEQUEÑAS","K","TRASERO CAJON CENTRAL","441.8","68",,"0","0","1","0",,,"0.45","15",,"0","LxL{-117}LyL",,"57076","P","P","0","Caja"
"11/26/2025 4:33 PM","HRJ DB22-2s-SMG MBLE INF COC 3 GAVETAS 2 PEQUEÑAS","J","TRASERO CAJON SUP","441.8","68",,"0","0","1","0",,,"0.45","15",,"0","LxL{-117}LyL",,"57075","P","P","1","Caja"
"11/26/2025 4:33 PM","HRJ DB22-2s-SMG MBLE INF COC 3 GAVETAS 2 PEQUEÑAS","I","FONDO GAVETA INF","453.8","492",,"0","0","2","0",,,"0.45","15",,"0","LxL{-105}LyL",,"57074","P","P","1","Caja"
"11/26/2025 4:33 PM","HRJ DB22-2s-SMG MBLE INF COC 3 GAVETAS 2 PEQUEÑAS","H","FONDO GAVETA CENTRAL","453.8","492",,"0","0","2","0",,,"0.45","15",,"0","LxL{-105}LyL",,"57073","P","P","0","Caja"
"11/26/2025 4:33 PM","HRJ DB22-2s-SMG MBLE INF COC 3 GAVETAS 2 PEQUEÑAS","G","FONDO GAVETA SUP","453.8","492",,"0","0","2","0",,,"0.45","15",,"0","LxL{-105}LyL",,"57072","P","P","1","Caja"
"11/26/2025 4:33 PM","HRJ DB22-2s-SMG MBLE INF COC 3 GAVETAS 2 PEQUEÑAS","F","RAIL TRASERO","528.8","80",,"0","0","2","0",,,"0.45","15",,"0","LxL{-30}LyL",,"57071","P","P","1","Caja"
"11/26/2025 4:33 PM","HRJ DB22-2s-SMG MBLE INF COC 3 GAVETAS 2 PEQUEÑAS","E","RAIL TRASERO","528.8","80",,"0","0","2","0",,,"0.45","15",,"0","LxL{-30}LyL",,"57070","P","P","1","Caja"
"11/26/2025 4:33 PM","HRJ DB22-2s-SMG MBLE INF COC 3 GAVETAS 2 PEQUEÑAS","D","RAIL DELANTERO","528.8","80",,"2","0","0","0",,,"0.45","15",,"0","LxL{-30}LyL",,"57069","B","C","1","Caja"
"11/26/2025 4:33 PM","HRJ DB22-2s-SMG MBLE INF COC 3 GAVETAS 2 PEQUEÑAS","C","SIDE L - R20L","762","609.6",,"2","2","0","0",,,"0.45","15",,"0","LxA{0}AyL AxP{0}PyA",,"57068","B","C","1","Caja"
"11/26/2025 4:33 PM","HRJ DB22-2s-SMG MBLE INF COC 3 GAVETAS 2 PEQUEÑAS","B","SIDE R - R20L","762","609.6",,"2","2","0","0",,,"0.45","15",,"0","LxA{0}AyL AxP{0}PyA",,"57067","B","C","1","Caja"
"11/26/2025 4:33 PM","HRJ DB22-2s-SMG MBLE INF COC 3 GAVETAS 2 PEQUEÑAS","A","BASE","528.8","585.6",,"2","0","0","0",,,"0.45","15",,"0","LxL{-30}LyL AxP{-24}PyA",,"57066","B","C","1","Caja"
"11/26/2025 4:24 PM","HRJ SBFD33-SMG-POD2 MBLE INF 2 GAVETAS INTERNAS","H","FRENTE GAV INF","772.2","115.4",,"0","0","2","2",,,"0.45","15",,"0","LxL{-66}LyL",,"57054","P","P","1","Caja"
"11/26/2025 4:24 PM","HRJ SBFD33-SMG-POD2 MBLE INF 2 GAVETAS INTERNAS","G","FRENTE GAV SUP","772.2","115.4",,"0","0","2","2",,,"0.45","15",,"0","LxL{-66}LyL",,"57053","P","P","1","Caja"
"11/26/2025 4:24 PM","HRJ SBFD33-SMG-POD2 MBLE INF 2 GAVETAS INTERNAS","F","TRAS GAV SUP","685.2","68",,"0","0","1","0",,,"0.45","15",,"0","LxL{-153}LyL",,"57052","P","P","1","Caja"
"11/26/2025 4:24 PM","HRJ SBFD33-SMG-POD2 MBLE INF 2 GAVETAS INTERNAS","E","TRAS GAV SUP","685.2","68",,"0","0","1","0",,,"0.45","15",,"0","LxL{-153}LyL",,"57051","P","P","1","Caja"
"11/26/2025 4:24 PM","HRJ SBFD33-SMG-POD2 MBLE INF 2 GAVETAS INTERNAS","D","FONDO GAV INF","697.2","492",,"0","0","1","0",,,"0.45","15",,"0","LxL{-141}LyL",,"57050","P","P","1","Caja"
"11/26/2025 4:24 PM","HRJ SBFD33-SMG-POD2 MBLE INF 2 GAVETAS INTERNAS","B","LISTON GAV INF D2A","500","152.4",,"0","0","2","2",,,"1","18",,"0",,,"57049","P","P","1","Caja"
"11/26/2025 4:24 PM","HRJ SBFD33-SMG-POD2 MBLE INF 2 GAVETAS INTERNAS","A","LISTON GAV SUP D2A","500","152.4",,"0","0","2","2",,,"1","18",,"0",,,"57048","P","P","1","Caja"
"11/26/2025 4:24 PM","HRJ SBFD33-SMG-POD2 MBLE INF 2 GAVETAS INTERNAS","C","FONDO GAV SUP","697.2","492",,"0","0","1","0",,,"0.45","15",,"0","LxL{-141}LyL",,"57047","P","P","1","Caja"
"11/26/2025 4:03 PM","HRJ BFD14-SMG MBLE INF COC 1 PUERTA 1 ENTREPAÑO","D","REF DEL","325.6","80",,"2","2","0","0",,,"0.45","15",,"0","LxL{-30}LyL",,"57037","B","C","1","Caja"
"11/26/2025 4:03 PM","HRJ BFD14-SMG MBLE INF COC 1 PUERTA 1 ENTREPAÑO","I","BACKING","760","339.6",,"0","0","0","0",,,"0","6",,"0","LxA{-2}AyL AxL{-16}LyA",,"57036","F","X","1",
"11/26/2025 4:03 PM","HRJ BFD14-SMG MBLE INF COC 1 PUERTA 1 ENTREPAÑO","H","DOOR ","732","352.4",,"2","2","0","0",,,"1","18",,"0","LxA{-30}AyL AxL{-3,2}LyA",,"57035","C","C","1","Frente"
"11/26/2025 4:03 PM","HRJ BFD14-SMG MBLE INF COC 1 PUERTA 1 ENTREPAÑO","G","ENTREPAÑO","324.6","558.8",,"0","0","2","2",,,"0.45","15",,"0","LxL{-31}LyL",,"57034","P","P","1","Caja"
"11/26/2025 4:03 PM","HRJ BFD14-SMG MBLE INF COC 1 PUERTA 1 ENTREPAÑO","F","RAIL TRASERO","325.6","80",,"0","0","2","0",,,"0.45","15",,"0","LxL{-30}LyL",,"57033","P","P","1","Caja"
"11/26/2025 4:03 PM","HRJ BFD14-SMG MBLE INF COC 1 PUERTA 1 ENTREPAÑO","E","RAIL TRASERO","325.6","80",,"0","0","2","0",,,"0.45","15",,"0","LxL{-30}LyL","ENCHAPE COLOR","57032","P","P","1","Caja"
"11/26/2025 4:03 PM","HRJ BFD14-SMG MBLE INF COC 1 PUERTA 1 ENTREPAÑO","C","SIDE L - R17L762","762","609.6",,"2","2","0","0",,,"0.45","15",,"0","LxA{0}AyL AxP{0}PyA",,"57031","B","C","1","Caja"
"11/26/2025 4:03 PM","HRJ BFD14-SMG MBLE INF COC 1 PUERTA 1 ENTREPAÑO","B","SIDE R - R17L762","762","609.6",,"2","2","0","0",,,"0.45","15",,"0","LxA{0}AyL AxP{0}PyA",,"57030","B","C","1","Caja"
"11/26/2025 4:03 PM","HRJ BFD14-SMG MBLE INF COC 1 PUERTA 1 ENTREPAÑO","A","BASE","325.6","585.6",,"2","0","0","0",,,"0.45","15",,"0","LxL{-30}LyL AxP{-24}PyA",,"57029","B","C","1","Caja"
"11/26/2025 12:10 PM","PN3034 1/2 PANEL MUEBLE","A","PANEL","876.3","762",,"2","2","0","0",,,"1","18",,"0","LxA{0}AyL AxP{0}PyA",,"57028","C","C","1","Frente"
"11/26/2025 12:01 PM","PN25 5/834 1/2 PANEL MUEBLE","A","PANEL","876.3","650.88",,"2","2","0","0",,,"1","18",,"0","LxA{0}AyL AxP{0}PyA",,"57027","C","C","1","Frente"
"11/26/2025 11:56 AM","PN12 7/840 7/8 PANEL MUEBLE","A","PANEL","1,038.23","327.03",,"2","2","0","0",,,"1","18",,"0","LxA{0}AyL AxP{0}PyA",,"57026","C","C","1","Frente"
"11/25/2025 8:30 AM","HRJ BBLFD45 D19-L SM MBLE IZQ INF COC ESQUINERO 1 PUERTA 1 ENTREPAÑO","H","GOLA","453.7","80",,"0","0","2","2",,,"0.45","15",,"0",,,"56956","C","C","1","Caja"
"11/25/2025 8:30 AM","HRJ BBLFD45 D19-L SM MBLE IZQ INF COC ESQUINERO 1 PUERTA 1 ENTREPAÑO","G","REF SM","453.7","80",,"0","0","2","2",,,"0.45","15",,"0",,,"56955","C","C","1","Caja"
"11/25/2025 8:30 AM","HRJ BBLFD45 D19-L SM MBLE IZQ INF COC ESQUINERO 1 PUERTA 1 ENTREPAÑO","K","SHELF","1,112","458.8",,"0","0","2","2",,,"0.45","15",,"0","LxL{-31}LyL",,"56954","C","C","1","Caja"
"11/25/2025 8:30 AM","HRJ BBLFD45 D19-L SM MBLE IZQ INF COC ESQUINERO 1 PUERTA 1 ENTREPAÑO","E","REF DEL CENTRAL","747","80",,"1","1","0","0",,,"0.45","15",,"0","LxA{-15}AyL",,"56952","C","C","1","Caja"
"11/25/2025 8:30 AM","HRJ BBLFD45 D19-L SM MBLE IZQ INF COC ESQUINERO 1 PUERTA 1 ENTREPAÑO","F","REF DEL INF","747","80",,"1","1","0","0",,,"0.45","15",,"0","LxA{-15}AyL",,"56953","C","C","1","Caja"
"11/25/2025 8:30 AM","HRJ BBLFD45 D19-L SM MBLE IZQ INF COC ESQUINERO 1 PUERTA 1 ENTREPAÑO","N","BACKING","760","1,127",,"0","0","0","0",,,"0","6",,"0","LxA{-2}AyL AxL{-16}LyA",,"56951","F","X","1",
"11/25/2025 8:30 AM","HRJ BBLFD45 D19-L SM MBLE IZQ INF COC ESQUINERO 1 PUERTA 1 ENTREPAÑO","L","DOOR","732","479.4",,"2","2","0","0",,,"1","18",,"0","LxA{-30}AyL ",,"56950","C","C","1","Frente"
"11/25/2025 8:30 AM","HRJ BBLFD45 D19-L SM MBLE IZQ INF COC ESQUINERO 1 PUERTA 1 ENTREPAÑO","M","BLIND DOOR","762","658.8",,"2","2","0","0",,,"1","18",,"0","LxA{0}AyL",,"56949","C","C","1","Frente"
"11/25/2025 8:30 AM","HRJ BBLFD45 D19-L SM MBLE IZQ INF COC ESQUINERO 1 PUERTA 1 ENTREPAÑO","J","RAIL TRAS INF","1,113","80",,"0","0","2","0",,,"0.45","15",,"0","LxL{-30}LyL",,"56948","C","C","1","Caja"
"11/25/2025 8:30 AM","HRJ BBLFD45 D19-L SM MBLE IZQ INF COC ESQUINERO 1 PUERTA 1 ENTREPAÑO","I","RAIL TRAS SUP","1,113","80",,"0","0","2","0",,,"0.45","15",,"0","LxL{-30}LyL",,"56947","C","C","1","Caja"
"11/25/2025 8:30 AM","HRJ BBLFD45 D19-L SM MBLE IZQ INF COC ESQUINERO 1 PUERTA 1 ENTREPAÑO","D","RAIL DEL","629.3","80",,"1","0","0","0",,,"0.45","15",,"0",,,"56946","C","C","1","Caja"
"11/25/2025 8:30 AM","HRJ BBLFD45 D19-L SM MBLE IZQ INF COC ESQUINERO 1 PUERTA 1 ENTREPAÑO","C","SIDE L - R17L762","762","609.6",,"1","2","0","0",,,"0.45","15",,"0","LxA{0}AyL AxP{0}PyA",,"56945","C","C","1","Caja"
"11/25/2025 8:30 AM","HRJ BBLFD45 D19-L SM MBLE IZQ INF COC ESQUINERO 1 PUERTA 1 ENTREPAÑO","B","SIDE R - R17L762","762","609.6",,"2","2","0","0",,,"0.45","15",,"0","LxA{0}AyL AxP{0}PyA",,"56944","C","C","1","Caja"
"11/25/2025 8:30 AM","HRJ BBLFD45 D19-L SM MBLE IZQ INF COC ESQUINERO 1 PUERTA 1 ENTREPAÑO","A","BASE","1,113","585.6",,"2","0","0","0",,,"0.45","15",,"0","LxL{-30}LyL AxP{-24}PyA",,"56943","C","C","1","Caja"
"11/21/2025 10:12 AM","PN24 3/535 2/5 PANEL MBLE Especial 15mm","A","PANEL","888","628",,"2","2","0","0",,,"1","15",,"0",,,"56874","C","C","1",
"11/20/2025 12:44 PM","HRJ BBLFD45 D19-R SMG MBLE DER INF COC ESQUINERO 1 PUERTA 1 ENTREPAÑO","F","REF DEL INF","732","80",,"1","1","0","0",,,"0.45","15",,"0","LxA{-30}AyL",,"56872","C","C","1","Caja"
"11/20/2025 12:44 PM","HRJ BBLFD45 D19-R SMG MBLE DER INF COC ESQUINERO 1 PUERTA 1 ENTREPAÑO","E","REF DEL CENTRAL","732","80",,"1","1","0","0",,,"0.45","15",,"0","LxA{-30}AyL",,"56871","C","C","1","Caja"
"11/20/2025 12:44 PM","HRJ BBLFD45 D19-R SMG MBLE DER INF COC ESQUINERO 1 PUERTA 1 ENTREPAÑO","L","BACKING","760","1,127",,"0","0","0","0",,,"0","6",,"0","LxA{-2}AyL AxL{-16}LyA",,"56870","F","X","1",
"11/20/2025 12:44 PM","HRJ BBLFD45 D19-R SMG MBLE DER INF COC ESQUINERO 1 PUERTA 1 ENTREPAÑO","K","DOOR","732","494.4",,"2","2","0","0",,,"2","18",,"0","LxA{-30}AyL ",,"56869","C","C","1","Frente"
"11/20/2025 12:43 PM","HRJ BBLFD45 D19-R SMG MBLE DER INF COC ESQUINERO 1 PUERTA 1 ENTREPAÑO","J","BLIND DOOR","762","643.8",,"2","2","0","0",,,"2","18",,"0","LxA{0}AyL",,"56868","C","C","1","Frente"
"11/20/2025 12:43 PM","HRJ BBLFD45 D19-R SMG MBLE DER INF COC ESQUINERO 1 PUERTA 1 ENTREPAÑO","H","RAIL TRAS INF","1,113","80",,"0","0","2","0",,,"0.45","15",,"0","LxL{-30}LyL",,"56867","C","C","1","Caja"
"11/20/2025 12:43 PM","HRJ BBLFD45 D19-R SMG MBLE DER INF COC ESQUINERO 1 PUERTA 1 ENTREPAÑO","G","RAIL TRAS SUP","1,113","80",,"0","0","2","0",,,"0.45","15",,"0","LxL{-30}LyL",,"56866","C","C","1","Caja"
"11/20/2025 12:43 PM","HRJ BBLFD45 D19-R SMG MBLE DER INF COC ESQUINERO 1 PUERTA 1 ENTREPAÑO","D","RAIL DEL","1,113","80",,"2","0","0","0",,,"0.45","15",,"0","LxL{-30}LyL",,"56865","C","C","1","Caja"
"11/20/2025 12:43 PM","HRJ BBLFD45 D19-R SMG MBLE DER INF COC ESQUINERO 1 PUERTA 1 ENTREPAÑO","C","SIDE L - R17L762","762","609.6",,"1","2","0","0",,,"0.45","15",,"0","LxA{0}AyL AxP{0}PyA",,"56864","C","C","1","Caja"
"11/20/2025 12:43 PM","HRJ BBLFD45 D19-R SMG MBLE DER INF COC ESQUINERO 1 PUERTA 1 ENTREPAÑO","B","SIDE R - R17L762","762","609.6",,"2","2","0","0",,,"0.45","15",,"0","LxA{0}AyL AxP{0}PyA",,"56863","C","C","1","Caja"
"11/20/2025 12:43 PM","HRJ BBLFD45 D19-R SMG MBLE DER INF COC ESQUINERO 1 PUERTA 1 ENTREPAÑO","A","BASE","1,113","585.6",,"2","0","0","0",,,"0.45","15",,"0","LxL{-30}LyL AxP{-24}PyA",,"56862","C","C","1","Caja"
"11/20/2025 12:38 PM","HRJ BBLFD45 D19-L SMG MBLE IZQ INF COC ESQUINERO 1 PUERTA 1 ENTREPAÑO","F","REF DEL INF","732","80",,"1","1","0","0",,,"0.45","15",,"0","LxA{-30}AyL",,"56850","C","C","1","Caja"
"11/20/2025 12:38 PM","HRJ BBLFD45 D19-L SMG MBLE IZQ INF COC ESQUINERO 1 PUERTA 1 ENTREPAÑO","E","REF DEL CENTRAL","732","80",,"1","1","0","0",,,"0.45","15",,"0","LxA{-30}AyL",,"56849","C","C","1","Caja"
"11/20/2025 12:38 PM","HRJ BBLFD45 D19-L SMG MBLE IZQ INF COC ESQUINERO 1 PUERTA 1 ENTREPAÑO","L","BACKING","760","1,127",,"0","0","0","0",,,"0","6",,"0","LxA{-2}AyL AxL{-16}LyA",,"56848","F","X","1",
"11/20/2025 12:38 PM","HRJ BBLFD45 D19-L SMG MBLE IZQ INF COC ESQUINERO 1 PUERTA 1 ENTREPAÑO","K","DOOR","732","494.4",,"2","2","0","0",,,"2","18",,"0","LxA{-30}AyL ",,"56847","C","C","1","Frente"
"11/20/2025 12:38 PM","HRJ BBLFD45 D19-L SMG MBLE IZQ INF COC ESQUINERO 1 PUERTA 1 ENTREPAÑO","J","BLIND DOOR","762","643.8",,"2","2","0","0",,,"2","18",,"0","LxA{0}AyL",,"56846","C","C","1","Frente"
"11/20/2025 12:38 PM","HRJ BBLFD45 D19-L SMG MBLE IZQ INF COC ESQUINERO 1 PUERTA 1 ENTREPAÑO","H","RAIL TRAS INF","1,113","80",,"0","0","2","0",,,"0.45","15",,"0","LxL{-30}LyL",,"56845","C","C","1","Caja"
"11/20/2025 12:38 PM","HRJ BBLFD45 D19-L SMG MBLE IZQ INF COC ESQUINERO 1 PUERTA 1 ENTREPAÑO","G","RAIL TRAS SUP","1,113","80",,"0","0","2","0",,,"0.45","15",,"0","LxL{-30}LyL",,"56844","C","C","1","Caja"
"11/20/2025 12:38 PM","HRJ BBLFD45 D19-L SMG MBLE IZQ INF COC ESQUINERO 1 PUERTA 1 ENTREPAÑO","D","RAIL DEL","1,113","80",,"2","0","0","0",,,"0.45","15",,"0","LxL{-30}LyL",,"56843","C","C","1","Caja"
"11/20/2025 12:38 PM","HRJ BBLFD45 D19-L SMG MBLE IZQ INF COC ESQUINERO 1 PUERTA 1 ENTREPAÑO","C","SIDE L - R17L762","762","609.6",,"1","2","0","0",,,"0.45","15",,"0","LxA{0}AyL AxP{0}PyA",,"56842","C","C","1","Caja"
"11/20/2025 12:38 PM","HRJ BBLFD45 D19-L SMG MBLE IZQ INF COC ESQUINERO 1 PUERTA 1 ENTREPAÑO","B","SIDE R - R17L762","762","609.6",,"2","2","0","0",,,"0.45","15",,"0","LxA{0}AyL AxP{0}PyA",,"56841","C","C","1","Caja"
"11/20/2025 12:38 PM","HRJ BBLFD45 D19-L SMG MBLE IZQ INF COC ESQUINERO 1 PUERTA 1 ENTREPAÑO","A","BASE","1,113","585.6",,"2","0","0","0",,,"0.45","15",,"0","LxL{-30}LyL AxP{-24}PyA",,"56840","C","C","1","Caja"
"11/20/2025 11:09 AM","HRJ IP75 MBLE INF COC 1 PUERTA 1 ENTREPAÑO","J","PUERTA IZQ","755","371.84",,"2","2","0","0",,,"1","15",,"0","LxA{-30}AyL AxL[0,495789]LyA",,"56839","C","C","1","Frente"
"11/20/2025 11:08 AM","HRJ IP75 MBLE INF COC 1 PUERTA 1 ENTREPAÑO","G","GOLA","720","80",,"2","0","0","0",,,"0.45","15",,"0","LxL{-30}LyL",,"56838","C","C","1","Caja"
"11/20/2025 11:08 AM","HRJ IP75 MBLE INF COC 1 PUERTA 1 ENTREPAÑO","I","PUERTA DER","755","371.84",,"2","2","0","0",,,"1","15",,"0","LxA{-30}AyL AxL[0,495789]LyA",,"56837","C","C","1","Frente"
"11/20/2025 11:08 AM","HRJ IP75 MBLE INF COC 1 PUERTA 1 ENTREPAÑO","H","ENTREPAÑO","719","519.2",,"2","2","0","0",,,"0.45","15",,"0","LxL{-31}LyL AxP{-50,8}PyA",,"56836","C","C","1","Caja"
"11/20/2025 11:08 AM","HRJ IP75 MBLE INF COC 1 PUERTA 1 ENTREPAÑO","F","REF TRAS","720","80",,"2","0","0","0",,,"0.45","15",,"0","LxL{-30}LyL",,"56835","C","C","1","Caja"
"11/20/2025 11:08 AM","HRJ IP75 MBLE INF COC 1 PUERTA 1 ENTREPAÑO","E","REF TRAS","720","80",,"2","0","0","0",,,"0.45","15",,"0","LxL{-30}LyL",,"56834","C","C","1","Caja"
"11/20/2025 11:08 AM","HRJ IP75 MBLE INF COC 1 PUERTA 1 ENTREPAÑO","D","REF DEL","720","80",,"2","0","0","0",,,"0.45","15",,"0","LxL{-30}LyL","ENCHAPE COLOR","56833","C","C","1","Caja"
"11/20/2025 11:08 AM","HRJ IP75 MBLE INF COC 1 PUERTA 1 ENTREPAÑO","C","LAT IZQ","785","570",,"2","2","0","0",,,"0.45","15",,"0","LxA{0}AyL AxP{0}PyA",,"56832","C","C","1","Caja"
"11/20/2025 11:08 AM","HRJ IP75 MBLE INF COC 1 PUERTA 1 ENTREPAÑO","B","LAT DER","785","570",,"2","2","0","0",,,"0.45","15",,"0","LxA{0}AyL AxP{0}PyA",,"56831","C","C","1","Caja"
"11/20/2025 11:08 AM","HRJ IP75 MBLE INF COC 1 PUERTA 1 ENTREPAÑO","A","BASE","720","570",,"2","0","0","0",,,"0.45","15",,"0","LxL{-30}LyL AxP{0}PyA",,"56830","C","C","1","Caja"
"11/19/2025 10:27 AM","HRJ DB38-2 RNG SMG MBLE INF COC 2 GAVETAS","M","BACKING","760","949.2",,"0","0","0","0",,,"0","6",,"0","LxA{-2}AyL AxL{-16}LyA",,"56810","F","X","1",
"11/19/2025 10:27 AM","HRJ DB38-2 RNG SMG MBLE INF COC 2 GAVETAS","L","FRENTE GAVETA INF","351","962",,"2","2","0","0",,,"2","18",,"0","AxL{-3,2}LyA",,"56809","C","C","1","Frente"
"11/19/2025 10:27 AM","HRJ DB38-2 RNG SMG MBLE INF COC 2 GAVETAS","K","FRENTE GAVETA SUP","351","962",,"2","2","0","0",,,"2","18",,"0","AxL{-3,2}LyA",,"56808","C","C","1","Frente"
"11/19/2025 10:27 AM","HRJ DB38-2 RNG SMG MBLE INF COC 2 GAVETAS","J","TRASERO CAJON INF","848.2","183",,"0","0","1","2",,,"0.45","15",,"0","LxL{-117}LyL",,"56807","C","C","1","Caja"
"11/19/2025 10:27 AM","HRJ DB38-2 RNG SMG MBLE INF COC 2 GAVETAS","I","TRASERO CAJON SUP","848.2","183",,"0","0","1","2",,,"0.45","15",,"0","LxL{-117}LyL",,"56806","C","C","1","Caja"
"11/19/2025 10:27 AM","HRJ DB38-2 RNG SMG MBLE INF COC 2 GAVETAS","H","FONDO GAVETA INF","860.2","492",,"0","0","2","0",,,"0.45","15",,"0","LxL{-105}LyL",,"56805","P","C","1","Caja"
"11/19/2025 10:27 AM","HRJ DB38-2 RNG SMG MBLE INF COC 2 GAVETAS","G","FONDO GAVETA SUP","860.2","492",,"0","0","2","0",,,"0.45","15",,"0","LxL{-105}LyL",,"56804","P","C","1","Caja"
"11/19/2025 10:27 AM","HRJ DB38-2 RNG SMG MBLE INF COC 2 GAVETAS","F","RAIL TRASERO","935.2","80",,"0","0","2","0",,,"0.45","15",,"0","LxL{-30}LyL",,"56803","C","C","1","Caja"
"11/19/2025 10:27 AM","HRJ DB38-2 RNG SMG MBLE INF COC 2 GAVETAS","E","RAIL TRASERO","935.2","80",,"0","0","2","0",,,"0.45","15",,"0","LxL{-30}LyL",,"56802","C","C","1","Caja"
"11/19/2025 10:26 AM","HRJ DB38-2 RNG SMG MBLE INF COC 2 GAVETAS","D","RAIL DELANTERO","935.2","80",,"2","0","0","0",,,"0.45","15",,"0","LxL{-30}LyL",,"56801","C","C","1","Caja"
"11/19/2025 10:26 AM","HRJ DB38-2 RNG SMG MBLE INF COC 2 GAVETAS","C","SIDE L - R17L762","762","609.6",,"2","2","0","0",,,"0.45","15",,"0","LxA{0}AyL AxP{0}PyA",,"56800","C","C","1","Caja"
"11/19/2025 10:26 AM","HRJ DB38-2 RNG SMG MBLE INF COC 2 GAVETAS","B","SIDE R - R17L762","762","609.6",,"2","2","0","0",,,"0.45","15",,"0","LxA{0}AyL AxP{0}PyA",,"56799","C","C","1","Caja"
"11/19/2025 10:26 AM","HRJ DB38-2 RNG SMG MBLE INF COC 2 GAVETAS","A","BASE","935.2","585.6",,"2","0","0","0",,,"0.45","15",,"0","LxL{-30}LyL AxP{-24}PyA",,"56798","C","C","1","Caja"
"11/18/2025 2:40 PM","HRJ SBFD40 SM-15MM MBLE INF LVP 2 PUERTAS","E","GOLA","986","80",,"2","0","0","0",,,"0.45","15",,"0","LxL{-30}LyL",,"56797","B","C","1","Caja"
"11/18/2025 2:40 PM","HRJ SBFD40 SM-15MM MBLE INF LVP 2 PUERTAS","G","RAIL TRASERO","986","80",,"0","0","2","0",,,"0.45","15",,"0","LxL{-30}LyL",,"56796","P","P","1","Caja"
"11/18/2025 2:40 PM","HRJ SBFD40 SM-15MM MBLE INF LVP 2 PUERTAS","F","RAIL TRASERO","986","80",,"0","0","2","0",,,"0.45","15",,"0","LxL{-30}LyL",,"56795","P","P","1","Caja"
"11/18/2025 2:40 PM","HRJ SBFD40 SM-15MM MBLE INF LVP 2 PUERTAS","D","RAIL DELANTERO","986","80",,"2","0","0","0",,,"0.45","15",,"0","LxL{-30}LyL",,"56794","B","C","1","Caja"
"11/18/2025 2:40 PM","HRJ SBFD40 SM-15MM MBLE INF LVP 2 PUERTAS","B","SIDE R ","762","609.6",,"2","2","0","0",,,"0.45","15",,"0","LxA{0}AyL AxP{0}PyA",,"56793","B","C","1","Caja"
"11/18/2025 2:40 PM","HRJ SBFD40 SM-15MM MBLE INF LVP 2 PUERTAS","A","BASE","986","585.6",,"2","0","0","0",,,"0.45","15",,"0","LxL{-30}LyL AxP{-24}PyA",,"56792","B","C","1","Caja"
"11/18/2025 2:40 PM","HRJ SBFD40 SM-15MM MBLE INF LVP 2 PUERTAS","I","DOOR L","732","504.8",,"2","2","0","0",,,"2","15",,"0","LxA{-30,0}AyL AxL[0,496850]LyA",,"56791","C","C","1","Frente"
"11/18/2025 2:40 PM","HRJ SBFD40 SM-15MM MBLE INF LVP 2 PUERTAS","H","DOOR R","732","504.8",,"2","2","0","0",,,"2","15",,"0","LxA{-30}AyL AxL[0,496850]LyA",,"56790","C","C","1","Frente"
"11/18/2025 2:40 PM","HRJ SBFD40 SM-15MM MBLE INF LVP 2 PUERTAS","C","SIDE L","762","609.6",,"2","2","0","0",,,"0.45","15",,"0","LxA{0}AyL AxP{0}PyA",,"56789","B","C","1","Caja"
"11/14/2025 4:27 PM","HRJ BBLFD45 D19-R SMG MBLE IZQ INF COC ESQUINERO 1 PUERTA 1 ENTREPAÑO","E","REF DEL CENTRAL","732","80",,"1","1","0","0",,,"0.45","15",,"0","LxA{-30}AyL",,"56749","C","C","1","Caja"
"11/14/2025 4:27 PM","HRJ BBLFD45 D19-R SMG MBLE IZQ INF COC ESQUINERO 1 PUERTA 1 ENTREPAÑO","F","REF DEL INF","732","80",,"1","1","0","0",,,"0.45","15",,"0","LxA{-30}AyL",,"56750","C","C","1","Caja"
"11/14/2025 4:27 PM","HRJ BBLFD45 D19-R SMG MBLE IZQ INF COC ESQUINERO 1 PUERTA 1 ENTREPAÑO","L","BACKING","760","1,127",,"0","0","0","0",,,"0","6",,"0","LxA{-2}AyL AxL{-16}LyA",,"56748","F","X","1",
"11/14/2025 4:27 PM","HRJ BBLFD45 D19-R SMG MBLE IZQ INF COC ESQUINERO 1 PUERTA 1 ENTREPAÑO","K","DOOR","732","479.4",,"2","2","0","0",,,"2","18",,"0","LxA{-30}AyL ",,"56747","C","C","1","Frente"
"11/14/2025 4:27 PM","HRJ BBLFD45 D19-R SMG MBLE IZQ INF COC ESQUINERO 1 PUERTA 1 ENTREPAÑO","J","BLIND DOOR","762","655.6",,"2","2","0","0",,,"2","18",,"0","LxA{0}AyLAxL{-487,4}LyA",,"56746","C","C","1","Frente"
"11/14/2025 4:27 PM","HRJ BBLFD45 D19-R SMG MBLE IZQ INF COC ESQUINERO 1 PUERTA 1 ENTREPAÑO","H","RAIL TRAS INF","1,113","80",,"0","0","2","0",,,"0.45","15",,"0","LxL{-30}LyL",,"56745","C","C","1","Caja"
"11/14/2025 4:27 PM","HRJ BBLFD45 D19-R SMG MBLE IZQ INF COC ESQUINERO 1 PUERTA 1 ENTREPAÑO","G","RAIL TRAS SUP","1,113","80",,"0","0","2","0",,,"0.45","15",,"0","LxL{-30}LyL",,"56744","C","C","1","Caja"
"11/14/2025 4:27 PM","HRJ BBLFD45 D19-R SMG MBLE IZQ INF COC ESQUINERO 1 PUERTA 1 ENTREPAÑO","D","RAIL DEL","1,113","80",,"2","0","0","0",,,"0.45","15",,"0","LxL{-30}LyL",,"56743","C","C","1","Caja"
"11/14/2025 4:27 PM","HRJ BBLFD45 D19-R SMG MBLE IZQ INF COC ESQUINERO 1 PUERTA 1 ENTREPAÑO","C","SIDE L - R17L762","762","609.6",,"1","2","0","0",,,"0.45","15",,"0","LxA{0}AyL AxP{0}PyA",,"56742","C","C","1","Caja"
"11/14/2025 4:27 PM","HRJ BBLFD45 D19-R SMG MBLE IZQ INF COC ESQUINERO 1 PUERTA 1 ENTREPAÑO","B","SIDE R - R17L762","762","609.6",,"2","2","0","0",,,"0.45","15",,"0","LxA{0}AyL AxP{0}PyA",,"56741","C","C","1","Caja"
"11/14/2025 4:27 PM","HRJ BBLFD45 D19-R SMG MBLE IZQ INF COC ESQUINERO 1 PUERTA 1 ENTREPAÑO","A","BASE","1,113","585.6",,"2","0","0","0",,,"0.45","15",,"0","LxL{-30}LyL AxP{-24}PyA",,"56740","C","C","1","Caja"
"11/14/2025 4:07 PM","PN2594 PANEL MBLE","A","PANEL","2,400","638",,"2","2","0","0",,,"2","18",,"0",,,"56717","C","C","1","Frente"
"11/13/2025 3:12 PM","HRJ W3030-PUSH MBLE SUP COC 2 PUERTA 2 ENTREPAÑO","J","DOOR L","758.8","377.8",,"2","2","0","0",,,"1","18",,"0","LxA{-3,2}AyL AxL[0,495800]LyA",,"56688","C","C","1","Frente"
"11/13/2025 3:12 PM","HRJ W3030-PUSH MBLE SUP COC 2 PUERTA 2 ENTREPAÑO","H","SHELF","731","266.7",,"0","0","2","2",,,"0.45","15",,"0","LxL{-31}LyL",,"56687","P","P","1","Caja"
"11/13/2025 3:12 PM","HRJ W3030-PUSH MBLE SUP COC 2 PUERTA 2 ENTREPAÑO","G","SHELF","731","266.7",,"0","0","2","2",,,"0.45","15",,"0","LxL{-31}LyL",,"56686","P","P","1","Caja"
"11/13/2025 3:12 PM","HRJ W3030-PUSH MBLE SUP COC 2 PUERTA 2 ENTREPAÑO","K","BACKING","746","746",,"0","0","0","0",,,"0","6",,"0","LxA{-16}AyL AxL{-16}LyA",,"56685","F","X","1",
"11/13/2025 3:12 PM","HRJ W3030-PUSH MBLE SUP COC 2 PUERTA 2 ENTREPAÑO","I","DOOR R","758.8","377.8",,"2","2","0","0",,,"1","18",,"0","LxA{-3,2}AyL AxL[0,495800]LyA",,"56684","C","C","1","Frente"
"11/13/2025 3:12 PM","HRJ W3030-PUSH MBLE SUP COC 2 PUERTA 2 ENTREPAÑO","F","RAIL TRASERO","732","80",,"0","0","2","0",,,"0.45","15",,"0","LxL{-30}LyL",,"56683","P","P","1","Caja"
"11/13/2025 3:12 PM","HRJ W3030-PUSH MBLE SUP COC 2 PUERTA 2 ENTREPAÑO","E","RAIL TRASERO","732","80",,"0","0","2","0",,,"0.45","15",,"0","LxL{-30}LyL",,"56682","P","P","1","Caja"
"11/13/2025 3:12 PM","HRJ W3030-PUSH MBLE SUP COC 2 PUERTA 2 ENTREPAÑO","D","SIDE L - R16L","762","304.8",,"2","2","0","0",,,"0.45","15",,"0","LxA{0}AyL AxP{0}PyA",,"56681","B","C","1","Caja"
"11/13/2025 3:12 PM","HRJ W3030-PUSH MBLE SUP COC 2 PUERTA 2 ENTREPAÑO","C","SIDE R - R16L","762","304.8",,"2","2","0","0",,,"0.45","15",,"0","LxA{0}AyL AxP{0}PyA",,"56680","B","C","1","Caja"
"11/13/2025 3:12 PM","HRJ W3030-PUSH MBLE SUP COC 2 PUERTA 2 ENTREPAÑO","B","TAPA - R16L","732","304.8",,"2","0","0","0",,,"0.45","15",,"0","LxL{-30}LyL AxP{0}PyA",,"56679","B","C","1","Caja"
"11/13/2025 3:12 PM","HRJ W3030-PUSH MBLE SUP COC 2 PUERTA 2 ENTREPAÑO","A","BASE - R16L","732","304.8",,"2","0","0","0",,,"0.45","15",,"0","LxL{-30}LyL AxP{0}PyA",,"56678","B","C","1","Caja"
"11/13/2025 12:41 PM","HRJ W22 7/842-L-SM MBLE SUP IZQ COC 1 PUERTA 3 ENTREPAÑOS","I","SHELF 3","550.03","266.7",,"0","0","2","2",,,"0.45","15",,"0","LxL{-31}LyL AxP{-38,1}PyA",,"56519","P","P","1","Caja"
"11/13/2025 12:41 PM","HRJ W22 7/842-L-SM MBLE SUP IZQ COC 1 PUERTA 3 ENTREPAÑOS","J","DOOR","1,082.65","577.83",,"2","2","0","0",,,"1","18",,"0"," LxA{+15,85}AyL AxL{-3,2}LyA",,"56518","C","C","1","Frente"
"11/13/2025 12:41 PM","HRJ W22 7/842-L-SM MBLE SUP IZQ COC 1 PUERTA 3 ENTREPAÑOS","K","BACKING","1,050.8","565.03",,"0","0","0","0",,,"0","6",,"0","LxA{-16}AyL AxL{-16}LyA",,"56517","F","X","1",
"11/13/2025 12:41 PM","HRJ W22 7/842-L-SM MBLE SUP IZQ COC 1 PUERTA 3 ENTREPAÑOS","H","SHELF 2","550.03","266.7",,"0","0","2","2",,,"0.45","15",,"0","LxL{-31}LyL AxP{-38,1}PyA",,"56516","P","P","1","Caja"
"11/13/2025 12:41 PM","HRJ W22 7/842-L-SM MBLE SUP IZQ COC 1 PUERTA 3 ENTREPAÑOS","G","SHELF 1","550.03","266.7",,"0","0","2","2",,,"0.45","15",,"0","LxL{-31}LyL AxP{-38,1}PyA",,"56515","P","P","1","Caja"
"11/13/2025 12:41 PM","HRJ W22 7/842-L-SM MBLE SUP IZQ COC 1 PUERTA 3 ENTREPAÑOS","F","RAIL TRASERO","551.03","80",,"0","0","2","0",,,"0.45","15",,"0","LxL{-30}LyL",,"56514","P","P","1","Caja"
"11/13/2025 12:41 PM","HRJ W22 7/842-L-SM MBLE SUP IZQ COC 1 PUERTA 3 ENTREPAÑOS","E","RAIL TRASERO","551.03","80",,"0","0","2","0",,,"0.45","15",,"0","LxL{-30}LyL",,"56513","P","P","1","Caja"
"11/13/2025 12:41 PM","HRJ W22 7/842-L-SM MBLE SUP IZQ COC 1 PUERTA 3 ENTREPAÑOS","D","SIDE L - R16L","1,066.8","304.8",,"2","2","0","0",,,"0.45","15",,"0","LxA{0}AyL AxP{0}PyA",,"56512","B","C","1","Caja"
"11/13/2025 12:41 PM","HRJ W22 7/842-L-SM MBLE SUP IZQ COC 1 PUERTA 3 ENTREPAÑOS","C","SIDE R - R16L","1,066.8","304.8",,"2","2","0","0",,,"0.45","15",,"0","LxA{0}AyL AxP{0}PyA",,"56511","B","C","1","Caja"
"11/13/2025 12:41 PM","HRJ W22 7/842-L-SM MBLE SUP IZQ COC 1 PUERTA 3 ENTREPAÑOS","B","TAPA - R16L","551.03","304.8",,"2","0","0","0",,,"0.45","15",,"0","LxL{-30}LyL AxP{0}PyA",,"56510","B","C","1","Caja"
"11/13/2025 12:41 PM","HRJ W22 7/842-L-SM MBLE SUP IZQ COC 1 PUERTA 3 ENTREPAÑOS","A","BASE - R16L","551.03","304.8",,"2","0","0","0",,,"0.45","15",,"0","LxL{-30}LyL AxP{0}PyA",,"56509","B","C","1","Caja"
"11/12/2025 9:06 AM","HRJ WSMMD18285 1/2-18MM 2 PUERTA 2 ENTREPAÑOS CARB2","J","DOOR L","708","225.4",,"2","2","0","0",,,"1","18",,"0","LxA{-3,2}AyL ",,"56309","C","C","1","Frente"
"11/12/2025 9:06 AM","HRJ WSMMD18285 1/2-18MM 2 PUERTA 2 ENTREPAÑOS CARB2","K","BACKING","674.2","435.2",,"0","0","0","0",,,"0","6",,"0","LxA{-37}AyL AxL{-22}LyA",,"56308","F","X","1",
"11/12/2025 9:06 AM","HRJ WSMMD18285 1/2-18MM 2 PUERTA 2 ENTREPAÑOS CARB2","I","DOOR R","708","225.4",,"2","2","0","0",,,"1","18",,"0","LxA{-3,2}AyL",,"56307","C","C","1","Frente"
"11/12/2025 9:06 AM","HRJ WSMMD18285 1/2-18MM 2 PUERTA 2 ENTREPAÑOS CARB2","H","SHELF 2","420.2","86.6",,"0","0","2","2",,,"1","18",,"0","LxL{-37}LyL AxP{-53,1}PyA",,"56306","P","P","1","Caja"
"11/12/2025 9:06 AM","HRJ WSMMD18285 1/2-18MM 2 PUERTA 2 ENTREPAÑOS CARB2","G","SHELF 1","420.2","86.6",,"0","0","2","2",,,"1","18",,"0","LxL{-37}LyL AxP{-53,1}PyA",,"56305","P","P","1","Caja"
"11/12/2025 9:06 AM","HRJ WSMMD18285 1/2-18MM 2 PUERTA 2 ENTREPAÑOS CARB2","F","RAIL TRASERO","421.2","80",,"0","0","2","0",,,"1","18",,"0","LxL{-36}LyL",,"56304","P","P","1","Caja"
"11/12/2025 9:06 AM","HRJ WSMMD18285 1/2-18MM 2 PUERTA 2 ENTREPAÑOS CARB2","E","RAIL TRASERO","421.2","80",,"0","0","2","0",,,"1","18",,"0","LxL{-36}LyL",,"56303","P","P","1","Caja"
"11/12/2025 9:06 AM","HRJ WSMMD18285 1/2-18MM 2 PUERTA 2 ENTREPAÑOS CARB2","D","SIDE L - R18L","711.2","121.7",,"2","2","0","0",,,"1","18",,"0","LxA{0}AyL AxP{-18}PyA",,"56302","B","C","1","Caja"
"11/12/2025 9:06 AM","HRJ WSMMD18285 1/2-18MM 2 PUERTA 2 ENTREPAÑOS CARB2","C","SIDE R - R18L","711.2","121.7",,"2","2","0","0",,,"1","18",,"0","LxA{0}AyL AxP{-18}PyA",,"56301","B","C","1","Caja"
"11/12/2025 9:06 AM","HRJ WSMMD18285 1/2-18MM 2 PUERTA 2 ENTREPAÑOS CARB2","B","TAPA - R18L","421.2","121.7",,"2","0","0","0",,,"1","18",,"0","LxL{-36}LyL AxP{-18}PyA",,"56300","B","C","1","Caja"
"11/12/2025 9:06 AM","HRJ WSMMD18285 1/2-18MM 2 PUERTA 2 ENTREPAÑOS CARB2","A","BASE - R18L","421.2","121.7",,"2","0","0","0",,,"1","18",,"0","LxL{-36}LyL AxP{-18}PyA",,"56299","B","C","1","Caja"
"11/10/2025 9:20 PM","HRJ ALA70240-1 Z10 MBL ALACENA ABIERTA COC 1 GAVETA 4 ENTREPAÑOS","I","REF DEL","670","80",,"2","0","0","0",,,"0.45","15",,"0","LxL{-30}LyL",,"56298","C","C","1","Caja"
"11/10/2025 9:20 PM","HRJ ALA70240-1 Z10 MBL ALACENA ABIERTA COC 1 GAVETA 4 ENTREPAÑOS","N","ENTREPAÑO4","669","530.9",,"2","2","0","0",,,"0.45","15",,"0","LxL{-31}LyL AxP{-39,1}PyA",,"56297","C","C","1","Caja"
"11/10/2025 9:20 PM","HRJ ALA70240-1 Z10 MBL ALACENA ABIERTA COC 1 GAVETA 4 ENTREPAÑOS","H","GOLA","670","80",,"2","0","0","0",,,"0.45","15",,"0","LxL{-30}LyL",,"56296","C","C","1","Caja"
"11/10/2025 9:20 PM","HRJ ALA70240-1 Z10 MBL ALACENA ABIERTA COC 1 GAVETA 4 ENTREPAÑOS","Q","FRENTE GAV","362.5","696.8",,"2","2","0","0",,,"2","15",,"0","AxL{-3,2}LyA",,"56295","C","C","1","Frente"
"11/10/2025 9:20 PM","HRJ ALA70240-1 Z10 MBL ALACENA ABIERTA COC 1 GAVETA 4 ENTREPAÑOS","P","FONDO GAV","595","492",,"0","0","2","0",,,"0.45","15",,"0","LxL{-105}LyL",,"56294","C","C","1","Caja"
"11/10/2025 9:20 PM","HRJ ALA70240-1 Z10 MBL ALACENA ABIERTA COC 1 GAVETA 4 ENTREPAÑOS","R","FONDO","2,298","684",,,,,,,,"0","6",,"0","LxA{-102}AyL AxL{-16}LyA",,"56293","F","X","1","Sin asignar"
"11/10/2025 9:20 PM","HRJ ALA70240-1 Z10 MBL ALACENA ABIERTA COC 1 GAVETA 4 ENTREPAÑOS","O","TRAS GAV","583","183",,"0","0","1","2",,,"0.45","15",,"0","LxL{-117}LyL",,"56292","C","C","1","Caja"
"11/10/2025 9:20 PM","HRJ ALA70240-1 Z10 MBL ALACENA ABIERTA COC 1 GAVETA 4 ENTREPAÑOS","M","ENTREPAÑO3","669","530.9",,"2","2","0","0",,,"0.45","15",,"0","LxL{-31}LyL AxP{-39,1}PyA",,"56291","C","C","1","Caja"
"11/10/2025 9:20 PM","HRJ ALA70240-1 Z10 MBL ALACENA ABIERTA COC 1 GAVETA 4 ENTREPAÑOS","L","ENTREPAÑO2","669","530.9",,"2","2","0","0",,,"0.45","15",,"0","LxL{-31}LyL AxP{-39,1}PyA",,"56290","C","C","1","Caja"
"11/10/2025 9:20 PM","HRJ ALA70240-1 Z10 MBL ALACENA ABIERTA COC 1 GAVETA 4 ENTREPAÑOS","K","ENTREPAÑO1","669","530.9",,"2","2","0","0",,,"0.45","15",,"0","LxL{-31}LyL AxP{-39,1}PyA",,"56289","C","C","1","Caja"
"11/10/2025 9:20 PM","HRJ ALA70240-1 Z10 MBL ALACENA ABIERTA COC 1 GAVETA 4 ENTREPAÑOS","J","ENTREPAÑO0","670","546",,"2",,"0",,,,"0.45","15",,"0","LxL{-30}LyL AxP{-24}PyA",,"56288","C","C","1","Caja"
"11/10/2025 9:20 PM","HRJ ALA70240-1 Z10 MBL ALACENA ABIERTA COC 1 GAVETA 4 ENTREPAÑOS","G","REF TRAS","670","80",,"2",,"0",,,,"0.45","15",,"0","LxL{-30}LyL",,"56287","C","C","1","Caja"
"11/10/2025 9:20 PM","HRJ ALA70240-1 Z10 MBL ALACENA ABIERTA COC 1 GAVETA 4 ENTREPAÑOS","F","REF TRAS","670","80",,"2",,"2",,,,"0.45","15",,"0","LxL{-30}LyL",,"56286","C","C","1","Caja"
"11/10/2025 9:20 PM","HRJ ALA70240-1 Z10 MBL ALACENA ABIERTA COC 1 GAVETA 4 ENTREPAÑOS","E","REF TRAS","670","80",,"2",,"0",,,,"0.45","15",,"0","LxL{-30}LyL",,"56285","C","C","1","Caja"
"11/10/2025 9:20 PM","HRJ ALA70240-1 Z10 MBL ALACENA ABIERTA COC 1 GAVETA 4 ENTREPAÑOS","D","LAT DER R17L","2,300","570",,"2","2",,,,,"0.45","15",,"0","LxA{-100}AyL AxP{0}PyA",,"56284","C","C","1","Caja"
"11/10/2025 9:20 PM","HRJ ALA70240-1 Z10 MBL ALACENA ABIERTA COC 1 GAVETA 4 ENTREPAÑOS","C","LAT DER R17L","2,300","570",,"2","2",,,,,"0.45","15",,"0","LxA{-100}AyL AxP{0}PyA",,"56283","C","C","1","Caja"
"11/10/2025 9:20 PM","HRJ ALA70240-1 Z10 MBL ALACENA ABIERTA COC 1 GAVETA 4 ENTREPAÑOS","B","TAPA","670","546",,"2",,,,,,"0.45","15",,"0","LxL{-30}LyL AxP{-24}PyA",,"56282","C","C","1","Caja"
"11/10/2025 9:20 PM","HRJ ALA70240-1 Z10 MBL ALACENA ABIERTA COC 1 GAVETA 4 ENTREPAÑOS","A","BASE","670","546",,"2",,,,,,"0.45","15",,"0","LxL{-30}LyL AxP{-24}PyA",,"56281","C","C","1","Caja"
"11/10/2025 10:30 AM","HRJ IHFC80 MBLE HORNO INF COC","E","FRONT OVEN","785","770",,"0","2","0","0",,,"1","15",,"0","LxA{0}AyL AxL{-30}LyA",,"56280","C","C","1","Frente"
"11/10/2025 10:30 AM","HRJ IHFC80 MBLE HORNO INF COC","D","RAIL TRASERO","770","80",,"2","0","0","0",,,"0.45","15",,"0","LxL{-30}LyL",,"56279","C","C","1","Caja"
"11/10/2025 10:30 AM","HRJ IHFC80 MBLE HORNO INF COC","D","RAIL TRASERO","770","80",,"2","0","0","0",,,"0.45","15",,"0","LxL{-30}LyL",,"56278","C","C","1","Caja"
"11/10/2025 10:30 AM","HRJ IHFC80 MBLE HORNO INF COC","C","SIDE L","785","570",,"2","2","0","0",,,"0.45","15",,"0","LxA{0}AyL AxP{0}PyA",,"56277","C","C","1","Caja"
"11/10/2025 10:30 AM","HRJ IHFC80 MBLE HORNO INF COC","B","SIDE R","785","570",,"2","2","0","0",,,"0.45","15",,"0","LxA{0}AyL AxP{0}PyA",,"56276","C","C","1","Caja"
"11/10/2025 10:30 AM","HRJ IHFC80 MBLE HORNO INF COC","A","BASE","770","555",,"2","0","0","0",,,"0.45","15",,"0","LxL{-30}LyL AxP{-15}PyA",,"56275","C","C","1","Caja"
"11/7/2025 8:40 PM","F635 2/5-15MM 15mm PANEL MBLE","A","FILLER","888","152.4",,"2","2","0","0",,,"1","15",,"0","LxA{0}AyL AxL{0}LyA",,"56268","C","C",,
"11/7/2025 8:39 PM","PN35 2/565 6/7 15mm PANEL MBLE","A","FILLER","888","1,672.7",,"2","2","0","0",,,"1","15",,"0","LxA{0}AyL AxL{0}LyA",,"56266","C","C",,
"11/7/2025 8:33 PM","PN2594 15mm PANEL MBLE","A","FILLER","2,400","638",,"2","2","0","0",,,"1","15",,"0","LxA{0}AyL AxL{0}LyA",,"56265","C","C",,
"11/7/2025 8:25 PM","HRJ DB30-2S SM-15MM MBLE INF COC 3 GAVETAS 2 PEQUEÑAS","I","GOLA","732","80",,"2","0","0","0",,,"0.45","15",,"0","LxL{-30}LyL",,"56264","B","C","1",
"11/7/2025 8:25 PM","HRJ DB30-2S SM-15MM MBLE INF COC 3 GAVETAS 2 PEQUEÑAS","H","GOLA","732","80",,"2","0","0","0",,,"0.45","15",,"0","LxL{-30}LyL",,"56263","B","C","1",
"11/7/2025 8:25 PM","HRJ DB30-2S SM-15MM MBLE INF COC 3 GAVETAS 2 PEQUEÑAS","S","BACKING","760","746",,"0","0","0","0",,,"0","6",,"0","LxA{-2}AyL AxL{-16}LyA",,"56262","F","X","1",
"11/7/2025 8:25 PM","HRJ DB30-2S SM-15MM MBLE INF COC 3 GAVETAS 2 PEQUEÑAS","R","FRENTE GAVETA INF","351","758.8",,"2","2","0","0",,,"2","15",,"0","AxL{-3,2}LyA",,"56261","C","C","1","Frente"
"11/7/2025 8:25 PM","HRJ DB30-2S SM-15MM MBLE INF COC 3 GAVETAS 2 PEQUEÑAS","Q","FRENTE GAVETA CENTRAL","173.9","758.8",,"2","2","0","0",,,"2","15",,"0","AxL{-3,2}LyA",,"56260","C","C","1","Frente"
"11/7/2025 8:25 PM","HRJ DB30-2S SM-15MM MBLE INF COC 3 GAVETAS 2 PEQUEÑAS","P","FRENTE GAVETA SUP","173.9","758.8",,"2","2","0","0",,,"2","15",,"0","AxL{-3,2}LyA",,"56259","C","C","1","Frente"
"11/7/2025 8:25 PM","HRJ DB30-2S SM-15MM MBLE INF COC 3 GAVETAS 2 PEQUEÑAS","O","TRASERO CAJON INF","645","183",,"0","0","1","2",,,"0.45","15",,"0","LxL{-117}LyL",,"56258","P","P","1","Caja"
"11/7/2025 8:25 PM","HRJ DB30-2S SM-15MM MBLE INF COC 3 GAVETAS 2 PEQUEÑAS","N","TRASERO CAJON CENTRAL","645","68",,"0","0","1","0",,,"0.45","15",,"0","LxL{-117}LyL",,"56257","P","P","1","Caja"
"11/7/2025 8:25 PM","HRJ DB30-2S SM-15MM MBLE INF COC 3 GAVETAS 2 PEQUEÑAS","M","TRASERO CAJON SUP","645","68",,"0","0","1","0",,,"0.45","15",,"0","LxL{-117}LyL",,"56256","P","P","1","Caja"
"11/7/2025 8:25 PM","HRJ DB30-2S SM-15MM MBLE INF COC 3 GAVETAS 2 PEQUEÑAS","L","FONDO GAVETA INF","657","492",,"0","0","2","0",,,"0.45","15",,"0","LxL{-105}LyL",,"56255","P","P","1","Caja"
"11/7/2025 8:25 PM","HRJ DB30-2S SM-15MM MBLE INF COC 3 GAVETAS 2 PEQUEÑAS","K","FONDO GAVETA CENTRAL","657","492",,"0","0","2","0",,,"0.45","15",,"0","LxL{-105}LyL",,"56254","P","P","1","Caja"
"11/7/2025 8:25 PM","HRJ DB30-2S SM-15MM MBLE INF COC 3 GAVETAS 2 PEQUEÑAS","J","FONDO GAVETA SUP","657","492",,"0","0","2","0",,,"0.45","15",,"0","LxL{-105}LyL",,"56253","P","P","1","Caja"
"11/7/2025 8:25 PM","HRJ DB30-2S SM-15MM MBLE INF COC 3 GAVETAS 2 PEQUEÑAS","G","RAIL TRASERO","732","80",,"0","0","2","0",,,"0.45","15",,"0","LxL{-30}LyL",,"56252","B","P","1","Caja"
"11/7/2025 8:25 PM","HRJ DB30-2S SM-15MM MBLE INF COC 3 GAVETAS 2 PEQUEÑAS","F","RAIL TRASERO","732","80",,"0","0","2","0",,,"0.45","15",,"0","LxL{-30}LyL",,"56251","B","P","1","Caja"
"11/7/2025 8:25 PM","HRJ DB30-2S SM-15MM MBLE INF COC 3 GAVETAS 2 PEQUEÑAS","E","RAIL DELANTERO","732","80",,"2","0","0","0",,,"0.45","15",,"0","LxL{-30}LyL",,"56250","B","C","1","Caja"
"11/7/2025 8:25 PM","HRJ DB30-2S SM-15MM MBLE INF COC 3 GAVETAS 2 PEQUEÑAS","D","RAIL DELANTERO","732","80",,"2","0","0","0",,,"0.45","15",,"0","LxL{-30}LyL",,"56249","B","C","1","Caja"
"11/7/2025 8:25 PM","HRJ DB30-2S SM-15MM MBLE INF COC 3 GAVETAS 2 PEQUEÑAS","C","SIDE L - R17L762","762","609.6",,"2","2","0","0",,,"0.45","15",,"0","LxA{0}AyL AxP{0}PyA",,"56248","B","C","1","Caja"
"11/7/2025 8:25 PM","HRJ DB30-2S SM-15MM MBLE INF COC 3 GAVETAS 2 PEQUEÑAS","B","SIDE R - R17L762","762","609.6",,"2","2","0","0",,,"0.45","15",,"0","LxA{0}AyL AxP{0}PyA",,"56247","B","C","1","Caja"
"11/7/2025 8:25 PM","HRJ DB30-2S SM-15MM MBLE INF COC 3 GAVETAS 2 PEQUEÑAS","A","BASE","732","585.6",,"2","0","0","0",,,"0.45","15",,"0","LxL{-30}LyL AxP{-24}PyA",,"56246","B","C","1","Caja"
"11/7/2025 8:03 PM","HRJ W3010-15MM MBLE SUP COC","J","DOOR L","250.8","377.8",,"2","2",,,,,"2","15",,"0","LxA{-3,2}AyL AxL[0,495800]LyA",,"56226","C","C","1","Frente"
"11/7/2025 8:03 PM","HRJ W3010-15MM MBLE SUP COC","K","BACKING","238","746",,"0","0","0","0",,,"0","6",,"0","LxA{-16}AyL AxL{-16}LyA",,"56225","F","X","1",
"11/7/2025 8:03 PM","HRJ W3010-15MM MBLE SUP COC","I","DOOR R","250.8","377.8",,"2","2","0","0",,,"2","15",,"0","LxA{-3,2}AyL AxL[0,495800]LyA",,"56224","C","C","1","Frente"
"11/7/2025 8:03 PM","HRJ W3010-15MM MBLE SUP COC","F","RAIL TRASERO","732","80",,"0","0","2","0",,,"0.45","15",,"0","LxL{-30}LyL",,"56223","P","P","1","Caja"
"11/7/2025 8:03 PM","HRJ W3010-15MM MBLE SUP COC","E","RAIL TRASERO","732","80",,"0","0","2","0",,,"0.45","15",,"0","LxL{-30}LyL",,"56222","P","P","1","Caja"
"11/7/2025 8:03 PM","HRJ W3010-15MM MBLE SUP COC","D","SIDE L - R16L","254","304.8",,"2","2","0","0",,,"0.45","15",,"0","LxA{0}AyL AxP{0}PyA",,"56221","B","C","1","Caja"
"11/7/2025 8:03 PM","HRJ W3010-15MM MBLE SUP COC","C","SIDE R - R16L","254","304.8",,"2","2","0","0",,,"0.45","15",,"0","LxA{0}AyL AxP{0}PyA",,"56220","B","C","1","Caja"
"11/7/2025 8:03 PM","HRJ W3010-15MM MBLE SUP COC","B","TAPA - R16L","732","304.8",,"2","0","0","0",,,"0.45","15",,"0","LxL{-30}LyL AxP{0}PyA",,"56219","B","C","1","Caja"
"11/7/2025 8:03 PM","HRJ W3010-15MM MBLE SUP COC","A","BASE - R16L","732","304.8",,"2","0","0","0",,,"0.45","15",,"0","LxL{-30}LyL AxP{0}PyA",,"56218","B","C","1","Caja"
"11/7/2025 7:48 PM","HRJ BOV32 MBLE HORNO INF COC","H","H CENTER","281.39","68.5",,"0","0","0","0",,,"0","15",,"0","LxL[0,3462]LyL",,"56208","C","C","1",
"11/7/2025 7:48 PM","HRJ BOV32 MBLE HORNO INF COC","G","H SIDE L","576.6","68.5",,"0","0","0","0",,,"0","15",,"0","LxP{-33}PyL",,"56207","C","C","1",
"11/7/2025 7:48 PM","HRJ BOV32 MBLE HORNO INF COC","F","H SIDE R","576.6","68.5",,"0","0","0","0",,,"0","15",,"0","LxP{-33}PyL",,"56206","C","C","1",
"11/7/2025 7:48 PM","HRJ BOV32 MBLE HORNO INF COC","E","FRONT OVEN","782","802.8",,"0","2","0","0",,,"1","18",,"0","LxA{+20}AyL AxL{-10}LyA",,"56205","C","C","1",
"11/7/2025 7:48 PM","HRJ BOV32 MBLE HORNO INF COC","D","RAIL TRASERO","782.8","80",,"0","0","2","0",,,"0.45","15",,"0","LxL{-30}LyL",,"56204","C","C","1",
"11/7/2025 7:48 PM","HRJ BOV32 MBLE HORNO INF COC","D","RAIL TRASERO","782.8","80",,"0","0","2","0",,,"0.45","15",,"0","LxL{-30}LyL",,"56203","C","C","1",
"11/7/2025 7:48 PM","HRJ BOV32 MBLE HORNO INF COC","C","SIDE L","762","609.6",,"2","2","0","0",,,"0.45","15",,"0","LxA{0}AyL AxP{0}PyA",,"56202","C","C","1",
"11/7/2025 7:48 PM","HRJ BOV32 MBLE HORNO INF COC","B","SIDE R","762","609.6",,"2","2","0","0",,,"0.45","15",,"0","LxA{0}AyL AxP{0}PyA",,"56201","C","C","1",
"11/7/2025 7:48 PM","HRJ BOV32 MBLE HORNO INF COC","A","BASE","782.8","591.6",,"0","2","0","0",,,"0.45","15",,"0","LxL{-30}LyL AxP{-18}PyA",,"56200","C","C","1",
"11/7/2025 5:40 PM","F335 2/5 FILLER MBLE","A","FILLER","900","76.2",,"2","2","0","0",,,"1","18",,"0","LxA{0}AyL AxL{0}LyA",,"56095","C","C","1",
"11/7/2025 5:37 PM","PN24 3/435 2/5 PANEL MBLE","A","PANEL","900","628.65",,"2","2","0","0",,,"1","18",,"0","LxA{0}AyL AxP{0}PyA",,"56093","C","C",,
"11/7/2025 5:19 PM","HRJ SBFD38 SMG MBLE INF LVP 2 PUERTAS","F","RAIL TRAS","935.2","80",,"0","0","2","0",,,"0.45","15",,"0","LxL{-30}LyL",,"56081","C","C","1","Caja"
"11/7/2025 5:19 PM","HRJ SBFD38 SMG MBLE INF LVP 2 PUERTAS","E","RAIL TRAS","935.2","80",,"0","0","2","0",,,"0.45","15",,"0","LxL{-30}LyL",,"56080","C","C","1","Caja"
"11/7/2025 5:19 PM","HRJ SBFD38 SMG MBLE INF LVP 2 PUERTAS","D","RAIL DEL","935.2","80",,"2","0","0","0",,,"0.45","15",,"0","LxL{-30}LyL",,"56079","C","C","1","Caja"
"11/7/2025 5:19 PM","HRJ SBFD38 SMG MBLE INF LVP 2 PUERTAS","B","SIDE R ","762","609.6",,"2","2","0","0",,,"0.45","15",,"0","LxA{0}AyL AxP{0}PyA",,"56078","C","C","1","Caja"
"11/7/2025 5:19 PM","HRJ SBFD38 SMG MBLE INF LVP 2 PUERTAS","A","BASE","935.2","594.6",,"2","0","0","0",,,"0.45","15",,"0","LxL{-30}LyL AxP{-15}PyA",,"56077","C","C","1","Caja"
"11/7/2025 5:19 PM","HRJ SBFD38 SMG MBLE INF LVP 2 PUERTAS","H","DOOR L","732","479.4",,"2","2","0","0",,,"1","18",,"0","LxA{-30}AyL AxL[0,496684]LyA",,"56076","C","C","1","Frente"
"11/7/2025 5:19 PM","HRJ SBFD38 SMG MBLE INF LVP 2 PUERTAS","G","DOOR R","732","479.4",,"2","2","0","0",,,"1","18",,"0","LxA{-30}AyL AxL[0,496684]LyA",,"56075","C","C","1","Frente"
"11/7/2025 5:19 PM","HRJ SBFD38 SMG MBLE INF LVP 2 PUERTAS","C","SIDE L","762","609.6",,"2","2","0","0",,,"0.45","15",,"0","LxA{0}AyL AxP{0}PyA",,"56074","C","C","1","Caja"
"11/7/2025 5:02 PM","HRJ W1936-L SM MBLE IZQ SUP COC 1 PUERTA 2 ENTREPAÑOS","J","BACKING","873","466.6",,"0","0","0","0",,,"0","6",,"0","LxA{-41,4}AyL AxL{-16}LyA",,"56040","F","X","1",
"11/7/2025 5:02 PM","HRJ W1936-L SM MBLE IZQ SUP COC 1 PUERTA 2 ENTREPAÑOS","I","DOOR ","914.4","479.4",,"2","2","0","0",,,"1","18",,"0","LxA{0}AyL AxL{-3,2}LyA",,"56039","C","C","1","Frente"
"11/7/2025 5:02 PM","HRJ W1936-L SM MBLE IZQ SUP COC 1 PUERTA 2 ENTREPAÑOS","H","SHELF 2","451.6","266.7",,"0","0","2","2",,,"0.45","15",,"0","LxL{-31}LyL",,"56038","C","C","1","Caja"
"11/7/2025 5:02 PM","HRJ W1936-L SM MBLE IZQ SUP COC 1 PUERTA 2 ENTREPAÑOS","G","SHELF 1","451.6","266.7",,"0","0","2","2",,,"0.45","15",,"0","LxL{-31}LyL",,"56037","C","C","1","Caja"
"11/7/2025 5:02 PM","HRJ W1936-L SM MBLE IZQ SUP COC 1 PUERTA 2 ENTREPAÑOS","F","RAIL TRASERO","452.6","80",,"0","0","2","0",,,"0.45","15",,"0","LxL{-30}LyL",,"56036","C","C","1","Caja"
"11/7/2025 5:02 PM","HRJ W1936-L SM MBLE IZQ SUP COC 1 PUERTA 2 ENTREPAÑOS","E","RAIL TRASERO","452.6","80",,"0","0","2","0",,,"0.45","15",,"0","LxL{-30}LyL",,"56035","C","C","1","Caja"
"11/7/2025 5:02 PM","HRJ W1936-L SM MBLE IZQ SUP COC 1 PUERTA 2 ENTREPAÑOS","D","SIDE L - R16L","889","304.8",,"2","2","0","0",,,"0.45","15",,"0","LxA{-25,4}AyL AxP{0}PyA",,"56034","C","C","1","Caja"
"11/7/2025 5:02 PM","HRJ W1936-L SM MBLE IZQ SUP COC 1 PUERTA 2 ENTREPAÑOS","C","SIDE R - R16L","889","304.8",,"2","2","0","0",,,"0.45","15",,"0","LxA{-25,4}AyL AxP{0}PyA",,"56033","C","C","1","Caja"
"11/7/2025 5:02 PM","HRJ W1936-L SM MBLE IZQ SUP COC 1 PUERTA 2 ENTREPAÑOS","B","TAPA - R16L","452.6","304.8",,"2","0","0","0",,,"0.45","15",,"0","LxL{-30}LyL AxP{0}PyA",,"56032","C","C","1","Caja"
"11/7/2025 5:02 PM","HRJ W1936-L SM MBLE IZQ SUP COC 1 PUERTA 2 ENTREPAÑOS","A","BASE - R16L","452.6","304.8",,"2","0","0","0",,,"0.45","15",,"0","LxL{-30}LyL AxP{0}PyA",,"56031","C","C","1","Caja"
"11/7/2025 4:58 PM","HRJ W2836 SM MBLE SUP COC 2 PUERTAS 2 ENTREPAÑOS","J","DOOR L","914.4","352.4",,"2","2",,,,,"1","18",,"0","LxA{0}AyL AxL[0,495500]LyA",,"56020","C","C","1",
"11/7/2025 4:58 PM","HRJ W2836 SM MBLE SUP COC 2 PUERTAS 2 ENTREPAÑOS","K","BACKING","873","695.2",,"0","0","0","0",,,"0","6",,"0","LxA{-41,4}AyL AxL{-16}LyA",,"56019","F","X","1",
"11/7/2025 4:58 PM","HRJ W2836 SM MBLE SUP COC 2 PUERTAS 2 ENTREPAÑOS","I","DOOR R","914.4","352.4",,"2","2","0","0",,,"1","18",,"0","LxA{0}AyL AxL[0,495500]LyA",,"56018","C","C","1",
"11/7/2025 4:58 PM","HRJ W2836 SM MBLE SUP COC 2 PUERTAS 2 ENTREPAÑOS","H","SHELF 2","680.2","266.7",,"0","0","2","2",,,"0.45","15",,"0","LxL{-31}LyL",,"56017","C","C","1",
"11/7/2025 4:58 PM","HRJ W2836 SM MBLE SUP COC 2 PUERTAS 2 ENTREPAÑOS","G","SHELF 1","680.2","266.7",,"0","0","2","2",,,"0.45","15",,"0","LxL{-31}LyL",,"56016","C","C","1",
"11/7/2025 4:58 PM","HRJ W2836 SM MBLE SUP COC 2 PUERTAS 2 ENTREPAÑOS","F","RAIL TRASERO","681.2","80",,"0","0","2","0",,,"0.45","15",,"0","LxL{-30}LyL",,"56015","C","C","1",
"11/7/2025 4:58 PM","HRJ W2836 SM MBLE SUP COC 2 PUERTAS 2 ENTREPAÑOS","E","RAIL TRASERO","681.2","80",,"0","0","2","0",,,"0.45","15",,"0","LxL{-30}LyL",,"56014","C","C","1",
"11/7/2025 4:58 PM","HRJ W2836 SM MBLE SUP COC 2 PUERTAS 2 ENTREPAÑOS","D","SIDE L - R16L","889","304.8",,"2","2","0","0",,,"0.45","15",,"0","LxA{-25,4}AyL AxP{0}PyA",,"56013","C","C","1",
"11/7/2025 4:58 PM","HRJ W2836 SM MBLE SUP COC 2 PUERTAS 2 ENTREPAÑOS","C","SIDE R - R16L","889","304.8",,"2","2","0","0",,,"0.45","15",,"0","LxA{-25,4}AyL AxP{0}PyA",,"56012","C","C","1",
"11/7/2025 4:58 PM","HRJ W2836 SM MBLE SUP COC 2 PUERTAS 2 ENTREPAÑOS","B","TAPA - R16L","681.2","304.8",,"2","0","0","0",,,"0.45","15",,"0","LxL{-30}LyL AxP{0}PyA",,"56011","C","C","1",
"11/7/2025 4:58 PM","HRJ W2836 SM MBLE SUP COC 2 PUERTAS 2 ENTREPAÑOS","A","BASE - R16L","681.2","304.8",,"2","0","0","0",,,"0.45","15",,"0","LxL{-30}LyL AxP{0}PyA",,"56010","C","C","1",
"11/7/2025 4:43 PM","HRJ DB30-2 SMG MBLE INF COC 2 GAVETAS","M","BACKING","760","746",,"0","0","0","0",,,"0","6",,"0","LxA{-2}AyL AxL{-16}LyA",,"56009","F","X","1",
"11/7/2025 4:43 PM","HRJ DB30-2 SMG MBLE INF COC 2 GAVETAS","L","FRENTE GAVETA INF","351","758.8",,"2","2","0","0",,,"1","18",,"0","AxL{-3,2}LyA",,"56008","C","C","1","Frente"
"11/7/2025 4:43 PM","HRJ DB30-2 SMG MBLE INF COC 2 GAVETAS","K","FRENTE GAVETA SUP","351","758.8",,"2","2","0","0",,,"1","18",,"0","AxL{-3,2}LyA",,"56007","C","C","1","Frente"
"11/7/2025 4:43 PM","HRJ DB30-2 SMG MBLE INF COC 2 GAVETAS","J","TRASERO CAJON INF","645","183",,"0","0","1","2",,,"0.45","15",,"0","LxL{-117}LyL",,"56006","C","C","1","Caja"
"11/7/2025 4:43 PM","HRJ DB30-2 SMG MBLE INF COC 2 GAVETAS","I","TRASERO CAJON SUP","645","183",,"0","0","1","2",,,"0.45","15",,"0","LxL{-117}LyL",,"56005","C","C","1","Caja"
"11/7/2025 4:43 PM","HRJ DB30-2 SMG MBLE INF COC 2 GAVETAS","H","FONDO GAVETA INF","657","492",,"0","0","2","0",,,"0.45","15",,"0","LxL{-105}LyL",,"56004","P","C","1","Caja"
"11/7/2025 4:43 PM","HRJ DB30-2 SMG MBLE INF COC 2 GAVETAS","G","FONDO GAVETA SUP","657","492",,"0","0","2","0",,,"0.45","15",,"0","LxL{-105}LyL",,"56003","P","C","1","Caja"
"11/7/2025 4:43 PM","HRJ DB30-2 SMG MBLE INF COC 2 GAVETAS","F","RAIL TRASERO","732","80",,"0","0","2","0",,,"0.45","15",,"0","LxL{-30}LyL",,"56002","C","C","1","Caja"
"11/7/2025 4:43 PM","HRJ DB30-2 SMG MBLE INF COC 2 GAVETAS","E","RAIL TRASERO","732","80",,"0","0","2","0",,,"0.45","15",,"0","LxL{-30}LyL",,"56001","C","C","1","Caja"
"11/7/2025 4:43 PM","HRJ DB30-2 SMG MBLE INF COC 2 GAVETAS","D","RAIL DELANTERO","732","80",,"2","0","0","0",,,"0.45","15",,"0","LxL{-30}LyL",,"56000","C","C","1","Caja"
"11/7/2025 4:43 PM","HRJ DB30-2 SMG MBLE INF COC 2 GAVETAS","C","SIDE L - R17L762","762","609.6",,"2","2","0","0",,,"0.45","15",,"0","LxA{0}AyL AxP{0}PyA",,"55999","C","C","1","Caja"
"11/7/2025 4:43 PM","HRJ DB30-2 SMG MBLE INF COC 2 GAVETAS","B","SIDE R - R17L762","762","609.6",,"2","2","0","0",,,"0.45","15",,"0","LxA{0}AyL AxP{0}PyA",,"55998","C","C","1","Caja"
"11/7/2025 4:43 PM","HRJ DB30-2 SMG MBLE INF COC 2 GAVETAS","A","BASE","732","585.6",,"2","0","0","0",,,"0.45","15",,"0","LxL{-30}LyL AxP{-24}PyA",,"55997","C","C","1","Caja"
"11/7/2025 4:26 PM","HRJ DB28-2 SMG MBLE INF COC 2 GAVETAS","M","BACKING","760","695.2",,"0","0","0","0",,,"0","6",,"0","LxA{-2}AyL AxL{-16}LyA",,"55971","F","X","1",
"11/7/2025 4:26 PM","HRJ DB28-2 SMG MBLE INF COC 2 GAVETAS","L","FRENTE GAVETA INF","351","708",,"2","2","0","0",,,"1","18",,"0","AxL{-3,2}LyA",,"55970","C","C","1","Frente"
"11/7/2025 4:26 PM","HRJ DB28-2 SMG MBLE INF COC 2 GAVETAS","K","FRENTE GAVETA SUP","351","708",,"2","2","0","0",,,"1","18",,"0","AxL{-3,2}LyA",,"55969","C","C","1","Frente"
"11/7/2025 4:26 PM","HRJ DB28-2 SMG MBLE INF COC 2 GAVETAS","J","TRASERO CAJON INF","594.2","183",,"0","0","1","2",,,"0.45","15",,"0","LxL{-117}LyL",,"55968","C","C","1","Caja"
"11/7/2025 4:26 PM","HRJ DB28-2 SMG MBLE INF COC 2 GAVETAS","I","TRASERO CAJON SUP","594.2","183",,"0","0","1","2",,,"0.45","15",,"0","LxL{-117}LyL",,"55967","C","C","1","Caja"
"11/7/2025 4:26 PM","HRJ DB28-2 SMG MBLE INF COC 2 GAVETAS","H","FONDO GAVETA INF","606.2","492",,"0","0","2","0",,,"0.45","15",,"0","LxL{-105}LyL",,"55966","P","C","1","Caja"
"11/7/2025 4:26 PM","HRJ DB28-2 SMG MBLE INF COC 2 GAVETAS","G","FONDO GAVETA SUP","606.2","492",,"0","0","2","0",,,"0.45","15",,"0","LxL{-105}LyL",,"55965","P","C","1","Caja"
"11/7/2025 4:26 PM","HRJ DB28-2 SMG MBLE INF COC 2 GAVETAS","F","RAIL TRASERO","681.2","80",,"0","0","2","0",,,"0.45","15",,"0","LxL{-30}LyL",,"55964","C","C","1","Caja"
"11/7/2025 4:26 PM","HRJ DB28-2 SMG MBLE INF COC 2 GAVETAS","E","RAIL TRASERO","681.2","80",,"0","0","2","0",,,"0.45","15",,"0","LxL{-30}LyL",,"55963","C","C","1","Caja"
"11/7/2025 4:26 PM","HRJ DB28-2 SMG MBLE INF COC 2 GAVETAS","D","RAIL DELANTERO","681.2","80",,"2","0","0","0",,,"0.45","15",,"0","LxL{-30}LyL",,"55962","C","C","1","Caja"
"11/7/2025 4:26 PM","HRJ DB28-2 SMG MBLE INF COC 2 GAVETAS","C","SIDE L - R17L762","762","609.6",,"2","2","0","0",,,"0.45","15",,"0","LxA{0}AyL AxP{0}PyA",,"55961","C","C","1","Caja"
"11/7/2025 4:26 PM","HRJ DB28-2 SMG MBLE INF COC 2 GAVETAS","B","SIDE R - R17L762","762","609.6",,"2","2","0","0",,,"0.45","15",,"0","LxA{0}AyL AxP{0}PyA",,"55960","C","C","1","Caja"
"11/7/2025 4:26 PM","HRJ DB28-2 SMG MBLE INF COC 2 GAVETAS","A","BASE","681.2","585.6",,"2","0","0","0",,,"0.45","15",,"0","LxL{-30}LyL AxP{-24}PyA",,"55959","C","C","1","Caja"
"11/7/2025 4:18 PM","HRJ OVPC3494-1 TK4 SMG MBL ALACENA COC HORNO 1 GAVETA 2 PUERTAS","V","H IZQ","567.6","56.7",,"0","0","0","0",,,"0.45","15",,"0",,,"55958","C","C","1","Caja"
"11/7/2025 4:18 PM","HRJ OVPC3494-1 TK4 SMG MBL ALACENA COC HORNO 1 GAVETA 2 PUERTAS","U","H CENTRAL","400","56.7",,"0","0","0","0",,,"0.45","15",,"0",,,"55957","C","C","1","Caja"
"11/7/2025 4:18 PM","HRJ OVPC3494-1 TK4 SMG MBL ALACENA COC HORNO 1 GAVETA 2 PUERTAS","T","H DER","567.6","56.7",,"0","0","0","0",,,"0.45","15",,"0",,,"55956","C","C","1","Caja"
"11/7/2025 4:18 PM","HRJ OVPC3494-1 TK4 SMG MBL ALACENA COC HORNO 1 GAVETA 2 PUERTAS","S","DOOR L","612.8","428.6",,"2","2","0","0",,,"1","18",,"0",,,"55955","C","C","1","Frente"
"11/7/2025 4:18 PM","HRJ OVPC3494-1 TK4 SMG MBL ALACENA COC HORNO 1 GAVETA 2 PUERTAS","O","FRENTE HORNO","1,251.5","853.6",,"2","2","0","0",,,"1","18",,"0",,,"55954","C","C","1","Frente"
"11/7/2025 4:18 PM","HRJ OVPC3494-1 TK4 SMG MBL ALACENA COC HORNO 1 GAVETA 2 PUERTAS","P","FRENTE GAV","351","860.4",,"2","2","0","0",,,"1","18",,"0","AxL{-3,2}LyA",,"55953","C","C","1","Frente"
"11/7/2025 4:18 PM","HRJ OVPC3494-1 TK4 SMG MBL ALACENA COC HORNO 1 GAVETA 2 PUERTAS","N","FONDO GAV","758.6","492",,"0","0","2","0",,,"0.45","15",,"0","LxL{-105}LyL",,"55952","C","C","1","Caja"
"11/7/2025 4:18 PM","HRJ OVPC3494-1 TK4 SMG MBL ALACENA COC HORNO 1 GAVETA 2 PUERTAS","R","DOOR R","612.8","428.6",,"2","2",,,,,"1","18",,"0",,,"55951","C","C","1","Frente"
"11/7/2025 4:18 PM","HRJ OVPC3494-1 TK4 SMG MBL ALACENA COC HORNO 1 GAVETA 2 PUERTAS","M","TRAS GAV","746.6","183",,"0","0","1","2",,,"0.45","15",,"0","LxL{-117}LyL",,"55950","C","C","1","Caja"
"11/7/2025 4:18 PM","HRJ OVPC3494-1 TK4 SMG MBL ALACENA COC HORNO 1 GAVETA 2 PUERTAS","L","ENTREPAÑO","832.6","570.5",,"2","2","0","0",,,"0.45","15",,"0","LxL{-31}LyL AxP{-39,1}PyA",,"55949","C","C","1","Caja"
"11/7/2025 4:18 PM","HRJ OVPC3494-1 TK4 SMG MBL ALACENA COC HORNO 1 GAVETA 2 PUERTAS","K","ENTREPAÑO FIJO","833.6","567.6",,"2","0","0","0",,,"0.45","15",,"0","LxL{-30}LyL",,"55948","C","C","1","Caja"
"11/7/2025 4:18 PM","HRJ OVPC3494-1 TK4 SMG MBL ALACENA COC HORNO 1 GAVETA 2 PUERTAS","J","ENTREPAÑO FIJO","833.6","567.6",,"2","0","0","0",,,"0.45","15",,"0","LxL{-30}LyL",,"55947","C","C","1","Caja"
"11/7/2025 4:18 PM","HRJ OVPC3494-1 TK4 SMG MBL ALACENA COC HORNO 1 GAVETA 2 PUERTAS","I","ENTREPAÑO FIJO","833.6","585.6",,"2",,"0",,,,"0.45","15",,"0","LxL{-30}LyL AxP{-24}PyA",,"55946","C","C","1","Caja"
"11/7/2025 4:18 PM","HRJ OVPC3494-1 TK4 SMG MBL ALACENA COC HORNO 1 GAVETA 2 PUERTAS","G","REF TRAS","833.6","80",,"2",,"0",,,,"0.45","15",,"0","LxL{-30}LyL",,"55945","C","C","1","Caja"
"11/7/2025 4:18 PM","HRJ OVPC3494-1 TK4 SMG MBL ALACENA COC HORNO 1 GAVETA 2 PUERTAS","F","REF TRAS","833.6","80",,"2",,"0",,,,"0.45","15",,"0","LxL{-30}LyL",,"55944","C","C","1","Caja"
"11/7/2025 4:18 PM","HRJ OVPC3494-1 TK4 SMG MBL ALACENA COC HORNO 1 GAVETA 2 PUERTAS","E","REF TRAS","833.6","80",,"2",,"0",,,,"0.45","15",,"0","LxL{-30}LyL",,"55943","C","C","1","Caja"
"11/7/2025 4:18 PM","HRJ OVPC3494-1 TK4 SMG MBL ALACENA COC HORNO 1 GAVETA 2 PUERTAS","D","LAT DER","2,280","609.6",,"2","2",,,,,"0.45","15",,"0","LxA{-107,6}AyL AxP{0}PyA",,"55942","C","C","1","Caja"
"11/7/2025 4:18 PM","HRJ OVPC3494-1 TK4 SMG MBL ALACENA COC HORNO 1 GAVETA 2 PUERTAS","C","LAT DER","2,280","609.6",,"2","2",,,,,"0.45","15",,"0","LxA{-107,6}AyL AxP{0}PyA",,"55941","C","C","1","Caja"
"11/7/2025 4:18 PM","HRJ OVPC3494-1 TK4 SMG MBL ALACENA COC HORNO 1 GAVETA 2 PUERTAS","B","TAPA","833.6","585.6",,"2",,,,,,"0.45","15",,"0","LxL{-30}LyL AxP{-24}PyA",,"55940","C","C","1","Caja"
"11/7/2025 4:18 PM","HRJ OVPC3494-1 TK4 SMG MBL ALACENA COC HORNO 1 GAVETA 2 PUERTAS","A","BASE","833.6","585.6",,"2",,,,,,"0.45","15",,"0","LxL{-30}LyL AxP{-24}PyA",,"55939","C","C","1","Caja"
"11/7/2025 4:12 PM","PN68 2/535 2/5 PANEL MBLE","A","PANEL","900","1,732.5",,"2","2","0","0",,,"2","18",,"0","LxA{0}AyL AxP{0}PyA",,"55918","C","C","1","Frente"
"11/7/2025 4:10 PM","PN57 5/735 2/5 PANEL MBLE","A","PANEL","900","1,465.9",,"2","2","0","0",,,"2","18",,"0","LxA{0}AyL AxP{0}PyA",,"55917","C","C","1","Frente"
"11/7/2025 3:45 PM","HRJ WSM3036-15MM MBLE SUP COC 2 PUERTA 2 ENTREPAÑOS","J","DOOR","914.4","378",,"2","2",,,,,"2","15",,"0","LxA{0}AyL AxL[0,496062]LyA",,"55916","C","C","1","Frente"
"11/7/2025 3:45 PM","HRJ WSM3036-15MM MBLE SUP COC 2 PUERTA 2 ENTREPAÑOS","K","BACKING","873","746",,"0","0","0","0",,,"0","6",,"0","LxA{-41,4}AyL AxL{-16}LyA",,"55915","F","X","1",
"11/7/2025 3:45 PM","HRJ WSM3036-15MM MBLE SUP COC 2 PUERTA 2 ENTREPAÑOS","I","DOOR ","914.4","378",,"2","2","0","0",,,"2","15",,"0","LxA{0}AyL AxL[0,496062]LyA",,"55914","C","C","1","Frente"
"11/7/2025 3:45 PM","HRJ WSM3036-15MM MBLE SUP COC 2 PUERTA 2 ENTREPAÑOS","H","SHELF 2","731","266.7",,"0","0","2","2",,,"0.45","15",,"0","LxL{-31}LyL",,"55913","B","C","1","Caja"
"11/7/2025 3:45 PM","HRJ WSM3036-15MM MBLE SUP COC 2 PUERTA 2 ENTREPAÑOS","G","SHELF 1","731","266.7",,"0","0","2","2",,,"0.45","15",,"0","LxL{-31}LyL",,"55912","B","C","1","Caja"
"11/7/2025 3:45 PM","HRJ WSM3036-15MM MBLE SUP COC 2 PUERTA 2 ENTREPAÑOS","F","RAIL TRASERO","732","80",,"0","0","2","0",,,"0.45","15",,"0","LxL{-30}LyL",,"55911","B","C","1","Caja"
"11/7/2025 3:45 PM","HRJ WSM3036-15MM MBLE SUP COC 2 PUERTA 2 ENTREPAÑOS","E","RAIL TRASERO","732","80",,"0","0","2","0",,,"0.45","15",,"0","LxL{-30}LyL",,"55910","B","C","1","Caja"
"11/7/2025 3:45 PM","HRJ WSM3036-15MM MBLE SUP COC 2 PUERTA 2 ENTREPAÑOS","D","SIDE L - R16L","889","304.8",,"2","2","0","0",,,"0.45","15",,"0","LxA{-25,4}AyL AxP{0}PyA",,"55909","B","C","1","Caja"
"11/7/2025 3:45 PM","HRJ WSM3036-15MM MBLE SUP COC 2 PUERTA 2 ENTREPAÑOS","C","SIDE R - R16L","889","304.8",,"2","2","0","0",,,"0.45","15",,"0","LxA{-25,4}AyL AxP{0}PyA",,"55908","B","C","1","Caja"
"11/7/2025 3:45 PM","HRJ WSM3036-15MM MBLE SUP COC 2 PUERTA 2 ENTREPAÑOS","B","TAPA - R16L","732","304.8",,"2","0","0","0",,,"0.45","15",,"0","LxL{-30}LyL AxP{0}PyA",,"55907","B","C","1","Caja"
"11/7/2025 3:45 PM","HRJ WSM3036-15MM MBLE SUP COC 2 PUERTA 2 ENTREPAÑOS","A","BASE - R16L","732","304.8",,"2","0","0","0",,,"0.45","15",,"0","LxL{-30}LyL AxP{0}PyA",,"55906","B","C","1","Caja"
"11/7/2025 3:42 PM","HRJ OW2436 MBLE SUP COC 2 ENTREPAÑOS","I","BACKING","898.4","593.6",,"0","0","0","0",,,"0","6",,"0","LxA{-16}AyL AxL{-16}LyA",,"55905","F","X","1",
"11/7/2025 3:42 PM","HRJ OW2436 MBLE SUP COC 2 ENTREPAÑOS","H","SHELF 2","578.6","266.7",,"0","0","2","2",,,"0.45","15",,"0","LxL{-31}LyL",,"55904","P","P","1","Caja"
"11/7/2025 3:42 PM","HRJ OW2436 MBLE SUP COC 2 ENTREPAÑOS","G","SHELF 1","578.6","266.7",,"0","0","2","2",,,"0.45","15",,"0","LxL{-31}LyL",,"55903","P","C","1","Caja"
"11/7/2025 3:42 PM","HRJ OW2436 MBLE SUP COC 2 ENTREPAÑOS","F","RAIL TRASERO","579.6","80",,"0","0","2","0",,,"0.45","15",,"0","LxL{-30}LyL",,"55902","P","P","1","Caja"
"11/7/2025 3:42 PM","HRJ OW2436 MBLE SUP COC 2 ENTREPAÑOS","E","RAIL TRASERO","579.6","80",,"0","0","2","0",,,"0.45","15",,"0","LxL{-30}LyL",,"55901","P","P","1","Caja"
"11/7/2025 3:42 PM","HRJ OW2436 MBLE SUP COC 2 ENTREPAÑOS","D","SIDE L - R16L","914.4","304.8",,"2","2","0","0",,,"0.45","15",,"0","LxA{0}AyL AxP{0}PyA",,"55900","B","C","1","Caja"
"11/7/2025 3:42 PM","HRJ OW2436 MBLE SUP COC 2 ENTREPAÑOS","C","SIDE R - R16L","914.4","304.8",,"2","2","0","0",,,"0.45","15",,"0","LxA{0}AyL AxP{0}PyA",,"55899","B","C","1","Caja"
"11/7/2025 3:42 PM","HRJ OW2436 MBLE SUP COC 2 ENTREPAÑOS","B","TAPA - R16L","579.6","304.8",,"2","0","0","0",,,"0.45","15",,"0","LxL{-30}LyL AxP{0}PyA",,"55898","B","C","1","Caja"
"11/7/2025 3:42 PM","HRJ OW2436 MBLE SUP COC 2 ENTREPAÑOS","A","BASE - R16L","579.6","304.8",,"2","0","0","0",,,"0.45","15",,"0","LxL{-30}LyL AxP{0}PyA",,"55897","B","C","1","Caja"
"11/7/2025 3:34 PM","HRJ OW33 7/836 MBLE SUP COC 2 ENTREPAÑOS","H","SHELF 2","829.43","266.7",,"0","0","2","2",,,"0.45","15",,"0","LxL{-31}LyL",,"55895","P","P","1",
"11/7/2025 3:34 PM","HRJ OW33 7/836 MBLE SUP COC 2 ENTREPAÑOS","I","BACKING","898.4","844.43",,"0","0","0","0",,,"0","6",,"0","LxA{-16}AyL AxL{-16}LyA",,"55896","F","X","1",
"11/7/2025 3:34 PM","HRJ OW33 7/836 MBLE SUP COC 2 ENTREPAÑOS","G","SHELF 1","829.43","266.7",,"0","0","2","2",,,"0.45","15",,"0","LxL{-31}LyL",,"55894","P","C","1",
"11/7/2025 3:34 PM","HRJ OW33 7/836 MBLE SUP COC 2 ENTREPAÑOS","F","RAIL TRASERO","830.43","80",,"0","0","2","0",,,"0.45","15",,"0","LxL{-30}LyL",,"55893","P","P","1",
"11/7/2025 3:34 PM","HRJ OW33 7/836 MBLE SUP COC 2 ENTREPAÑOS","E","RAIL TRASERO","830.43","80",,"0","0","2","0",,,"0.45","15",,"0","LxL{-30}LyL",,"55892","P","P","1",
"11/7/2025 3:34 PM","HRJ OW33 7/836 MBLE SUP COC 2 ENTREPAÑOS","D","SIDE L - R16L","914.4","304.8",,"2","2","0","0",,,"0.45","15",,"0","LxA{0}AyL AxP{0}PyA",,"55891","B","C","1",
"11/7/2025 3:34 PM","HRJ OW33 7/836 MBLE SUP COC 2 ENTREPAÑOS","C","SIDE R - R16L","914.4","304.8",,"2","2","0","0",,,"0.45","15",,"0","LxA{0}AyL AxP{0}PyA",,"55890","B","C","1",
"11/7/2025 3:34 PM","HRJ OW33 7/836 MBLE SUP COC 2 ENTREPAÑOS","B","TAPA - R16L","830.43","304.8",,"2","0","0","0",,,"0.45","15",,"0","LxL{-30}LyL AxP{0}PyA",,"55889","B","C","1",
"11/7/2025 3:34 PM","HRJ OW33 7/836 MBLE SUP COC 2 ENTREPAÑOS","A","BASE - R16L","830.43","304.8",,"2","0","0","0",,,"0.45","15",,"0","LxL{-30}LyL AxP{0}PyA",,"55888","B","C","1",
"11/7/2025 2:57 PM","PN68 2/534 PANEL MBLE","A","PANEL","888","1,732.5",,"2","2","0","0",,,"2","18",,"0","LxA{0}AyL AxP{0}PyA",,"55878","C","C","1","Frente"
"11/7/2025 2:56 PM","PN57 5/734 PANEL MBLE","A","PANEL","888","1,465.9",,"2","2","0","0",,,"2","18",,"0","LxA{0}AyL AxP{0}PyA",,"55877","C","C","1","Frente"
"11/7/2025 2:50 PM","HRJ PC1894 TK4-R SMG MBL DER ALACENA COC 2 PUERTAS 5 ENTREPAÑOS","O","BACKING","2,284","441.2",,,,,,,,"0","6",,"0","LxA{-103,6}AyL AxL{-16}LyA",,"55876","F","X","1",
"11/7/2025 2:50 PM","HRJ PC1894 TK4-R SMG MBL DER ALACENA COC 2 PUERTAS 5 ENTREPAÑOS","N","DOOR LOW","1,334","454",,"2","2",,,,,"1","18",,"0"," AxL{-3,2}LyA",,"55875","C","C","1","Frente"
"11/7/2025 2:50 PM","HRJ PC1894 TK4-R SMG MBL DER ALACENA COC 2 PUERTAS 5 ENTREPAÑOS","M","DOOR UP","914.4","454",,"2","2",,,,,"1","18",,"0","AxL{-3,2}LyA",,"55874","C","C","1","Frente"
"11/7/2025 2:50 PM","HRJ PC1894 TK4-R SMG MBL DER ALACENA COC 2 PUERTAS 5 ENTREPAÑOS","L","SHELF4","426.2","570.5",,,,"2","2",,,"0.45","15",,"0","LxL{-31}LyL",,"55873","C","C","1","Caja"
"11/7/2025 2:50 PM","HRJ PC1894 TK4-R SMG MBL DER ALACENA COC 2 PUERTAS 5 ENTREPAÑOS","K","SHELF3","426.2","570.5",,,,"2","2",,,"0.45","15",,"0","LxL{-31}LyL",,"55872","C","C","1","Caja"
"11/7/2025 2:50 PM","HRJ PC1894 TK4-R SMG MBL DER ALACENA COC 2 PUERTAS 5 ENTREPAÑOS","J","SHELF2","426.2","570.5",,,,"2","2",,,"0.45","15",,"0","LxL{-31}LyL",,"55871","C","C","1","Caja"
"11/7/2025 2:50 PM","HRJ PC1894 TK4-R SMG MBL DER ALACENA COC 2 PUERTAS 5 ENTREPAÑOS","I","SHELF1","426.2","570.5",,,,"2","2",,,"0.45","15",,"0","LxL{-31}LyL",,"55870","C","C","1","Caja"
"11/7/2025 2:50 PM","HRJ PC1894 TK4-R SMG MBL DER ALACENA COC 2 PUERTAS 5 ENTREPAÑOS","H","SHELF0","427.2","585.6",,,,"2",,,,"0.45","15",,"0","LxL{-30}LyL",,"55869","C","C","1","Caja"
"11/7/2025 2:50 PM","HRJ PC1894 TK4-R SMG MBL DER ALACENA COC 2 PUERTAS 5 ENTREPAÑOS","G","RAIL TRASERO","427.2","80",,,,"2",,,,"0.45","15",,"0","LxL{-30}LyL",,"55868","C","C","1","Caja"
"11/7/2025 2:50 PM","HRJ PC1894 TK4-R SMG MBL DER ALACENA COC 2 PUERTAS 5 ENTREPAÑOS","F","RAIL TRASERO","427.2","80",,,,"2",,,,"0.45","15",,"0","LxL{-30}LyL",,"55867","C","C","1","Caja"
"11/7/2025 2:50 PM","HRJ PC1894 TK4-R SMG MBL DER ALACENA COC 2 PUERTAS 5 ENTREPAÑOS","E","RAIL TRASERO","427.2","80",,"0",,"2",,,,"0.45","15",,"0","LxL{-30}LyL",,"55866","C","C","1","Caja"
"11/7/2025 2:50 PM","HRJ PC1894 TK4-R SMG MBL DER ALACENA COC 2 PUERTAS 5 ENTREPAÑOS","D","SIDE L","2,280","609.6",,"2","2",,,,,"0.45","15",,"0","LxA{-107,6}AyL AxP{0}PyA",,"55865","C","C","1","Caja"
"11/7/2025 2:50 PM","HRJ PC1894 TK4-R SMG MBL DER ALACENA COC 2 PUERTAS 5 ENTREPAÑOS","C","SIDE R","2,280","609.6",,"2","2",,,,,"0.45","15",,"0","LxA{-107,6}AyL AxP{0}PyA",,"55864","C","C","1","Caja"
"11/7/2025 2:50 PM","HRJ PC1894 TK4-R SMG MBL DER ALACENA COC 2 PUERTAS 5 ENTREPAÑOS","B","TAPA","427.2","585.6",,"2",,,,,,"0.45","15",,"0","LxL{-30}LyL AxP{-24}PyA",,"55863","C","C","1","Caja"
"11/7/2025 2:50 PM","HRJ PC1894 TK4-R SMG MBL DER ALACENA COC 2 PUERTAS 5 ENTREPAÑOS","A","BASE","427.2","585.6",,"2",,,,,,"0.45","15",,"0","LxL{-30}LyL AxP{-24}PyA",,"55862","C","C","1","Caja"
"11/7/2025 8:54 AM","HRJ SVFD35-S18MM MBLE INF LVP 2 PUERTAS","K","FILLER","743.6","80",,"2","2","0","0",,,"1","18",,"0","LxA{0}AyL",,"55802","B","C","1","Frente"
"11/7/2025 8:54 AM","HRJ SVFD35-S18MM MBLE INF LVP 2 PUERTAS","J","FILLER","743.6","80",,"2","2","0","0",,,"1","18",,"0","LxA{0}AyL",,"55801","C","C","1","Frente"
"11/7/2025 8:54 AM","HRJ SVFD35-S18MM MBLE INF LVP 2 PUERTAS","E","GOLA","813","80",,"2","0","0","0",,,"1","18",,"0","LxL{-76}LyL",,"55800","B","C","1","Caja"
"11/7/2025 8:54 AM","HRJ SVFD35-S18MM MBLE INF LVP 2 PUERTAS","G","RAIL TRASERO","813","80",,"0","0","2","0",,,"1","18",,"0","LxL{-76}LyL",,"55799","P","C","1","Caja"
"11/7/2025 8:54 AM","HRJ SVFD35-S18MM MBLE INF LVP 2 PUERTAS","F","RAIL TRASERO","813","80",,"0","0","2","0",,,"1","18",,"0","LxL{-76}LyL",,"55798","P","C","1","Caja"
"11/7/2025 8:54 AM","HRJ SVFD35-S18MM MBLE INF LVP 2 PUERTAS","D","RAIL DELANTERO","813","80",,"2","0","0","0",,,"1","18",,"0","LxL{-76}LyL",,"55797","B","C","1","Caja"
"11/7/2025 8:54 AM","HRJ SVFD35-S18MM MBLE INF LVP 2 PUERTAS","B","SIDE R","743.6","530",,"2","2","0","0",,,"1","18",,"0","LxA{0}AyL AxP{0}PyA",,"55796","B","C","1","Caja"
"11/7/2025 8:54 AM","HRJ SVFD35-S18MM MBLE INF LVP 2 PUERTAS","A","BASE","813","530",,"2","0","0","0",,,"1","18",,"0","LxL{-76}LyL AxP{0}PyA",,"55795","B","C","1","Caja"
"11/7/2025 8:54 AM","HRJ SVFD35-S18MM MBLE INF LVP 2 PUERTAS","I","DOOR L","708.6","421.3",,"2","2","0","0",,,"1","18",,"0","LxA{-35}AyL",,"55794","C","C","1","Frente"
"11/7/2025 8:54 AM","HRJ SVFD35-S18MM MBLE INF LVP 2 PUERTAS","H","DOOR R","708.6","421.3",,"2","2","0","0",,,"1","18",,"0","LxA{-35}AyL",,"55793","C","C","1","Frente"
"11/7/2025 8:54 AM","HRJ SVFD35-S18MM MBLE INF LVP 2 PUERTAS","C","SIDE L","743.6","530",,"2","2","0","0",,,"1","18",,"0","LxA{0}AyL AxP{0}PyA",,"55792","B","C","1","Caja"
"11/7/2025 8:46 AM","HRJ SVFD30-S18MM MBLE INF LVP 2 PUERTAS","J","FILLER","743.6","80",,"2","2","0","0",,,"1","18",,"0","LxA{0}AyL",,"55791","C","C","1","Frente"
"11/7/2025 8:46 AM","HRJ SVFD30-S18MM MBLE INF LVP 2 PUERTAS","E","GOLA","686","80",,"2","0","0","0",,,"1","18",,"0","LxL{-76}LyL",,"55790","B","C","1","Caja"
"11/7/2025 8:46 AM","HRJ SVFD30-S18MM MBLE INF LVP 2 PUERTAS","G","RAIL TRASERO","686","80",,"0","0","2","0",,,"1","18",,"0","LxL{-76}LyL",,"55789","P","C","1","Caja"
"11/7/2025 8:46 AM","HRJ SVFD30-S18MM MBLE INF LVP 2 PUERTAS","F","RAIL TRASERO","686","80",,"0","0","2","0",,,"1","18",,"0","LxL{-76}LyL",,"55788","P","C","1","Caja"
"11/7/2025 8:46 AM","HRJ SVFD30-S18MM MBLE INF LVP 2 PUERTAS","D","RAIL DELANTERO","686","80",,"2","0","0","0",,,"1","18",,"0","LxL{-76}LyL",,"55787","B","C","1","Caja"
"11/7/2025 8:46 AM","HRJ SVFD30-S18MM MBLE INF LVP 2 PUERTAS","B","SIDE R","743.6","530",,"2","2","0","0",,,"1","18",,"0","LxA{0}AyL AxP{0}PyA",,"55786","B","C","1","Caja"
"11/7/2025 8:46 AM","HRJ SVFD30-S18MM MBLE INF LVP 2 PUERTAS","A","BASE","686","530",,"2","0","0","0",,,"1","18",,"0","LxL{-76}LyL AxP{0}PyA",,"55785","B","C","1","Caja"
"11/7/2025 8:46 AM","HRJ SVFD30-S18MM MBLE INF LVP 2 PUERTAS","I","DOOR L","708.6","357.8",,"2","2","0","0",,,"1","18",,"0","LxA{-35}AyL",,"55784","C","C","1","Frente"
"11/7/2025 8:46 AM","HRJ SVFD30-S18MM MBLE INF LVP 2 PUERTAS","H","DOOR R","708.6","357.8",,"2","2","0","0",,,"1","18",,"0","LxA{-35}AyL",,"55783","C","C","1","Frente"
"11/7/2025 8:46 AM","HRJ SVFD30-S18MM MBLE INF LVP 2 PUERTAS","C","SIDE L","743.6","530",,"2","2","0","0",,,"1","18",,"0","LxA{0}AyL AxP{0}PyA",,"55782","B","C","1","Caja"
"11/5/2025 2:23 PM","HRJ CLV7024050 3E-2C Closet 2 Cajones -3 Entrepaños","F","Ref Inf","664","80",,"2","0","0","0",,,"1","18",,"0","LxL{-36}LyL",,"55741","P","P","1","Caja"
"11/5/2025 2:23 PM","HRJ CLV7024050 3E-2C Closet 2 Cajones -3 Entrepaños","W","Parche Cajon Inf","657.6","180.2",,"2","2","0","0",,,"1","18",,"0","LxL{-42,4}LyL",,"55740","C","C","1","Frente"
"11/5/2025 2:23 PM","HRJ CLV7024050 3E-2C Closet 2 Cajones -3 Entrepaños","V","Parche Cajon Sup","657.6","180.2",,"2","2","0","0",,,"1","18",,"0","LxL{-42,4}LyL",,"55739","C","C","1","Frente"
"11/5/2025 2:23 PM","HRJ CLV7024050 3E-2C Closet 2 Cajones -3 Entrepaños","U","Fondo Cajon Inf","616","439",,"0","0","0","0",,,"0","6",,"0","LxL{-84}LyL",,"55738","X","X","1",
"11/5/2025 2:23 PM","HRJ CLV7024050 3E-2C Closet 2 Cajones -3 Entrepaños","T","Fondo Cajon Sup","616","439",,"0","0","0","0",,,"0","6",,"0","LxL{-84}LyL",,"55737","X","X","1",
"11/5/2025 2:23 PM","HRJ CLV7024050 3E-2C Closet 2 Cajones -3 Entrepaños","S","Contraparche Inf R13Largo","601","152.4",,"2","0","0","0",,,"1","18",,"0","LxL{-99}LyL",,"55736","C","C","1","Caja"
"11/5/2025 2:23 PM","HRJ CLV7024050 3E-2C Closet 2 Cajones -3 Entrepaños","R","Contraparch Sup R13Largo","601","152.4",,"2","0","0","0",,,"1","18",,"0","LxL{-99}LyL",,"55735","C","C","1","Caja"
"11/5/2025 2:23 PM","HRJ CLV7024050 3E-2C Closet 2 Cajones -3 Entrepaños","P","Lat Izq Cajon Sup R13L","450","152.4",,"2","2","0","0",,,"1","18",,"0",,,"55734","C","C","1","Caja"
"11/5/2025 2:23 PM","HRJ CLV7024050 3E-2C Closet 2 Cajones -3 Entrepaños","Q","Lat Izq Cajon Inf R13L","450","152.4",,"2","2","0","0",,,"1","18",,"0",,,"55733","C","C","1","Caja"
"11/5/2025 2:23 PM","HRJ CLV7024050 3E-2C Closet 2 Cajones -3 Entrepaños","O","Lat Der Cajon Inf R13L","450","152.4",,"2","2","0","0",,,"1","18",,"0",,,"55732","C","C","1","Caja"
"11/5/2025 2:23 PM","HRJ CLV7024050 3E-2C Closet 2 Cajones -3 Entrepaños","N","Lat Der Cajon Sup R13L","450","152.4",,"2","2","0","0",,,"1","18",,"0",,,"55731","C","C","1","Caja"
"11/5/2025 2:23 PM","HRJ CLV7024050 3E-2C Closet 2 Cajones -3 Entrepaños","M","Trasero Cajón Inf","601","132.4",,"2","0","0","0",,,"1","18",,"0","LxL{-99}LyL",,"55730","C","C","1","Caja"
"11/5/2025 2:23 PM","HRJ CLV7024050 3E-2C Closet 2 Cajones -3 Entrepaños","L","Trasero Cajón Sup","601","132.4",,"2","0","0","0",,,"1","18",,"0","LxL{-99}LyL",,"55729","C","C","1","Caja"
"11/5/2025 2:23 PM","HRJ CLV7024050 3E-2C Closet 2 Cajones -3 Entrepaños","K","Entrepaño Tapa","664","500",,"2","0","0","0",,,"1","18",,"0","LxL{-36}LyL AxP{-0}PyA",,"55728","C","C","1","Caja"
"11/5/2025 2:23 PM","HRJ CLV7024050 3E-2C Closet 2 Cajones -3 Entrepaños","J","Entrepaño Base","664","500",,"2","0","0","0",,,"1","18",,"0","LxL{-36}LyL AxP{-0}PyA",,"55727","C","C","1","Caja"
"11/5/2025 2:23 PM","HRJ CLV7024050 3E-2C Closet 2 Cajones -3 Entrepaños","I","Entrepaño","664","500",,"2","2","0","0",,,"1","18",,"0","LxL{-36}LyL AxP{-0}PyA",,"55726","C","C","1","Caja"
"11/5/2025 2:23 PM","HRJ CLV7024050 3E-2C Closet 2 Cajones -3 Entrepaños","H","Entrepaño","664","500",,"2","2","0","0",,,"1","18",,"0","LxL{-36}LyL AxP{-0}PyA",,"55725","C","C","1","Caja"
"11/5/2025 2:23 PM","HRJ CLV7024050 3E-2C Closet 2 Cajones -3 Entrepaños","C","Lat Der","2,400","500",,"2","2","0","0",,,"1","18",,"0","LxA{0}AyL AxP{-0}PyA",,"55724","C","C","1","Caja"
"11/5/2025 2:23 PM","HRJ CLV7024050 3E-2C Closet 2 Cajones -3 Entrepaños","Y","Zocalo Tra","664","70",,"2","0","0","0",,,"1","18",,"0","LxL{-36}LyL",,"55723","C","C","1","Caja"
"11/5/2025 2:23 PM","HRJ CLV7024050 3E-2C Closet 2 Cajones -3 Entrepaños","X","Zocalo Front","664","70",,"2","0","0","0",,,"1","18",,"0","LxL{-36}LyL",,"55722","C","C","1","Frente"
"11/5/2025 2:23 PM","HRJ CLV7024050 3E-2C Closet 2 Cajones -3 Entrepaños","B","Tapa","664","500",,"2","0","0","0",,,"1","18",,"0","LxL{-36}LyL AxP{-0}PyA",,"55721","C","C","1","Caja"
"11/5/2025 2:23 PM","HRJ CLV7024050 3E-2C Closet 2 Cajones -3 Entrepaños","G","Entrepaño Fijo","664","500",,"2","0","0","0",,,"1","18",,"0","LxL{-36}LyL AxP{-0}PyA",,"55720","C","C","1","Caja"
"11/5/2025 2:23 PM","HRJ CLV7024050 3E-2C Closet 2 Cajones -3 Entrepaños","D","Lat Izq","2,400","500",,"2","2","0","0",,,"1","18",,"0","LxA{0}AyL AxP{-0}PyA",,"55719","C","C","1","Caja"
"11/5/2025 2:23 PM","HRJ CLV7024050 3E-2C Closet 2 Cajones -3 Entrepaños","A","Base","664","500",,"2","0","0","0",,,"1","18",,"0","LxL{-36}LyL AxP{-0}PyA",,"55718","C","C","1","Caja"
"11/5/2025 2:23 PM","HRJ CLV7024050 3E-2C Closet 2 Cajones -3 Entrepaños","E","Ref Sup","664","80",,"2","0","0","0",,,"1","18",,"0","LxL{-36}LyL",,"55717","P","P","1","Caja"
"11/5/2025 11:53 AM","HRJ DB18-2s-S18MM MBLE INF COC 3 GAVETAS 2 PEQUEÑAS","F","RAIL DELANTERO","421.2","80",,"2",,,,,,"1","18",,"0","LxL{-36}LyL",,"55691","B","C","1","Caja"
"11/5/2025 11:53 AM","HRJ DB18-2s-S18MM MBLE INF COC 3 GAVETAS 2 PEQUEÑAS","E","RAIL DELANTERO","421.2","80",,"2",,,,,,"1","18",,"0","LxL{-36}LyL",,"55690","B","C","1","Caja"
"11/5/2025 11:53 AM","HRJ DB18-2s-S18MM MBLE INF COC 3 GAVETAS 2 PEQUEÑAS","R","BACKING","760","435.2",,"0","0","0","0",,,"0","6",,"0","LxA{-2}AyL AxL{-22}LyA",,"55689","F","X","1",
"11/5/2025 11:53 AM","HRJ DB18-2s-S18MM MBLE INF COC 3 GAVETAS 2 PEQUEÑAS","Q","FRENTE GAVETA INF","377.8","454",,"2","2","0","0",,,"1","18",,"0","AxL{-3,2}LyA",,"55688","C","C","1","Frente"
"11/5/2025 11:53 AM","HRJ DB18-2s-S18MM MBLE INF COC 3 GAVETAS 2 PEQUEÑAS","P","FRENTE GAVETA CENTRAL","187.3","454",,"2","2","0","0",,,"1","18",,"0","AxL{-3,2}LyA",,"55687","C","C","1","Frente"
"11/5/2025 11:53 AM","HRJ DB18-2s-S18MM MBLE INF COC 3 GAVETAS 2 PEQUEÑAS","O","FRENTE GAVETA SUP","187.3","454",,"2","2","0","0",,,"1","18",,"0","AxL{-3,2}LyA",,"55686","C","C","1","Frente"
"11/5/2025 11:53 AM","HRJ DB18-2s-S18MM MBLE INF COC 3 GAVETAS 2 PEQUEÑAS","K","TRASERO CAJON INF","334.2","183",,"0","0","1","2",,,"0.45","15",,"0","LxL{-123}LyL",,"55685","B","C","1","Caja"
"11/5/2025 11:53 AM","HRJ DB18-2s-S18MM MBLE INF COC 3 GAVETAS 2 PEQUEÑAS","I","TRASERO CAJON CENTRAL","334.2","68",,"0","0","1","0",,,"0.45","15",,"0","LxL{-123}LyL",,"55684","B","C","1","Caja"
"11/5/2025 11:53 AM","HRJ DB18-2s-S18MM MBLE INF COC 3 GAVETAS 2 PEQUEÑAS","J","TRASERO CAJON SUP","334.2","68",,"0","0","1","0",,,"0.45","15",,"0","LxL{-123}LyL",,"55683","B","C","1","Caja"
"11/5/2025 11:53 AM","HRJ DB18-2s-S18MM MBLE INF COC 3 GAVETAS 2 PEQUEÑAS","N","FONDO GAVETA INF","346.2","492",,"0","0","2","0",,,"0.45","15",,"0","LxL{-111}LyL",,"55682","B","C","1","Caja"
"11/5/2025 11:53 AM","HRJ DB18-2s-S18MM MBLE INF COC 3 GAVETAS 2 PEQUEÑAS","L","FONDO GAVETA CENTRAL","346.2","492",,"0","0","2","0",,,"0.45","15",,"0","LxL{-111}LyL",,"55681","B","C","1","Caja"
"11/5/2025 11:53 AM","HRJ DB18-2s-S18MM MBLE INF COC 3 GAVETAS 2 PEQUEÑAS","M","FONDO GAVETA SUP","346.2","492",,"0","0","2","0",,,"0.45","15",,"0","LxL{-111}LyL",,"55680","B","C","1","Caja"
"11/5/2025 11:53 AM","HRJ DB18-2s-S18MM MBLE INF COC 3 GAVETAS 2 PEQUEÑAS","H","RAIL TRASERO","421.2","80",,"0","0","2","0",,,"1","18",,"0","LxL{-36}LyL",,"55679","B","C","1","Caja"
"11/5/2025 11:53 AM","HRJ DB18-2s-S18MM MBLE INF COC 3 GAVETAS 2 PEQUEÑAS","G","RAIL TRASERO","421.2","80",,"0","0","2","0",,,"1","18",,"0","LxL{-36}LyL",,"55678","B","C","1","Caja"
"11/5/2025 11:53 AM","HRJ DB18-2s-S18MM MBLE INF COC 3 GAVETAS 2 PEQUEÑAS","D","RAIL DELANTERO","421.2","80",,"2","0","0","0",,,"1","18",,"0","LxL{-36}LyL",,"55677","B","C","1","Caja"
"11/5/2025 11:53 AM","HRJ DB18-2s-S18MM MBLE INF COC 3 GAVETAS 2 PEQUEÑAS","C","SIDE L - R19L","762","609.6",,"2","2","0","0",,,"1","18",,"0","LxA{0}AyL AxP{0}PyA",,"55676","B","C","1","Caja"
"11/5/2025 11:53 AM","HRJ DB18-2s-S18MM MBLE INF COC 3 GAVETAS 2 PEQUEÑAS","B","SIDE R - R19L","762","609.6",,"2","2","0","0",,,"1","18",,"0","LxA{0}AyL AxP{0}PyA",,"55675","B","C","1","Caja"
"11/5/2025 11:53 AM","HRJ DB18-2s-S18MM MBLE INF COC 3 GAVETAS 2 PEQUEÑAS","A","BASE","421.2","583.6",,"2","0","0","0",,,"1","18",,"0","LxL{-36}LyL AxP{-26}PyA",,"55674","B","C","1","Caja"
"11/4/2025 5:45 PM","HRJ WSM1936-L-15MM MBLE SUP IZQ COC 1 PUERTA 2 ENTREPAÑOS","J","BACKING","873","466.6",,"0","0","0","0",,,"0","6",,"0","LxA{-41,4}AyL AxL{-16}LyA",,"55673","F","X","1",
"11/4/2025 5:45 PM","HRJ WSM1936-L-15MM MBLE SUP IZQ COC 1 PUERTA 2 ENTREPAÑOS","I","DOOR ","914.4","479.4",,"2","2","0","0",,,"2","15",,"0","LxA{0}AyL AxL{-3,2}LyA",,"55672","C","C","1","Frente"
"11/4/2025 5:45 PM","HRJ WSM1936-L-15MM MBLE SUP IZQ COC 1 PUERTA 2 ENTREPAÑOS","H","SHELF 2","451.6","266.7",,"0","0","2","2",,,"0.45","15",,"0","LxL{-31}LyL",,"55671","B","C","1","Caja"
"11/4/2025 5:45 PM","HRJ WSM1936-L-15MM MBLE SUP IZQ COC 1 PUERTA 2 ENTREPAÑOS","G","SHELF 1","451.6","266.7",,"0","0","2","2",,,"0.45","15",,"0","LxL{-31}LyL",,"55670","B","C","1","Caja"
"11/4/2025 5:45 PM","HRJ WSM1936-L-15MM MBLE SUP IZQ COC 1 PUERTA 2 ENTREPAÑOS","F","RAIL TRASERO","452.6","80",,"0","0","2","0",,,"0.45","15",,"0","LxL{-30}LyL",,"55669","B","C","1","Caja"
"11/4/2025 5:45 PM","HRJ WSM1936-L-15MM MBLE SUP IZQ COC 1 PUERTA 2 ENTREPAÑOS","E","RAIL TRASERO","452.6","80",,"0","0","2","0",,,"0.45","15",,"0","LxL{-30}LyL",,"55668","B","C","1","Caja"
"11/4/2025 5:45 PM","HRJ WSM1936-L-15MM MBLE SUP IZQ COC 1 PUERTA 2 ENTREPAÑOS","D","SIDE L - R16L","889","304.8",,"2","2","0","0",,,"0.45","15",,"0","LxA{-25,4}AyL AxP{0}PyA",,"55667","B","C","1","Caja"
"11/4/2025 5:45 PM","HRJ WSM1936-L-15MM MBLE SUP IZQ COC 1 PUERTA 2 ENTREPAÑOS","C","SIDE R - R16L","889","304.8",,"2","2","0","0",,,"0.45","15",,"0","LxA{-25,4}AyL AxP{0}PyA",,"55666","B","C","1","Caja"
"11/4/2025 5:45 PM","HRJ WSM1936-L-15MM MBLE SUP IZQ COC 1 PUERTA 2 ENTREPAÑOS","B","TAPA - R16L","452.6","304.8",,"2","0","0","0",,,"0.45","15",,"0","LxL{-30}LyL AxP{0}PyA",,"55665","B","C","1","Caja"
"11/4/2025 5:45 PM","HRJ WSM1936-L-15MM MBLE SUP IZQ COC 1 PUERTA 2 ENTREPAÑOS","A","BASE - R16L","452.6","304.8",,"2","0","0","0",,,"0.45","15",,"0","LxL{-30}LyL AxP{0}PyA",,"55664","B","C","1","Caja"
"11/4/2025 5:42 PM","HRJ OW3236 15MM MBLE SUP COC 2 PUERTA 2 ENTREPAÑOS","K","BACKING","898.4","796.8",,"0","0","0","0",,,"0","6",,"0","LxA{-16}AyL AxL{-16}LyA",,"55663","F","X","1",
"11/4/2025 5:42 PM","HRJ OW3236 15MM MBLE SUP COC 2 PUERTA 2 ENTREPAÑOS","H","SHELF 2","781.8","266.7",,"0","0","2","2",,,"0.45","15",,"0","LxL{-31}LyL",,"55662","B","C","1","Caja"
"11/4/2025 5:42 PM","HRJ OW3236 15MM MBLE SUP COC 2 PUERTA 2 ENTREPAÑOS","G","SHELF 1","781.8","266.7",,"0","0","2","2",,,"0.45","15",,"0","LxL{-31}LyL",,"55661","B","C","1","Caja"
"11/4/2025 5:42 PM","HRJ OW3236 15MM MBLE SUP COC 2 PUERTA 2 ENTREPAÑOS","F","RAIL TRASERO","782.8","80",,"0","0","2","0",,,"0.45","15",,"0","LxL{-30}LyL",,"55660","B","C","1","Caja"
"11/4/2025 5:42 PM","HRJ OW3236 15MM MBLE SUP COC 2 PUERTA 2 ENTREPAÑOS","E","RAIL TRASERO","782.8","80",,"0","0","2","0",,,"0.45","15",,"0","LxL{-30}LyL",,"55659","B","C","1","Caja"
"11/4/2025 5:42 PM","HRJ OW3236 15MM MBLE SUP COC 2 PUERTA 2 ENTREPAÑOS","D","SIDE L - R16L","914.4","304.8",,"2","2","0","0",,,"0.45","15",,"0","LxA{0}AyL AxP{0}PyA",,"55658","B","C","1","Caja"
"11/4/2025 5:42 PM","HRJ OW3236 15MM MBLE SUP COC 2 PUERTA 2 ENTREPAÑOS","C","SIDE R - R16L","914.4","304.8",,"2","2","0","0",,,"0.45","15",,"0","LxA{0}AyL AxP{0}PyA",,"55657","B","C","1","Caja"
"11/4/2025 5:42 PM","HRJ OW3236 15MM MBLE SUP COC 2 PUERTA 2 ENTREPAÑOS","B","TAPA - R16L","782.8","304.8",,"2","0","0","0",,,"0.45","15",,"0","LxL{-30}LyL AxP{0}PyA",,"55656","B","C","1","Caja"
"11/4/2025 5:42 PM","HRJ OW3236 15MM MBLE SUP COC 2 PUERTA 2 ENTREPAÑOS","A","BASE - R16L","782.8","304.8",,"2","0","0","0",,,"0.45","15",,"0","LxL{-30}LyL AxP{0}PyA",,"55655","B","C","1","Caja"
"11/4/2025 5:40 PM","HRJ WSM2636-15MM MBLE SUP COC 2 PUERTA 2 ENTREPAÑOS","J","DOOR","914.4","327",,"2","2",,,,,"2","15",,"0","LxA{0}AyL AxL[0,495154]LyA",,"55654","C","C","1","Frente"
"11/4/2025 5:40 PM","HRJ WSM2636-15MM MBLE SUP COC 2 PUERTA 2 ENTREPAÑOS","K","BACKING","873","644.4",,"0","0","0","0",,,"0","6",,"0","LxA{-41,4}AyL AxL{-16}LyA",,"55653","F","X","1",
"11/4/2025 5:40 PM","HRJ WSM2636-15MM MBLE SUP COC 2 PUERTA 2 ENTREPAÑOS","H","SHELF 2","629.4","266.7",,"0","0","2","2",,,"0.45","15",,"0","LxL{-31}LyL",,"55651","B","C","1","Caja"
"11/4/2025 5:40 PM","HRJ WSM2636-15MM MBLE SUP COC 2 PUERTA 2 ENTREPAÑOS","I","DOOR ","914.4","327",,"2","2","0","0",,,"2","15",,"0","LxA{0}AyL AxL[0,495154]LyA",,"55652","C","C","1","Frente"
"11/4/2025 5:40 PM","HRJ WSM2636-15MM MBLE SUP COC 2 PUERTA 2 ENTREPAÑOS","G","SHELF 1","629.4","266.7",,"0","0","2","2",,,"0.45","15",,"0","LxL{-31}LyL",,"55650","B","C","1","Caja"
"11/4/2025 5:40 PM","HRJ WSM2636-15MM MBLE SUP COC 2 PUERTA 2 ENTREPAÑOS","F","RAIL TRASERO","630.4","80",,"0","0","2","0",,,"0.45","15",,"0","LxL{-30}LyL",,"55649","B","C","1","Caja"
"11/4/2025 5:40 PM","HRJ WSM2636-15MM MBLE SUP COC 2 PUERTA 2 ENTREPAÑOS","E","RAIL TRASERO","630.4","80",,"0","0","2","0",,,"0.45","15",,"0","LxL{-30}LyL",,"55648","B","C","1","Caja"
"11/4/2025 5:40 PM","HRJ WSM2636-15MM MBLE SUP COC 2 PUERTA 2 ENTREPAÑOS","D","SIDE L - R16L","889","304.8",,"2","2","0","0",,,"0.45","15",,"0","LxA{-25,4}AyL AxP{0}PyA",,"55647","B","C","1","Caja"
"11/4/2025 5:40 PM","HRJ WSM2636-15MM MBLE SUP COC 2 PUERTA 2 ENTREPAÑOS","C","SIDE R - R16L","889","304.8",,"2","2","0","0",,,"0.45","15",,"0","LxA{-25,4}AyL AxP{0}PyA",,"55646","B","C","1","Caja"
"11/4/2025 5:40 PM","HRJ WSM2636-15MM MBLE SUP COC 2 PUERTA 2 ENTREPAÑOS","B","TAPA - R16L","630.4","304.8",,"2","0","0","0",,,"0.45","15",,"0","LxL{-30}LyL AxP{0}PyA",,"55645","B","C","1","Caja"
"11/4/2025 5:40 PM","HRJ WSM2636-15MM MBLE SUP COC 2 PUERTA 2 ENTREPAÑOS","A","BASE - R16L","630.4","304.8",,"2","0","0","0",,,"0.45","15",,"0","LxL{-30}LyL AxP{0}PyA",,"55644","B","C","1","Caja"
"11/4/2025 5:35 PM","HRJ WSM3236-15MM MBLE SUP COC 2 PUERTA 2 ENTREPAÑOS","J","DOOR","914.4","403.2",,"2","2",,,,,"2","15",,"0","LxA{0}AyL AxL[0,496062]LyA",,"55643","C","C","1","Frente"
"11/4/2025 5:35 PM","HRJ WSM3236-15MM MBLE SUP COC 2 PUERTA 2 ENTREPAÑOS","K","BACKING","873","796.8",,"0","0","0","0",,,"0","6",,"0","LxA{-41,4}AyL AxL{-16}LyA",,"55642","F","X","1",
"11/4/2025 5:35 PM","HRJ WSM3236-15MM MBLE SUP COC 2 PUERTA 2 ENTREPAÑOS","I","DOOR ","914.4","403.2",,"2","2","0","0",,,"2","15",,"0","LxA{0}AyL AxL[0,496062]LyA",,"55641","C","C","1","Frente"
"11/4/2025 5:35 PM","HRJ WSM3236-15MM MBLE SUP COC 2 PUERTA 2 ENTREPAÑOS","H","SHELF 2","781.8","266.7",,"0","0","2","2",,,"0.45","15",,"0","LxL{-31}LyL",,"55640","B","C","1","Caja"
"11/4/2025 5:35 PM","HRJ WSM3236-15MM MBLE SUP COC 2 PUERTA 2 ENTREPAÑOS","G","SHELF 1","781.8","266.7",,"0","0","2","2",,,"0.45","15",,"0","LxL{-31}LyL",,"55639","B","C","1","Caja"
"11/4/2025 5:35 PM","HRJ WSM3236-15MM MBLE SUP COC 2 PUERTA 2 ENTREPAÑOS","F","RAIL TRASERO","782.8","80",,"0","0","2","0",,,"0.45","15",,"0","LxL{-30}LyL",,"55638","B","C","1","Caja"
"11/4/2025 5:35 PM","HRJ WSM3236-15MM MBLE SUP COC 2 PUERTA 2 ENTREPAÑOS","E","RAIL TRASERO","782.8","80",,"0","0","2","0",,,"0.45","15",,"0","LxL{-30}LyL",,"55637","B","C","1","Caja"
"11/4/2025 5:35 PM","HRJ WSM3236-15MM MBLE SUP COC 2 PUERTA 2 ENTREPAÑOS","D","SIDE L - R16L","889","304.8",,"2","2","0","0",,,"0.45","15",,"0","LxA{-25,4}AyL AxP{0}PyA",,"55636","B","C","1","Caja"
"11/4/2025 5:35 PM","HRJ WSM3236-15MM MBLE SUP COC 2 PUERTA 2 ENTREPAÑOS","C","SIDE R - R16L","889","304.8",,"2","2","0","0",,,"0.45","15",,"0","LxA{-25,4}AyL AxP{0}PyA",,"55635","B","C","1","Caja"
"11/4/2025 5:35 PM","HRJ WSM3236-15MM MBLE SUP COC 2 PUERTA 2 ENTREPAÑOS","B","TAPA - R16L","782.8","304.8",,"2","0","0","0",,,"0.45","15",,"0","LxL{-30}LyL AxP{0}PyA",,"55634","B","C","1","Caja"
"11/4/2025 5:35 PM","HRJ WSM3236-15MM MBLE SUP COC 2 PUERTA 2 ENTREPAÑOS","A","BASE - R16L","782.8","304.8",,"2","0","0","0",,,"0.45","15",,"0","LxL{-30}LyL AxP{0}PyA",,"55633","B","C","1","Caja"
"11/4/2025 5:32 PM","HRJ WSM2436-15MM MBLE SUP COC 2 PUERTA 2 ENTREPAÑOS","J","DOOR","914.4","301.6",,"2","2",,,,,"2","15",,"0","LxA{0}AyL AxL[0,494750]LyA",,"55632","C","C","1","Frente"
"11/4/2025 5:32 PM","HRJ WSM2436-15MM MBLE SUP COC 2 PUERTA 2 ENTREPAÑOS","K","BACKING","873","593.6",,"0","0","0","0",,,"0","6",,"0","LxA{-41,4}AyL AxL{-16}LyA",,"55631","F","X","1",
"11/4/2025 5:32 PM","HRJ WSM2436-15MM MBLE SUP COC 2 PUERTA 2 ENTREPAÑOS","I","DOOR ","914.4","301.6",,"2","2","0","0",,,"2","15",,"0","LxA{0}AyL AxL[0,494750]LyA",,"55630","C","C","1","Frente"
"11/4/2025 5:32 PM","HRJ WSM2436-15MM MBLE SUP COC 2 PUERTA 2 ENTREPAÑOS","H","SHELF 2","578.6","266.7",,"0","0","2","2",,,"0.45","15",,"0","LxL{-31}LyL",,"55629","B","C","1","Caja"
"11/4/2025 5:32 PM","HRJ WSM2436-15MM MBLE SUP COC 2 PUERTA 2 ENTREPAÑOS","G","SHELF 1","578.6","266.7",,"0","0","2","2",,,"0.45","15",,"0","LxL{-31}LyL",,"55628","B","C","1","Caja"
"11/4/2025 5:32 PM","HRJ WSM2436-15MM MBLE SUP COC 2 PUERTA 2 ENTREPAÑOS","F","RAIL TRASERO","579.6","80",,"0","0","2","0",,,"0.45","15",,"0","LxL{-30}LyL",,"55627","B","C","1","Caja"
"11/4/2025 5:32 PM","HRJ WSM2436-15MM MBLE SUP COC 2 PUERTA 2 ENTREPAÑOS","E","RAIL TRASERO","579.6","80",,"0","0","2","0",,,"0.45","15",,"0","LxL{-30}LyL",,"55626","B","C","1","Caja"
"11/4/2025 5:32 PM","HRJ WSM2436-15MM MBLE SUP COC 2 PUERTA 2 ENTREPAÑOS","D","SIDE L - R16L","889","304.8",,"2","2","0","0",,,"0.45","15",,"0","LxA{-25,4}AyL AxP{0}PyA",,"55625","B","C","1","Caja"
"11/4/2025 5:32 PM","HRJ WSM2436-15MM MBLE SUP COC 2 PUERTA 2 ENTREPAÑOS","C","SIDE R - R16L","889","304.8",,"2","2","0","0",,,"0.45","15",,"0","LxA{-25,4}AyL AxP{0}PyA",,"55624","B","C","1","Caja"
"11/4/2025 5:32 PM","HRJ WSM2436-15MM MBLE SUP COC 2 PUERTA 2 ENTREPAÑOS","B","TAPA - R16L","579.6","304.8",,"2","0","0","0",,,"0.45","15",,"0","LxL{-30}LyL AxP{0}PyA",,"55623","B","C","1","Caja"
"11/4/2025 5:32 PM","HRJ WSM2436-15MM MBLE SUP COC 2 PUERTA 2 ENTREPAÑOS","A","BASE - R16L","579.6","304.8",,"2","0","0","0",,,"0.45","15",,"0","LxL{-30}LyL AxP{0}PyA",,"55622","B","C","1","Caja"
"11/4/2025 5:01 PM","HRJ BFD24 SM-15MM MBLE INF COC 2 PUERTAS 1 ENTREPAÑO","G","GOLA","579.6","80",,"2","0","0","0",,,"0.45","15",,"0","LxL{-30}LyL",,"55601","B","C","1","Caja"
"11/4/2025 5:01 PM","HRJ BFD24 SM-15MM MBLE INF COC 2 PUERTAS 1 ENTREPAÑO","K","BACKING","760","593.6",,"0","0","0","0",,,"0","6",,"0","LxA{-2}AyL AxL{-16}LyA",,"55600","F","X","1",
"11/4/2025 5:01 PM","HRJ BFD24 SM-15MM MBLE INF COC 2 PUERTAS 1 ENTREPAÑO","J","DOOR L","732","301.6",,"2","2","0","0",,,"2","15",,"0","LxA{-30}AyL AxL[0,494750]LyA",,"55599","C","C","1","Frente"
"11/4/2025 5:01 PM","HRJ BFD24 SM-15MM MBLE INF COC 2 PUERTAS 1 ENTREPAÑO","I","DOOR R","732","301.6",,"2","2","0","0",,,"2","15",,"0","LxA{-30}AyL AxL[0,494750]LyA",,"55598","C","C","1","Frente"
"11/4/2025 5:01 PM","HRJ BFD24 SM-15MM MBLE INF COC 2 PUERTAS 1 ENTREPAÑO","H","SHELF 0","578.6","558.8",,"0","0","2","2",,,"0.45","15",,"0","LxL{-31}LyL",,"55597","P","P","1","Caja"
"11/4/2025 5:01 PM","HRJ BFD24 SM-15MM MBLE INF COC 2 PUERTAS 1 ENTREPAÑO","F","RAIL TRASERO","579.6","80",,"0","0","2","0",,,"0.45","15",,"0","LxL{-30}LyL",,"55596","P","P","1","Caja"
"11/4/2025 5:01 PM","HRJ BFD24 SM-15MM MBLE INF COC 2 PUERTAS 1 ENTREPAÑO","E","RAIL TRASERO","579.6","80",,"0","0","2","0",,,"0.45","15",,"0","LxL{-30}LyL",,"55595","P","P","1","Caja"
"11/4/2025 5:01 PM","HRJ BFD24 SM-15MM MBLE INF COC 2 PUERTAS 1 ENTREPAÑO","D","RAIL DELANTERO","579.6","80",,"2","0","0","0",,,"0.45","15",,"0","LxL{-30}LyL",,"55594","B","C","1","Caja"
"11/4/2025 5:01 PM","HRJ BFD24 SM-15MM MBLE INF COC 2 PUERTAS 1 ENTREPAÑO","C","SIDE L - R17L762","762","609.6",,"2","2","0","0",,,"0.45","15",,"0","LxA{0}AyL AxP{0}PyA",,"55593","B","C","1","Caja"
"11/4/2025 5:01 PM","HRJ BFD24 SM-15MM MBLE INF COC 2 PUERTAS 1 ENTREPAÑO","B","SIDE R - R17L762","762","609.6",,"2","2","0","0",,,"0.45","15",,"0","LxA{0}AyL AxP{0}PyA",,"55592","B","C","1","Caja"
"11/4/2025 5:01 PM","HRJ BFD24 SM-15MM MBLE INF COC 2 PUERTAS 1 ENTREPAÑO","A","BASE","579.6","585.6",,"2","0","0","0",,,"0.45","15",,"0","LxL{-30}LyL AxP{-24}PyA",,"55591","B","C","1","Caja"
"11/4/2025 4:26 PM","HRJ DB32-2S SM-15MM MBLE INF COC 3 GAVETAS 2 PEQUEÑAS","I","GOLA","782.8","80",,"2","0","0","0",,,"0.45","15",,"0","LxL{-30}LyL",,"55590","B","C","1",
"11/4/2025 4:26 PM","HRJ DB32-2S SM-15MM MBLE INF COC 3 GAVETAS 2 PEQUEÑAS","H","GOLA","782.8","80",,"2","0","0","0",,,"0.45","15",,"0","LxL{-30}LyL",,"55589","B","C","1",
"11/4/2025 4:26 PM","HRJ DB32-2S SM-15MM MBLE INF COC 3 GAVETAS 2 PEQUEÑAS","S","BACKING","760","796.8",,"0","0","0","0",,,"0","6",,"0","LxA{-2}AyL AxL{-16}LyA",,"55588","F","X","1",
"11/4/2025 4:26 PM","HRJ DB32-2S SM-15MM MBLE INF COC 3 GAVETAS 2 PEQUEÑAS","R","FRENTE GAVETA INF","351","809.6",,"2","2","0","0",,,"2","15",,"0","AxL{-3,2}LyA",,"55587","C","C","1","Frente"
"11/4/2025 4:26 PM","HRJ DB32-2S SM-15MM MBLE INF COC 3 GAVETAS 2 PEQUEÑAS","Q","FRENTE GAVETA CENTRAL","173.9","809.6",,"2","2","0","0",,,"2","15",,"0","AxL{-3,2}LyA",,"55586","C","C","1","Frente"
"11/4/2025 4:26 PM","HRJ DB32-2S SM-15MM MBLE INF COC 3 GAVETAS 2 PEQUEÑAS","P","FRENTE GAVETA SUP","173.9","809.6",,"2","2","0","0",,,"2","15",,"0","AxL{-3,2}LyA",,"55585","C","C","1","Frente"
"11/4/2025 4:26 PM","HRJ DB32-2S SM-15MM MBLE INF COC 3 GAVETAS 2 PEQUEÑAS","O","TRASERO CAJON INF","695.8","183",,"0","0","1","2",,,"0.45","15",,"0","LxL{-117}LyL",,"55584","P","P","1","Caja"
"11/4/2025 4:26 PM","HRJ DB32-2S SM-15MM MBLE INF COC 3 GAVETAS 2 PEQUEÑAS","N","TRASERO CAJON CENTRAL","695.8","68",,"0","0","1","0",,,"0.45","15",,"0","LxL{-117}LyL",,"55583","P","P","1","Caja"
"11/4/2025 4:26 PM","HRJ DB32-2S SM-15MM MBLE INF COC 3 GAVETAS 2 PEQUEÑAS","M","TRASERO CAJON SUP","695.8","68",,"0","0","1","0",,,"0.45","15",,"0","LxL{-117}LyL",,"55582","P","P","1","Caja"
"11/4/2025 4:26 PM","HRJ DB32-2S SM-15MM MBLE INF COC 3 GAVETAS 2 PEQUEÑAS","L","FONDO GAVETA INF","707.8","492",,"0","0","2","0",,,"0.45","15",,"0","LxL{-105}LyL",,"55581","P","P","1","Caja"
"11/4/2025 4:26 PM","HRJ DB32-2S SM-15MM MBLE INF COC 3 GAVETAS 2 PEQUEÑAS","K","FONDO GAVETA CENTRAL","707.8","492",,"0","0","2","0",,,"0.45","15",,"0","LxL{-105}LyL",,"55580","P","P","1","Caja"
"11/4/2025 4:26 PM","HRJ DB32-2S SM-15MM MBLE INF COC 3 GAVETAS 2 PEQUEÑAS","J","FONDO GAVETA SUP","707.8","492",,"0","0","2","0",,,"0.45","15",,"0","LxL{-105}LyL",,"55579","P","P","1","Caja"
"11/4/2025 4:26 PM","HRJ DB32-2S SM-15MM MBLE INF COC 3 GAVETAS 2 PEQUEÑAS","G","RAIL TRASERO","782.8","80",,"0","0","2","0",,,"0.45","15",,"0","LxL{-30}LyL",,"55578","P","P","1","Caja"
"11/4/2025 4:26 PM","HRJ DB32-2S SM-15MM MBLE INF COC 3 GAVETAS 2 PEQUEÑAS","F","RAIL TRASERO","782.8","80",,"0","0","2","0",,,"0.45","15",,"0","LxL{-30}LyL",,"55577","P","P","1","Caja"
"11/4/2025 4:26 PM","HRJ DB32-2S SM-15MM MBLE INF COC 3 GAVETAS 2 PEQUEÑAS","E","RAIL DELANTERO","782.8","80",,"2","0","0","0",,,"0.45","15",,"0","LxL{-30}LyL",,"55576","P","C","1","Caja"
"11/4/2025 4:26 PM","HRJ DB32-2S SM-15MM MBLE INF COC 3 GAVETAS 2 PEQUEÑAS","D","RAIL DELANTERO","782.8","80",,"2","0","0","0",,,"0.45","15",,"0","LxL{-30}LyL",,"55575","P","C","1","Caja"
"11/4/2025 4:26 PM","HRJ DB32-2S SM-15MM MBLE INF COC 3 GAVETAS 2 PEQUEÑAS","C","SIDE L - R17L762","762","609.6",,"2","2","0","0",,,"0.45","15",,"0","LxA{0}AyL AxP{0}PyA",,"55574","B","C","1","Caja"
"11/4/2025 4:26 PM","HRJ DB32-2S SM-15MM MBLE INF COC 3 GAVETAS 2 PEQUEÑAS","B","SIDE R - R17L762","762","609.6",,"2","2","0","0",,,"0.45","15",,"0","LxA{0}AyL AxP{0}PyA",,"55573","B","C","1","Caja"
"11/4/2025 4:26 PM","HRJ DB32-2S SM-15MM MBLE INF COC 3 GAVETAS 2 PEQUEÑAS","A","BASE","782.8","585.6",,"2","0","0","0",,,"0.45","15",,"0","LxL{-30}LyL AxP{-24}PyA",,"55572","B","C","1","Caja"
"10/27/2025 4:44 PM","HRJ CLV11624050 DER 3E-1BC-2C","F","Ref Inf","553","80",,"2","0","0","0",,,"1","18",,"0",,,"55543","C","C","1","Caja"
"10/27/2025 4:44 PM","HRJ CLV11624050 DER 3E-1BC-2C","W","Parche Cajon Inf","546.6","180.2",,"2","2","0","0",,,"1","18",,"0",,,"55542","C","C","1","Frente"
"10/27/2025 4:44 PM","HRJ CLV11624050 DER 3E-1BC-2C","V","Parche Cajon Sup","546.6","180.2",,"2","2","0","0",,,"1","18",,"0",,,"55541","C","C","1","Frente"
"10/27/2025 4:44 PM","HRJ CLV11624050 DER 3E-1BC-2C","U","Fondo Cajon Inf","439","505",,"0","0","0","0",,,"0","6",,"0",,,"55540","X","X","1",
"10/27/2025 4:44 PM","HRJ CLV11624050 DER 3E-1BC-2C","T","Fondo Cajon Sup","439","505",,"0","0","0","0",,,"0","6",,"0",,,"55539","X","X","1",
"10/27/2025 4:44 PM","HRJ CLV11624050 DER 3E-1BC-2C","S","Contraparche Inf R13Largo","491","152.4",,"2","0","0","0",,,"1","18",,"0",,,"55538","C","C","1","Caja"
"10/27/2025 4:44 PM","HRJ CLV11624050 DER 3E-1BC-2C","R","Contraparch Sup R13Largo","491","152.4",,"2","0","0","0",,,"1","18",,"0",,,"55537","C","C","1","Caja"
"10/27/2025 4:44 PM","HRJ CLV11624050 DER 3E-1BC-2C","P","Lat Izq Cajon Sup R13L450","450","152.4",,"2","2","0","0",,,"1","18",,"0",,,"55536","C","C","1","Caja"
"10/27/2025 4:44 PM","HRJ CLV11624050 DER 3E-1BC-2C","O","Lat Der Cajon Inf R13L450","450","152.4",,"2","2","0","0",,,"1","18",,"0",,,"55534","C","C","1","Caja"
"10/27/2025 4:44 PM","HRJ CLV11624050 DER 3E-1BC-2C","Q","Lat Izq Cajon Inf R13L450","450","152.4",,"2","2","0","0",,,"1","18",,"0",,,"55535","C","C","1","Caja"
"10/27/2025 4:44 PM","HRJ CLV11624050 DER 3E-1BC-2C","N","Lat Der Cajon Sup R13L450","450","152.4",,"2","2","0","0",,,"1","18",,"0",,,"55533","C","C","1","Caja"
"10/27/2025 4:44 PM","HRJ CLV11624050 DER 3E-1BC-2C","M","Trasero Cajón Inf","491","132.4",,"2","0","0","0",,,"1","18",,"0",,,"55532","C","C","1","Caja"
"10/27/2025 4:44 PM","HRJ CLV11624050 DER 3E-1BC-2C","L","Trasero Cajón Sup","491","132.4",,"2","0","0","0",,,"1","18",,"0",,,"55531","C","C","1","Caja"
"10/27/2025 4:44 PM","HRJ CLV11624050 DER 3E-1BC-2C","K","Entrepaño Tapa","553","500",,"2","0","0","0",,,"1","18",,"0","AxP{-0}PyA",,"55530","C","C","1","Caja"
"10/27/2025 4:44 PM","HRJ CLV11624050 DER 3E-1BC-2C","J","Entrepaño Base","553","500",,"2","0","0","0",,,"1","18",,"0","AxP{-0}PyA",,"55529","C","C","1","Caja"
"10/27/2025 4:44 PM","HRJ CLV11624050 DER 3E-1BC-2C","I","Entrepaño","553","500",,"2","2","0","0",,,"1","18",,"0","AxP{-0}PyA",,"55528","C","C","1","Caja"
"10/27/2025 4:44 PM","HRJ CLV11624050 DER 3E-1BC-2C","H","Entrepaño","553","500",,"2","2","0","0",,,"1","18",,"0","AxP{-0}PyA",,"55527","C","C","1","Caja"
"10/27/2025 4:44 PM","HRJ CLV11624050 DER 3E-1BC-2C","C","Lat Der","2,400","500",,"2","2","0","0",,,"1","18",,"0","LxA{0}AyL AxP{-0}PyA",,"55526","C","C","1","Caja"
"10/27/2025 4:44 PM","HRJ CLV11624050 DER 3E-1BC-2C","Y","Zocalo Tra","1,124","70",,"2","0","0","0",,,"1","18",,"0","LxL{-36}LyL",,"55525","C","C","1",
"10/27/2025 4:44 PM","HRJ CLV11624050 DER 3E-1BC-2C","X","Zocalo Front","1,124","70",,"2","0","0","0",,,"1","18",,"0","LxL{-36}LyL",,"55524","C","C","1","Caja"
"10/27/2025 4:44 PM","HRJ CLV11624050 DER 3E-1BC-2C","B","Tapa","1,124","500",,"2","0","0","0",,,"1","18",,"0","LxL{-36}LyL AxP{-0}PyA",,"55523","C","C","1","Caja"
"10/27/2025 4:44 PM","HRJ CLV11624050 DER 3E-1BC-2C","G","Entrepaño Fijo","553","500",,"2","0","0","0",,,"1","18",,"0","AxP{-0}PyA",,"55522","C","C","1","Caja"
"10/27/2025 4:44 PM","HRJ CLV11624050 DER 3E-1BC-2C","D","Lat Izq","2,400","500",,"2","2","0","0",,,"1","18",,"0","LxA{0}AyL AxP{-0}PyA",,"55521","C","C","1","Caja"
"10/27/2025 4:44 PM","HRJ CLV11624050 DER 3E-1BC-2C","A","Base","1,124","500",,"2","0","0","0",,,"1","18",,"0","LxL{-36}LyL AxP{-0}PyA",,"55520","C","C","1","Caja"
"10/27/2025 4:44 PM","HRJ CLV11624050 DER 3E-1BC-2C","E","Ref Sup","1,124","80",,"2","0","0","0",,,"1","18",,"0","LxL{-36}LyL",,"55519","C","C","1","Caja"
"10/27/2025 4:38 PM","HRJ CLV11624050 IZQ 3E-1BC-2C","F","Ref Inf","553","80",,"2","0","0","0",,,"1","18",,"0",,,"55518","C","C","1","Caja"
"10/27/2025 4:38 PM","HRJ CLV11624050 IZQ 3E-1BC-2C","W","Parche Cajon Inf","546.6","180.2",,"2","2","0","0",,,"1","18",,"0",,,"55517","C","C","1","Frente"
"10/27/2025 4:38 PM","HRJ CLV11624050 IZQ 3E-1BC-2C","V","Parche Cajon Sup","546.6","180.2",,"2","2","0","0",,,"1","18",,"0",,,"55516","C","C","1","Frente"
"10/27/2025 4:38 PM","HRJ CLV11624050 IZQ 3E-1BC-2C","U","Fondo Cajon Inf","439","505",,"0","0","0","0",,,"0","6",,"0",,,"55515","X","X","1",
"10/27/2025 4:38 PM","HRJ CLV11624050 IZQ 3E-1BC-2C","T","Fondo Cajon Sup","439","505",,"0","0","0","0",,,"0","6",,"0",,,"55514","X","X","1",
"10/27/2025 4:38 PM","HRJ CLV11624050 IZQ 3E-1BC-2C","S","Contraparche Inf R13Largo","491","152.4",,"2","0","0","0",,,"1","18",,"0",,,"55513","C","C","1","Caja"
"10/27/2025 4:38 PM","HRJ CLV11624050 IZQ 3E-1BC-2C","R","Contraparch Sup R13Largo","491","152.4",,"2","0","0","0",,,"1","18",,"0",,,"55512","C","C","1","Caja"
"10/27/2025 4:38 PM","HRJ CLV11624050 IZQ 3E-1BC-2C","P","Lat Izq Cajon Sup R13L450","450","152.4",,"2","2","0","0",,,"1","18",,"0",,,"55511","C","C","1","Caja"
"10/27/2025 4:38 PM","HRJ CLV11624050 IZQ 3E-1BC-2C","Q","Lat Izq Cajon Inf R13L450","450","152.4",,"2","2","0","0",,,"1","18",,"0",,,"55510","C","C","1","Caja"
"10/27/2025 4:38 PM","HRJ CLV11624050 IZQ 3E-1BC-2C","O","Lat Der Cajon Inf R13L450","450","152.4",,"2","2","0","0",,,"1","18",,"0",,,"55509","C","C","1","Caja"
"10/27/2025 4:38 PM","HRJ CLV11624050 IZQ 3E-1BC-2C","N","Lat Der Cajon Sup R13L450","450","152.4",,"2","2","0","0",,,"1","18",,"0",,,"55508","C","C","1","Caja"
"10/27/2025 4:38 PM","HRJ CLV11624050 IZQ 3E-1BC-2C","M","Trasero Cajón Inf","491","132.4",,"2","0","0","0",,,"1","18",,"0",,,"55507","C","C","1","Caja"
"10/27/2025 4:38 PM","HRJ CLV11624050 IZQ 3E-1BC-2C","L","Trasero Cajón Sup","491","132.4",,"2","0","0","0",,,"1","18",,"0",,,"55506","C","C","1","Caja"
"10/27/2025 4:38 PM","HRJ CLV11624050 IZQ 3E-1BC-2C","K","Entrepaño Tapa","553","500",,"2","0","0","0",,,"1","18",,"0","AxP{-0}PyA",,"55505","C","C","1","Caja"
"10/27/2025 4:38 PM","HRJ CLV11624050 IZQ 3E-1BC-2C","J","Entrepaño Base","553","500",,"2","0","0","0",,,"1","18",,"0","AxP{-0}PyA",,"55504","C","C","1","Caja"
"10/27/2025 4:38 PM","HRJ CLV11624050 IZQ 3E-1BC-2C","I","Entrepaño","553","500",,"2","2","0","0",,,"1","18",,"0","AxP{-0}PyA",,"55503","C","C","1","Caja"
"10/27/2025 4:38 PM","HRJ CLV11624050 IZQ 3E-1BC-2C","H","Entrepaño","553","500",,"2","2","0","0",,,"1","18",,"0","AxP{-0}PyA",,"55502","C","C","1","Caja"
"10/27/2025 4:38 PM","HRJ CLV11624050 IZQ 3E-1BC-2C","C","Lat Der","2,400","500",,"2","2","0","0",,,"1","18",,"0","LxA{0}AyL AxP{-0}PyA",,"55501","C","C","1","Caja"
"10/27/2025 4:38 PM","HRJ CLV11624050 IZQ 3E-1BC-2C","Y","Zocalo Tra","1,124","70",,"2","0","0","0",,,"1","18",,"0","LxL{-36}LyL",,"55500","C","C","1",
"10/27/2025 4:38 PM","HRJ CLV11624050 IZQ 3E-1BC-2C","X","Zocalo Front","1,124","70",,"2","0","0","0",,,"1","18",,"0","LxL{-36}LyL",,"55499","C","C","1","Caja"
"10/27/2025 4:38 PM","HRJ CLV11624050 IZQ 3E-1BC-2C","B","Tapa","1,124","500",,"2","0","0","0",,,"1","18",,"0","LxL{-36}LyL AxP{-0}PyA",,"55498","C","C","1","Caja"
"10/27/2025 4:38 PM","HRJ CLV11624050 IZQ 3E-1BC-2C","G","Entrepaño Fijo","553","500",,"2","0","0","0",,,"1","18",,"0","AxP{-0}PyA",,"55497","C","C","1","Caja"
"10/27/2025 4:38 PM","HRJ CLV11624050 IZQ 3E-1BC-2C","D","Lat Izq","2,400","500",,"2","2","0","0",,,"1","18",,"0","LxA{0}AyL AxP{-0}PyA",,"55496","C","C","1","Caja"
"10/27/2025 4:38 PM","HRJ CLV11624050 IZQ 3E-1BC-2C","A","Base","1,124","500",,"2","0","0","0",,,"1","18",,"0","LxL{-36}LyL AxP{-0}PyA",,"55495","C","C","1","Caja"
"10/27/2025 4:38 PM","HRJ CLV11624050 IZQ 3E-1BC-2C","E","Ref Sup","1,124","80",,"2","0","0","0",,,"1","18",,"0","LxL{-36}LyL",,"55494","C","C","1","Caja"
"10/27/2025 4:10 PM","HRJ CLV9024050 1E-2BC Closet 1 Entrepaño - 2 Barras de colgar","F","Ref Inf","864","80",,"2","0","0","0",,,"1","18",,"0","LxL{-36}LyL",,"55493","P","P","1","Caja"
"10/27/2025 4:10 PM","HRJ CLV9024050 1E-2BC Closet 1 Entrepaño - 2 Barras de colgar","E","Ref Sup","864","80",,"2","0","0","0",,,"1","18",,"0","LxL{-36}LyL",,"55492","P","P","1","Caja"
"10/27/2025 4:10 PM","HRJ CLV9024050 1E-2BC Closet 1 Entrepaño - 2 Barras de colgar","C","Lat Der","2,400","500",,"2","2","0","0",,,"1","18",,"0","LxA{0}AyL AxP{-0}PyA",,"55491","C","C","1","Caja"
"10/27/2025 4:10 PM","HRJ CLV9024050 1E-2BC Closet 1 Entrepaño - 2 Barras de colgar","I","Zocalo Tra","864","70",,"2","0","0","0",,,"1","18",,"0","LxL{-36}LyL",,"55490","C","C","1","Caja"
"10/27/2025 4:10 PM","HRJ CLV9024050 1E-2BC Closet 1 Entrepaño - 2 Barras de colgar","H","Zocalo Front","864","70",,"2","0","0","0",,,"1","18",,"0","LxL{-36}LyL",,"55489","C","C","1","Caja"
"10/27/2025 4:10 PM","HRJ CLV9024050 1E-2BC Closet 1 Entrepaño - 2 Barras de colgar","B","Tapa","864","500",,"2","0","0","0",,,"1","18",,"0","LxL{-36}LyL AxP{-0}PyA",,"55488","C","C","1","Caja"
"10/27/2025 4:10 PM","HRJ CLV9024050 1E-2BC Closet 1 Entrepaño - 2 Barras de colgar","G","Entrepaño Fijo","864","500",,"2","0","0","0",,,"1","18",,"0","LxL{-36}LyL AxP{-0}PyA",,"55487","C","C","1","Caja"
"10/27/2025 4:10 PM","HRJ CLV9024050 1E-2BC Closet 1 Entrepaño - 2 Barras de colgar","D","Lat Izq","2,400","500",,"2","2","0","0",,,"1","18",,"0","LxA{0}AyL AxP{-0}PyA",,"55486","C","C","1","Caja"
"10/27/2025 4:10 PM","HRJ CLV9024050 1E-2BC Closet 1 Entrepaño - 2 Barras de colgar","A","Base","864","500",,"2","0","0","0",,,"1","18",,"0","LxL{-36}LyL AxP{-0}PyA",,"55485","C","C","1","Caja"
"10/24/2025 3:30 PM","HRJ CLV85 2E Closet 2 Entrepaños","F","Ref Inf","814","80",,"2","0","0","0",,,"1","18",,"0","LxL{-36}LyL",,"55241","P","P","1",
"10/24/2025 3:30 PM","HRJ CLV85 2E Closet 2 Entrepaños","H","Entrepaño Fijo 2","814","500",,"2","2","0","0",,,"1","18",,"0","LxL{-36}LyL AxP{-0}PyA",,"55240","C","C","1",
"10/24/2025 3:30 PM","HRJ CLV85 2E Closet 2 Entrepaños","C","Lat Der","2,400","500",,"2","2","0","0",,,"2","18",,"0","LxA{0}AyL AxP{-0}PyA",,"55239","C","C","1",
"10/24/2025 3:30 PM","HRJ CLV85 2E Closet 2 Entrepaños","J","Zocalo Tra","814","70",,"2","0","0","0",,,"1","18",,"0","LxL{-36}LyL",,"55238","C","C","1",
"10/24/2025 3:30 PM","HRJ CLV85 2E Closet 2 Entrepaños","I","Zocalo Front","814","70",,"2","0","0","0",,,"1","18",,"0","LxL{-36}LyL",,"55237","C","C","1",
"10/24/2025 3:30 PM","HRJ CLV85 2E Closet 2 Entrepaños","B","Tapa","814","500",,"2","0","0","0",,,"1","18",,"0","LxL{-36}LyL AxP{-0}PyA",,"55236","C","C","1",
"10/24/2025 3:30 PM","HRJ CLV85 2E Closet 2 Entrepaños","G","Entrepaño Fijo","814","500",,"2","0","0","0",,,"1","18",,"0","LxL{-36}LyL AxP{-0}PyA",,"55235","C","C","1",
"10/24/2025 3:30 PM","HRJ CLV85 2E Closet 2 Entrepaños","D","Lat Izq","2,400","500",,"2","2","0","0",,,"2","18",,"0","LxA{0}AyL AxP{-0}PyA",,"55234","C","C","1",
"10/24/2025 3:30 PM","HRJ CLV85 2E Closet 2 Entrepaños","A","Base","814","500",,"2","0","0","0",,,"1","18",,"0","LxL{-36}LyL AxP{-0}PyA",,"55233","C","C","1",
"10/24/2025 3:30 PM","HRJ CLV85 2E Closet 2 Entrepaños","E","Ref Sup","814","80",,"2","0","0","0",,,"1","18",,"0","LxL{-36}LyL",,"55232","P","P","1",
"10/23/2025 2:13 PM","PN60 5/734 PANEL MBLE","A","PANEL","863.6","1,542.03",,"2","2","0","0",,,"2","18",,"0","LxA{0}AyL AxP{0}PyA",,"55187","C","C","1","Frente"
"10/23/2025 2:12 PM","PN67 6/734 PANEL MBLE","A","PANEL","863.6","1,723.57",,"2","2","0","0",,,"2","18",,"0","LxA{0}AyL AxP{0}PyA",,"55186","C","C","1","Frente"
"10/23/2025 2:09 PM","PN12 3/436 PANEL MBLE","A","PANEL","914.4","323.85",,"2","2","0","0",,,"2","18",,"0","LxA{0}AyL AxP{0}PyA",,"55183","C","C","1","Frente"
"10/23/2025 1:25 PM","HRJ OW2636 MBLE SUP COC 2 ENTREPAÑOS","I","BACKING","898.4","644.4",,"0","0","0","0",,,"0","6",,"0","LxA{-16}AyL AxL{-16}LyA",,"55166","F","X","1",
"10/23/2025 1:25 PM","HRJ OW2636 MBLE SUP COC 2 ENTREPAÑOS","H","SHELF 2","629.4","266.7",,"0","0","2","2",,,"0.45","15",,"0","LxL{-31}LyL",,"55165","P","P","1",
"10/23/2025 1:25 PM","HRJ OW2636 MBLE SUP COC 2 ENTREPAÑOS","G","SHELF 1","629.4","266.7",,"0","0","2","2",,,"0.45","15",,"0","LxL{-31}LyL",,"55164","P","C","1",
"10/23/2025 1:24 PM","HRJ OW2636 MBLE SUP COC 2 ENTREPAÑOS","F","RAIL TRASERO","630.4","80",,"0","0","2","0",,,"0.45","15",,"0","LxL{-30}LyL",,"55163","P","P","1",
"10/23/2025 1:24 PM","HRJ OW2636 MBLE SUP COC 2 ENTREPAÑOS","E","RAIL TRASERO","630.4","80",,"0","0","2","0",,,"0.45","15",,"0","LxL{-30}LyL",,"55162","P","P","1",
"10/23/2025 1:24 PM","HRJ OW2636 MBLE SUP COC 2 ENTREPAÑOS","D","SIDE L - R16L","914.4","304.8",,"2","2","0","0",,,"0.45","15",,"0","LxA{0}AyL AxP{0}PyA",,"55161","B","C","1",
"10/23/2025 1:24 PM","HRJ OW2636 MBLE SUP COC 2 ENTREPAÑOS","C","SIDE R - R16L","914.4","304.8",,"2","2","0","0",,,"0.45","15",,"0","LxA{0}AyL AxP{0}PyA",,"55160","B","C","1",
"10/23/2025 1:24 PM","HRJ OW2636 MBLE SUP COC 2 ENTREPAÑOS","B","TAPA - R16L","630.4","304.8",,"2","0","0","0",,,"0.45","15",,"0","LxL{-30}LyL AxP{0}PyA",,"55159","B","C","1",
"10/23/2025 1:24 PM","HRJ OW2636 MBLE SUP COC 2 ENTREPAÑOS","A","BASE - R16L","630.4","304.8",,"2","0","0","0",,,"0.45","15",,"0","LxL{-30}LyL AxP{0}PyA",,"55158","B","C","1",
"10/23/2025 12:01 PM","HRJ BFD14-B SMG MBLE INF COC 1 PUERTA CARB2","H","BACKING","760","339.6",,"0","0","0","0",,,"0","6",,"0","LxA{-2}AyL AxL{-16}LyA",,"55127","F","X","1",
"10/23/2025 12:01 PM","HRJ BFD14-B SMG MBLE INF COC 1 PUERTA CARB2","G","DOOR ","732","352.4",,"2","2","0","0",,,"1","18",,"0","LxA{-30}AyL AxL{-3,2}LyA",,"55126","C","C","1",
"10/23/2025 12:01 PM","HRJ BFD14-B SMG MBLE INF COC 1 PUERTA CARB2","F","RAIL TRASERO","325.6","80",,"0","0","2","0",,,"0.45","15",,"0","LxL{-30}LyL",,"55125","P","P","1",
"10/23/2025 12:01 PM","HRJ BFD14-B SMG MBLE INF COC 1 PUERTA CARB2","E","RAIL TRASERO","325.6","80",,"0","0","2","0",,,"0.45","15",,"0","LxL{-30}LyL",,"55124","P","P","1",
"10/23/2025 12:01 PM","HRJ BFD14-B SMG MBLE INF COC 1 PUERTA CARB2","D","RAIL DELANTERO","325.6","80",,"2","0","0","0",,,"0.45","15",,"0","LxL{-30}LyL","ENCHAPE COLOR","55123","P","C","1",
"10/23/2025 12:01 PM","HRJ BFD14-B SMG MBLE INF COC 1 PUERTA CARB2","C","SIDE L - R17L762","762","609.6",,"2","2","0","0",,,"0.45","15",,"0","LxA{0}AyL AxP{0}PyA",,"55122","B","C","1",
"10/23/2025 12:01 PM","HRJ BFD14-B SMG MBLE INF COC 1 PUERTA CARB2","B","SIDE R - R17L762","762","609.6",,"2","2","0","0",,,"0.45","15",,"0","LxA{0}AyL AxP{0}PyA",,"55121","B","C","1",
"10/23/2025 12:01 PM","HRJ BFD14-B SMG MBLE INF COC 1 PUERTA CARB2","A","BASE","325.6","585.6",,"2","0","0","0",,,"0.45","15",,"0","LxL{-30}LyL AxP{-24}PyA",,"55120","B","C","1",
"10/23/2025 11:59 AM","HRJ BFD14-GC SMG MBLE INF COC 1 PUERTA CARB2","H","BACKING","760","339.6",,"0","0","0","0",,,"0","6",,"0","LxA{-2}AyL AxL{-16}LyA",,"55119","F","X","1",
"10/23/2025 11:59 AM","HRJ BFD14-GC SMG MBLE INF COC 1 PUERTA CARB2","G","DOOR ","732","352.4",,"2","2","0","0",,,"1","18",,"0","LxA{-30}AyL AxL{-3,2}LyA",,"55118","C","C","1",
"10/23/2025 11:59 AM","HRJ BFD14-GC SMG MBLE INF COC 1 PUERTA CARB2","F","RAIL TRASERO","325.6","80",,"0","0","2","0",,,"0.45","15",,"0","LxL{-30}LyL",,"55117","P","P","1",
"10/23/2025 11:59 AM","HRJ BFD14-GC SMG MBLE INF COC 1 PUERTA CARB2","E","RAIL TRASERO","325.6","80",,"0","0","2","0",,,"0.45","15",,"0","LxL{-30}LyL",,"55116","P","P","1",
"10/23/2025 11:59 AM","HRJ BFD14-GC SMG MBLE INF COC 1 PUERTA CARB2","D","RAIL DELANTERO","325.6","80",,"2","0","0","0",,,"0.45","15",,"0","LxL{-30}LyL","ENCHAPE COLOR","55115","P","C","1",
"10/23/2025 11:59 AM","HRJ BFD14-GC SMG MBLE INF COC 1 PUERTA CARB2","C","SIDE L - R17L762","762","609.6",,"2","2","0","0",,,"0.45","15",,"0","LxA{0}AyL AxP{0}PyA",,"55114","B","C","1",
"10/23/2025 11:59 AM","HRJ BFD14-GC SMG MBLE INF COC 1 PUERTA CARB2","B","SIDE R - R17L762","762","609.6",,"2","2","0","0",,,"0.45","15",,"0","LxA{0}AyL AxP{0}PyA",,"55113","B","C","1",
"10/23/2025 11:59 AM","HRJ BFD14-GC SMG MBLE INF COC 1 PUERTA CARB2","A","BASE","325.6","585.6",,"2","0","0","0",,,"0.45","15",,"0","LxL{-30}LyL AxP{-24}PyA",,"55112","B","C","1",
"10/23/2025 8:42 AM","PL441065PANEL MBLE","A","PANEL","1,065","440",,"2","2","0","0",,,"1","18",,"0","LxA{0}AyL AxP{0}PyA",,"55071","C","C","1","Frente"
"10/21/2025 12:05 PM","HRJ AL100240 Z10 MBL ALACENA COC 4 PUERTAS 5 ENTREPAÑOS","H","GOLA","970","80",,"2","0","0","0",,,"0.45","15",,"0","LxL{-30}LyL",,"55055","B","C","1",
"10/21/2025 12:05 PM","HRJ AL100240 Z10 MBL ALACENA COC 4 PUERTAS 5 ENTREPAÑOS","Q","PUERTA INF IZQ","1,350.95","496.8",,"2","2","0","0",,,"1","15",,"0","LxA{-1049,05}AyL AxL[0,4968]LyA",,"55054","C","C","1","Frente"
"10/21/2025 12:05 PM","HRJ AL100240 Z10 MBL ALACENA COC 4 PUERTAS 5 ENTREPAÑOS","O","PUERTA SUP IZQ","915.85","496.8",,"2","2","0","0",,,"1","15",,"0"," AxL[0,4968]LyA",,"55053","C","C","1","Frente"
"10/21/2025 12:05 PM","HRJ AL100240 Z10 MBL ALACENA COC 4 PUERTAS 5 ENTREPAÑOS","R","BACKING","2,298","984",,,,,,,,"0","6",,"0","LxA{-102}AyL AxL{-16}LyA",,"55052","F","X","1",
"10/21/2025 12:05 PM","HRJ AL100240 Z10 MBL ALACENA COC 4 PUERTAS 5 ENTREPAÑOS","P","PUERTA INF DER","1,350.95","496.8",,"2","2",,,,,"1","15",,"0","LxA{-1049,05}AyL AxL[0,4968]LyA",,"55051","C","C","1","Frente"
"10/21/2025 12:05 PM","HRJ AL100240 Z10 MBL ALACENA COC 4 PUERTAS 5 ENTREPAÑOS","N","PUERTA SUP DER","915.85","496.8",,"2","2",,,,,"1","15",,"0","AxL[0,4968]LyA",,"55050","C","C","1","Frente"
"10/21/2025 12:05 PM","HRJ AL100240 Z10 MBL ALACENA COC 4 PUERTAS 5 ENTREPAÑOS","M","ENTREPAÑO4","969","530.9",,"2","2","0","0",,,"10.45","15",,"0","LxL{-31}LyL AxP{-39,1}PyA",,"55049","B","C","1","Caja"
"10/21/2025 12:05 PM","HRJ AL100240 Z10 MBL ALACENA COC 4 PUERTAS 5 ENTREPAÑOS","L","ENTREPAÑO3","969","530.9",,"2","2","0","0",,,"0.45","15",,"0","LxL{-31}LyL AxP{-39,1}PyA",,"55048","B","C","1","Caja"
"10/21/2025 12:05 PM","HRJ AL100240 Z10 MBL ALACENA COC 4 PUERTAS 5 ENTREPAÑOS","K","ENTREPAÑO2","969","530.9",,"2","2","0","0",,,"0.45","15",,"0","LxL{-31}LyL AxP{-39,1}PyA",,"55047","B","C","1","Caja"
"10/21/2025 12:05 PM","HRJ AL100240 Z10 MBL ALACENA COC 4 PUERTAS 5 ENTREPAÑOS","J","ENTREPAÑO1","969","530.9",,"2","2","0","0",,,"0.45","15",,"0","LxL{-31}LyL AxP{-39,1}PyA",,"55046","B","C","1","Caja"
"10/21/2025 12:05 PM","HRJ AL100240 Z10 MBL ALACENA COC 4 PUERTAS 5 ENTREPAÑOS","I","ENTREPAÑO FIJO","970","546",,"2",,"0",,,,"0.45","15",,"0","LxL{-30}LyL AxP{-24}PyA",,"55045","B","C","1","Caja"
"10/21/2025 12:05 PM","HRJ AL100240 Z10 MBL ALACENA COC 4 PUERTAS 5 ENTREPAÑOS","G","REF TRASERO","970","80",,"2",,"0",,,,"0.45","15",,"0","LxL{-30}LyL",,"55044","B","C","1","Caja"
"10/21/2025 12:05 PM","HRJ AL100240 Z10 MBL ALACENA COC 4 PUERTAS 5 ENTREPAÑOS","F","REF TRASERO","970","80",,"2",,"2",,,,"0.45","15",,"0","LxL{-30}LyL",,"55043","B","C","1","Caja"
"10/21/2025 12:05 PM","HRJ AL100240 Z10 MBL ALACENA COC 4 PUERTAS 5 ENTREPAÑOS","E","REF TRASERO","970","80",,"2",,"0",,,,"0.45","15",,"0","LxL{-30}LyL",,"55042","B","C","1","Caja"
"10/21/2025 12:05 PM","HRJ AL100240 Z10 MBL ALACENA COC 4 PUERTAS 5 ENTREPAÑOS","D","LAT IZQ R17L","2,300","570",,"2","2",,,,,"0.45","15",,"0","LxA{-100}AyL AxP{0}PyA",,"55041","B","C","1","Caja"
"10/21/2025 12:05 PM","HRJ AL100240 Z10 MBL ALACENA COC 4 PUERTAS 5 ENTREPAÑOS","C","LAT DER R17L","2,300","570",,"2","2",,,,,"0.45","15",,"0","LxA{-100}AyL AxP{0}PyA",,"55040","B","C","1","Caja"
"10/21/2025 12:05 PM","HRJ AL100240 Z10 MBL ALACENA COC 4 PUERTAS 5 ENTREPAÑOS","B","TAPA","970","546",,"2",,,,,,"0.45","15",,"0","LxL{-30}LyL AxP{-24}PyA",,"55039","B","C","1","Caja"
"10/21/2025 12:05 PM","HRJ AL100240 Z10 MBL ALACENA COC 4 PUERTAS 5 ENTREPAÑOS","A","BASE","970","546",,"2",,,,,,"0.45","15",,"0","LxL{-30}LyL AxP{-24}PyA",,"55038","B","C","1","Caja"
"10/21/2025 12:01 PM","HRJ BFD12-S18MM MBLE INF COC 1 PUERTA 1 ENTREPAÑO CARB2","I","BACKING","760","282.8",,"0","0","0","0",,,"0","6",,"0","LxA{-2}AyL AxL{-22}LyA",,"55037","F","X","1",
"10/21/2025 12:01 PM","HRJ BFD12-S18MM MBLE INF COC 1 PUERTA 1 ENTREPAÑO CARB2","H","DOOR R","758.8","301.6",,"2","2","0","0",,,"1","18",,"0","LxA{-3,2}AyL AxL{-3,2}LyA",,"55036","C","C","1","Frente"
"10/21/2025 12:01 PM","HRJ BFD12-S18MM MBLE INF COC 1 PUERTA 1 ENTREPAÑO CARB2","G","SHLEF","267.8","558.8",,"0","0","2","2",,,"1","18",,"0","LxL{-37}LyL",,"55035","B","C","1","Caja"
"10/21/2025 12:01 PM","HRJ BFD12-S18MM MBLE INF COC 1 PUERTA 1 ENTREPAÑO CARB2","F","RAIL TRASERO","268.8","80",,"0","0","2","0",,,"1","18",,"0","LxL{-36}LyL",,"55034","B","C","1","Caja"
"10/21/2025 12:01 PM","HRJ BFD12-S18MM MBLE INF COC 1 PUERTA 1 ENTREPAÑO CARB2","E","RAIL TRASERO","268.8","80",,"0","0","2","0",,,"1","18",,"0","LxL{-36}LyL",,"55033","B","C","1","Caja"
"10/21/2025 12:01 PM","HRJ BFD12-S18MM MBLE INF COC 1 PUERTA 1 ENTREPAÑO CARB2","D","RAIL DELANTERO","268.8","80",,"2","0","0","0",,,"1","18",,"0","LxL{-36}LyL","ENCHAPE COLOR","55032","B","C","1","Caja"
"10/21/2025 12:01 PM","HRJ BFD12-S18MM MBLE INF COC 1 PUERTA 1 ENTREPAÑO CARB2","C","SIDE L - R19L","762","609.6",,"2","2","0","0",,,"1","18",,"0","LxA{0}AyL AxP{0}PyA",,"55031","B","C","1","Caja"
"10/21/2025 12:01 PM","HRJ BFD12-S18MM MBLE INF COC 1 PUERTA 1 ENTREPAÑO CARB2","B","SIDE R - R19L","762","609.6",,"2","2","0","0",,,"1","18",,"0","LxA{0}AyL AxP{0}PyA",,"55030","B","C","1","Caja"
"10/21/2025 12:01 PM","HRJ BFD12-S18MM MBLE INF COC 1 PUERTA 1 ENTREPAÑO CARB2","A","BASE","268.8","583.6",,"2","0","0","0",,,"1","18",,"0","LxL{-36}LyL AxP{-26}PyA",,"55029","B","C","1","Caja"
"10/15/2025 3:58 PM","R30 3 1/8 REFUERZO MBLE","A","REFUERZO","762","80",,"2","0","0","0",,,"0.45","18",,"0","LxL{0}LyL AxA{0}AyA",,"55028","C","C","1",
"10/15/2025 2:51 PM","ACCESORIOS PN-FILLER DISWASHER 35 1/2","B","FILLER","901.7","152.4",,"2","2",,,,,"1","18",,"0",,,"55024","C","C","1",
"10/15/2025 2:51 PM","ACCESORIOS PN-FILLER DISWASHER 35 1/2","A","PANEL","901.7","628.65",,"2","2","0","0",,,"1","18",,"0","LxA{0}AyL AxP{0}PyA",,"55023","C","C","1",
"10/14/2025 10:15 AM","HRJ UW24 3/436 MBLE SUP COC 2 PUERTAS 3 ENTREPAÑOS OPEN SHELF CARB2","L","BACKING","898.4","612.65",,"0","0","0","0",,,"0","6",,"0","LxA{-16}AyL AxL{-16}LyA",,"55010","F","X","1",
"10/14/2025 10:15 AM","HRJ UW24 3/436 MBLE SUP COC 2 PUERTAS 3 ENTREPAÑOS OPEN SHELF CARB2","K","DOOR L","715.22","311.12",,"2","2",,,,,"1","18",,"0","LxA{-199,18}AyL AxL[0,49490]LyA",,"55009","C","C","1","Frente"
"10/14/2025 10:15 AM","HRJ UW24 3/436 MBLE SUP COC 2 PUERTAS 3 ENTREPAÑOS OPEN SHELF CARB2","J","DOOR R","715.22","311.12",,"2","2","0","0",,,"1","18",,"0","LxA{-199,18}AyL AxL[0,49490]LyA",,"55008","C","C","1","Frente"
"10/14/2025 10:15 AM","HRJ UW24 3/436 MBLE SUP COC 2 PUERTAS 3 ENTREPAÑOS OPEN SHELF CARB2","I","SHELF 2","597.65","266.7",,"0","0","2","2",,,"0.45","15",,"0","LxL{-31}LyL",,"55007","P","P","1","Caja"
"10/14/2025 10:15 AM","HRJ UW24 3/436 MBLE SUP COC 2 PUERTAS 3 ENTREPAÑOS OPEN SHELF CARB2","H","SHELF 1","597.65","266.7",,"0","0","2","2",,,"0.45","15",,"0","LxL{-31}LyL",,"55006","P","P","1","Caja"
"10/14/2025 10:15 AM","HRJ UW24 3/436 MBLE SUP COC 2 PUERTAS 3 ENTREPAÑOS OPEN SHELF CARB2","G","SHELF 0","598.65","281.8",,"2",,"0","0",,,"0.45","15",,"0","LxL{-30}LyL",,"55005","P","P","1","Caja"
"10/14/2025 10:15 AM","HRJ UW24 3/436 MBLE SUP COC 2 PUERTAS 3 ENTREPAÑOS OPEN SHELF CARB2","F","RAIL TRASERO","598.65","80",,"0","0","2","0",,,"0.45","15",,"0","LxL{-30}LyL",,"55004","P","P","1","Caja"
"10/14/2025 10:15 AM","HRJ UW24 3/436 MBLE SUP COC 2 PUERTAS 3 ENTREPAÑOS OPEN SHELF CARB2","E","RAIL TRASERO","598.65","80",,"0","0","2","0",,,"0.45","15",,"0","LxL{-30}LyL",,"55003","P","P","1","Caja"
"10/14/2025 10:15 AM","HRJ UW24 3/436 MBLE SUP COC 2 PUERTAS 3 ENTREPAÑOS OPEN SHELF CARB2","D","SIDE L - R16L","914.4","304.8",,"2","2","0","0",,,"0.45","15",,"0","LxA{0}AyL AxP{0}PyA",,"55002","B","C","1","Caja"
"10/14/2025 10:15 AM","HRJ UW24 3/436 MBLE SUP COC 2 PUERTAS 3 ENTREPAÑOS OPEN SHELF CARB2","C","SIDE R - R16L","914.4","304.8",,"2","2","0","0",,,"0.45","15",,"0","LxA{0}AyL AxP{0}PyA",,"55001","B","C","1","Caja"
"10/14/2025 10:15 AM","HRJ UW24 3/436 MBLE SUP COC 2 PUERTAS 3 ENTREPAÑOS OPEN SHELF CARB2","B","TAPA - R16L","598.65","304.8",,"2","0","0","0",,,"0.45","15",,"0","LxL{-30}LyL AxP{0}PyA",,"55000","B","C","1","Caja"
"10/14/2025 10:15 AM","HRJ UW24 3/436 MBLE SUP COC 2 PUERTAS 3 ENTREPAÑOS OPEN SHELF CARB2","A","BASE - R16L","598.65","304.8",,"2","0","0","0",,,"0.45","15",,"0","LxL{-30}LyL AxP{0}PyA",,"54999","B","C","1","Caja"
"10/14/2025 8:45 AM","HRJ AL53183 Z10 MBL ALACENA COC 2 PUERTAS 5 ENTREPAÑOS","M","GOLA VERTICAL","1,800","80",,"2","0","0","0",,,"0.45","15",,"0","LxA{-130}AyL",,"54998","C","C","1","Caja"
"10/14/2025 8:45 AM","HRJ AL53183 Z10 MBL ALACENA COC 2 PUERTAS 5 ENTREPAÑOS","O","PUERTA IZQ","1,726.8","261.8",,"2","2","0","0",,,"1","15",,"0","LxA{-103,2}AyL AxL[0,49396]LyA",,"54997","C","C","1","Frente"
"10/14/2025 8:45 AM","HRJ AL53183 Z10 MBL ALACENA COC 2 PUERTAS 5 ENTREPAÑOS","P","BACKING","1,728","514",,,,,,,,"0","6",,"0","LxA{-102}AyL AxL{-16}LyA",,"54996","F","X","1",
"10/14/2025 8:45 AM","HRJ AL53183 Z10 MBL ALACENA COC 2 PUERTAS 5 ENTREPAÑOS","N","PUERTA DER","1,726.8","261.8",,"2","2",,,,,"1","15",,"0","LxA{-103,2}AyL AxL[0,49396]LyA",,"54995","C","C","1","Frente"
"10/14/2025 8:45 AM","HRJ AL53183 Z10 MBL ALACENA COC 2 PUERTAS 5 ENTREPAÑOS","L","ENTREPAÑO 4","499","530.9",,"2","2","0","0",,,"0.45","15",,"0","LxL{-31}LyL AxP{-39,1}PyA",,"54994","C","C","1","Caja"
"10/14/2025 8:45 AM","HRJ AL53183 Z10 MBL ALACENA COC 2 PUERTAS 5 ENTREPAÑOS","K","ENTREPAÑO 3","499","530.9",,"2","2","0","0",,,"0.45","15",,"0","LxL{-31}LyL AxP{-39,1}PyA",,"54993","C","C","1","Caja"
"10/14/2025 8:45 AM","HRJ AL53183 Z10 MBL ALACENA COC 2 PUERTAS 5 ENTREPAÑOS","J","ENTREPAÑO 2","499","530.9",,"2","2","0","0",,,"0.45","15",,"0","LxL{-31}LyL AxP{-39,1}PyA",,"54992","C","C","1","Caja"
"10/14/2025 8:45 AM","HRJ AL53183 Z10 MBL ALACENA COC 2 PUERTAS 5 ENTREPAÑOS","I","ENTREPAÑO 1","499","530.9",,"2","2","0","0",,,"0.45","15",,"0","LxL{-31}LyL AxP{-39,1}PyA",,"54991","C","C","1","Caja"
"10/14/2025 8:45 AM","HRJ AL53183 Z10 MBL ALACENA COC 2 PUERTAS 5 ENTREPAÑOS","H","ENTREPAÑO FIJO","500","546",,"2",,"0",,,,"0.45","15",,"0","LxL{-30}LyL AxP{-24}PyA",,"54990","C","C","1","Caja"
"10/14/2025 8:45 AM","HRJ AL53183 Z10 MBL ALACENA COC 2 PUERTAS 5 ENTREPAÑOS","G","REF TRASERO","500","80",,"2",,"0",,,,"0.45","15",,"0","LxL{-30}LyL",,"54989","C","C","1","Caja"
"10/14/2025 8:45 AM","HRJ AL53183 Z10 MBL ALACENA COC 2 PUERTAS 5 ENTREPAÑOS","F","REF TRASERO","500","80",,"2",,"2",,,,"0.45","15",,"0","LxL{-30}LyL",,"54988","C","C","1","Caja"
"10/14/2025 8:45 AM","HRJ AL53183 Z10 MBL ALACENA COC 2 PUERTAS 5 ENTREPAÑOS","E","REF TRASERO","500","80",,"2",,"0",,,,"0.45","15",,"0","LxL{-30}LyL",,"54987","C","C","1","Caja"
"10/14/2025 8:45 AM","HRJ AL53183 Z10 MBL ALACENA COC 2 PUERTAS 5 ENTREPAÑOS","D","LAT IZQ R16L","1,730","570",,"2","2",,,,,"0.45","15",,"0","LxA{-100}AyL AxP{0}PyA",,"54986","C","C","1","Caja"
"10/14/2025 8:45 AM","HRJ AL53183 Z10 MBL ALACENA COC 2 PUERTAS 5 ENTREPAÑOS","C","LAT DER R16L","1,730","570",,"2","2",,,,,"0.45","15",,"0","LxA{-100}AyL AxP{0}PyA",,"54985","C","C","1","Caja"
"10/14/2025 8:45 AM","HRJ AL53183 Z10 MBL ALACENA COC 2 PUERTAS 5 ENTREPAÑOS","B","TAPA","500","546",,"2",,,,,,"0.45","15",,"0","LxL{-30}LyL AxP{-24}PyA",,"54984","C","C","1","Caja"
"10/14/2025 8:45 AM","HRJ AL53183 Z10 MBL ALACENA COC 2 PUERTAS 5 ENTREPAÑOS","A","BASE","500","546",,"2",,,,,,"0.45","15",,"0","LxL{-30}LyL AxP{-24}PyA",,"54983","C","C","1","Caja"
"10/9/2025 7:19 AM","F635 1/2 FILLER MBLE INF","A","FILLER","901.7","152.4",,"2","2","0","0",,,"1","18",,"0","LxA{0}AyL AxL{0}LyA",,"54948","C","C","1",
"10/9/2025 7:10 AM","PN24 3/435 1/2 PANEL MBLE","A","PANEL","901.7","628.65",,"2","2","0","0",,,"1","18",,"0","LxA{0}AyL AxP{0}PyA",,"54947","C","C","1",
"10/6/2025 1:05 AM","HRJ AL120240 Z10 MBL ALACENA COC 4 PUERTAS 5 ENTREPAÑOS","H","GOLA","1,170","80",,"2","0","0","0",,,"0.45","15",,"0","LxL{-30}LyL",,"54928","B","C","1",
"10/6/2025 1:05 AM","HRJ AL120240 Z10 MBL ALACENA COC 4 PUERTAS 5 ENTREPAÑOS","Q","PUERTA INF IZQ","1,350.95","596.8",,"2","2","0","0",,,"1","15",,"0","LxA{-1049,05}AyL AxL[0,49733]LyA",,"54927","C","C","1","Frente"
"10/6/2025 1:05 AM","HRJ AL120240 Z10 MBL ALACENA COC 4 PUERTAS 5 ENTREPAÑOS","O","PUERTA SUP IZQ","915.85","596.8",,"2","2","0","0",,,"1","15",,"0","AxL[0,49733]LyA",,"54926","C","C","1","Frente"
"10/6/2025 1:05 AM","HRJ AL120240 Z10 MBL ALACENA COC 4 PUERTAS 5 ENTREPAÑOS","R","BACKING","2,298","1,184",,,,,,,,"0","6",,"0","LxA{-102}AyL AxL{-16}LyA",,"54925","F","X","1",
"10/6/2025 1:05 AM","HRJ AL120240 Z10 MBL ALACENA COC 4 PUERTAS 5 ENTREPAÑOS","P","PUERTA INF DER","1,350.95","596.8",,"2","2",,,,,"1","15",,"0","LxA{-1049,05}AyL AxL[0,49733]LyA",,"54924","C","C","1","Frente"
"10/6/2025 1:05 AM","HRJ AL120240 Z10 MBL ALACENA COC 4 PUERTAS 5 ENTREPAÑOS","N","PUERTA SUP DER","915.85","596.8",,"2","2",,,,,"1","15",,"0","AxL[0,49733]LyA",,"54923","C","C","1","Frente"
"10/6/2025 1:05 AM","HRJ AL120240 Z10 MBL ALACENA COC 4 PUERTAS 5 ENTREPAÑOS","M","ENTREPAÑO4","1,169","530.9",,"2","2","0","0",,,"10.45","15",,"0","LxL{-31}LyL AxP{-39,1}PyA",,"54922","B","C","1","Caja"
"10/6/2025 1:05 AM","HRJ AL120240 Z10 MBL ALACENA COC 4 PUERTAS 5 ENTREPAÑOS","L","ENTREPAÑO3","1,169","530.9",,"2","2","0","0",,,"0.45","15",,"0","LxL{-31}LyL AxP{-39,1}PyA",,"54921","B","C","1","Caja"
"10/6/2025 1:05 AM","HRJ AL120240 Z10 MBL ALACENA COC 4 PUERTAS 5 ENTREPAÑOS","K","ENTREPAÑO2","1,169","530.9",,"2","2","0","0",,,"0.45","15",,"0","LxL{-31}LyL AxP{-39,1}PyA",,"54920","B","C","1","Caja"
"10/6/2025 1:05 AM","HRJ AL120240 Z10 MBL ALACENA COC 4 PUERTAS 5 ENTREPAÑOS","J","ENTREPAÑO1","1,169","530.9",,"2","2","0","0",,,"0.45","15",,"0","LxL{-31}LyL AxP{-39,1}PyA",,"54919","B","C","1","Caja"
"10/6/2025 1:05 AM","HRJ AL120240 Z10 MBL ALACENA COC 4 PUERTAS 5 ENTREPAÑOS","I","ENTREPAÑO FIJO","1,170","546",,"2",,"0",,,,"0.45","15",,"0","LxL{-30}LyL AxP{-24}PyA",,"54918","B","C","1","Caja"
"10/6/2025 1:05 AM","HRJ AL120240 Z10 MBL ALACENA COC 4 PUERTAS 5 ENTREPAÑOS","G","REF TRASERO","1,170","80",,"2",,"0",,,,"0.45","15",,"0","LxL{-30}LyL",,"54917","B","C","1","Caja"
"10/6/2025 1:05 AM","HRJ AL120240 Z10 MBL ALACENA COC 4 PUERTAS 5 ENTREPAÑOS","F","REF TRASERO","1,170","80",,"2",,"2",,,,"0.45","15",,"0","LxL{-30}LyL",,"54916","B","C","1","Caja"
"10/6/2025 1:05 AM","HRJ AL120240 Z10 MBL ALACENA COC 4 PUERTAS 5 ENTREPAÑOS","E","REF TRASERO","1,170","80",,"2",,"0",,,,"0.45","15",,"0","LxL{-30}LyL",,"54915","B","C","1","Caja"
"10/6/2025 1:05 AM","HRJ AL120240 Z10 MBL ALACENA COC 4 PUERTAS 5 ENTREPAÑOS","D","LAT IZQ R17L","2,300","570",,"2","2",,,,,"0.45","15",,"0","LxA{-100}AyL AxP{0}PyA",,"54914","B","C","1","Caja"
"10/6/2025 1:05 AM","HRJ AL120240 Z10 MBL ALACENA COC 4 PUERTAS 5 ENTREPAÑOS","C","LAT DER R17L","2,300","570",,"2","2",,,,,"0.45","15",,"0","LxA{-100}AyL AxP{0}PyA",,"54913","B","C","1","Caja"
"10/6/2025 1:05 AM","HRJ AL120240 Z10 MBL ALACENA COC 4 PUERTAS 5 ENTREPAÑOS","B","TAPA","1,170","546",,"2",,,,,,"0.45","15",,"0","LxL{-30}LyL AxP{-24}PyA",,"54912","B","C","1","Caja"
"10/6/2025 1:05 AM","HRJ AL120240 Z10 MBL ALACENA COC 4 PUERTAS 5 ENTREPAÑOS","A","BASE","1,170","546",,"2",,,,,,"0.45","15",,"0","LxL{-30}LyL AxP{-24}PyA",,"54911","B","C","1","Caja"
"10/6/2025 1:02 AM","HRJ AL61240 Z10 MBL ALACENA COC 4 PUERTAS 5 ENTREPAÑOS","H","GOLA","580","80",,"2","0","0","0",,,"0.45","15",,"0","LxL{-30}LyL",,"54892","B","C","1",
"10/6/2025 1:02 AM","HRJ AL61240 Z10 MBL ALACENA COC 4 PUERTAS 5 ENTREPAÑOS","O","PUERTA SUP IZQ","915.85","301.8",,"2","2","0","0",,,"1","15",,"0","AxL[0,49475]LyA",,"54890","C","C","1","Frente"
"10/6/2025 1:02 AM","HRJ AL61240 Z10 MBL ALACENA COC 4 PUERTAS 5 ENTREPAÑOS","Q","PUERTA INF IZQ","1,350.95","301.8",,"2","2","0","0",,,"1","15",,"0","LxA{-1049,05}AyL AxL[0,49475]LyA",,"54891","C","C","1","Frente"
"10/6/2025 1:02 AM","HRJ AL61240 Z10 MBL ALACENA COC 4 PUERTAS 5 ENTREPAÑOS","R","BACKING","2,298","594",,,,,,,,"0","6",,"0","LxA{-102}AyL AxL{-16}LyA",,"54889","F","X","1",
"10/6/2025 1:02 AM","HRJ AL61240 Z10 MBL ALACENA COC 4 PUERTAS 5 ENTREPAÑOS","P","PUERTA INF DER","1,350.95","301.8",,"2","2",,,,,"1","15",,"0","LxA{-1049,05}AyL AxL[0,49475]LyA",,"54888","C","C","1","Frente"
"10/6/2025 1:02 AM","HRJ AL61240 Z10 MBL ALACENA COC 4 PUERTAS 5 ENTREPAÑOS","N","PUERTA SUP DER","915.85","301.8",,"2","2",,,,,"1","15",,"0","AxL[0,49475]LyA",,"54887","C","C","1","Frente"
"10/6/2025 1:02 AM","HRJ AL61240 Z10 MBL ALACENA COC 4 PUERTAS 5 ENTREPAÑOS","M","ENTREPAÑO4","579","530.9",,"2","2","0","0",,,"10.45","15",,"0","LxL{-31}LyL AxP{-39,1}PyA",,"54886","B","C","1","Caja"
"10/6/2025 1:02 AM","HRJ AL61240 Z10 MBL ALACENA COC 4 PUERTAS 5 ENTREPAÑOS","L","ENTREPAÑO3","579","530.9",,"2","2","0","0",,,"0.45","15",,"0","LxL{-31}LyL AxP{-39,1}PyA",,"54885","B","C","1","Caja"
"10/6/2025 1:02 AM","HRJ AL61240 Z10 MBL ALACENA COC 4 PUERTAS 5 ENTREPAÑOS","K","ENTREPAÑO2","579","530.9",,"2","2","0","0",,,"0.45","15",,"0","LxL{-31}LyL AxP{-39,1}PyA",,"54884","B","C","1","Caja"
"10/6/2025 1:02 AM","HRJ AL61240 Z10 MBL ALACENA COC 4 PUERTAS 5 ENTREPAÑOS","J","ENTREPAÑO1","579","530.9",,"2","2","0","0",,,"0.45","15",,"0","LxL{-31}LyL AxP{-39,1}PyA",,"54883","B","C","1","Caja"
"10/6/2025 1:02 AM","HRJ AL61240 Z10 MBL ALACENA COC 4 PUERTAS 5 ENTREPAÑOS","I","ENTREPAÑO FIJO","580","546",,"2",,"0",,,,"0.45","15",,"0","LxL{-30}LyL AxP{-24}PyA",,"54882","B","C","1","Caja"
"10/6/2025 1:02 AM","HRJ AL61240 Z10 MBL ALACENA COC 4 PUERTAS 5 ENTREPAÑOS","G","REF TRASERO","580","80",,"2",,"0",,,,"0.45","15",,"0","LxL{-30}LyL",,"54881","B","C","1","Caja"
"10/6/2025 1:02 AM","HRJ AL61240 Z10 MBL ALACENA COC 4 PUERTAS 5 ENTREPAÑOS","F","REF TRASERO","580","80",,"2",,"2",,,,"0.45","15",,"0","LxL{-30}LyL",,"54880","B","C","1","Caja"
"10/6/2025 1:02 AM","HRJ AL61240 Z10 MBL ALACENA COC 4 PUERTAS 5 ENTREPAÑOS","E","REF TRASERO","580","80",,"2",,"0",,,,"0.45","15",,"0","LxL{-30}LyL",,"54879","B","C","1","Caja"
"10/6/2025 1:02 AM","HRJ AL61240 Z10 MBL ALACENA COC 4 PUERTAS 5 ENTREPAÑOS","D","LAT IZQ R17L","2,300","570",,"2","2",,,,,"0.45","15",,"0","LxA{-100}AyL AxP{0}PyA",,"54878","B","C","1","Caja"
"10/6/2025 1:02 AM","HRJ AL61240 Z10 MBL ALACENA COC 4 PUERTAS 5 ENTREPAÑOS","C","LAT DER R17L","2,300","570",,"2","2",,,,,"0.45","15",,"0","LxA{-100}AyL AxP{0}PyA",,"54877","B","C","1","Caja"
"10/6/2025 1:02 AM","HRJ AL61240 Z10 MBL ALACENA COC 4 PUERTAS 5 ENTREPAÑOS","B","TAPA","580","546",,"2",,,,,,"0.45","15",,"0","LxL{-30}LyL AxP{-24}PyA",,"54876","B","C","1","Caja"
"10/6/2025 1:02 AM","HRJ AL61240 Z10 MBL ALACENA COC 4 PUERTAS 5 ENTREPAÑOS","A","BASE","580","546",,"2",,,,,,"0.45","15",,"0","LxL{-30}LyL AxP{-24}PyA",,"54875","B","C","1","Caja"
"10/6/2025 12:58 AM","HRJ AL75240 Z10 MBL ALACENA COC 4 PUERTAS 5 ENTREPAÑOS","H","GOLA","720","80",,"2","0","0","0",,,"0.45","15",,"0","LxL{-30}LyL",,"54856","B","C","1",
"10/6/2025 12:58 AM","HRJ AL75240 Z10 MBL ALACENA COC 4 PUERTAS 5 ENTREPAÑOS","Q","PUERTA INF IZQ","1,350.95","371.8",,"2","2","0","0",,,"1","15",,"0","LxA{-1049,05}AyL AxL[0,49573]LyA",,"54855","C","C","1","Frente"
"10/6/2025 12:58 AM","HRJ AL75240 Z10 MBL ALACENA COC 4 PUERTAS 5 ENTREPAÑOS","O","PUERTA SUP IZQ","915.85","371.8",,"2","2","0","0",,,"1","15",,"0","AxL[0,49573]LyA",,"54854","C","C","1","Frente"
"10/6/2025 12:58 AM","HRJ AL75240 Z10 MBL ALACENA COC 4 PUERTAS 5 ENTREPAÑOS","R","BACKING","2,298","734",,,,,,,,"0","6",,"0","LxA{-102}AyL AxL{-16}LyA",,"54853","F","X","1",
"10/6/2025 12:58 AM","HRJ AL75240 Z10 MBL ALACENA COC 4 PUERTAS 5 ENTREPAÑOS","P","PUERTA INF DER","1,350.95","371.8",,"2","2",,,,,"1","15",,"0","LxA{-1049,05}AyL AxL[0,49573]LyA",,"54852","C","C","1","Frente"
"10/6/2025 12:58 AM","HRJ AL75240 Z10 MBL ALACENA COC 4 PUERTAS 5 ENTREPAÑOS","N","PUERTA SUP DER","915.85","371.8",,"2","2",,,,,"1","15",,"0","AxL[0,49573]LyA",,"54851","C","C","1","Frente"
"10/6/2025 12:58 AM","HRJ AL75240 Z10 MBL ALACENA COC 4 PUERTAS 5 ENTREPAÑOS","M","ENTREPAÑO4","719","530.9",,"2","2","0","0",,,"10.45","15",,"0","LxL{-31}LyL AxP{-39,1}PyA",,"54850","B","C","1","Caja"
"10/6/2025 12:58 AM","HRJ AL75240 Z10 MBL ALACENA COC 4 PUERTAS 5 ENTREPAÑOS","L","ENTREPAÑO3","719","530.9",,"2","2","0","0",,,"0.45","15",,"0","LxL{-31}LyL AxP{-39,1}PyA",,"54849","B","C","1","Caja"
"10/6/2025 12:58 AM","HRJ AL75240 Z10 MBL ALACENA COC 4 PUERTAS 5 ENTREPAÑOS","K","ENTREPAÑO2","719","530.9",,"2","2","0","0",,,"0.45","15",,"0","LxL{-31}LyL AxP{-39,1}PyA",,"54848","B","C","1","Caja"
"10/6/2025 12:58 AM","HRJ AL75240 Z10 MBL ALACENA COC 4 PUERTAS 5 ENTREPAÑOS","J","ENTREPAÑO1","719","530.9",,"2","2","0","0",,,"0.45","15",,"0","LxL{-31}LyL AxP{-39,1}PyA",,"54847","B","C","1","Caja"
"10/6/2025 12:58 AM","HRJ AL75240 Z10 MBL ALACENA COC 4 PUERTAS 5 ENTREPAÑOS","I","ENTREPAÑO FIJO","720","546",,"2",,"0",,,,"0.45","15",,"0","LxL{-30}LyL AxP{-24}PyA",,"54846","B","C","1","Caja"
"10/6/2025 12:58 AM","HRJ AL75240 Z10 MBL ALACENA COC 4 PUERTAS 5 ENTREPAÑOS","G","REF TRASERO","720","80",,"2",,"0",,,,"0.45","15",,"0","LxL{-30}LyL",,"54845","B","C","1","Caja"
"10/6/2025 12:58 AM","HRJ AL75240 Z10 MBL ALACENA COC 4 PUERTAS 5 ENTREPAÑOS","F","REF TRASERO","720","80",,"2",,"2",,,,"0.45","15",,"0","LxL{-30}LyL",,"54844","B","C","1","Caja"
"10/6/2025 12:58 AM","HRJ AL75240 Z10 MBL ALACENA COC 4 PUERTAS 5 ENTREPAÑOS","E","REF TRASERO","720","80",,"2",,"0",,,,"0.45","15",,"0","LxL{-30}LyL",,"54843","B","C","1","Caja"
"10/6/2025 12:58 AM","HRJ AL75240 Z10 MBL ALACENA COC 4 PUERTAS 5 ENTREPAÑOS","D","LAT IZQ R17L","2,300","570",,"2","2",,,,,"0.45","15",,"0","LxA{-100}AyL AxP{0}PyA",,"54842","B","C","1","Caja"
"10/6/2025 12:58 AM","HRJ AL75240 Z10 MBL ALACENA COC 4 PUERTAS 5 ENTREPAÑOS","C","LAT DER R17L","2,300","570",,"2","2",,,,,"0.45","15",,"0","LxA{-100}AyL AxP{0}PyA",,"54841","B","C","1","Caja"
"10/6/2025 12:58 AM","HRJ AL75240 Z10 MBL ALACENA COC 4 PUERTAS 5 ENTREPAÑOS","B","TAPA","720","546",,"2",,,,,,"0.45","15",,"0","LxL{-30}LyL AxP{-24}PyA",,"54840","B","C","1","Caja"
"10/6/2025 12:58 AM","HRJ AL75240 Z10 MBL ALACENA COC 4 PUERTAS 5 ENTREPAÑOS","A","BASE","720","546",,"2",,,,,,"0.45","15",,"0","LxL{-30}LyL AxP{-24}PyA",,"54839","B","C","1","Caja"
"10/6/2025 12:55 AM","HRJ AL90240 Z10 MBL ALACENA COC 4 PUERTAS 5 ENTREPAÑOS","H","GOLA","870","80",,"2","0","0","0",,,"0.45","15",,"0","LxL{-30}LyL",,"54838","B","C","1",
"10/6/2025 12:55 AM","HRJ AL90240 Z10 MBL ALACENA COC 4 PUERTAS 5 ENTREPAÑOS","Q","PUERTA INF IZQ","1,350.95","446.8",,"2","2","0","0",,,"1","15",,"0","LxA{-1049,05}AyL AxL[0,49644]LyA",,"54837","C","C","1","Frente"
"10/6/2025 12:55 AM","HRJ AL90240 Z10 MBL ALACENA COC 4 PUERTAS 5 ENTREPAÑOS","O","PUERTA SUP IZQ","915.85","446.8",,"2","2","0","0",,,"1","15",,"0"," AxL[0,49644]LyA",,"54836","C","C","1","Frente"
"10/6/2025 12:55 AM","HRJ AL90240 Z10 MBL ALACENA COC 4 PUERTAS 5 ENTREPAÑOS","R","BACKING","2,298","884",,,,,,,,"0","6",,"0","LxA{-102}AyL AxL{-16}LyA",,"54835","F","X","1",
"10/6/2025 12:55 AM","HRJ AL90240 Z10 MBL ALACENA COC 4 PUERTAS 5 ENTREPAÑOS","P","PUERTA INF DER","1,350.95","446.8",,"2","2",,,,,"1","15",,"0","LxA{-1049,05}AyL AxL[0,49644]LyA",,"54834","C","C","1","Frente"
"10/6/2025 12:55 AM","HRJ AL90240 Z10 MBL ALACENA COC 4 PUERTAS 5 ENTREPAÑOS","N","PUERTA SUP DER","915.85","446.8",,"2","2",,,,,"1","15",,"0","AxL[0,49644]LyA",,"54833","C","C","1","Frente"
"10/6/2025 12:54 AM","HRJ AL90240 Z10 MBL ALACENA COC 4 PUERTAS 5 ENTREPAÑOS","M","ENTREPAÑO4","869","530.9",,"2","2","0","0",,,"10.45","15",,"0","LxL{-31}LyL AxP{-39,1}PyA",,"54832","B","C","1","Caja"
"10/6/2025 12:54 AM","HRJ AL90240 Z10 MBL ALACENA COC 4 PUERTAS 5 ENTREPAÑOS","L","ENTREPAÑO3","869","530.9",,"2","2","0","0",,,"0.45","15",,"0","LxL{-31}LyL AxP{-39,1}PyA",,"54831","B","C","1","Caja"
"10/6/2025 12:54 AM","HRJ AL90240 Z10 MBL ALACENA COC 4 PUERTAS 5 ENTREPAÑOS","K","ENTREPAÑO2","869","530.9",,"2","2","0","0",,,"0.45","15",,"0","LxL{-31}LyL AxP{-39,1}PyA",,"54830","B","C","1","Caja"
"10/6/2025 12:54 AM","HRJ AL90240 Z10 MBL ALACENA COC 4 PUERTAS 5 ENTREPAÑOS","J","ENTREPAÑO1","869","530.9",,"2","2","0","0",,,"0.45","15",,"0","LxL{-31}LyL AxP{-39,1}PyA",,"54829","B","C","1","Caja"
"10/6/2025 12:54 AM","HRJ AL90240 Z10 MBL ALACENA COC 4 PUERTAS 5 ENTREPAÑOS","I","ENTREPAÑO FIJO","870","546",,"2",,"0",,,,"0.45","15",,"0","LxL{-30}LyL AxP{-24}PyA",,"54828","B","C","1","Caja"
"10/6/2025 12:54 AM","HRJ AL90240 Z10 MBL ALACENA COC 4 PUERTAS 5 ENTREPAÑOS","G","REF TRASERO","870","80",,"2",,"0",,,,"0.45","15",,"0","LxL{-30}LyL",,"54827","B","C","1","Caja"
"10/6/2025 12:54 AM","HRJ AL90240 Z10 MBL ALACENA COC 4 PUERTAS 5 ENTREPAÑOS","F","REF TRASERO","870","80",,"2",,"2",,,,"0.45","15",,"0","LxL{-30}LyL",,"54826","B","C","1","Caja"
"10/6/2025 12:54 AM","HRJ AL90240 Z10 MBL ALACENA COC 4 PUERTAS 5 ENTREPAÑOS","E","REF TRASERO","870","80",,"2",,"0",,,,"0.45","15",,"0","LxL{-30}LyL",,"54825","B","C","1","Caja"
"10/6/2025 12:54 AM","HRJ AL90240 Z10 MBL ALACENA COC 4 PUERTAS 5 ENTREPAÑOS","D","LAT IZQ R17L","2,300","570",,"2","2",,,,,"0.45","15",,"0","LxA{-100}AyL AxP{0}PyA",,"54824","B","C","1","Caja"
"10/6/2025 12:54 AM","HRJ AL90240 Z10 MBL ALACENA COC 4 PUERTAS 5 ENTREPAÑOS","C","LAT DER R17L","2,300","570",,"2","2",,,,,"0.45","15",,"0","LxA{-100}AyL AxP{0}PyA",,"54823","B","C","1","Caja"
"10/6/2025 12:54 AM","HRJ AL90240 Z10 MBL ALACENA COC 4 PUERTAS 5 ENTREPAÑOS","B","TAPA","870","546",,"2",,,,,,"0.45","15",,"0","LxL{-30}LyL AxP{-24}PyA",,"54822","B","C","1","Caja"
"10/6/2025 12:54 AM","HRJ AL90240 Z10 MBL ALACENA COC 4 PUERTAS 5 ENTREPAÑOS","A","BASE","870","546",,"2",,,,,,"0.45","15",,"0","LxL{-30}LyL AxP{-24}PyA",,"54821","B","C","1","Caja"
"10/3/2025 6:38 AM","HRJ B34 MBLE INF COC 1 GAVETA 2 PUERTAS 1/2 ENTREPAÑO CARB2","N","BACKING","760","847.6",,"0","0",,,,,"0","6",,"0","LxA{-2}AyL AxL{-16}LyA",,"54730","F","X","1",
"10/3/2025 6:38 AM","HRJ B34 MBLE INF COC 1 GAVETA 2 PUERTAS 1/2 ENTREPAÑO CARB2","K","DOOR R","603.2","428.6",,"2","2",,,,,"1","18",,"0","LxA{-158,8}AyL AxL[0,49629]LyA",,"54729","C","C","1","Frente"
"10/3/2025 6:38 AM","HRJ B34 MBLE INF COC 1 GAVETA 2 PUERTAS 1/2 ENTREPAÑO CARB2","H","SHEFL","832.6","300",,"0","0","2","2",,,"0.45","15",,"0","LxL{-31}LyL",,"54728","P","P","1","Caja"
"10/3/2025 6:38 AM","HRJ B34 MBLE INF COC 1 GAVETA 2 PUERTAS 1/2 ENTREPAÑO CARB2","F","RAIL TRASERO","833.6","80",,"0","0","2",,,,"0.45","15",,"0","LxL{-30}LyL",,"54727","P","P","1","Caja"
"10/3/2025 6:38 AM","HRJ B34 MBLE INF COC 1 GAVETA 2 PUERTAS 1/2 ENTREPAÑO CARB2","A","BASE","833.6","585.6",,"2",,,,,,"0.45","15",,"0","LxL{-30}LyL AxP{-24}PyA",,"54726","B","C","1","Caja"
"10/3/2025 6:38 AM","HRJ B34 MBLE INF COC 1 GAVETA 2 PUERTAS 1/2 ENTREPAÑO CARB2","M","FRENTE GAVETA","152.4","860.4",,"2","2",,,,,"1","18",,"0","AxL{-3,2}LyA",,"54725","C","C","1","Frente"
"10/3/2025 6:38 AM","HRJ B34 MBLE INF COC 1 GAVETA 2 PUERTAS 1/2 ENTREPAÑO CARB2","L","DOOR L","603.2","428.6",,"2","2",,,,,"1","18",,"0","LxA{-158,8}AyL AxL[0,49629]LyA",,"54724","C","C","1","Frente"
"10/3/2025 6:38 AM","HRJ B34 MBLE INF COC 1 GAVETA 2 PUERTAS 1/2 ENTREPAÑO CARB2","J","TRASERO GAVETA ","746.6","68",,"0","0","1",,,,"0.45","15",,"0","LxL{-117}LyL",,"54723","P","P","1","Caja"
"10/3/2025 6:38 AM","HRJ B34 MBLE INF COC 1 GAVETA 2 PUERTAS 1/2 ENTREPAÑO CARB2","I","BASE GAVETA ","758.6","492",,"0","0","2",,,,"0.45","15",,"0","LxL{-105}LyL",,"54722","P","P","1","Caja"
"10/3/2025 6:38 AM","HRJ B34 MBLE INF COC 1 GAVETA 2 PUERTAS 1/2 ENTREPAÑO CARB2","G","RAIL TRASERO","833.6","80",,"0","0","2",,,,"0.45","15",,"0","LxL{-30}LyL",,"54721","P","P","1","Caja"
"10/3/2025 6:38 AM","HRJ B34 MBLE INF COC 1 GAVETA 2 PUERTAS 1/2 ENTREPAÑO CARB2","E","RAIL DELANTERO","833.6","80",,"2","0",,,,,"0.45","15",,"0","LxL{-30}LyL","Enchape color","54720","P","C","1","Caja"
"10/3/2025 6:38 AM","HRJ B34 MBLE INF COC 1 GAVETA 2 PUERTAS 1/2 ENTREPAÑO CARB2","D","RAIL DELANTERO","833.6","80",,"2","0",,,,,"0.45","15",,"0","LxL{-30}LyL","Enchape color","54719","P","C","1","Caja"
"10/3/2025 6:38 AM","HRJ B34 MBLE INF COC 1 GAVETA 2 PUERTAS 1/2 ENTREPAÑO CARB2","C","SIDE L - R17L762","762","609.6",,"2","2",,,,,"0.45","15",,"0","LxA{0}AyL AxP{0}PyA",,"54718","B","C","1","Caja"
"10/3/2025 6:38 AM","HRJ B34 MBLE INF COC 1 GAVETA 2 PUERTAS 1/2 ENTREPAÑO CARB2","B","SIDE R - R17L762","762","609.6",,"2","2",,,,,"0.45","15",,"0","LxA{0}AyL AxP{0}PyA",,"54717","B","C","1","Caja"
"10/2/2025 5:14 PM","HRJ USVFDR3628 1/219 1/2 MBLE INF LVM 2 PUERTAS REMOVIBLE","K","BACKING","607.9","898.4",,"0","0","0","0",,,"0","6",,"0","LxA{-116}AyL AxL{-16}LyA",,"54716","F","X","1",
"10/2/2025 5:14 PM","HRJ USVFDR3628 1/219 1/2 MBLE INF LVM 2 PUERTAS REMOVIBLE","J","DOOR R","720.7","454",,"2","2","0","0",,,"1","18",,"0","LxA{-3,2}AyL AxL[0,49650]LyA",,"54715","C","C","1","Frente"
"10/2/2025 5:14 PM","HRJ USVFDR3628 1/219 1/2 MBLE INF LVM 2 PUERTAS REMOVIBLE","I","DOOR R","720.7","454",,"2","2","0","0",,,"1","18",,"0","LxA{-3,2}AyL AxL[0,49650]LyA",,"54714","C","C","1","Frente"
"10/2/2025 5:14 PM","HRJ USVFDR3628 1/219 1/2 MBLE INF LVM 2 PUERTAS REMOVIBLE","H","RAIL TRASERO","884.4","114.3",,"0","0","2","0",,,"0.45","15",,"0","LxL{-30}LyL",,"54713","P","P","1","Caja"
"10/2/2025 5:14 PM","HRJ USVFDR3628 1/219 1/2 MBLE INF LVM 2 PUERTAS REMOVIBLE","G","RAIL TRASERO","884.4","80",,"0","0","2","0",,,"0.45","15",,"0","LxL{-30}LyL",,"54712","P","P","1","Caja"
"10/2/2025 5:14 PM","HRJ USVFDR3628 1/219 1/2 MBLE INF LVM 2 PUERTAS REMOVIBLE","F","RAIL TRASERO","884.4","80",,"0","0","2","0",,,"0.45","15",,"0","LxL{-30}LyL",,"54711","P","P","1","Caja"
"10/2/2025 5:14 PM","HRJ USVFDR3628 1/219 1/2 MBLE INF LVM 2 PUERTAS REMOVIBLE","E","RAIL DELANTERO","884.4","80",,"2","0","0","0",,,"0.45","15",,"0","LxL{-30}LyL","ENCHAPE COLOR","54710","P","C","1","Caja"
"10/2/2025 5:14 PM","HRJ USVFDR3628 1/219 1/2 MBLE INF LVM 2 PUERTAS REMOVIBLE","D","RAIL DELANTERO","884.4","146.05",,"2","0","0","0",,,"0.45","15",,"0","LxL{-30}LyL",,"54709","B","C","1","Caja"
"10/2/2025 5:14 PM","HRJ USVFDR3628 1/219 1/2 MBLE INF LVM 2 PUERTAS REMOVIBLE","C","SIDE L - R17L762","762","495.3",,"2","2","0","0",,,"0.45","15",,"0","AxP{0}PyA",,"54708","B","C","1","Caja"
"10/2/2025 5:14 PM","HRJ USVFDR3628 1/219 1/2 MBLE INF LVM 2 PUERTAS REMOVIBLE","B","SIDE R - R17L762","762","495.3",,"2","2","0","0",,,"0.45","15",,"0","AxP{0}PyA",,"54707","B","C","1","Caja"
"10/2/2025 5:14 PM","HRJ USVFDR3628 1/219 1/2 MBLE INF LVM 2 PUERTAS REMOVIBLE","A","BASE","884.4","480.3",,"2","0","0","0",,,"0.45","15",,"0","LxL{-30}LyL AxP{-15}PyA",,"54706","B","C","1","Caja"
"10/1/2025 4:31 PM","HRJ W3430 MBLE SUP COC 2 PUERTAS 2 ENTREPAÑOS CARB2","J","DOOR L","758.8","428.6",,"2","2",,,,,"1","18",,"0","LxA{-3,2}AyL AxL[0,4963]LyA",,"54694","C","C","1","Frente"
"10/1/2025 4:31 PM","HRJ W3430 MBLE SUP COC 2 PUERTAS 2 ENTREPAÑOS CARB2","K","BACKING","746","847.6",,"0","0","0","0",,,"0","6",,"0","LxA{-16}AyL AxL{-16}LyA",,"54693","F","X","1",
"10/1/2025 4:31 PM","HRJ W3430 MBLE SUP COC 2 PUERTAS 2 ENTREPAÑOS CARB2","I","DOOR R","758.8","428.6",,"2","2","0","0",,,"1","18",,"0","LxA{-3,2}AyL AxL[0,4963]LyA",,"54692","C","C","1","Frente"
"10/1/2025 4:31 PM","HRJ W3430 MBLE SUP COC 2 PUERTAS 2 ENTREPAÑOS CARB2","H","SHELF 2","832.6","266.7",,"0","0","2","2",,,"0.45","15",,"0","LxL{-31}LyL",,"54691","P","P","1","Caja"
"10/1/2025 4:31 PM","HRJ W3430 MBLE SUP COC 2 PUERTAS 2 ENTREPAÑOS CARB2","G","SHELF 1","832.6","266.7",,"0","0","2","2",,,"0.45","15",,"0","LxL{-31}LyL",,"54690","P","P","1","Caja"
"10/1/2025 4:31 PM","HRJ W3430 MBLE SUP COC 2 PUERTAS 2 ENTREPAÑOS CARB2","F","RAIL TRASERO","833.6","80",,"0","0","2","0",,,"0.45","15",,"0","LxL{-30}LyL",,"54689","P","P","1","Caja"
"10/1/2025 4:31 PM","HRJ W3430 MBLE SUP COC 2 PUERTAS 2 ENTREPAÑOS CARB2","E","RAIL TRASERO","833.6","80",,"0","0","2","0",,,"0.45","15",,"0","LxL{-30}LyL",,"54688","P","P","1","Caja"
"10/1/2025 4:31 PM","HRJ W3430 MBLE SUP COC 2 PUERTAS 2 ENTREPAÑOS CARB2","D","SIDE L - R16L","762","304.8",,"2","2","0","0",,,"0.45","15",,"0","LxA{0}AyL AxP{0}PyA",,"54687","B","C","1","Caja"
"10/1/2025 4:31 PM","HRJ W3430 MBLE SUP COC 2 PUERTAS 2 ENTREPAÑOS CARB2","C","SIDE R - R16L","762","304.8",,"2","2","0","0",,,"0.45","15",,"0","LxA{0}AyL AxP{0}PyA",,"54686","B","C","1","Caja"
"10/1/2025 4:31 PM","HRJ W3430 MBLE SUP COC 2 PUERTAS 2 ENTREPAÑOS CARB2","B","TAPA - R16L","833.6","304.8",,"2","0","0","0",,,"0.45","15",,"0","LxL{-30}LyL AxP{0}PyA",,"54685","B","C","1","Caja"
"10/1/2025 4:31 PM","HRJ W3430 MBLE SUP COC 2 PUERTAS 2 ENTREPAÑOS CARB2","A","BASE - R16L","833.6","304.8",,"2","0","0","0",,,"0.45","15",,"0","LxL{-30}LyL AxP{0}PyA",,"54684","B","C","1","Caja"
"10/1/2025 1:32 PM","HRJ W3330 MBLE SUP COC 2 PUERTAS 2 ENTREPAÑOS CARB2","J","DOOR L","758.8","415.9",,"2","2",,,,,"1","18",,"0","LxA{-3,2}AyL AxL[0,49618]LyA",,"54683","C","C","1","Frente"
"10/1/2025 1:32 PM","HRJ W3330 MBLE SUP COC 2 PUERTAS 2 ENTREPAÑOS CARB2","K","BACKING","746","822.2",,"0","0","0","0",,,"0","6",,"0","LxA{-16}AyL AxL{-16}LyA",,"54682","F","X","1",
"10/1/2025 1:32 PM","HRJ W3330 MBLE SUP COC 2 PUERTAS 2 ENTREPAÑOS CARB2","I","DOOR R","758.8","415.9",,"2","2","0","0",,,"1","18",,"0","LxA{-3,2}AyL AxL[0,49618]LyA",,"54681","C","C","1","Frente"
"10/1/2025 1:32 PM","HRJ W3330 MBLE SUP COC 2 PUERTAS 2 ENTREPAÑOS CARB2","H","SHELF 2","807.2","266.7",,"0","0","2","2",,,"0.45","15",,"0","LxL{-31}LyL",,"54680","P","P","1","Caja"
"10/1/2025 1:32 PM","HRJ W3330 MBLE SUP COC 2 PUERTAS 2 ENTREPAÑOS CARB2","G","SHELF 1","807.2","266.7",,"0","0","2","2",,,"0.45","15",,"0","LxL{-31}LyL",,"54679","P","P","1","Caja"
"10/1/2025 1:32 PM","HRJ W3330 MBLE SUP COC 2 PUERTAS 2 ENTREPAÑOS CARB2","F","RAIL TRASERO","808.2","80",,"0","0","2","0",,,"0.45","15",,"0","LxL{-30}LyL",,"54678","P","P","1","Caja"
"10/1/2025 1:32 PM","HRJ W3330 MBLE SUP COC 2 PUERTAS 2 ENTREPAÑOS CARB2","E","RAIL TRASERO","808.2","80",,"0","0","2","0",,,"0.45","15",,"0","LxL{-30}LyL",,"54677","P","P","1","Caja"
"10/1/2025 1:32 PM","HRJ W3330 MBLE SUP COC 2 PUERTAS 2 ENTREPAÑOS CARB2","D","SIDE L - R16L","762","304.8",,"2","2","0","0",,,"0.45","15",,"0","LxA{0}AyL AxP{0}PyA",,"54676","B","C","1","Caja"
"10/1/2025 1:32 PM","HRJ W3330 MBLE SUP COC 2 PUERTAS 2 ENTREPAÑOS CARB2","C","SIDE R - R16L","762","304.8",,"2","2","0","0",,,"0.45","15",,"0","LxA{0}AyL AxP{0}PyA",,"54675","B","C","1","Caja"
"10/1/2025 1:32 PM","HRJ W3330 MBLE SUP COC 2 PUERTAS 2 ENTREPAÑOS CARB2","B","TAPA - R16L","808.2","304.8",,"2","0","0","0",,,"0.45","15",,"0","LxL{-30}LyL AxP{0}PyA",,"54674","B","C","1","Caja"
"10/1/2025 1:32 PM","HRJ W3330 MBLE SUP COC 2 PUERTAS 2 ENTREPAÑOS CARB2","A","BASE - R16L","808.2","304.8",,"2","0","0","0",,,"0.45","15",,"0","LxL{-30}LyL AxP{0}PyA",,"54673","B","C","1","Caja"
"10/1/2025 7:57 AM","HRJ PC188425 1/2 TK5 1/4 MBL ALACENA COC 2 PUERTAS 5 ENTREPAÑOS CARB2","O","BACKING","1,998.25","441.2",,,,,,,,"0","6",,"0","LxA{-135,35}AyL AxL{-16}LyA",,"54661","F","X","1",
"10/1/2025 7:57 AM","HRJ PC188425 1/2 TK5 1/4 MBL ALACENA COC 2 PUERTAS 5 ENTREPAÑOS CARB2","N","DOOR LOW","1,235.05","454",,"2","2",,,,,"1","18",,"0","LxA{-898,55}AyL AxL{-3,2}LyA",,"54660","C","C","1","Frente"
"10/1/2025 7:57 AM","HRJ PC188425 1/2 TK5 1/4 MBL ALACENA COC 2 PUERTAS 5 ENTREPAÑOS CARB2","M","DOOR UP","758.8","454",,"2","2",,,,,"1","18",,"0","AxL{-3,2}LyA",,"54659","C","C","1","Frente"
"10/1/2025 7:57 AM","HRJ PC188425 1/2 TK5 1/4 MBL ALACENA COC 2 PUERTAS 5 ENTREPAÑOS CARB2","L","SHELF4","426.2","608.6",,,,"2","2",,,"0.45","15",,"0","LxL{-31}LyL AxP{-39,1}PyA",,"54658","P","P","1","Caja"
"10/1/2025 7:57 AM","HRJ PC188425 1/2 TK5 1/4 MBL ALACENA COC 2 PUERTAS 5 ENTREPAÑOS CARB2","K","SHELF3","426.2","608.6",,,,"2","2",,,"0.45","15",,"0","LxL{-31}LyL AxP{-39,1}PyA",,"54657","P","P","1","Caja"
"10/1/2025 7:57 AM","HRJ PC188425 1/2 TK5 1/4 MBL ALACENA COC 2 PUERTAS 5 ENTREPAÑOS CARB2","J","SHELF2","426.2","608.6",,,,"2","2",,,"0.45","15",,"0","LxL{-31}LyL AxP{-39,1}PyA",,"54656","P","P","1","Caja"
"10/1/2025 7:57 AM","HRJ PC188425 1/2 TK5 1/4 MBL ALACENA COC 2 PUERTAS 5 ENTREPAÑOS CARB2","I","SHELF1","426.2","608.6",,,,"2","2",,,"0.45","15",,"0","LxL{-31}LyL AxP{-39,1}PyA",,"54655","P","P","1","Caja"
"10/1/2025 7:57 AM","HRJ PC188425 1/2 TK5 1/4 MBL ALACENA COC 2 PUERTAS 5 ENTREPAÑOS CARB2","H","SHELF0","427.2","623.7",,"2",,"0",,,,"0.45","15",,"0","LxL{-30}LyL AxP{-24}PyA",,"54654","P","P","1","Caja"
"10/1/2025 7:57 AM","HRJ PC188425 1/2 TK5 1/4 MBL ALACENA COC 2 PUERTAS 5 ENTREPAÑOS CARB2","G","RAIL TRASERO","427.2","80",,,,"2",,,,"0.45","15",,"0","LxL{-30}LyL",,"54653","P","P","1","Caja"
"10/1/2025 7:57 AM","HRJ PC188425 1/2 TK5 1/4 MBL ALACENA COC 2 PUERTAS 5 ENTREPAÑOS CARB2","F","RAIL TRASERO","427.2","80",,,,"2",,,,"0.45","15",,"0","LxL{-30}LyL",,"54652","P","P","1","Caja"
"10/1/2025 7:57 AM","HRJ PC188425 1/2 TK5 1/4 MBL ALACENA COC 2 PUERTAS 5 ENTREPAÑOS CARB2","E","RAIL TRASERO","427.2","80",,"0",,"2",,,,"0.45","15",,"0","LxL{-30}LyL",,"54651","P","P","1","Caja"
"10/1/2025 7:57 AM","HRJ PC188425 1/2 TK5 1/4 MBL ALACENA COC 2 PUERTAS 5 ENTREPAÑOS CARB2","D","SIDE L R16L","2,000.25","647.7",,"2","2",,,,,"0.45","15",,"0","LxA{-133,35}AyL AxP{0}PyA",,"54650","B","C","1","Caja"
"10/1/2025 7:57 AM","HRJ PC188425 1/2 TK5 1/4 MBL ALACENA COC 2 PUERTAS 5 ENTREPAÑOS CARB2","C","SIDE R R16L","2,000.25","647.7",,"2","2",,,,,"0.45","15",,"0","LxA{-133,35}AyL AxP{0}PyA",,"54649","B","C","1","Caja"
"10/1/2025 7:57 AM","HRJ PC188425 1/2 TK5 1/4 MBL ALACENA COC 2 PUERTAS 5 ENTREPAÑOS CARB2","B","TAPA","427.2","623.7",,"2",,,,,,"0.45","15",,"0","LxL{-30}LyL AxP{-24}PyA",,"54648","B","C","1","Caja"
"10/1/2025 7:57 AM","HRJ PC188425 1/2 TK5 1/4 MBL ALACENA COC 2 PUERTAS 5 ENTREPAÑOS CARB2","A","BASE","427.2","623.7",,"2",,,,,,"0.45","15",,"0","LxL{-30}LyL AxP{-24}PyA",,"54647","B","C","1","Caja"
"10/1/2025 7:41 AM","HRJ PC128425 1/2 TK4 1/2 MBL ALACENA COC 2 PUERTAS 5 ENTREPAÑOS CARB2","O","BACKING","2,017.3","288.8",,,,,,,,"0","6",,"0","LxA{-116,3}AyL AxL{-16}LyA",,"54646","F","X","1",
"10/1/2025 7:41 AM","HRJ PC128425 1/2 TK4 1/2 MBL ALACENA COC 2 PUERTAS 5 ENTREPAÑOS CARB2","N","DOOR LOW","1,101.7","301.6",,"2",,,,,,"1","18",,"0","LxA{-1031,9}AyL AxL{-3,2}LyA",,"54645","C","C","1","Frente"
"10/1/2025 7:41 AM","HRJ PC128425 1/2 TK4 1/2 MBL ALACENA COC 2 PUERTAS 5 ENTREPAÑOS CARB2","M","DOOR UP","911.2","301.6",,"2","2",,,,,"1","18",,"0","AxL{-3,2}LyA",,"54644","C","C","1","Frente"
"10/1/2025 7:41 AM","HRJ PC128425 1/2 TK4 1/2 MBL ALACENA COC 2 PUERTAS 5 ENTREPAÑOS CARB2","L","SHELF4","273.8","608.6",,,,"2","2",,,"0.45","15",,"0","LxL{-31}LyL AxP{-39,1}PyA",,"54643","P","P","1","Caja"
"10/1/2025 7:41 AM","HRJ PC128425 1/2 TK4 1/2 MBL ALACENA COC 2 PUERTAS 5 ENTREPAÑOS CARB2","K","SHELF3","273.8","608.6",,,,"2","2",,,"0.45","15",,"0","LxL{-31}LyL AxP{-39,1}PyA",,"54642","P","P","1","Caja"
"10/1/2025 7:41 AM","HRJ PC128425 1/2 TK4 1/2 MBL ALACENA COC 2 PUERTAS 5 ENTREPAÑOS CARB2","I","SHELF1","273.8","608.6",,,,"2","2",,,"0.45","15",,"0","LxL{-31}LyL AxP{-39,1}PyA",,"54640","P","P","1","Caja"
"10/1/2025 7:41 AM","HRJ PC128425 1/2 TK4 1/2 MBL ALACENA COC 2 PUERTAS 5 ENTREPAÑOS CARB2","J","SHELF2","273.8","608.6",,,,"2","2",,,"0.45","15",,"0","LxL{-31}LyL AxP{-39,1}PyA",,"54641","P","P","1","Caja"
"10/1/2025 7:41 AM","HRJ PC128425 1/2 TK4 1/2 MBL ALACENA COC 2 PUERTAS 5 ENTREPAÑOS CARB2","H","SHELF0","274.8","623.7",,"2",,"0",,,,"0.45","15",,"0","LxL{-30}LyL AxP{-24}PyA",,"54639","P","P","1","Caja"
"10/1/2025 7:41 AM","HRJ PC128425 1/2 TK4 1/2 MBL ALACENA COC 2 PUERTAS 5 ENTREPAÑOS CARB2","G","RAIL TRASERO","274.8","80",,,,"2",,,,"0.45","15",,"0","LxL{-30}LyL",,"54638","P","P","1","Caja"
"10/1/2025 7:41 AM","HRJ PC128425 1/2 TK4 1/2 MBL ALACENA COC 2 PUERTAS 5 ENTREPAÑOS CARB2","F","RAIL TRASERO","274.8","80",,,,"2",,,,"0.45","15",,"0","LxL{-30}LyL",,"54637","P","P","1","Caja"
"10/1/2025 7:41 AM","HRJ PC128425 1/2 TK4 1/2 MBL ALACENA COC 2 PUERTAS 5 ENTREPAÑOS CARB2","E","RAIL TRASERO","274.8","80",,"0",,"2",,,,"0.45","15",,"0","LxL{-30}LyL",,"54636","P","P","1","Caja"
"10/1/2025 7:41 AM","HRJ PC128425 1/2 TK4 1/2 MBL ALACENA COC 2 PUERTAS 5 ENTREPAÑOS CARB2","D","SIDE L R16L","2,019.3","647.7",,"2","2",,,,,"0.45","15",,"0","LxA{-114,3}AyL AxP{0}PyA",,"54635","B","C","1","Caja"
"10/1/2025 7:41 AM","HRJ PC128425 1/2 TK4 1/2 MBL ALACENA COC 2 PUERTAS 5 ENTREPAÑOS CARB2","C","SIDE R R16L","2,019.3","647.7",,"2","2",,,,,"0.45","15",,"0","LxA{-114,3}AyL AxP{0}PyA",,"54634","B","C","1","Caja"
"10/1/2025 7:41 AM","HRJ PC128425 1/2 TK4 1/2 MBL ALACENA COC 2 PUERTAS 5 ENTREPAÑOS CARB2","B","TAPA","274.8","623.7",,"2",,,,,,"0.45","15",,"0","LxL{-30}LyL AxP{-24}PyA",,"54633","B","C","1","Caja"
"10/1/2025 7:41 AM","HRJ PC128425 1/2 TK4 1/2 MBL ALACENA COC 2 PUERTAS 5 ENTREPAÑOS CARB2","A","BASE","274.8","623.7",,"2",,,,,,"0.45","15",,"0","LxL{-30}LyL AxP{-24}PyA",,"54632","B","C","1","Caja"
"9/30/2025 7:19 PM","HRJ W3014 MBLE SUP COC 2 PUERTAS CARB2","I","BACKING","339.6","746",,"0","0","0","0",,,"0","6",,"0","LxA{-16}AyL LxL{-16}LyL ",,"54631","F","X","1",
"9/30/2025 7:19 PM","HRJ W3014 MBLE SUP COC 2 PUERTAS CARB2","H","DOOR L","352.4","377.8",,"2","2","0","0",,,"1","18",,"0","LxA{-3,2}AyL AxL[0,4958]LyA",,"54630","C","C","1","Frente"
"9/30/2025 7:19 PM","HRJ W3014 MBLE SUP COC 2 PUERTAS CARB2","F","RAIL TRASERO","732","80",,"0","0","2","0",,,"0.45","15",,"0","LxL{-30}LyL",,"54628","P","P","1","Caja"
"9/30/2025 7:19 PM","HRJ W3014 MBLE SUP COC 2 PUERTAS CARB2","G","DOOR R","352.4","377.8",,"2","2","0","0",,,"1","18",,"0","LxA{-3,2}AyL AxL[0,4958]LyA",,"54629","C","C","1","Frente"
"9/30/2025 7:19 PM","HRJ W3014 MBLE SUP COC 2 PUERTAS CARB2","E","RAIL TRASERO","732","80",,"0","0","2","0",,,"0.45","15",,"0","LxL{-30}LyL",,"54627","P","P","1","Caja"
"9/30/2025 7:19 PM","HRJ W3014 MBLE SUP COC 2 PUERTAS CARB2","D","SIDE L - R16L","355.6","304.8",,"2","2","0","0",,,"0.45","15",,"0","LxA{0}AyL AxP{0}PyA",,"54626","B","C","1","Caja"
"9/30/2025 7:19 PM","HRJ W3014 MBLE SUP COC 2 PUERTAS CARB2","C","SIDE R - R16L","355.6","304.8",,"2","2","0","0",,,"0.45","15",,"0","LxA{0}AyL AxP{0}PyA",,"54625","B","C","1","Caja"
"9/30/2025 7:19 PM","HRJ W3014 MBLE SUP COC 2 PUERTAS CARB2","B","TAPA - R16L","732","304.8",,"2","0","0","0",,,"0.45","15",,"0","LxL{-30}LyL AxP{0}PyA",,"54624","B","C","1","Caja"
"9/30/2025 7:19 PM","HRJ W3014 MBLE SUP COC 2 PUERTAS CARB2","A","BASE - R16L","732","304.8",,"2","0","0","0",,,"0.45","15",,"0","LxL{-30}LyL AxP{0}PyA",,"54623","B","C","1","Caja"
"9/30/2025 6:46 PM","HRJ USBFDR3028 1/2 MBLE INF LVP 2 PUERTAS REMOVIBLE CARB2","K","BACKING","607.9","746",,"0","0","0","0",,,"0","6",,"0","LxA{-116}AyL AxL{-16}LyA",,"54622","F","X","1",
"9/30/2025 6:46 PM","HRJ USBFDR3028 1/2 MBLE INF LVP 2 PUERTAS REMOVIBLE CARB2","J","DOOR L","720.7","377.8",,"2","2","0","0",,,"1","18",,"0","LxA{-3,2}AyL AxL[0,4958]LyA",,"54621","C","C","1","Frente"
"9/30/2025 6:46 PM","HRJ USBFDR3028 1/2 MBLE INF LVP 2 PUERTAS REMOVIBLE CARB2","I","DOOR R","720.7","377.8",,"2","2","0","0",,,"1","18",,"0","LxA{-3,2}AyL AxL[0,4958]LyA",,"54620","C","C","1","Frente"
"9/30/2025 6:46 PM","HRJ USBFDR3028 1/2 MBLE INF LVP 2 PUERTAS REMOVIBLE CARB2","H","RAIL TRASERO","732","114.3",,"0","0","2","0",,,"0.45","15",,"0","LxL{-30}LyL",,"54619","P","P","1","Caja"
"9/30/2025 6:46 PM","HRJ USBFDR3028 1/2 MBLE INF LVP 2 PUERTAS REMOVIBLE CARB2","G","RAIL TRASERO","732","80",,"0","0","2","0",,,"0.45","15",,"0","LxL{-30}LyL",,"54618","P","P","1","Caja"
"9/30/2025 6:46 PM","HRJ USBFDR3028 1/2 MBLE INF LVP 2 PUERTAS REMOVIBLE CARB2","F","RAIL TRASERO","732","80",,"0","0","2","0",,,"0.45","15",,"0","LxL{-30}LyL",,"54617","P","P","1","Caja"
"9/30/2025 6:46 PM","HRJ USBFDR3028 1/2 MBLE INF LVP 2 PUERTAS REMOVIBLE CARB2","E","RAIL DELANTERO","732","80",,"2","0","0","0",,,"0.45","15",,"0","LxL{-30}LyL","ENCHAPE COLOR","54616","P","C","1","Caja"
"9/30/2025 6:46 PM","HRJ USBFDR3028 1/2 MBLE INF LVP 2 PUERTAS REMOVIBLE CARB2","D","RAIL DELANTERO","732","146.05",,"2","0","0","0",,,"0.45","15",,"0","LxL{-30}LyL",,"54615","B","C","1","Caja"
"9/30/2025 6:46 PM","HRJ USBFDR3028 1/2 MBLE INF LVP 2 PUERTAS REMOVIBLE CARB2","C","SIDE L - R17L762","762","609.6",,"2","2","0","0",,,"0.45","15",,"0","AxP{0}PyA",,"54614","B","C","1","Caja"
"9/30/2025 6:46 PM","HRJ USBFDR3028 1/2 MBLE INF LVP 2 PUERTAS REMOVIBLE CARB2","B","SIDE R - R17L762","762","609.6",,"2","2","0","0",,,"0.45","15",,"0","AxP{0}PyA",,"54613","B","C","1","Caja"
"9/30/2025 6:46 PM","HRJ USBFDR3028 1/2 MBLE INF LVP 2 PUERTAS REMOVIBLE CARB2","A","BASE","732","594.6",,"2","0","0","0",,,"0.45","15",,"0","LxL{-30}LyL AxP{-15}PyA",,"54612","B","C","1","Caja"
"9/26/2025 5:13 PM","HRJ POD23 MUEBLE CAJÓN","H","FRENTE GAVETA","149.2","581",,"2","2","0","0",,,"0.45","15",,"0","LxA{-3,2}AyL AxL{-3,2}LyA",,"54596","P","P","1","Caja"
"9/26/2025 5:13 PM","HRJ POD23 MUEBLE CAJÓN","G","TRASERO GAVETA","467.2","68",,"0","0","1","0",,,"0.45","15",,"0","LxL{-117}LyL",,"54595","P","P","1","Caja"
"9/26/2025 5:13 PM","HRJ POD23 MUEBLE CAJÓN","F","FONDO GAVETA","479.2","441",,"0","0","2","0",,,"0.45","15",,"0","LxL{-105}LyL",,"54594","P","P","1","Caja"
"9/26/2025 5:13 PM","HRJ POD23 MUEBLE CAJÓN","E","RAIL TRASERO","554.2","80",,"0","0","2","0",,,"0.45","15",,"0","LxL{-30}LyL",,"54593","P","P","1","Caja"
"9/26/2025 5:13 PM","HRJ POD23 MUEBLE CAJÓN","D","RAIL TRASERO","554.2","80",,"0","0","2","0",,,"0.45","15",,"0","LxL{-30}LyL",,"54592","P","P","1","Caja"
"9/26/2025 5:13 PM","HRJ POD23 MUEBLE CAJÓN","C","RAIL TRASERO","554.2","152.4",,"2","0","0","0",,,"0.45","15",,"0","LxL{-30}LyL AxA{0}AyA",,"54591","P","P","1","Caja"
"9/26/2025 5:13 PM","HRJ POD23 MUEBLE CAJÓN","A","SIDE R","152.4","482.6",,"2","2","0","0",,,"0.45","15",,"0","LxA{0}AyL AxP{0}PyA",,"54589","P","P","1","Caja"
"9/26/2025 5:13 PM","HRJ POD23 MUEBLE CAJÓN","B","SIDE L","152.4","482.6",,"2","2","0","0",,,"0.45","15",,"0","LxA{0}AyL AxP{0}PyA",,"54590","P","P","1","Caja"
"9/26/2025 5:10 PM","HRJ USVFD NR2728 1/2 MBLE INF LVM 2 PUERTAS CARB2","I","BACKING","721.9","669.8",,"0","0","0","0",,,"0","6",,"0","LxA{-2}AyL AxL{-16}LyA",,"54588","F","X","1",
"9/26/2025 5:10 PM","HRJ USVFD NR2728 1/2 MBLE INF LVM 2 PUERTAS CARB2","H","DOOR L","720.7","339.7",,"2","2","0","0",,,"1","18",,"0","LxA{-3,2}AyL AxL[0,49533]LyA",,"54587","C","C","1","Frente"
"9/26/2025 5:10 PM","HRJ USVFD NR2728 1/2 MBLE INF LVM 2 PUERTAS CARB2","G","DOOR R","720.7","339.7",,"2","2","0","0",,,"1","18",,"0","LxA{-3,2}AyL AxL[0,49533]LyA",,"54586","C","C","1","Frente"
"9/26/2025 5:10 PM","HRJ USVFD NR2728 1/2 MBLE INF LVM 2 PUERTAS CARB2","F","RAIL TRASERO","655.8","80",,"0","0","2","0",,,"0.45","15",,"0","LxL{-30}LyL",,"54585","P","P","1","Caja"
"9/26/2025 5:10 PM","HRJ USVFD NR2728 1/2 MBLE INF LVM 2 PUERTAS CARB2","E","RAIL TRASERO","655.8","80",,"0","0","2","0",,,"0.45","15",,"0","LxL{-30}LyL",,"54584","P","P","1","Caja"
"9/26/2025 5:10 PM","HRJ USVFD NR2728 1/2 MBLE INF LVM 2 PUERTAS CARB2","D","RAIL DELANTERO","655.8","96",,"2","0","0","0",,,"0.45","15",,"0","LxL{-30}LyL",,"54583","B","C","1","Caja"
"9/26/2025 5:10 PM","HRJ USVFD NR2728 1/2 MBLE INF LVM 2 PUERTAS CARB2","C","SIDE L - R17L762","723.9","533.4",,"2","2","0","0",,,"0.45","15",,"0","LxA{0}AyL AxP{0}PyA",,"54582","B","C","1","Caja"
"9/26/2025 5:10 PM","HRJ USVFD NR2728 1/2 MBLE INF LVM 2 PUERTAS CARB2","B","SIDE R - R17L762","723.9","533.4",,"2","2","0","0",,,"0.45","15",,"0","LxA{0}AyL AxP{0}PyA",,"54581","B","C","1","Caja"
"9/26/2025 5:10 PM","HRJ USVFD NR2728 1/2 MBLE INF LVM 2 PUERTAS CARB2","A","BASE","655.8","509.4",,"2","0","0","0",,,"0.45","15",,"0","LxL{-30}LyL AxP{-24}PyA",,"54580","B","C","1","Caja"
"9/26/2025 5:08 PM","HRJ SBFD30 MBLE INF LVP 2 PUERTAS CARB2","I","BACKING","760","746",,"0","0","0","0",,,"0","6",,"0","LxA{-2}AyL AxL{-16}LyA",,"54579","F","X","1",
"9/26/2025 5:08 PM","HRJ SBFD30 MBLE INF LVP 2 PUERTAS CARB2","H","DOOR L","758.8","377.8",,"2","2","0","0",,,"1","18",,"0","LxA{-3,2}AyL AxL[0,4958]LyA",,"54578","C","C","1","Frente"
"9/26/2025 5:08 PM","HRJ SBFD30 MBLE INF LVP 2 PUERTAS CARB2","G","DOOR R","758.8","377.8",,"2","2","0","0",,,"1","18",,"0","LxA{-3,2}AyL AxL[0,4958]LyA",,"54577","C","C","1","Frente"
"9/26/2025 5:07 PM","HRJ SBFD30 MBLE INF LVP 2 PUERTAS CARB2","F","RAIL TRASERO","732","80",,"0","0","2","0",,,"0.45","15",,"0","LxL{-30}LyL",,"54576","P","P","1","Caja"
"9/26/2025 5:07 PM","HRJ SBFD30 MBLE INF LVP 2 PUERTAS CARB2","E","RAIL TRASERO","732","80",,"0","0","2","0",,,"0.45","15",,"0","LxL{-30}LyL",,"54575","P","P","1","Caja"
"9/26/2025 5:07 PM","HRJ SBFD30 MBLE INF LVP 2 PUERTAS CARB2","D","RAIL DELANTERO","732","128",,"2","0","0","0",,,"0.45","15",,"0","LxL{-30}LyL",,"54574","B","C","1","Caja"
"9/26/2025 5:07 PM","HRJ SBFD30 MBLE INF LVP 2 PUERTAS CARB2","C","SIDE L - R17L762","762","609.6",,"2","2","0","0",,,"0.45","15",,"0","LxA{0}AyL AxP{0}PyA",,"54573","B","C","1","Caja"
"9/26/2025 5:07 PM","HRJ SBFD30 MBLE INF LVP 2 PUERTAS CARB2","B","SIDE R - R17L762","762","609.6",,"2","2","0","0",,,"0.45","15",,"0","LxA{0}AyL AxP{0}PyA",,"54572","B","C","1","Caja"
"9/26/2025 5:07 PM","HRJ SBFD30 MBLE INF LVP 2 PUERTAS CARB2","A","BASE","732","585.6",,"2","0","0","0",,,"0.45","15",,"0","LxL{-30}LyL AxP{-24}PyA",,"54571","B","C","1","Caja"
"9/26/2025 5:05 PM","HRJ POD26 MUEBLE CAJÓN","H","FRENTE GAVETA","149.2","657.2",,"2","2","0","0",,,"0.45","15",,"0","LxA{-3,2}AyL AxL{-3,2}LyA",,"54561","P","P","1","Caja"
"9/26/2025 5:05 PM","HRJ POD26 MUEBLE CAJÓN","G","TRASERO GAVETA","543.4","68",,"0","0","1","0",,,"0.45","15",,"0","LxL{-117}LyL",,"54560","P","P","1","Caja"
"9/26/2025 5:05 PM","HRJ POD26 MUEBLE CAJÓN","F","FONDO GAVETA","555.4","365",,"0","0","2","0",,,"0.45","15",,"0","LxL{-105}LyL AxP{-117,6}PyA",,"54559","P","P","1","Caja"
"9/26/2025 5:05 PM","HRJ POD26 MUEBLE CAJÓN","E","RAIL TRASERO","630.4","80",,"0","0","2","0",,,"0.45","15",,"0","LxL{-30}LyL",,"54558","P","P","1","Caja"
"9/26/2025 5:05 PM","HRJ POD26 MUEBLE CAJÓN","D","RAIL TRASERO","630.4","80",,"0","0","2","0",,,"0.45","15",,"0","LxL{-30}LyL",,"54557","P","P","1","Caja"
"9/26/2025 5:05 PM","HRJ POD26 MUEBLE CAJÓN","C","RAIL TRASERO","630.4","152.4",,"2","0","0","0",,,"0.45","15",,"0","LxL{-30}LyL AxA{0}AyA",,"54556","P","P","1","Caja"
"9/26/2025 5:05 PM","HRJ POD26 MUEBLE CAJÓN","B","SIDE L","152.4","482.6",,"2","2","0","0",,,"0.45","15",,"0","LxA{0}AyL AxP{0}PyA",,"54555","P","P","1","Caja"
"9/26/2025 5:05 PM","HRJ POD26 MUEBLE CAJÓN","A","SIDE R","152.4","482.6",,"2","2","0","0",,,"0.45","15",,"0","LxA{0}AyL AxP{0}PyA",,"54554","P","P","1","Caja"
"9/26/2025 5:03 PM","HRJ USVFD NR3028 1/2 MBLE INF LVM 2 PUERTAS CARB2","I","BACKING","721.9","746",,"0","0","0","0",,,"0","6",,"0","LxA{-2}AyL AxL{-16}LyA",,"54538","F","X","1",
"9/26/2025 5:03 PM","HRJ USVFD NR3028 1/2 MBLE INF LVM 2 PUERTAS CARB2","H","DOOR L","720.7","377.8",,"2","2","0","0",,,"1","18",,"0","LxA{-3,2}AyL AxL[0,49580]LyA",,"54537","C","C","1","Frente"
"9/26/2025 5:03 PM","HRJ USVFD NR3028 1/2 MBLE INF LVM 2 PUERTAS CARB2","G","DOOR R","720.7","377.8",,"2","2","0","0",,,"1","18",,"0","LxA{-3,2}AyL AxL[0,49580]LyA",,"54536","C","C","1","Frente"
"9/26/2025 5:03 PM","HRJ USVFD NR3028 1/2 MBLE INF LVM 2 PUERTAS CARB2","F","RAIL TRASERO","732","80",,"0","0","2","0",,,"0.45","15",,"0","LxL{-30}LyL",,"54535","P","P","1","Caja"
"9/26/2025 5:03 PM","HRJ USVFD NR3028 1/2 MBLE INF LVM 2 PUERTAS CARB2","E","RAIL TRASERO","732","80",,"0","0","2","0",,,"0.45","15",,"0","LxL{-30}LyL",,"54534","P","P","1","Caja"
"9/26/2025 5:03 PM","HRJ USVFD NR3028 1/2 MBLE INF LVM 2 PUERTAS CARB2","D","RAIL DELANTERO","732","96",,"2","0","0","0",,,"0.45","15",,"0","LxL{-30}LyL",,"54533","B","C","1","Caja"
"9/26/2025 5:03 PM","HRJ USVFD NR3028 1/2 MBLE INF LVM 2 PUERTAS CARB2","C","SIDE L - R17L762","723.9","533.4",,"2","2","0","0",,,"0.45","15",,"0","LxA{0}AyL AxP{0}PyA",,"54532","B","C","1","Caja"
"9/26/2025 5:03 PM","HRJ USVFD NR3028 1/2 MBLE INF LVM 2 PUERTAS CARB2","B","SIDE R - R17L762","723.9","533.4",,"2","2","0","0",,,"0.45","15",,"0","LxA{0}AyL AxP{0}PyA",,"54531","B","C","1","Caja"
"9/26/2025 5:03 PM","HRJ USVFD NR3028 1/2 MBLE INF LVM 2 PUERTAS CARB2","A","BASE","732","509.4",,"2","0","0","0",,,"0.45","15",,"0","LxL{-30}LyL AxP{-24}PyA",,"54530","B","C","1","Caja"
"9/26/2025 4:38 PM","HRJ W3012 MBLE SUP COC 2 PUERTAS CARB2","J","DOOR L","301.6","377.8",,"2","2",,,,,"1","18",,"0","LxA{-3,2}AyL AxL[0,495800]LyA",,"54498","C","C","1","Frente"
"9/26/2025 4:38 PM","HRJ W3012 MBLE SUP COC 2 PUERTAS CARB2","K","BACKING","288.8","746",,"0","0","0","0",,,"0","6",,"0","LxA{-16}AyL AxL{-16}LyA",,"54497","F","X","1",
"9/26/2025 4:38 PM","HRJ W3012 MBLE SUP COC 2 PUERTAS CARB2","I","DOOR R","301.6","377.8",,"2","2","0","0",,,"1","18",,"0","LxA{-3,2}AyL AxL[0,495800]LyA",,"54496","C","C","1","Frente"
"9/26/2025 4:38 PM","HRJ W3012 MBLE SUP COC 2 PUERTAS CARB2","F","RAIL TRASERO","732","80",,"0","0","2","0",,,"0.45","15",,"0","LxL{-30}LyL",,"54495","P","P","1","Caja"
"9/26/2025 4:38 PM","HRJ W3012 MBLE SUP COC 2 PUERTAS CARB2","E","RAIL TRASERO","732","80",,"0","0","2","0",,,"0.45","15",,"0","LxL{-30}LyL",,"54494","P","P","1","Caja"
"9/26/2025 4:38 PM","HRJ W3012 MBLE SUP COC 2 PUERTAS CARB2","D","SIDE L - R16L","304.8","304.8",,"2","2","0","0",,,"0.45","15",,"0","LxA{0}AyL AxP{0}PyA",,"54493","B","C","1","Caja"
"9/26/2025 4:38 PM","HRJ W3012 MBLE SUP COC 2 PUERTAS CARB2","C","SIDE R - R16L","304.8","304.8",,"2","2","0","0",,,"0.45","15",,"0","LxA{0}AyL AxP{0}PyA",,"54492","B","C","1","Caja"
"9/26/2025 4:38 PM","HRJ W3012 MBLE SUP COC 2 PUERTAS CARB2","B","TAPA - R16L","732","304.8",,"2","0","0","0",,,"0.45","15",,"0","LxL{-30}LyL AxP{0}PyA",,"54491","B","C","1","Caja"
"9/26/2025 4:38 PM","HRJ W3012 MBLE SUP COC 2 PUERTAS CARB2","A","BASE - R16L","732","304.8",,"2","0","0","0",,,"0.45","15",,"0","LxL{-30}LyL AxP{0}PyA",,"54490","B","C","1","Caja"
"9/26/2025 4:37 PM","HRJ W2430 MBLE SUP COC 2 PUERTAS 2 ENTREPAÑOS CARB2","J","DOOR L","758.8","301.6",,"2","2",,,,,"1","18",,"0","LxA{-3,2}AyL AxL[0,49475]LyA",,"54489","C","C","1","Frente"
"9/26/2025 4:37 PM","HRJ W2430 MBLE SUP COC 2 PUERTAS 2 ENTREPAÑOS CARB2","K","BACKING","746","593.6",,"0","0","0","0",,,"0","6",,"0","LxA{-16}AyL AxL{-16}LyA",,"54488","F","X","1",
"9/26/2025 4:37 PM","HRJ W2430 MBLE SUP COC 2 PUERTAS 2 ENTREPAÑOS CARB2","I","DOOR R","758.8","301.6",,"2","2","0","0",,,"1","18",,"0","LxA{-3,2}AyL AxL[0,49475]LyA",,"54487","C","C","1","Frente"
"9/26/2025 4:37 PM","HRJ W2430 MBLE SUP COC 2 PUERTAS 2 ENTREPAÑOS CARB2","H","SHELF 2","578.6","266.7",,"0","0","2","2",,,"0.45","15",,"0","LxL{-31}LyL",,"54486","P","P","1","Caja"
"9/26/2025 4:37 PM","HRJ W2430 MBLE SUP COC 2 PUERTAS 2 ENTREPAÑOS CARB2","G","SHELF 1","578.6","266.7",,"0","0","2","2",,,"0.45","15",,"0","LxL{-31}LyL",,"54485","P","P","1","Caja"
"9/26/2025 4:37 PM","HRJ W2430 MBLE SUP COC 2 PUERTAS 2 ENTREPAÑOS CARB2","F","RAIL TRASERO","579.6","80",,"0","0","2","0",,,"0.45","15",,"0","LxL{-30}LyL",,"54484","P","P","1","Caja"
"9/26/2025 4:37 PM","HRJ W2430 MBLE SUP COC 2 PUERTAS 2 ENTREPAÑOS CARB2","E","RAIL TRASERO","579.6","80",,"0","0","2","0",,,"0.45","15",,"0","LxL{-30}LyL",,"54483","P","P","1","Caja"
"9/26/2025 4:37 PM","HRJ W2430 MBLE SUP COC 2 PUERTAS 2 ENTREPAÑOS CARB2","D","SIDE L - R16L","762","304.8",,"2","2","0","0",,,"0.45","15",,"0","LxA{0}AyL AxP{0}PyA",,"54482","B","C","1","Caja"
"9/26/2025 4:37 PM","HRJ W2430 MBLE SUP COC 2 PUERTAS 2 ENTREPAÑOS CARB2","C","SIDE R - R16L","762","304.8",,"2","2","0","0",,,"0.45","15",,"0","LxA{0}AyL AxP{0}PyA",,"54481","B","C","1","Caja"
"9/26/2025 4:36 PM","HRJ W2430 MBLE SUP COC 2 PUERTAS 2 ENTREPAÑOS CARB2","B","TAPA - R16L","579.6","304.8",,"2","0","0","0",,,"0.45","15",,"0","LxL{-30}LyL AxP{0}PyA",,"54480","B","C","1","Caja"
"9/26/2025 4:36 PM","HRJ W2430 MBLE SUP COC 2 PUERTAS 2 ENTREPAÑOS CARB2","A","BASE - R16L","579.6","304.8",,"2","0","0","0",,,"0.45","15",,"0","LxL{-30}LyL AxP{0}PyA",,"54479","B","C","1","Caja"
"9/26/2025 4:24 PM","HRJ POD32615 3/4 MUEBLE CAJÓN","H","FRENTE GAVETA","149.2","809.6",,"2","2","0","0",,,"0.45","15",,"0","LxA{-3,2}AyL AxL{-3,2}LyA",,"54469","P","P","1","Caja"
"9/26/2025 4:24 PM","HRJ POD32615 3/4 MUEBLE CAJÓN","G","TRASERO GAVETA","695.8","68",,"0","0","1","0",,,"0.45","15",,"0","LxL{-117}LyL",,"54468","P","P","1","Caja"
"9/26/2025 4:24 PM","HRJ POD32615 3/4 MUEBLE CAJÓN","F","FONDO GAVETA","707.8","282.45",,"0","0","2","0",,,"0.45","15",,"0","LxL{-105}LyL AxP{-117,6}PyA",,"54467","P","P","1","Caja"
"9/26/2025 4:24 PM","HRJ POD32615 3/4 MUEBLE CAJÓN","E","RAIL TRASERO","782.8","80",,"0","0","2","0",,,"0.45","15",,"0","LxL{-30}LyL",,"54466","P","P","1","Caja"
"9/26/2025 4:24 PM","HRJ POD32615 3/4 MUEBLE CAJÓN","D","RAIL TRASERO","782.8","80",,"0","0","2","0",,,"0.45","15",,"0","LxL{-30}LyL",,"54465","P","P","1","Caja"
"9/26/2025 4:24 PM","HRJ POD32615 3/4 MUEBLE CAJÓN","C","RAIL TRASERO","782.8","152.4",,"2","0","0","0",,,"0.45","15",,"0","LxL{-30}LyL AxA{0}AyA",,"54464","P","P","1","Caja"
"9/26/2025 4:24 PM","HRJ POD32615 3/4 MUEBLE CAJÓN","B","SIDE L","152.4","400.05",,"2","2","0","0",,,"0.45","15",,"0","LxA{0}AyL AxP{0}PyA",,"54463","P","P","1","Caja"
"9/26/2025 4:24 PM","HRJ POD32615 3/4 MUEBLE CAJÓN","A","SIDE R","152.4","400.05",,"2","2","0","0",,,"0.45","15",,"0","LxA{0}AyL AxP{0}PyA",,"54462","P","P","1","Caja"
"9/26/2025 3:33 PM","HRJ W31 1/228 MBLE SUP COC 2 PUERTAS 2 ENTREPAÑOS CARB2","J","DOOR L","708","396.85",,"2","2",,,,,"1","18",,"0","LxA{-3,2}AyL AxL[0,49600]LyA",,"54446","C","C","1","Frente"
"9/26/2025 3:33 PM","HRJ W31 1/228 MBLE SUP COC 2 PUERTAS 2 ENTREPAÑOS CARB2","K","BACKING","695.2","784.1",,"0","0","0","0",,,"0","6",,"0","LxA{-16}AyL AxL{-16}LyA",,"54445","F","X","1",
"9/26/2025 3:33 PM","HRJ W31 1/228 MBLE SUP COC 2 PUERTAS 2 ENTREPAÑOS CARB2","I","DOOR R","708","396.85",,"2","2","0","0",,,"1","18",,"0","LxA{-3,2}AyL AxL[0,49600]LyA",,"54444","C","C","1","Frente"
"9/26/2025 3:33 PM","HRJ W31 1/228 MBLE SUP COC 2 PUERTAS 2 ENTREPAÑOS CARB2","H","SHELF 2","769.1","266.7",,"0","0","2","2",,,"0.45","15",,"0","LxL{-31}LyL",,"54443","P","P","1","Caja"
"9/26/2025 3:33 PM","HRJ W31 1/228 MBLE SUP COC 2 PUERTAS 2 ENTREPAÑOS CARB2","G","SHELF 1","769.1","266.7",,"0","0","2","2",,,"0.45","15",,"0","LxL{-31}LyL",,"54442","P","P","1","Caja"
"9/26/2025 3:33 PM","HRJ W31 1/228 MBLE SUP COC 2 PUERTAS 2 ENTREPAÑOS CARB2","F","RAIL TRASERO","770.1","80",,"0","0","2","0",,,"0.45","15",,"0","LxL{-30}LyL",,"54441","P","P","1","Caja"
"9/26/2025 3:33 PM","HRJ W31 1/228 MBLE SUP COC 2 PUERTAS 2 ENTREPAÑOS CARB2","E","RAIL TRASERO","770.1","80",,"0","0","2","0",,,"0.45","15",,"0","LxL{-30}LyL",,"54440","P","P","1","Caja"
"9/26/2025 3:33 PM","HRJ W31 1/228 MBLE SUP COC 2 PUERTAS 2 ENTREPAÑOS CARB2","D","SIDE L - R16L","711.2","304.8",,"2","2","0","0",,,"0.45","15",,"0","LxA{0}AyL AxP{0}PyA",,"54439","B","C","1","Caja"
"9/26/2025 3:33 PM","HRJ W31 1/228 MBLE SUP COC 2 PUERTAS 2 ENTREPAÑOS CARB2","C","SIDE R - R16L","711.2","304.8",,"2","2","0","0",,,"0.45","15",,"0","LxA{0}AyL AxP{0}PyA",,"54438","B","C","1","Caja"
"9/26/2025 3:33 PM","HRJ W31 1/228 MBLE SUP COC 2 PUERTAS 2 ENTREPAÑOS CARB2","B","TAPA - R16L","770.1","304.8",,"2","0","0","0",,,"0.45","15",,"0","LxL{-30}LyL AxP{0}PyA",,"54437","B","C","1","Caja"
"9/26/2025 3:33 PM","HRJ W31 1/228 MBLE SUP COC 2 PUERTAS 2 ENTREPAÑOS CARB2","A","BASE - R16L","770.1","304.8",,"2","0","0","0",,,"0.45","15",,"0","LxL{-30}LyL AxP{0}PyA",,"54436","B","C","1","Caja"
"9/26/2025 3:32 PM","HRJ W3020 MBLE SUP COC 2 PUERTAS 1 ENTREPAÑO CARB2","J","BACKING","492","746",,"0","0","0","0",,,"0","6",,"0","LxA{-16}AyL AxL{-16}LyA",,"54435","F","X","1",
"9/26/2025 3:32 PM","HRJ W3020 MBLE SUP COC 2 PUERTAS 1 ENTREPAÑO CARB2","I","DOOR L","504.8","377.8",,"2","2","0","0",,,"1","18",,"0","LxA{-3,2}AyL AxL[0,4958]LyA",,"54434","C","C","1","Frente"
"9/26/2025 3:32 PM","HRJ W3020 MBLE SUP COC 2 PUERTAS 1 ENTREPAÑO CARB2","H","DOOR R","504.8","377.8",,"2","2","0","0",,,"1","18",,"0","LxA{-3,2}AyL AxL[0,4958]LyA",,"54433","C","C","1","Frente"
"9/26/2025 3:32 PM","HRJ W3020 MBLE SUP COC 2 PUERTAS 1 ENTREPAÑO CARB2","F","RAIL TRASERO","732","80",,"0","0","2","0",,,"0.45","15",,"0","LxL{-30}LyL",,"54431","P","P","1","Caja"
"9/26/2025 3:32 PM","HRJ W3020 MBLE SUP COC 2 PUERTAS 1 ENTREPAÑO CARB2","G","SHELF 1","731","266.7",,"0","0","2","2",,,"0.45","15",,"0","LxL{-31}LyL",,"54432","P","P","1","Caja"
"9/26/2025 3:32 PM","HRJ W3020 MBLE SUP COC 2 PUERTAS 1 ENTREPAÑO CARB2","E","RAIL TRASERO","732","80",,"0","0","2","0",,,"0.45","15",,"0","LxL{-30}LyL",,"54430","P","P","1","Caja"
"9/26/2025 3:32 PM","HRJ W3020 MBLE SUP COC 2 PUERTAS 1 ENTREPAÑO CARB2","D","SIDE L - R16L","508","304.8",,"2","2","0","0",,,"0.45","15",,"0","LxA{0}AyL AxP{0}PyA",,"54429","B","C","1","Caja"
"9/26/2025 3:32 PM","HRJ W3020 MBLE SUP COC 2 PUERTAS 1 ENTREPAÑO CARB2","C","SIDE R - R16L","508","304.8",,"2","2","0","0",,,"0.45","15",,"0","LxA{0}AyL AxP{0}PyA",,"54428","B","C","1","Caja"
"9/26/2025 3:32 PM","HRJ W3020 MBLE SUP COC 2 PUERTAS 1 ENTREPAÑO CARB2","B","TAPA-R16L","732","304.8",,"2","0","0","0",,,"0.45","15",,"0","LxL{-30}LyL AxP{0}PyA",,"54427","B","C","1","Caja"
"9/26/2025 3:32 PM","HRJ W3020 MBLE SUP COC 2 PUERTAS 1 ENTREPAÑO CARB2","A","BASE - R16L","732","304.8",,"2","0","0","0",,,"0.45","15",,"0","LxL{-30}LyL AxP{0}PyA",,"54426","B","C","1","Caja"
"9/26/2025 3:29 PM","HRJ UW30 3/436 MBLE SUP COC 2 PUERTAS 3 ENTREPAÑOS OPEN SHELF CARB2","L","BACKING","898.4","765.05",,"0","0","0","0",,,"0","6",,"0","LxA{-16}AyL AxL{-16}LyA",,"54416","F","X","1",
"9/26/2025 3:29 PM","HRJ UW30 3/436 MBLE SUP COC 2 PUERTAS 3 ENTREPAÑOS OPEN SHELF CARB2","K","DOOR L","715.22","387.32",,"2","2",,,,,"1","18",,"0","LxA{-199,18}AyL AxL[0,495902]LyA",,"54415","C","C","1","Frente"
"9/26/2025 3:29 PM","HRJ UW30 3/436 MBLE SUP COC 2 PUERTAS 3 ENTREPAÑOS OPEN SHELF CARB2","J","DOOR R","715.22","387.32",,"2","2","0","0",,,"1","18",,"0","LxA{-199,18}AyL AxL[0,495902]LyA",,"54414","C","C","1","Frente"
"9/26/2025 3:29 PM","HRJ UW30 3/436 MBLE SUP COC 2 PUERTAS 3 ENTREPAÑOS OPEN SHELF CARB2","I","SHELF 2","750.05","266.7",,"0","0","2","2",,,"0.45","15",,"0","LxL{-31}LyL",,"54413","P","P","1","Caja"
"9/26/2025 3:29 PM","HRJ UW30 3/436 MBLE SUP COC 2 PUERTAS 3 ENTREPAÑOS OPEN SHELF CARB2","H","SHELF 1","750.05","266.7",,"0","0","2","2",,,"0.45","15",,"0","LxL{-31}LyL",,"54412","P","P","1","Caja"
"9/26/2025 3:29 PM","HRJ UW30 3/436 MBLE SUP COC 2 PUERTAS 3 ENTREPAÑOS OPEN SHELF CARB2","G","SHELF 0","751.05","281.8",,"2",,"0","0",,,"0.45","15",,"0","LxL{-30}LyL",,"54411","P","C","1","Caja"
"9/26/2025 3:29 PM","HRJ UW30 3/436 MBLE SUP COC 2 PUERTAS 3 ENTREPAÑOS OPEN SHELF CARB2","F","RAIL TRASERO","751.05","80",,"0","0","2","0",,,"0.45","15",,"0","LxL{-30}LyL",,"54410","P","P","1","Caja"
"9/26/2025 3:29 PM","HRJ UW30 3/436 MBLE SUP COC 2 PUERTAS 3 ENTREPAÑOS OPEN SHELF CARB2","E","RAIL TRASERO","751.05","80",,"0","0","2","0",,,"0.45","15",,"0","LxL{-30}LyL",,"54409","P","P","1","Caja"
"9/26/2025 3:29 PM","HRJ UW30 3/436 MBLE SUP COC 2 PUERTAS 3 ENTREPAÑOS OPEN SHELF CARB2","D","SIDE L - R16L","914.4","304.8",,"2","2","0","0",,,"0.45","15",,"0","LxA{0}AyL AxP{0}PyA",,"54408","B","C","1","Caja"
"9/26/2025 3:29 PM","HRJ UW30 3/436 MBLE SUP COC 2 PUERTAS 3 ENTREPAÑOS OPEN SHELF CARB2","C","SIDE R - R16L","914.4","304.8",,"2","2","0","0",,,"0.45","15",,"0","LxA{0}AyL AxP{0}PyA",,"54407","B","C","1","Caja"
"9/26/2025 3:29 PM","HRJ UW30 3/436 MBLE SUP COC 2 PUERTAS 3 ENTREPAÑOS OPEN SHELF CARB2","B","TAPA - R16L","751.05","304.8",,"2","0","0","0",,,"0.45","15",,"0","LxL{-30}LyL AxP{0}PyA",,"54406","B","C","1","Caja"
"9/26/2025 3:29 PM","HRJ UW30 3/436 MBLE SUP COC 2 PUERTAS 3 ENTREPAÑOS OPEN SHELF CARB2","A","BASE - R16L","751.05","304.8",,"2","0","0","0",,,"0.45","15",,"0","LxL{-30}LyL AxP{0}PyA",,"54405","B","C","1","Caja"
"9/26/2025 3:13 PM","HRJ UW1336 MBLE SUP COC 1 PUERTA 3 ENTREPAÑOS OPEN SHELF CARB2","K","BACKING","898.4","314.2",,"0","0","0","0",,,"0","6",,"0","LxA{-16}AyL AxL{-16}LyA",,"54392","F","X","1",
"9/26/2025 3:13 PM","HRJ UW1336 MBLE SUP COC 1 PUERTA 3 ENTREPAÑOS OPEN SHELF CARB2","J","DOOR ","715.22","327",,"2","2","0","0",,,"1","18",,"0","LxA{-199,18}AyL AxL{-3,2}LyA",,"54391","C","C","1","Frente"
"9/26/2025 3:13 PM","HRJ UW1336 MBLE SUP COC 1 PUERTA 3 ENTREPAÑOS OPEN SHELF CARB2","I","SHELF 2","299.2","266.7",,"0","0","2","2",,,"0.45","15",,"0","LxL{-31}LyL",,"54390","P","P","1","Caja"
"9/26/2025 3:13 PM","HRJ UW1336 MBLE SUP COC 1 PUERTA 3 ENTREPAÑOS OPEN SHELF CARB2","H","SHELF 1","299.2","266.7",,"0","0","2","2",,,"0.45","15",,"0","LxL{-31}LyL",,"54389","P","P","1","Caja"
"9/26/2025 3:13 PM","HRJ UW1336 MBLE SUP COC 1 PUERTA 3 ENTREPAÑOS OPEN SHELF CARB2","G","SHELF 0","300.2","281.8",,"2",,"0","0",,,"0.45","15",,"0","LxL{-30}LyL",,"54388","P","C","1","Caja"
"9/26/2025 3:13 PM","HRJ UW1336 MBLE SUP COC 1 PUERTA 3 ENTREPAÑOS OPEN SHELF CARB2","F","RAIL TRASERO","300.2","80",,"0","0","2","0",,,"0.45","15",,"0","LxL{-30}LyL",,"54387","P","P","1","Caja"
"9/26/2025 3:13 PM","HRJ UW1336 MBLE SUP COC 1 PUERTA 3 ENTREPAÑOS OPEN SHELF CARB2","E","RAIL TRASERO","300.2","80",,"0","0","2","0",,,"0.45","15",,"0","LxL{-30}LyL",,"54386","P","P","1","Caja"
"9/26/2025 3:13 PM","HRJ UW1336 MBLE SUP COC 1 PUERTA 3 ENTREPAÑOS OPEN SHELF CARB2","D","SIDE L - R16L","914.4","304.8",,"2","2","0","0",,,"0.45","15",,"0","LxA{0}AyL AxP{0}PyA",,"54385","B","C","1","Caja"
"9/26/2025 3:13 PM","HRJ UW1336 MBLE SUP COC 1 PUERTA 3 ENTREPAÑOS OPEN SHELF CARB2","C","SIDE R - R16L","914.4","304.8",,"2","2","0","0",,,"0.45","15",,"0","LxA{0}AyL AxP{0}PyA",,"54384","B","C","1","Caja"
"9/26/2025 3:13 PM","HRJ UW1336 MBLE SUP COC 1 PUERTA 3 ENTREPAÑOS OPEN SHELF CARB2","B","TAPA - R16L","300.2","304.8",,"2","0","0","0",,,"0.45","15",,"0","LxL{-30}LyL AxP{0}PyA",,"54383","B","C","1","Caja"
"9/26/2025 3:13 PM","HRJ UW1336 MBLE SUP COC 1 PUERTA 3 ENTREPAÑOS OPEN SHELF CARB2","A","BASE - R16L","300.2","304.8",,"2","0","0","0",,,"0.45","15",,"0","LxL{-30}LyL AxP{0}PyA",,"54382","B","C","1","Caja"
"9/26/2025 2:47 PM","HRJ UW1236 MBLE SUP COC 1 PUERTA 3 ENTREPAÑOS OPEN SHELF CARB2","K","BACKING","898.4","288.8",,"0","0","0","0",,,"0","6",,"0","LxA{-16}AyL AxL{-16}LyA",,"54381","F","X","1",
"9/26/2025 2:47 PM","HRJ UW1236 MBLE SUP COC 1 PUERTA 3 ENTREPAÑOS OPEN SHELF CARB2","J","DOOR ","715.22","301.6",,"2","2","0","0",,,"1","18",,"0","LxA{-199,18}AyL AxL{-3,2}LyA",,"54380","C","C","1","Frente"
"9/26/2025 2:47 PM","HRJ UW1236 MBLE SUP COC 1 PUERTA 3 ENTREPAÑOS OPEN SHELF CARB2","I","SHELF 2","273.8","266.7",,"0","0","2","2",,,"0.45","15",,"0","LxL{-31}LyL",,"54379","P","P","1","Caja"
"9/26/2025 2:47 PM","HRJ UW1236 MBLE SUP COC 1 PUERTA 3 ENTREPAÑOS OPEN SHELF CARB2","H","SHELF 1","273.8","266.7",,"0","0","2","2",,,"0.45","15",,"0","LxL{-31}LyL",,"54378","P","P","1","Caja"
"9/26/2025 2:47 PM","HRJ UW1236 MBLE SUP COC 1 PUERTA 3 ENTREPAÑOS OPEN SHELF CARB2","G","SHELF 0","274.8","281.8",,"2",,"0","0",,,"0.45","15",,"0","LxL{-30}LyL",,"54377","P","C","1","Caja"
"9/26/2025 2:47 PM","HRJ UW1236 MBLE SUP COC 1 PUERTA 3 ENTREPAÑOS OPEN SHELF CARB2","F","RAIL TRASERO","274.8","80",,"0","0","2","0",,,"0.45","15",,"0","LxL{-30}LyL",,"54376","P","P","1","Caja"
"9/26/2025 2:47 PM","HRJ UW1236 MBLE SUP COC 1 PUERTA 3 ENTREPAÑOS OPEN SHELF CARB2","E","RAIL TRASERO","274.8","80",,"0","0","2","0",,,"0.45","15",,"0","LxL{-30}LyL",,"54375","P","P","1","Caja"
"9/26/2025 2:47 PM","HRJ UW1236 MBLE SUP COC 1 PUERTA 3 ENTREPAÑOS OPEN SHELF CARB2","D","SIDE L - R16L","914.4","304.8",,"2","2","0","0",,,"0.45","15",,"0","LxA{0}AyL AxP{0}PyA",,"54374","B","C","1","Caja"
"9/26/2025 2:47 PM","HRJ UW1236 MBLE SUP COC 1 PUERTA 3 ENTREPAÑOS OPEN SHELF CARB2","C","SIDE R - R16L","914.4","304.8",,"2","2","0","0",,,"0.45","15",,"0","LxA{0}AyL AxP{0}PyA",,"54373","B","C","1","Caja"
"9/26/2025 2:47 PM","HRJ UW1236 MBLE SUP COC 1 PUERTA 3 ENTREPAÑOS OPEN SHELF CARB2","B","TAPA - R16L","274.8","304.8",,"2","0","0","0",,,"0.45","15",,"0","LxL{-30}LyL AxP{0}PyA",,"54372","B","C","1","Caja"
"9/26/2025 2:47 PM","HRJ UW1236 MBLE SUP COC 1 PUERTA 3 ENTREPAÑOS OPEN SHELF CARB2","A","BASE - R16L","274.8","304.8",,"2","0","0","0",,,"0.45","15",,"0","LxL{-30}LyL AxP{0}PyA",,"54371","B","C","1","Caja"
"9/26/2025 2:29 PM","HRJ UBR3028 1/2 MBLE INF COC 3 GAVETAS REMOVIBLE","R","BACKING INF","572.55","746",,"0","0","0","0",,,"0","6",,"0","LxA{-151,35}AyL AxL{-16}LyA",,"54348","F","X","1",
"9/26/2025 2:29 PM","HRJ UBR3028 1/2 MBLE INF COC 3 GAVETAS REMOVIBLE","Q","FRENTE GAVETA","142.88","758.8",,"2","2","0","0",,,"1","18",,"0","AxL{-3,2}LyA",,"54347","C","C","1",
"9/26/2025 2:28 PM","HRJ UBR3028 1/2 MBLE INF COC 3 GAVETAS REMOVIBLE","P","DOOR L","574.62","377.8",,"2","2","0","0",,,"1","18",,"0","LxA{-149,28}AyL AxL[0,4958]LyA",,"54346","C","C","1",
"9/26/2025 2:28 PM","HRJ UBR3028 1/2 MBLE INF COC 3 GAVETAS REMOVIBLE","O","DOOR R","574.62","377.8",,"2","2","0","0",,,"1","18",,"0","LxA{-149,28}AyL AxL[0,4958]LyA",,"54345","C","C","1",
"9/26/2025 2:28 PM","HRJ UBR3028 1/2 MBLE INF COC 3 GAVETAS REMOVIBLE","N","TRASERO GAVETA","645","68",,"0","0","1","0",,,"0.45","15",,"0","LxL{-117}LyL",,"54344","P","P","1",
"9/26/2025 2:28 PM","HRJ UBR3028 1/2 MBLE INF COC 3 GAVETAS REMOVIBLE","M","BASE GAVETA","657","492",,"0","0","2","0",,,"0.45","15",,"0","LxL{-105}LyL",,"54343","P","P","1",
"9/26/2025 2:28 PM","HRJ UBR3028 1/2 MBLE INF COC 3 GAVETAS REMOVIBLE","L","SHELF","731","300",,"0","0","2","2",,,"0.45","15",,"0","LxL{-31}LyL",,"54342","P","P","1",
"9/26/2025 2:28 PM","HRJ UBR3028 1/2 MBLE INF COC 3 GAVETAS REMOVIBLE","K","RAIL TRASERO","732","146.05",,"0","0","2","0",,,"0.45","15",,"0","LxL{-30}LyL",,"54341","P","P","1",
"9/26/2025 2:28 PM","HRJ UBR3028 1/2 MBLE INF COC 3 GAVETAS REMOVIBLE","J","RAIL TRASERO","732","80",,"0","0","2","0",,,"0.45","15",,"0","LxL{-30}LyL",,"54340","P","P","1",
"9/26/2025 2:28 PM","HRJ UBR3028 1/2 MBLE INF COC 3 GAVETAS REMOVIBLE","I","RAIL TRASERO","732","80",,"0","0","2","0",,,"0.45","15",,"0","LxL{-30}LyL",,"54339","P","P","1",
"9/26/2025 2:28 PM","HRJ UBR3028 1/2 MBLE INF COC 3 GAVETAS REMOVIBLE","H","RAIL DELANTERO","732","80",,"2","0","0","0",,,"0.45","15",,"0","LxL{-30}LyL",,"54338","P","C","1",
"9/26/2025 2:28 PM","HRJ UBR3028 1/2 MBLE INF COC 3 GAVETAS REMOVIBLE","G","RAIL DELANTERO","732","80",,"2","0","0","0",,,"0.45","15",,"0","LxL{-30}LyL",,"54337","P","C","1",
"9/26/2025 2:28 PM","HRJ UBR3028 1/2 MBLE INF COC 3 GAVETAS REMOVIBLE","F","RAIL DELANTERO","732","80",,"2","0","0","0",,,"0.45","15",,"0","LxL{-30}LyL",,"54336","P","C","1",
"9/26/2025 2:28 PM","HRJ UBR3028 1/2 MBLE INF COC 3 GAVETAS REMOVIBLE","E","SIDE L SUP","146.05","609.6",,"2","2","0","0",,,"0.45","15",,"0","AxP{0}PyA",,"54335","B","C","1",
"9/26/2025 2:28 PM","HRJ UBR3028 1/2 MBLE INF COC 3 GAVETAS REMOVIBLE","D","SIDE R SUP","146.05","609.6",,"2","2","0","0",,,"0.45","15",,"0","AxP{0}PyA",,"54334","B","C","1",
"9/26/2025 2:28 PM","HRJ UBR3028 1/2 MBLE INF COC 3 GAVETAS REMOVIBLE","C","SIDE L INF - R17L587","577.85","609.6",,"2","2","0","0",,,"0.45","15",,"0","LxA{-146,05}AyL AxP{0}PyA",,"54333","B","C","1",
"9/26/2025 2:28 PM","HRJ UBR3028 1/2 MBLE INF COC 3 GAVETAS REMOVIBLE","B","SIDE R INF - R17L587","577.85","609.6",,"2","2","0","0",,,"0.45","15",,"0","LxA{-146,05}AyL AxP{0}PyA",,"54332","B","C","1",
"9/26/2025 2:28 PM","HRJ UBR3028 1/2 MBLE INF COC 3 GAVETAS REMOVIBLE","A","BASE","732","585.6",,"2","0","0","0",,,"0.45","15",,"0","LxL{-30}LyL AxP{-24}PyA",,"54331","B","C","1",
"9/26/2025 2:26 PM","HJR B34 MBLE INF COC 1 GAVETA 2 PUERTAS 1/2 ENTREPAÑO CARB2","N","BACKING","760","847.6",,"0","0",,,,,"0","6",,"0","LxA{-2}AyL AxL{-16}LyA",,"54330","F","X","1",
"9/26/2025 2:25 PM","HJR B34 MBLE INF COC 1 GAVETA 2 PUERTAS 1/2 ENTREPAÑO CARB2","K","DOOR R","603.2","428.6",,"2","2",,,,,"1","18",,"0","LxA{-158,8}AyL AxL[0,49629]LyA",,"54329","C","C","1","Frente"
"9/26/2025 2:25 PM","HJR B34 MBLE INF COC 1 GAVETA 2 PUERTAS 1/2 ENTREPAÑO CARB2","H","SHEFL","832.6","300",,"0","0","2","2",,,"0.45","15",,"0","LxL{-31}LyL",,"54328","P","P","1","Caja"
"9/26/2025 2:25 PM","HJR B34 MBLE INF COC 1 GAVETA 2 PUERTAS 1/2 ENTREPAÑO CARB2","F","RAIL TRASERO","833.6","80",,"0","0","2",,,,"0.45","15",,"0","LxL{-30}LyL",,"54327","P","P","1","Caja"
"9/26/2025 2:25 PM","HJR B34 MBLE INF COC 1 GAVETA 2 PUERTAS 1/2 ENTREPAÑO CARB2","A","BASE","833.6","585.6",,"2",,,,,,"0.45","15",,"0","LxL{-30}LyL AxP{-24}PyA",,"54326","B","C","1","Caja"
"9/26/2025 2:25 PM","HJR B34 MBLE INF COC 1 GAVETA 2 PUERTAS 1/2 ENTREPAÑO CARB2","M","FRENTE GAVETA","152.4","860.4",,"2","2",,,,,"1","18",,"0","AxL{-3,2}LyA",,"54325","C","C","1","Frente"
"9/26/2025 2:25 PM","HJR B34 MBLE INF COC 1 GAVETA 2 PUERTAS 1/2 ENTREPAÑO CARB2","L","DOOR L","603.2","428.6",,"2","2",,,,,"1","18",,"0","LxA{-158,8}AyL AxL[0,49629]LyA",,"54324","C","C","1","Frente"
"9/26/2025 2:25 PM","HJR B34 MBLE INF COC 1 GAVETA 2 PUERTAS 1/2 ENTREPAÑO CARB2","J","TRASERO GAVETA ","746.6","68",,"0","0","1",,,,"0.45","15",,"0","LxL{-117}LyL",,"54323","P","P","1","Caja"
"9/26/2025 2:25 PM","HJR B34 MBLE INF COC 1 GAVETA 2 PUERTAS 1/2 ENTREPAÑO CARB2","I","BASE GAVETA ","758.6","492",,"0","0","2",,,,"0.45","15",,"0","LxL{-105}LyL",,"54322","P","P","1","Caja"
"9/26/2025 2:25 PM","HJR B34 MBLE INF COC 1 GAVETA 2 PUERTAS 1/2 ENTREPAÑO CARB2","G","RAIL TRASERO","833.6","80",,"0","0","2",,,,"0.45","15",,"0","LxL{-30}LyL",,"54321","P","P","1","Caja"
"9/26/2025 2:25 PM","HJR B34 MBLE INF COC 1 GAVETA 2 PUERTAS 1/2 ENTREPAÑO CARB2","E","RAIL DELANTERO","833.6","80",,"2","0",,,,,"0.45","15",,"0","LxL{-30}LyL","Enchape color","54320","P","C","1","Caja"
"9/26/2025 2:25 PM","HJR B34 MBLE INF COC 1 GAVETA 2 PUERTAS 1/2 ENTREPAÑO CARB2","D","RAIL DELANTERO","833.6","80",,"2","0",,,,,"0.45","15",,"0","LxL{-30}LyL","Enchape color","54319","P","C","1","Caja"
"9/26/2025 2:25 PM","HJR B34 MBLE INF COC 1 GAVETA 2 PUERTAS 1/2 ENTREPAÑO CARB2","C","SIDE L - R17L762","762","609.6",,"2","2",,,,,"0.45","15",,"0","LxA{0}AyL AxP{0}PyA",,"54318","B","C","1","Caja"
"9/26/2025 2:25 PM","HJR B34 MBLE INF COC 1 GAVETA 2 PUERTAS 1/2 ENTREPAÑO CARB2","B","SIDE R - R17L762","762","609.6",,"2","2",,,,,"0.45","15",,"0","LxA{0}AyL AxP{0}PyA",,"54317","B","C","1","Caja"
"9/26/2025 2:21 PM","HRJ B273019 MBLE INF COC 1 GAVETA 2 PUERTA 1/2 ENTREPAÑO CARB2","L","DOOR L","603.2","339.7",,"2","2","0","0",,,"1","18",,"0","LxA{-158,8}AyL AxL[0,49533]LyA",,"54316","C","C","1","Frente"
"9/26/2025 2:21 PM","HRJ B273019 MBLE INF COC 1 GAVETA 2 PUERTA 1/2 ENTREPAÑO CARB2","M","FRENTE GAVETA","152.4","682.6",,"2","2",,,,,"1","18",,"0","AxL{-3,2}LyA",,"54314","C","C","1","Frente"
"9/26/2025 2:21 PM","HRJ B273019 MBLE INF COC 1 GAVETA 2 PUERTA 1/2 ENTREPAÑO CARB2","N","BACKING","760","669.8",,"0","0",,,,,"0","6",,"0","LxA{-2}AyL AxL{-16}LyA",,"54315","F","X","1",
"9/26/2025 2:21 PM","HRJ B273019 MBLE INF COC 1 GAVETA 2 PUERTA 1/2 ENTREPAÑO CARB2","K","DOOR R","603.2","339.7",,"2","2",,,,,"1","18",,"0","LxA{-158,8}AyL AxL[0,49533]LyA",,"54313","C","C","1","Frente"
"9/26/2025 2:21 PM","HRJ B273019 MBLE INF COC 1 GAVETA 2 PUERTA 1/2 ENTREPAÑO CARB2","J","TRASERO CAJON","568.8","68",,"0","0","1",,,,"0.45","15",,"0","LxL{-117}LyL",,"54312","P","P","1","Caja"
"9/26/2025 2:21 PM","HRJ B273019 MBLE INF COC 1 GAVETA 2 PUERTA 1/2 ENTREPAÑO CARB2","D","RAIL DELANTERO","655.8","80",,"2","0",,,,,"0.45","15",,"0","LxL{-30}LyL","Enchape color","54311","P","C","1","Caja"
"9/26/2025 2:21 PM","HRJ B273019 MBLE INF COC 1 GAVETA 2 PUERTA 1/2 ENTREPAÑO CARB2","C","SIDE L - R17L762","762","482.6",,"2","2",,,,,"0.45","15",,"0","LxA{0}AyL AxP{0}PyA",,"54310","B","C","1","Caja"
"9/26/2025 2:21 PM","HRJ B273019 MBLE INF COC 1 GAVETA 2 PUERTA 1/2 ENTREPAÑO CARB2","B","SIDE R - R17L762","762","482.6",,"2","2",,,,,"0.45","15",,"0","LxA{0}AyL AxP{0}PyA",,"54309","B","C","1","Caja"
"9/26/2025 2:21 PM","HRJ B273019 MBLE INF COC 1 GAVETA 2 PUERTA 1/2 ENTREPAÑO CARB2","A","BASE","655.8","458.6",,"2","0",,,,,"0.45","15",,"0","LxL{-30}LyL AxP{-24}PyA",,"54308","B","C","1","Caja"
"9/26/2025 2:21 PM","HRJ B273019 MBLE INF COC 1 GAVETA 2 PUERTA 1/2 ENTREPAÑO CARB2","I","PIEZA CAJON","580.8","441",,"0","0","2",,,,"0.45","15",,"0","LxL{-105}LyL",,"54307","P","P","1","Caja"
"9/26/2025 2:21 PM","HRJ B273019 MBLE INF COC 1 GAVETA 2 PUERTA 1/2 ENTREPAÑO CARB2","H","SHELF","654.8","300",,"0","0","2","2",,,"0.45","15",,"0","LxL{-31}LyL",,"54306","P","P","1","Caja"
"9/26/2025 2:21 PM","HRJ B273019 MBLE INF COC 1 GAVETA 2 PUERTA 1/2 ENTREPAÑO CARB2","G","RAIL TRASERO","655.8","80",,"0","0","2",,,,"0.45","15",,"0","LxL{-30}LyL",,"54305","P","P","1","Caja"
"9/26/2025 2:21 PM","HRJ B273019 MBLE INF COC 1 GAVETA 2 PUERTA 1/2 ENTREPAÑO CARB2","F","RAIL TRASERO","655.8","80",,"0","0","2",,,,"0.45","15",,"0","LxL{-30}LyL",,"54304","P","P","1","Caja"
"9/26/2025 2:21 PM","HRJ B273019 MBLE INF COC 1 GAVETA 2 PUERTA 1/2 ENTREPAÑO CARB2","E","RAIL DELANTERO","655.8","80",,"2","0",,,,,"0.45","15",,"0","LxL{-30}LyL","Enchape color","54303","P","C","1","Caja"
"9/26/2025 2:13 PM","HRJ B24 MBLE INF COC 1 GAVETA 2 PUERTAS 1/2 ENTREPAÑO CARB2","N","BACKING","760","593.6",,"0","0",,,,,"0","6",,"0","LxA{-2}AyL AxL{-16}LyA",,"54302","F","X","1",
"9/26/2025 2:13 PM","HRJ B24 MBLE INF COC 1 GAVETA 2 PUERTAS 1/2 ENTREPAÑO CARB2","K","DOOR R","603.2","301.57",,"2","2",,,,,"1","18",,"0","LxA{-158,8}AyL AxL[0,4947]LyA",,"54301","C","C","1","Frente"
"9/26/2025 2:13 PM","HRJ B24 MBLE INF COC 1 GAVETA 2 PUERTAS 1/2 ENTREPAÑO CARB2","H","SHEFL","578.6","300",,"0","0","2","2",,,"0.45","15",,"0","LxL{-31}LyL",,"54300","P","P","1","Caja"
"9/26/2025 2:13 PM","HRJ B24 MBLE INF COC 1 GAVETA 2 PUERTAS 1/2 ENTREPAÑO CARB2","F","RAIL TRASERO","579.6","80",,"0","0","2",,,,"0.45","15",,"0","LxL{-30}LyL",,"54299","P","P","1","Caja"
"9/26/2025 2:13 PM","HRJ B24 MBLE INF COC 1 GAVETA 2 PUERTAS 1/2 ENTREPAÑO CARB2","A","BASE","579.6","585.6",,"2",,,,,,"0.45","15",,"0","LxL{-30}LyL AxP{-24}PyA",,"54298","B","C","1","Caja"
"9/26/2025 2:13 PM","HRJ B24 MBLE INF COC 1 GAVETA 2 PUERTAS 1/2 ENTREPAÑO CARB2","M","FRENTE GAVETA","152.4","606.4",,"2","2",,,,,"1","18",,"0","AxL{-3,2}LyA",,"54297","C","C","1","Frente"
"9/26/2025 2:13 PM","HRJ B24 MBLE INF COC 1 GAVETA 2 PUERTAS 1/2 ENTREPAÑO CARB2","L","DOOR L","603.2","301.57",,"2","2",,,,,"1","18",,"0","LxA{-158,8}AyL AxL[0,4947]LyA",,"54296","C","C","1","Frente"
"9/26/2025 2:13 PM","HRJ B24 MBLE INF COC 1 GAVETA 2 PUERTAS 1/2 ENTREPAÑO CARB2","J","TRASERO GAVETA ","492.6","68",,"0","0","1",,,,"0.45","15",,"0","LxL{-117}LyL",,"54295","P","P","1","Caja"
"9/26/2025 2:13 PM","HRJ B24 MBLE INF COC 1 GAVETA 2 PUERTAS 1/2 ENTREPAÑO CARB2","I","BASE GAVETA ","504.6","492",,"0","0","2",,,,"0.45","15",,"0","LxL{-105}LyL",,"54294","P","P","1","Caja"
"9/26/2025 2:13 PM","HRJ B24 MBLE INF COC 1 GAVETA 2 PUERTAS 1/2 ENTREPAÑO CARB2","G","RAIL TRASERO","579.6","80",,"0","0","2",,,,"0.45","15",,"0","LxL{-30}LyL",,"54293","P","P","1","Caja"
"9/26/2025 2:13 PM","HRJ B24 MBLE INF COC 1 GAVETA 2 PUERTAS 1/2 ENTREPAÑO CARB2","E","RAIL DELANTERO","579.6","80",,"2","0",,,,,"0.45","15",,"0","LxL{-30}LyL","Enchape color","54292","P","C","1","Caja"
"9/26/2025 2:13 PM","HRJ B24 MBLE INF COC 1 GAVETA 2 PUERTAS 1/2 ENTREPAÑO CARB2","D","RAIL DELANTERO","579.6","80",,"2","0",,,,,"0.45","15",,"0","LxL{-30}LyL","Enchape color","54291","P","C","1","Caja"
"9/26/2025 2:13 PM","HRJ B24 MBLE INF COC 1 GAVETA 2 PUERTAS 1/2 ENTREPAÑO CARB2","C","SIDE L - R17L762","762","609.6",,"2","2",,,,,"0.45","15",,"0","LxA{0}AyL AxP{0}PyA",,"54290","B","C","1","Caja"
"9/26/2025 2:13 PM","HRJ B24 MBLE INF COC 1 GAVETA 2 PUERTAS 1/2 ENTREPAÑO CARB2","B","SIDE R - R17L762","762","609.6",,"2","2",,,,,"0.45","15",,"0","LxA{0}AyL AxP{0}PyA",,"54289","B","C","1","Caja"
"9/26/2025 11:08 AM","B34 MBLE INF COC 1 GAVETA 2 PUERTAS 1/2 ENTREPAÑO CARB2","N","BACKING","760","847.6",,"0","0",,,,,"0","6",,"0","LxA{-2}AyL AxL{-16}LyA",,"54288","F","X","1",
"9/26/2025 11:08 AM","B34 MBLE INF COC 1 GAVETA 2 PUERTAS 1/2 ENTREPAÑO CARB2","K","DOOR R","603.2","428.6",,"2","2",,,,,"1","18",,"0","LxA{-158,8}AyL AxL[0,49629]LyA",,"54287","C","C","1","Frente"
"9/26/2025 11:08 AM","B34 MBLE INF COC 1 GAVETA 2 PUERTAS 1/2 ENTREPAÑO CARB2","H","SHEFL","832.6","300",,"0","0","2","2",,,"0.45","15",,"0","LxL{-31}LyL",,"54286","P","P","1","Caja"
"9/26/2025 11:08 AM","B34 MBLE INF COC 1 GAVETA 2 PUERTAS 1/2 ENTREPAÑO CARB2","F","RAIL TRASERO","833.6","80",,"0","0","2",,,,"0.45","15",,"0","LxL{-30}LyL",,"54285","P","P","1","Caja"
"9/26/2025 11:08 AM","B34 MBLE INF COC 1 GAVETA 2 PUERTAS 1/2 ENTREPAÑO CARB2","A","BASE","833.6","585.6",,"2",,,,,,"0.45","15",,"0","LxL{-30}LyL AxP{-24}PyA",,"54284","B","C","1","Caja"
"9/26/2025 11:08 AM","B34 MBLE INF COC 1 GAVETA 2 PUERTAS 1/2 ENTREPAÑO CARB2","M","FRENTE GAVETA","152.4","860.4",,"2","2",,,,,"1","18",,"0","AxL{-3,2}LyA",,"54283","C","C","1","Frente"
"9/26/2025 11:08 AM","B34 MBLE INF COC 1 GAVETA 2 PUERTAS 1/2 ENTREPAÑO CARB2","L","DOOR L","603.2","428.6",,"2","2",,,,,"1","18",,"0","LxA{-158,8}AyL AxL[0,49629]LyA",,"54282","C","C","1","Frente"
"9/26/2025 11:08 AM","B34 MBLE INF COC 1 GAVETA 2 PUERTAS 1/2 ENTREPAÑO CARB2","J","TRASERO GAVETA ","746.6","68",,"0","0","1",,,,"0.45","15",,"0","LxL{-117}LyL",,"54281","P","P","1","Caja"
"9/26/2025 11:08 AM","B34 MBLE INF COC 1 GAVETA 2 PUERTAS 1/2 ENTREPAÑO CARB2","I","BASE GAVETA ","758.6","492",,"0","0","2",,,,"0.45","15",,"0","LxL{-105}LyL",,"54280","P","P","1","Caja"
"9/26/2025 11:08 AM","B34 MBLE INF COC 1 GAVETA 2 PUERTAS 1/2 ENTREPAÑO CARB2","G","RAIL TRASERO","833.6","80",,"0","0","2",,,,"0.45","15",,"0","LxL{-30}LyL",,"54279","P","P","1","Caja"
"9/26/2025 11:08 AM","B34 MBLE INF COC 1 GAVETA 2 PUERTAS 1/2 ENTREPAÑO CARB2","E","RAIL DELANTERO","833.6","80",,"2","0",,,,,"0.45","15",,"0","LxL{-30}LyL","Enchape color","54278","P","C","1","Caja"
"9/26/2025 11:08 AM","B34 MBLE INF COC 1 GAVETA 2 PUERTAS 1/2 ENTREPAÑO CARB2","D","RAIL DELANTERO","833.6","80",,"2","0",,,,,"0.45","15",,"0","LxL{-30}LyL","Enchape color","54277","P","C","1","Caja"
"9/26/2025 11:08 AM","B34 MBLE INF COC 1 GAVETA 2 PUERTAS 1/2 ENTREPAÑO CARB2","C","SIDE L - R17L762","762","609.6",,"2","2",,,,,"0.45","15",,"0","LxA{0}AyL AxP{0}PyA",,"54276","B","C","1","Caja"
"9/26/2025 11:08 AM","B34 MBLE INF COC 1 GAVETA 2 PUERTAS 1/2 ENTREPAÑO CARB2","B","SIDE R - R17L762","762","609.6",,"2","2",,,,,"0.45","15",,"0","LxA{0}AyL AxP{0}PyA",,"54275","B","C","1","Caja"
"9/25/2025 2:51 PM","HRJ SMO60,571,533 MBLE SUP COC ABIERTO MICROONDAS","G","ENTREPAÑO","574","291.9",,"2","2","0","0",,,"0.45","15",,"0","LxL{-31}LyL",,"54274","C","C","1","Caja"
"9/25/2025 2:51 PM","HRJ SMO60,571,533 MBLE SUP COC ABIERTO MICROONDAS","H","FONDO","699","589",,"0","0","0","0",,,"0","6",,"0","LxA{-16}AyL AxL{-16}LyA",,"54273","F","X","1",
"9/25/2025 2:51 PM","HRJ SMO60,571,533 MBLE SUP COC ABIERTO MICROONDAS","F","REF TRAS","575","80",,"0","0","2","0",,,"0.45","15",,"0","LxL{-30}LyL",,"54272","C","C","1","Caja"
"9/25/2025 2:51 PM","HRJ SMO60,571,533 MBLE SUP COC ABIERTO MICROONDAS","E","REF TRAS","575","80",,"0","0","2","0",,,"0.45","15",,"0","LxL{-30}LyL",,"54271","C","C","1","Caja"
"9/25/2025 2:51 PM","HRJ SMO60,571,533 MBLE SUP COC ABIERTO MICROONDAS","D","LAT IZQ - R16L","715","330",,"2","2","0","0",,,"0.45","15",,"0","LxA{0}AyL AxP{0}PyA",,"54270","C","C","1","Caja"
"9/25/2025 2:51 PM","HRJ SMO60,571,533 MBLE SUP COC ABIERTO MICROONDAS","C","LAT DER - R16L","715","330",,"2","2","0","0",,,"0.45","15",,"0","LxA{0}AyL AxP{0}PyA",,"54269","C","C","1","Caja"
"9/25/2025 2:51 PM","HRJ SMO60,571,533 MBLE SUP COC ABIERTO MICROONDAS","B","TAPA - R16L","575","330",,"2","0","0","0",,,"0.45","15",,"0","LxL{-30}LyL AxP{0}PyA",,"54268","C","C","1","Caja"
"9/25/2025 2:51 PM","HRJ SMO60,571,533 MBLE SUP COC ABIERTO MICROONDAS","A","BASE - R16L","575","450",,"2","2","0","0",,,"0.45","15",,"0","LxL{-30}LyL AxP{120}PyA",,"54267","C","C","1","Caja"
"9/25/2025 1:05 PM","HRJ SMO709033 MBLE SUP COC ABIERTO MICROONDAS","G","ENTREPAÑO","669","291.9",,"2","2","0","0",,,"0.45","15",,"0","LxL{-31}LyL",,"54266","C","C","1","Caja"
"9/25/2025 1:05 PM","HRJ SMO709033 MBLE SUP COC ABIERTO MICROONDAS","H","FONDO","884","684",,"0","0","0","0",,,"0","6",,"0","LxA{-16}AyL AxL{-16}LyA",,"54265","F","X","1",
"9/25/2025 1:05 PM","HRJ SMO709033 MBLE SUP COC ABIERTO MICROONDAS","F","REF TRAS","670","80",,"0","0","2","0",,,"0.45","15",,"0","LxL{-30}LyL",,"54264","C","C","1","Caja"
"9/25/2025 1:05 PM","HRJ SMO709033 MBLE SUP COC ABIERTO MICROONDAS","E","REF TRAS","670","80",,"0","0","2","0",,,"0.45","15",,"0","LxL{-30}LyL",,"54263","C","C","1","Caja"
"9/25/2025 1:05 PM","HRJ SMO709033 MBLE SUP COC ABIERTO MICROONDAS","D","LAT IZQ - R16L","900","330",,"2","2","0","0",,,"0.45","15",,"0","LxA{0}AyL AxP{0}PyA",,"54262","C","C","1","Caja"
"9/25/2025 1:05 PM","HRJ SMO709033 MBLE SUP COC ABIERTO MICROONDAS","C","LAT DER - R16L","900","330",,"2","2","0","0",,,"0.45","15",,"0","LxA{0}AyL AxP{0}PyA",,"54261","C","C","1","Caja"
"9/25/2025 1:05 PM","HRJ SMO709033 MBLE SUP COC ABIERTO MICROONDAS","B","TAPA - R16L","670","330",,"2","0","0","0",,,"0.45","15",,"0","LxL{-30}LyL AxP{0}PyA",,"54260","C","C","1","Caja"
"9/25/2025 1:04 PM","HRJ SMO709033 MBLE SUP COC ABIERTO MICROONDAS","A","BASE - R16L","670","450",,"2","2","0","0",,,"0.45","15",,"0","LxL{-30}LyL AxP{120}PyA",,"54259","C","C","1","Caja"
"9/25/2025 12:08 PM","POD23 MUEBLE CAJÓN","H","FRENTE GAVETA","149.2","581",,"2","2","0","0",,,"0.45","15",,"0","LxA{-3,2}AyL AxL{-3,2}LyA",,"54258","P","P","1","Caja"
"9/25/2025 12:08 PM","POD23 MUEBLE CAJÓN","G","TRASERO GAVETA","467.2","68",,"0","0","1","0",,,"0.45","15",,"0","LxL{-117}LyL",,"54257","P","P","1","Caja"
"9/25/2025 12:07 PM","POD23 MUEBLE CAJÓN","F","FONDO GAVETA","479.2","441",,"0","0","2","0",,,"0.45","15",,"0","LxL{-105}LyL",,"54256","P","P","1","Caja"
"9/25/2025 12:07 PM","POD23 MUEBLE CAJÓN","E","RAIL TRASERO","554.2","80",,"0","0","2","0",,,"0.45","15",,"0","LxL{-30}LyL",,"54255","P","P","1","Caja"
"9/25/2025 12:07 PM","POD23 MUEBLE CAJÓN","D","RAIL TRASERO","554.2","80",,"0","0","2","0",,,"0.45","15",,"0","LxL{-30}LyL",,"54254","P","P","1","Caja"
"9/25/2025 12:07 PM","POD23 MUEBLE CAJÓN","C","RAIL TRASERO","554.2","152.4",,"2","0","0","0",,,"0.45","15",,"0","LxL{-30}LyL AxA{0}AyA",,"54253","P","P","1","Caja"
"9/25/2025 12:07 PM","POD23 MUEBLE CAJÓN","B","SIDE L","152.4","482.6",,"2","2","0","0",,,"0.45","15",,"0","LxA{0}AyL AxP{0}PyA",,"54252","P","P","1","Caja"
"9/25/2025 12:07 PM","POD23 MUEBLE CAJÓN","A","SIDE R","152.4","482.6",,"2","2","0","0",,,"0.45","15",,"0","LxA{0}AyL AxP{0}PyA",,"54251","P","P","1","Caja"
"9/24/2025 9:02 AM","USVFDR3628 1/219 1/2 MBLE INF LVM 2 PUERTAS REMOVIBLE","K","BACKING","601","898.4",,"0","0","0","0",,,"0","6",,"0","LxA{-122,9}AyL AxL{-16}LyA",,"54250","F","X","1",
"9/24/2025 9:02 AM","USVFDR3628 1/219 1/2 MBLE INF LVM 2 PUERTAS REMOVIBLE","J","DOOR R","720.7","454",,"2","2","0","0",,,"1","18",,"0","LxA{-3,2}AyL AxL[0,49650]LyA",,"54249","C","C","1","Frente"
"9/24/2025 9:02 AM","USVFDR3628 1/219 1/2 MBLE INF LVM 2 PUERTAS REMOVIBLE","I","DOOR R","720.7","454",,"2","2","0","0",,,"1","18",,"0","LxA{-3,2}AyL AxL[0,49650]LyA",,"54248","C","C","1","Frente"
"9/24/2025 9:02 AM","USVFDR3628 1/219 1/2 MBLE INF LVM 2 PUERTAS REMOVIBLE","H","RAIL TRASERO","884.4","120.75",,"0","0","2","0",,,"0.45","15",,"0","LxL{-30}LyL",,"54247","P","P","1","Caja"
"9/24/2025 9:02 AM","USVFDR3628 1/219 1/2 MBLE INF LVM 2 PUERTAS REMOVIBLE","G","RAIL TRASERO","884.4","80",,"0","0","2","0",,,"0.45","15",,"0","LxL{-30}LyL",,"54246","P","P","1","Caja"
"9/24/2025 9:02 AM","USVFDR3628 1/219 1/2 MBLE INF LVM 2 PUERTAS REMOVIBLE","F","RAIL TRASERO","884.4","80",,"0","0","2","0",,,"0.45","15",,"0","LxL{-30}LyL",,"54245","P","P","1","Caja"
"9/24/2025 9:02 AM","USVFDR3628 1/219 1/2 MBLE INF LVM 2 PUERTAS REMOVIBLE","E","RAIL DELANTERO","884.4","80",,"2","0","0","0",,,"0.45","15",,"0","LxL{-30}LyL","ENCHAPE COLOR","54244","P","C","1","Caja"
"9/24/2025 9:02 AM","USVFDR3628 1/219 1/2 MBLE INF LVM 2 PUERTAS REMOVIBLE","D","RAIL DELANTERO","884.4","140",,"2","0","0","0",,,"0.45","15",,"0","LxL{-30}LyL",,"54243","B","C","1","Caja"
"9/24/2025 9:02 AM","USVFDR3628 1/219 1/2 MBLE INF LVM 2 PUERTAS REMOVIBLE","C","SIDE L - R17L762","762","495.3",,"2","2","0","0",,,"0.45","15",,"0","AxP{0}PyA",,"54242","B","C","1","Caja"
"9/24/2025 9:02 AM","USVFDR3628 1/219 1/2 MBLE INF LVM 2 PUERTAS REMOVIBLE","B","SIDE R - R17L762","762","495.3",,"2","2","0","0",,,"0.45","15",,"0","AxP{0}PyA",,"54241","B","C","1","Caja"
"9/24/2025 9:02 AM","USVFDR3628 1/219 1/2 MBLE INF LVM 2 PUERTAS REMOVIBLE","A","BASE","884.4","480.3",,"2","0","0","0",,,"0.45","15",,"0","LxL{-30}LyL AxP{-15}PyA",,"54240","B","C","1","Caja"
"9/24/2025 8:57 AM","POD26 MUEBLE CAJÓN","H","FRENTE GAVETA","149.2","657.2",,"2","2","0","0",,,"0.45","15",,"0","LxA{-3,2}AyL AxL{-3,2}LyA",,"54231","P","P","1","Caja"
"9/24/2025 8:57 AM","POD26 MUEBLE CAJÓN","G","TRASERO GAVETA","543.4","68",,"0","0","1","0",,,"0.45","15",,"0","LxL{-117}LyL",,"54230","P","P","1","Caja"
"9/24/2025 8:57 AM","POD26 MUEBLE CAJÓN","F","FONDO GAVETA","555.4","365",,"0","0","2","0",,,"0.45","15",,"0","LxL{-105}LyL AxP{-117,6}PyA",,"54229","P","P","1","Caja"
"9/24/2025 8:57 AM","POD26 MUEBLE CAJÓN","E","RAIL TRASERO","630.4","80",,"0","0","2","0",,,"0.45","15",,"0","LxL{-30}LyL",,"54228","P","P","1","Caja"
"9/24/2025 8:57 AM","POD26 MUEBLE CAJÓN","D","RAIL TRASERO","630.4","80",,"0","0","2","0",,,"0.45","15",,"0","LxL{-30}LyL",,"54227","P","P","1","Caja"
"9/24/2025 8:57 AM","POD26 MUEBLE CAJÓN","C","RAIL TRASERO","630.4","152.4",,"2","0","0","0",,,"0.45","15",,"0","LxL{-30}LyL AxA{0}AyA",,"54226","P","P","1","Caja"
"9/24/2025 8:57 AM","POD26 MUEBLE CAJÓN","B","SIDE L","152.4","482.6",,"2","2","0","0",,,"0.45","15",,"0","LxA{0}AyL AxP{0}PyA",,"54225","P","P","1","Caja"
"9/24/2025 8:57 AM","POD26 MUEBLE CAJÓN","A","SIDE R","152.4","482.6",,"2","2","0","0",,,"0.45","15",,"0","LxA{0}AyL AxP{0}PyA",,"54224","P","P","1","Caja"
"9/24/2025 8:56 AM","POD32615 3/4 MUEBLE CAJÓN","H","FRENTE GAVETA","149.2","809.6",,"2","2","0","0",,,"0.45","15",,"0","LxA{-3,2}AyL AxL{-3,2}LyA",,"54223","P","P","1","Caja"
"9/24/2025 8:56 AM","POD32615 3/4 MUEBLE CAJÓN","G","TRASERO GAVETA","695.8","68",,"0","0","1","0",,,"0.45","15",,"0","LxL{-117}LyL",,"54222","P","P","1","Caja"
"9/24/2025 8:56 AM","POD32615 3/4 MUEBLE CAJÓN","F","FONDO GAVETA","707.8","282.45",,"0","0","2","0",,,"0.45","15",,"0","LxL{-105}LyL AxP{-117,6}PyA",,"54221","P","P","1","Caja"
"9/24/2025 8:56 AM","POD32615 3/4 MUEBLE CAJÓN","E","RAIL TRASERO","782.8","80",,"0","0","2","0",,,"0.45","15",,"0","LxL{-30}LyL",,"54220","P","P","1","Caja"
"9/24/2025 8:56 AM","POD32615 3/4 MUEBLE CAJÓN","D","RAIL TRASERO","782.8","80",,"0","0","2","0",,,"0.45","15",,"0","LxL{-30}LyL",,"54219","P","P","1","Caja"
"9/24/2025 8:56 AM","POD32615 3/4 MUEBLE CAJÓN","C","RAIL TRASERO","782.8","152.4",,"2","0","0","0",,,"0.45","15",,"0","LxL{-30}LyL AxA{0}AyA",,"54218","P","P","1","Caja"
"9/24/2025 8:56 AM","POD32615 3/4 MUEBLE CAJÓN","B","SIDE L","152.4","400.05",,"2","2","0","0",,,"0.45","15",,"0","LxA{0}AyL AxP{0}PyA",,"54217","P","P","1","Caja"
"9/24/2025 8:56 AM","POD32615 3/4 MUEBLE CAJÓN","A","SIDE R","152.4","400.05",,"2","2","0","0",,,"0.45","15",,"0","LxA{0}AyL AxP{0}PyA",,"54216","P","P","1","Caja"
"9/23/2025 5:47 PM","USBFDR3028 1/2 MBLE INF LVP 2 PUERTAS REMOVIBLE CARB2","K","BACKING","599.1","746",,"0","0","0","0",,,"0","6",,"0","LxA{-124,8}AyL AxL{-16}LyA",,"54180","F","X","1",
"9/23/2025 5:47 PM","USBFDR3028 1/2 MBLE INF LVP 2 PUERTAS REMOVIBLE CARB2","J","DOOR L","720.7","377.8",,"2","2","0","0",,,"1","18",,"0","LxA{-3,2}AyL AxL[0,4958]LyA",,"54179","C","C","1","Frente"
"9/23/2025 5:47 PM","USBFDR3028 1/2 MBLE INF LVP 2 PUERTAS REMOVIBLE CARB2","I","DOOR R","720.7","377.8",,"2","2","0","0",,,"1","18",,"0","LxA{-3,2}AyL AxL[0,4958]LyA",,"54178","C","C","1","Frente"
"9/23/2025 5:47 PM","USBFDR3028 1/2 MBLE INF LVP 2 PUERTAS REMOVIBLE CARB2","H","RAIL TRASERO","732","120.75",,"0","0","2","0",,,"0.45","15",,"0","LxL{-30}LyL",,"54177","P","P","1","Caja"
"9/23/2025 5:47 PM","USBFDR3028 1/2 MBLE INF LVP 2 PUERTAS REMOVIBLE CARB2","G","RAIL TRASERO","732","80",,"0","0","2","0",,,"0.45","15",,"0","LxL{-30}LyL",,"54176","P","P","1","Caja"
"9/23/2025 5:47 PM","USBFDR3028 1/2 MBLE INF LVP 2 PUERTAS REMOVIBLE CARB2","F","RAIL TRASERO","732","80",,"0","0","2","0",,,"0.45","15",,"0","LxL{-30}LyL",,"54175","P","P","1","Caja"
"9/23/2025 5:47 PM","USBFDR3028 1/2 MBLE INF LVP 2 PUERTAS REMOVIBLE CARB2","E","RAIL DELANTERO","732","80",,"2","0","0","0",,,"0.45","15",,"0","LxL{-30}LyL","ENCHAPE COLOR","54174","P","C","1","Caja"
"9/23/2025 5:47 PM","USBFDR3028 1/2 MBLE INF LVP 2 PUERTAS REMOVIBLE CARB2","D","RAIL DELANTERO","732","140",,"2","0","0","0",,,"0.45","15",,"0","LxL{-30}LyL",,"54173","B","C","1","Caja"
"9/23/2025 5:47 PM","USBFDR3028 1/2 MBLE INF LVP 2 PUERTAS REMOVIBLE CARB2","C","SIDE L - R17L762","762","609.6",,"2","2","0","0",,,"0.45","15",,"0","AxP{0}PyA",,"54172","B","C","1","Caja"
"9/23/2025 5:47 PM","USBFDR3028 1/2 MBLE INF LVP 2 PUERTAS REMOVIBLE CARB2","B","SIDE R - R17L762","762","609.6",,"2","2","0","0",,,"0.45","15",,"0","AxP{0}PyA",,"54171","B","C","1","Caja"
"9/23/2025 5:47 PM","USBFDR3028 1/2 MBLE INF LVP 2 PUERTAS REMOVIBLE CARB2","A","BASE","732","594.6",,"2","0","0","0",,,"0.45","15",,"0","LxL{-30}LyL AxP{-15}PyA",,"54170","B","C","1","Caja"
"9/23/2025 5:42 PM","UBR3028 1/2 MBLE INF COC 3 GAVETAS REMOVIBLE","R","BACKING INF","572.55","746",,"0","0","0","0",,,"0","6",,"0","LxA{-151,35}AyL AxL{-16}LyA",,"54169","F","X","1",
"9/23/2025 5:42 PM","UBR3028 1/2 MBLE INF COC 3 GAVETAS REMOVIBLE","Q","FRENTE GAVETA","142.88","758.8",,"2","2","0","0",,,"1","18",,"0","AxL{-3,2}LyA",,"54168","C","C","1",
"9/23/2025 5:42 PM","UBR3028 1/2 MBLE INF COC 3 GAVETAS REMOVIBLE","P","DOOR L","574.62","377.8",,"2","2","0","0",,,"1","18",,"0","LxA{-149,28}AyL AxL[0,4958]LyA",,"54167","C","C","1",
"9/23/2025 5:42 PM","UBR3028 1/2 MBLE INF COC 3 GAVETAS REMOVIBLE","O","DOOR R","574.62","377.8",,"2","2","0","0",,,"1","18",,"0","LxA{-149,28}AyL AxL[0,4958]LyA",,"54166","C","C","1",
"9/23/2025 5:42 PM","UBR3028 1/2 MBLE INF COC 3 GAVETAS REMOVIBLE","N","TRASERO GAVETA","645","68",,"0","0","1","0",,,"0.45","15",,"0","LxL{-117}LyL",,"54165","P","P","1",
"9/23/2025 5:42 PM","UBR3028 1/2 MBLE INF COC 3 GAVETAS REMOVIBLE","M","BASE GAVETA","657","492",,"0","0","2","0",,,"0.45","15",,"0","LxL{-105}LyL",,"54164","P","P","1",
"9/23/2025 5:42 PM","UBR3028 1/2 MBLE INF COC 3 GAVETAS REMOVIBLE","L","SHELF","731","300",,"0","0","2","2",,,"0.45","15",,"0","LxL{-31}LyL",,"54163","P","P","1",
"9/23/2025 5:42 PM","UBR3028 1/2 MBLE INF COC 3 GAVETAS REMOVIBLE","K","RAIL TRASERO","732","146.05",,"0","0","2","0",,,"0.45","15",,"0","LxL{-30}LyL",,"54162","P","P","1",
"9/23/2025 5:42 PM","UBR3028 1/2 MBLE INF COC 3 GAVETAS REMOVIBLE","J","RAIL TRASERO","732","80",,"0","0","2","0",,,"0.45","15",,"0","LxL{-30}LyL",,"54161","P","P","1",
"9/23/2025 5:42 PM","UBR3028 1/2 MBLE INF COC 3 GAVETAS REMOVIBLE","I","RAIL TRASERO","732","80",,"0","0","2","0",,,"0.45","15",,"0","LxL{-30}LyL",,"54160","P","P","1",
"9/23/2025 5:42 PM","UBR3028 1/2 MBLE INF COC 3 GAVETAS REMOVIBLE","H","RAIL DELANTERO","732","80",,"2","0","0","0",,,"0.45","15",,"0","LxL{-30}LyL",,"54159","P","C","1",
"9/23/2025 5:42 PM","UBR3028 1/2 MBLE INF COC 3 GAVETAS REMOVIBLE","G","RAIL DELANTERO","732","80",,"2","0","0","0",,,"0.45","15",,"0","LxL{-30}LyL",,"54158","P","C","1",
"9/23/2025 5:42 PM","UBR3028 1/2 MBLE INF COC 3 GAVETAS REMOVIBLE","E","SIDE L SUP","146.05","609.6",,"2","2","0","0",,,"0.45","15",,"0","AxP{0}PyA",,"54156","B","C","1",
"9/23/2025 5:42 PM","UBR3028 1/2 MBLE INF COC 3 GAVETAS REMOVIBLE","F","RAIL DELANTERO","732","80",,"2","0","0","0",,,"0.45","15",,"0","LxL{-30}LyL",,"54157","P","C","1",
"9/23/2025 5:42 PM","UBR3028 1/2 MBLE INF COC 3 GAVETAS REMOVIBLE","D","SIDE R SUP","146.05","609.6",,"2","2","0","0",,,"0.45","15",,"0","AxP{0}PyA",,"54155","B","C","1",
"9/23/2025 5:42 PM","UBR3028 1/2 MBLE INF COC 3 GAVETAS REMOVIBLE","C","SIDE L INF - R17L587","577.85","609.6",,"2","2","0","0",,,"0.45","15",,"0","LxA{-146,05}AyL AxP{0}PyA",,"54154","B","C","1",
"9/23/2025 5:42 PM","UBR3028 1/2 MBLE INF COC 3 GAVETAS REMOVIBLE","B","SIDE R INF - R17L587","577.85","609.6",,"2","2","0","0",,,"0.45","15",,"0","LxA{-146,05}AyL AxP{0}PyA",,"54153","B","C","1",
"9/23/2025 5:42 PM","UBR3028 1/2 MBLE INF COC 3 GAVETAS REMOVIBLE","A","BASE","732","585.6",,"2","0","0","0",,,"0.45","15",,"0","LxL{-30}LyL AxP{-24}PyA",,"54152","B","C","1",
"9/23/2025 5:35 PM","USVFD NR3028 1/2 MBLE INF LVM 2 PUERTAS CARB2","I","BACKING","721.9","746",,"0","0","0","0",,,"0","6",,"0","LxA{-2}AyL AxL{-16}LyA",,"54151","F","X","1",
"9/23/2025 5:35 PM","USVFD NR3028 1/2 MBLE INF LVM 2 PUERTAS CARB2","H","DOOR L","720.7","377.8",,"2","2","0","0",,,"1","18",,"0","LxA{-3,2}AyL AxL[0,49580]LyA",,"54150","C","C","1","Frente"
"9/23/2025 5:35 PM","USVFD NR3028 1/2 MBLE INF LVM 2 PUERTAS CARB2","G","DOOR R","720.7","377.8",,"2","2","0","0",,,"1","18",,"0","LxA{-3,2}AyL AxL[0,49580]LyA",,"54149","C","C","1","Frente"
"9/23/2025 5:35 PM","USVFD NR3028 1/2 MBLE INF LVM 2 PUERTAS CARB2","F","RAIL TRASERO","732","80",,"0","0","2","0",,,"0.45","15",,"0","LxL{-30}LyL",,"54148","P","P","1","Caja"
"9/23/2025 5:35 PM","USVFD NR3028 1/2 MBLE INF LVM 2 PUERTAS CARB2","E","RAIL TRASERO","732","80",,"0","0","2","0",,,"0.45","15",,"0","LxL{-30}LyL",,"54147","P","P","1","Caja"
"9/23/2025 5:35 PM","USVFD NR3028 1/2 MBLE INF LVM 2 PUERTAS CARB2","D","RAIL DELANTERO","732","96",,"2","0","0","0",,,"0.45","15",,"0","LxL{-30}LyL",,"54146","B","C","1","Caja"
"9/23/2025 5:35 PM","USVFD NR3028 1/2 MBLE INF LVM 2 PUERTAS CARB2","C","SIDE L - R17L762","723.9","533.4",,"2","2","0","0",,,"0.45","15",,"0","LxA{0}AyL AxP{0}PyA",,"54145","B","C","1","Caja"
"9/23/2025 5:35 PM","USVFD NR3028 1/2 MBLE INF LVM 2 PUERTAS CARB2","B","SIDE R - R17L762","723.9","533.4",,"2","2","0","0",,,"0.45","15",,"0","LxA{0}AyL AxP{0}PyA",,"54144","B","C","1","Caja"
"9/23/2025 5:35 PM","USVFD NR3028 1/2 MBLE INF LVM 2 PUERTAS CARB2","A","BASE","732","509.4",,"2","0","0","0",,,"0.45","15",,"0","LxL{-30}LyL AxP{-24}PyA",,"54143","B","C","1","Caja"
"9/23/2025 5:31 PM","USVFD NR2728 1/2 MBLE INF LVM 2 PUERTAS CARB2","I","BACKING","721.9","669.8",,"0","0","0","0",,,"0","6",,"0","LxA{-2}AyL AxL{-16}LyA",,"54133","F","X","1",
"9/23/2025 5:31 PM","USVFD NR2728 1/2 MBLE INF LVM 2 PUERTAS CARB2","H","DOOR L","720.7","339.7",,"2","2","0","0",,,"1","18",,"0","LxA{-3,2}AyL AxL[0,49533]LyA",,"54132","C","C","1","Frente"
"9/23/2025 5:31 PM","USVFD NR2728 1/2 MBLE INF LVM 2 PUERTAS CARB2","G","DOOR R","720.7","339.7",,"2","2","0","0",,,"1","18",,"0","LxA{-3,2}AyL AxL[0,49533]LyA",,"54131","C","C","1","Frente"
"9/23/2025 5:31 PM","USVFD NR2728 1/2 MBLE INF LVM 2 PUERTAS CARB2","F","RAIL TRASERO","655.8","80",,"0","0","2","0",,,"0.45","15",,"0","LxL{-30}LyL",,"54130","P","P","1","Caja"
"9/23/2025 5:31 PM","USVFD NR2728 1/2 MBLE INF LVM 2 PUERTAS CARB2","E","RAIL TRASERO","655.8","80",,"0","0","2","0",,,"0.45","15",,"0","LxL{-30}LyL",,"54129","P","P","1","Caja"
"9/23/2025 5:31 PM","USVFD NR2728 1/2 MBLE INF LVM 2 PUERTAS CARB2","D","RAIL DELANTERO","655.8","96",,"2","0","0","0",,,"0.45","15",,"0","LxL{-30}LyL",,"54128","B","C","1","Caja"
"9/23/2025 5:31 PM","USVFD NR2728 1/2 MBLE INF LVM 2 PUERTAS CARB2","C","SIDE L - R17L762","723.9","533.4",,"2","2","0","0",,,"0.45","15",,"0","LxA{0}AyL AxP{0}PyA",,"54127","B","C","1","Caja"
"9/23/2025 5:31 PM","USVFD NR2728 1/2 MBLE INF LVM 2 PUERTAS CARB2","B","SIDE R - R17L762","723.9","533.4",,"2","2","0","0",,,"0.45","15",,"0","LxA{0}AyL AxP{0}PyA",,"54126","B","C","1","Caja"
"9/23/2025 5:31 PM","USVFD NR2728 1/2 MBLE INF LVM 2 PUERTAS CARB2","A","BASE","655.8","509.4",,"2","0","0","0",,,"0.45","15",,"0","LxL{-30}LyL AxP{-24}PyA",,"54125","B","C","1","Caja"
"9/23/2025 4:09 PM","PC128425 1/2 TK4 1/2 MBL ALACENA COC 2 PUERTAS 5 ENTREPAÑOS CARB2","O","BACKING","2,017.3","288.8",,,,,,,,"0","6",,"0","LxA{-116,3}AyL AxL{-16}LyA",,"54114","F","X","1",
"9/23/2025 4:09 PM","PC128425 1/2 TK4 1/2 MBL ALACENA COC 2 PUERTAS 5 ENTREPAÑOS CARB2","N","DOOR LOW","1,101.7","301.6",,"2",,,,,,"1","18",,"0","LxA{-1031,9}AyL AxL{-3,2}LyA",,"54113","C","C","1","Frente"
"9/23/2025 4:09 PM","PC128425 1/2 TK4 1/2 MBL ALACENA COC 2 PUERTAS 5 ENTREPAÑOS CARB2","M","DOOR UP","911.2","301.6",,"2","2",,,,,"1","18",,"0","AxL{-3,2}LyA",,"54112","C","C","1","Frente"
"9/23/2025 4:09 PM","PC128425 1/2 TK4 1/2 MBL ALACENA COC 2 PUERTAS 5 ENTREPAÑOS CARB2","L","SHELF4","273.8","608.6",,,,"2","2",,,"0.45","15",,"0","LxL{-31}LyL AxP{-39,1}PyA",,"54111","P","P","1","Caja"
"9/23/2025 4:09 PM","PC128425 1/2 TK4 1/2 MBL ALACENA COC 2 PUERTAS 5 ENTREPAÑOS CARB2","K","SHELF3","273.8","608.6",,,,"2","2",,,"0.45","15",,"0","LxL{-31}LyL AxP{-39,1}PyA",,"54110","P","P","1","Caja"
"9/23/2025 4:09 PM","PC128425 1/2 TK4 1/2 MBL ALACENA COC 2 PUERTAS 5 ENTREPAÑOS CARB2","J","SHELF2","273.8","608.6",,,,"2","2",,,"0.45","15",,"0","LxL{-31}LyL AxP{-39,1}PyA",,"54109","P","P","1","Caja"
"9/23/2025 4:09 PM","PC128425 1/2 TK4 1/2 MBL ALACENA COC 2 PUERTAS 5 ENTREPAÑOS CARB2","I","SHELF1","273.8","608.6",,,,"2","2",,,"0.45","15",,"0","LxL{-31}LyL AxP{-39,1}PyA",,"54108","P","P","1","Caja"
"9/23/2025 4:09 PM","PC128425 1/2 TK4 1/2 MBL ALACENA COC 2 PUERTAS 5 ENTREPAÑOS CARB2","H","SHELF0","274.8","623.7",,,,"2",,,,"0.45","15",,"0","LxL{-30}LyL AxP{-24}PyA",,"54107","P","P","1","Caja"
"9/23/2025 4:09 PM","PC128425 1/2 TK4 1/2 MBL ALACENA COC 2 PUERTAS 5 ENTREPAÑOS CARB2","G","RAIL TRASERO","274.8","80",,,,"2",,,,"0.45","15",,"0","LxL{-30}LyL",,"54106","P","P","1","Caja"
"9/23/2025 4:09 PM","PC128425 1/2 TK4 1/2 MBL ALACENA COC 2 PUERTAS 5 ENTREPAÑOS CARB2","F","RAIL TRASERO","274.8","80",,,,"2",,,,"0.45","15",,"0","LxL{-30}LyL",,"54105","P","P","1","Caja"
"9/23/2025 4:09 PM","PC128425 1/2 TK4 1/2 MBL ALACENA COC 2 PUERTAS 5 ENTREPAÑOS CARB2","E","RAIL TRASERO","274.8","80",,"0",,"2",,,,"0.45","15",,"0","LxL{-30}LyL",,"54104","P","P","1","Caja"
"9/23/2025 4:09 PM","PC128425 1/2 TK4 1/2 MBL ALACENA COC 2 PUERTAS 5 ENTREPAÑOS CARB2","D","SIDE L R16L","2,019.3","647.7",,"2","2",,,,,"0.45","15",,"0","LxA{-114,3}AyL AxP{0}PyA",,"54103","B","C","1","Caja"
"9/23/2025 4:09 PM","PC128425 1/2 TK4 1/2 MBL ALACENA COC 2 PUERTAS 5 ENTREPAÑOS CARB2","C","SIDE R R16L","2,019.3","647.7",,"2","2",,,,,"0.45","15",,"0","LxA{-114,3}AyL AxP{0}PyA",,"54102","B","C","1","Caja"
"9/23/2025 4:09 PM","PC128425 1/2 TK4 1/2 MBL ALACENA COC 2 PUERTAS 5 ENTREPAÑOS CARB2","B","TAPA","274.8","623.7",,"2",,,,,,"0.45","15",,"0","LxL{-30}LyL AxP{-24}PyA",,"54101","B","C","1","Caja"
"9/23/2025 4:09 PM","PC128425 1/2 TK4 1/2 MBL ALACENA COC 2 PUERTAS 5 ENTREPAÑOS CARB2","A","BASE","274.8","623.7",,"2",,,,,,"0.45","15",,"0","LxL{-30}LyL AxP{-24}PyA",,"54100","B","C","1","Caja"
"9/23/2025 3:49 PM","PC188425 1/2 TK5 1/4 MBL ALACENA COC 2 PUERTAS 5 ENTREPAÑOS CARB2","O","BACKING","1,998.25","441.2",,,,,,,,"0","6",,"0","LxA{-135,35}AyL AxL{-16}LyA",,"54099","F","X","1",
"9/23/2025 3:49 PM","PC188425 1/2 TK5 1/4 MBL ALACENA COC 2 PUERTAS 5 ENTREPAÑOS CARB2","N","DOOR LOW","1,235.05","454",,"2",,,,,,"1","18",,"0","LxA{-898,55}AyL AxL{-3,2}LyA",,"54098","C","C","1","Frente"
"9/23/2025 3:49 PM","PC188425 1/2 TK5 1/4 MBL ALACENA COC 2 PUERTAS 5 ENTREPAÑOS CARB2","M","DOOR UP","758.8","454",,"2","2",,,,,"1","18",,"0","AxL{-3,2}LyA",,"54097","C","C","1","Frente"
"9/23/2025 3:49 PM","PC188425 1/2 TK5 1/4 MBL ALACENA COC 2 PUERTAS 5 ENTREPAÑOS CARB2","L","SHELF4","426.2","608.6",,,,"2","2",,,"0.45","15",,"0","LxL{-31}LyL AxP{-39,1}PyA",,"54096","P","P","1","Caja"
"9/23/2025 3:49 PM","PC188425 1/2 TK5 1/4 MBL ALACENA COC 2 PUERTAS 5 ENTREPAÑOS CARB2","K","SHELF3","426.2","608.6",,,,"2","2",,,"0.45","15",,"0","LxL{-31}LyL AxP{-39,1}PyA",,"54095","P","P","1","Caja"
"9/23/2025 3:49 PM","PC188425 1/2 TK5 1/4 MBL ALACENA COC 2 PUERTAS 5 ENTREPAÑOS CARB2","J","SHELF2","426.2","608.6",,,,"2","2",,,"0.45","15",,"0","LxL{-31}LyL AxP{-39,1}PyA",,"54094","P","P","1","Caja"
"9/23/2025 3:49 PM","PC188425 1/2 TK5 1/4 MBL ALACENA COC 2 PUERTAS 5 ENTREPAÑOS CARB2","I","SHELF1","426.2","608.6",,,,"2","2",,,"0.45","15",,"0","LxL{-31}LyL AxP{-39,1}PyA",,"54093","P","P","1","Caja"
"9/23/2025 3:49 PM","PC188425 1/2 TK5 1/4 MBL ALACENA COC 2 PUERTAS 5 ENTREPAÑOS CARB2","H","SHELF0","427.2","623.7",,,,"2",,,,"0.45","15",,"0","LxL{-30}LyL AxP{-24}PyA",,"54092","P","P","1","Caja"
"9/23/2025 3:49 PM","PC188425 1/2 TK5 1/4 MBL ALACENA COC 2 PUERTAS 5 ENTREPAÑOS CARB2","G","RAIL TRASERO","427.2","80",,,,"2",,,,"0.45","15",,"0","LxL{-30}LyL",,"54091","P","P","1","Caja"
"9/23/2025 3:49 PM","PC188425 1/2 TK5 1/4 MBL ALACENA COC 2 PUERTAS 5 ENTREPAÑOS CARB2","F","RAIL TRASERO","427.2","80",,,,"2",,,,"0.45","15",,"0","LxL{-30}LyL",,"54090","P","P","1","Caja"
"9/23/2025 3:49 PM","PC188425 1/2 TK5 1/4 MBL ALACENA COC 2 PUERTAS 5 ENTREPAÑOS CARB2","D","SIDE L R16L","2,000.25","647.7",,"2","2",,,,,"0.45","15",,"0","LxA{-133,35}AyL AxP{0}PyA",,"54088","B","C","1","Caja"
"9/23/2025 3:49 PM","PC188425 1/2 TK5 1/4 MBL ALACENA COC 2 PUERTAS 5 ENTREPAÑOS CARB2","E","RAIL TRASERO","427.2","80",,"0",,"2",,,,"0.45","15",,"0","LxL{-30}LyL",,"54089","P","P","1","Caja"
"9/23/2025 3:49 PM","PC188425 1/2 TK5 1/4 MBL ALACENA COC 2 PUERTAS 5 ENTREPAÑOS CARB2","C","SIDE R R16L","2,000.25","647.7",,"2","2",,,,,"0.45","15",,"0","LxA{-133,35}AyL AxP{0}PyA",,"54087","B","C","1","Caja"
"9/23/2025 3:49 PM","PC188425 1/2 TK5 1/4 MBL ALACENA COC 2 PUERTAS 5 ENTREPAÑOS CARB2","B","TAPA","427.2","623.7",,"2",,,,,,"0.45","15",,"0","LxL{-30}LyL AxP{-24}PyA",,"54086","B","C","1","Caja"
"9/23/2025 3:49 PM","PC188425 1/2 TK5 1/4 MBL ALACENA COC 2 PUERTAS 5 ENTREPAÑOS CARB2","A","BASE","427.2","623.7",,"2",,,,,,"0.45","15",,"0","LxL{-30}LyL AxP{-24}PyA",,"54085","B","C","1","Caja"
"9/23/2025 11:38 AM","TK596 ZOCALO MBLE COC TABLERO 18MM CARB2","A","Zócalo","2,438.4","127",,"2","2",,,,,"1","18",,"0","LxL{0}LyL AxA{0}AyA",,"54084","C","C","1","Frente"
"9/23/2025 11:37 AM","TK4 1/496 ZOCALO MBLE COC TABLERO 18MM CARB2","A","Zócalo","2,438.4","107.95",,"2","2",,,,,"1","18",,"0","LxL{0}LyL AxA{0}AyA",,"54083","C","C","1","Frente"
"9/23/2025 11:36 AM","PN2435 MBLE INF","A","PANEL","889","609.6",,"2","2","0","0",,,"1","18",,"0","LxA{0}AyL AxP{0}PyA",,"54082","C","C","1","Frente"
"9/23/2025 11:33 AM","PN19 1/233 MBLE INF","A","PANEL","838.2","495.3",,"2","2","0","0",,,"1","18",,"0","LxA{0}AyL AxP{0}PyA",,"54081","C","C","1","Frente"
"9/23/2025 11:32 AM","PN2433 MBLE INF","A","PANEL","838.2","609.6",,"2","2","0","0",,,"1","18",,"0","LxA{0}AyL AxP{0}PyA",,"54080","C","C","1","Frente"
"9/23/2025 11:25 AM","PN1717-15MM PANEL MBLE","A","PANEL","431.8","431.8",,"2","2","0","0",,,"1","15",,"0","LxA{0}AyL AxP{0}PyA",,"54078","B","C","1","Caja"
"9/23/2025 11:20 AM","F835 FILLER MBLE","A","FILLER","889","203.2",,"2","2","0","0",,,"1","18",,"0","LxA{0}AyL AxL{0}LyA",,"54077","C","C","1","Frente"
"9/23/2025 11:19 AM","F628 1/2 FILLER MBLE","A","FILLER","723.9","152.4",,"2","2","0","0",,,"1","18",,"0","LxA{0}AyL AxL{0}LyA",,"54076","C","C","1","Frente"
"9/23/2025 11:18 AM","F635 FILLER MBLE","A","FILLER","889","152.4",,"2","2","0","0",,,"1","18",,"0","LxA{0}AyL AxL{0}LyA",,"54075","C","C","1","Frente"
"9/23/2025 11:14 AM","UW1336 MBLE SUP COC 1 PUERTA 3 ENTREPAÑOS OPEN SHELF CARB2","K","BACKING","898.4","314.2",,"0","0","0","0",,,"0","6",,"0","LxA{-16}AyL AxL{-16}LyA",,"54073","F","X","1",
"9/23/2025 11:14 AM","UW1336 MBLE SUP COC 1 PUERTA 3 ENTREPAÑOS OPEN SHELF CARB2","J","DOOR ","715.22","327",,"2","2","0","0",,,"1","18",,"0","LxA{-199,18}AyL AxL{-3,2}LyA",,"54072","C","C","1","Frente"
"9/23/2025 11:14 AM","UW1336 MBLE SUP COC 1 PUERTA 3 ENTREPAÑOS OPEN SHELF CARB2","I","SHELF 2","299.2","266.7",,"0","0","2","2",,,"0.45","15",,"0","LxL{-31}LyL",,"54071","P","P","1","Caja"
"9/23/2025 11:14 AM","UW1336 MBLE SUP COC 1 PUERTA 3 ENTREPAÑOS OPEN SHELF CARB2","H","SHELF 1","299.2","266.7",,"0","0","2","2",,,"0.45","15",,"0","LxL{-31}LyL",,"54070","P","P","1","Caja"
"9/23/2025 11:14 AM","UW1336 MBLE SUP COC 1 PUERTA 3 ENTREPAÑOS OPEN SHELF CARB2","G","SHELF 0","300.2","281.8",,"2",,"0","0",,,"0.45","15",,"0","LxL{-30}LyL",,"54069","P","C","1","Caja"
"9/23/2025 11:14 AM","UW1336 MBLE SUP COC 1 PUERTA 3 ENTREPAÑOS OPEN SHELF CARB2","F","RAIL TRASERO","300.2","80",,"0","0","2","0",,,"0.45","15",,"0","LxL{-30}LyL",,"54068","P","P","1","Caja"
"9/23/2025 11:14 AM","UW1336 MBLE SUP COC 1 PUERTA 3 ENTREPAÑOS OPEN SHELF CARB2","E","RAIL TRASERO","300.2","80",,"0","0","2","0",,,"0.45","15",,"0","LxL{-30}LyL",,"54067","P","P","1","Caja"
"9/23/2025 11:14 AM","UW1336 MBLE SUP COC 1 PUERTA 3 ENTREPAÑOS OPEN SHELF CARB2","D","SIDE L - R16L","914.4","304.8",,"2","2","0","0",,,"0.45","15",,"0","LxA{0}AyL AxP{0}PyA",,"54066","B","C","1","Caja"
"9/23/2025 11:14 AM","UW1336 MBLE SUP COC 1 PUERTA 3 ENTREPAÑOS OPEN SHELF CARB2","C","SIDE R - R16L","914.4","304.8",,"2","2","0","0",,,"0.45","15",,"0","LxA{0}AyL AxP{0}PyA",,"54065","B","C","1","Caja"
"9/23/2025 11:14 AM","UW1336 MBLE SUP COC 1 PUERTA 3 ENTREPAÑOS OPEN SHELF CARB2","B","TAPA - R16L","300.2","304.8",,"2","0","0","0",,,"0.45","15",,"0","LxL{-30}LyL AxP{0}PyA",,"54064","B","C","1","Caja"
"9/23/2025 11:14 AM","UW1336 MBLE SUP COC 1 PUERTA 3 ENTREPAÑOS OPEN SHELF CARB2","A","BASE - R16L","300.2","304.8",,"2","0","0","0",,,"0.45","15",,"0","LxL{-30}LyL AxP{0}PyA",,"54063","B","C","1","Caja"
"9/23/2025 11:10 AM","W3430 MBLE SUP COC 2 PUERTAS 2 ENTREPAÑOS CARB2","J","DOOR L","758.8","428.6",,"2","2",,,,,"1","18",,"0","LxA{-3,2}AyL AxL[0,495]LyA",,"54062","C","C","1","Frente"
"9/23/2025 11:10 AM","W3430 MBLE SUP COC 2 PUERTAS 2 ENTREPAÑOS CARB2","K","BACKING","746","847.6",,"0","0","0","0",,,"0","6",,"0","LxA{-16}AyL AxL{-16}LyA",,"54061","F","X","1",
"9/23/2025 11:10 AM","W3430 MBLE SUP COC 2 PUERTAS 2 ENTREPAÑOS CARB2","I","DOOR R","758.8","428.6",,"2","2","0","0",,,"1","18",,"0","LxA{-3,2}AyL AxL[0,495]LyA",,"54060","C","C","1","Frente"
"9/23/2025 11:10 AM","W3430 MBLE SUP COC 2 PUERTAS 2 ENTREPAÑOS CARB2","H","SHELF 2","832.6","266.7",,"0","0","2","2",,,"0.45","15",,"0","LxL{-31}LyL",,"54059","P","P","1","Caja"
"9/23/2025 11:10 AM","W3430 MBLE SUP COC 2 PUERTAS 2 ENTREPAÑOS CARB2","G","SHELF 1","832.6","266.7",,"0","0","2","2",,,"0.45","15",,"0","LxL{-31}LyL",,"54058","P","P","1","Caja"
"9/23/2025 11:10 AM","W3430 MBLE SUP COC 2 PUERTAS 2 ENTREPAÑOS CARB2","F","RAIL TRASERO","833.6","80",,"0","0","2","0",,,"0.45","15",,"0","LxL{-30}LyL",,"54057","P","P","1","Caja"
"9/23/2025 11:10 AM","W3430 MBLE SUP COC 2 PUERTAS 2 ENTREPAÑOS CARB2","E","RAIL TRASERO","833.6","80",,"0","0","2","0",,,"0.45","15",,"0","LxL{-30}LyL",,"54056","P","P","1","Caja"
"9/23/2025 11:10 AM","W3430 MBLE SUP COC 2 PUERTAS 2 ENTREPAÑOS CARB2","D","SIDE L - R16L","762","304.8",,"2","2","0","0",,,"0.45","15",,"0","LxA{0}AyL AxP{0}PyA",,"54055","B","C","1","Caja"
"9/23/2025 11:10 AM","W3430 MBLE SUP COC 2 PUERTAS 2 ENTREPAÑOS CARB2","C","SIDE R - R16L","762","304.8",,"2","2","0","0",,,"0.45","15",,"0","LxA{0}AyL AxP{0}PyA",,"54054","B","C","1","Caja"
"9/23/2025 11:10 AM","W3430 MBLE SUP COC 2 PUERTAS 2 ENTREPAÑOS CARB2","B","TAPA - R16L","833.6","304.8",,"2","0","0","0",,,"0.45","15",,"0","LxL{-30}LyL AxP{0}PyA",,"54053","B","C","1","Caja"
"9/23/2025 11:10 AM","W3430 MBLE SUP COC 2 PUERTAS 2 ENTREPAÑOS CARB2","A","BASE - R16L","833.6","304.8",,"2","0","0","0",,,"0.45","15",,"0","LxL{-30}LyL AxP{0}PyA",,"54052","B","C","1","Caja"
"9/23/2025 10:55 AM","W31 1/228 MBLE SUP COC 2 PUERTAS 2 ENTREPAÑOS CARB2","J","DOOR L","708","396.85",,"2","2",,,,,"1","18",,"0","LxA{-3,2}AyL AxL[0,49600]LyA",,"54040","C","C","1","Frente"
"9/23/2025 10:55 AM","W31 1/228 MBLE SUP COC 2 PUERTAS 2 ENTREPAÑOS CARB2","K","BACKING","695.2","784.1",,"0","0","0","0",,,"0","6",,"0","LxA{-16}AyL AxL{-16}LyA",,"54039","F","X","1",
"9/23/2025 10:55 AM","W31 1/228 MBLE SUP COC 2 PUERTAS 2 ENTREPAÑOS CARB2","I","DOOR R","708","396.85",,"2","2","0","0",,,"1","18",,"0","LxA{-3,2}AyL AxL[0,49600]LyA",,"54038","C","C","1","Frente"
"9/23/2025 10:55 AM","W31 1/228 MBLE SUP COC 2 PUERTAS 2 ENTREPAÑOS CARB2","H","SHELF 2","769.1","266.7",,"0","0","2","2",,,"0.45","15",,"0","LxL{-31}LyL",,"54037","P","P","1","Caja"
"9/23/2025 10:55 AM","W31 1/228 MBLE SUP COC 2 PUERTAS 2 ENTREPAÑOS CARB2","G","SHELF 1","769.1","266.7",,"0","0","2","2",,,"0.45","15",,"0","LxL{-31}LyL",,"54036","P","P","1","Caja"
"9/23/2025 10:55 AM","W31 1/228 MBLE SUP COC 2 PUERTAS 2 ENTREPAÑOS CARB2","F","RAIL TRASERO","770.1","80",,"0","0","2","0",,,"0.45","15",,"0","LxL{-30}LyL",,"54035","P","P","1","Caja"
"9/23/2025 10:55 AM","W31 1/228 MBLE SUP COC 2 PUERTAS 2 ENTREPAÑOS CARB2","E","RAIL TRASERO","770.1","80",,"0","0","2","0",,,"0.45","15",,"0","LxL{-30}LyL",,"54034","P","P","1","Caja"
"9/23/2025 10:55 AM","W31 1/228 MBLE SUP COC 2 PUERTAS 2 ENTREPAÑOS CARB2","D","SIDE L - R16L","711.2","304.8",,"2","2","0","0",,,"0.45","15",,"0","LxA{0}AyL AxP{0}PyA",,"54033","B","C","1","Caja"
"9/23/2025 10:55 AM","W31 1/228 MBLE SUP COC 2 PUERTAS 2 ENTREPAÑOS CARB2","C","SIDE R - R16L","711.2","304.8",,"2","2","0","0",,,"0.45","15",,"0","LxA{0}AyL AxP{0}PyA",,"54032","B","C","1","Caja"
"9/23/2025 10:55 AM","W31 1/228 MBLE SUP COC 2 PUERTAS 2 ENTREPAÑOS CARB2","B","TAPA - R16L","770.1","304.8",,"2","0","0","0",,,"0.45","15",,"0","LxL{-30}LyL AxP{0}PyA",,"54031","B","C","1","Caja"
"9/23/2025 10:55 AM","W31 1/228 MBLE SUP COC 2 PUERTAS 2 ENTREPAÑOS CARB2","A","BASE - R16L","770.1","304.8",,"2","0","0","0",,,"0.45","15",,"0","LxL{-30}LyL AxP{0}PyA",,"54030","B","C","1","Caja"
"9/23/2025 10:42 AM","W3030 MBLE SUP COC 2 PUERTAS 2 ENTREPAÑOS CARB2","J","DOOR L","758.8","377.8",,"2","2",,,,,"1","18",,"0","LxA{-3,2}AyL AxL[0,4958]LyA",,"54029","C","C","1","Frente"
"9/23/2025 10:42 AM","W3030 MBLE SUP COC 2 PUERTAS 2 ENTREPAÑOS CARB2","K","BACKING","746","746",,"0","0","0","0",,,"0","6",,"0","LxA{-16}AyL AxL{-16}LyA",,"54028","F","X","1",
"9/23/2025 10:42 AM","W3030 MBLE SUP COC 2 PUERTAS 2 ENTREPAÑOS CARB2","I","DOOR R","758.8","377.8",,"2","2","0","0",,,"1","18",,"0","LxA{-3,2}AyL AxL[0,4958]LyA",,"54027","C","C","1","Frente"
"9/23/2025 10:42 AM","W3030 MBLE SUP COC 2 PUERTAS 2 ENTREPAÑOS CARB2","H","SHELF 2","731","266.7",,"0","0","2","2",,,"0.45","15",,"0","LxL{-31}LyL",,"54026","P","P","1","Caja"
"9/23/2025 10:42 AM","W3030 MBLE SUP COC 2 PUERTAS 2 ENTREPAÑOS CARB2","G","SHELF 1","731","266.7",,"0","0","2","2",,,"0.45","15",,"0","LxL{-31}LyL",,"54025","P","P","1","Caja"
"9/23/2025 10:42 AM","W3030 MBLE SUP COC 2 PUERTAS 2 ENTREPAÑOS CARB2","F","RAIL TRASERO","732","80",,"0","0","2","0",,,"0.45","15",,"0","LxL{-30}LyL",,"54024","P","P","1","Caja"
"9/23/2025 10:42 AM","W3030 MBLE SUP COC 2 PUERTAS 2 ENTREPAÑOS CARB2","E","RAIL TRASERO","732","80",,"0","0","2","0",,,"0.45","15",,"0","LxL{-30}LyL",,"54023","P","P","1","Caja"
"9/23/2025 10:42 AM","W3030 MBLE SUP COC 2 PUERTAS 2 ENTREPAÑOS CARB2","D","SIDE L - R16L","762","304.8",,"2","2","0","0",,,"0.45","15",,"0","LxA{0}AyL AxP{0}PyA",,"54022","B","C","1","Caja"
"9/23/2025 10:42 AM","W3030 MBLE SUP COC 2 PUERTAS 2 ENTREPAÑOS CARB2","C","SIDE R - R16L","762","304.8",,"2","2","0","0",,,"0.45","15",,"0","LxA{0}AyL AxP{0}PyA",,"54021","B","C","1","Caja"
"9/23/2025 10:42 AM","W3030 MBLE SUP COC 2 PUERTAS 2 ENTREPAÑOS CARB2","B","TAPA - R16L","732","304.8",,"2","0","0","0",,,"0.45","15",,"0","LxL{-30}LyL AxP{0}PyA",,"54020","B","C","1","Caja"
"9/23/2025 10:42 AM","W3030 MBLE SUP COC 2 PUERTAS 2 ENTREPAÑOS CARB2","A","BASE - R16L","732","304.8",,"2","0","0","0",,,"0.45","15",,"0","LxL{-30}LyL AxP{0}PyA",,"54019","B","C","1","Caja"
"9/23/2025 10:30 AM","W2430 MBLE SUP COC 2 PUERTAS 2 ENTREPAÑOS CARB2","J","DOOR L","758.8","301.6",,"2","2",,,,,"1","18",,"0","LxA{-3,2}AyL AxL[0,49475]LyA",,"54018","C","C","1","Frente"
"9/23/2025 10:30 AM","W2430 MBLE SUP COC 2 PUERTAS 2 ENTREPAÑOS CARB2","K","BACKING","746","593.6",,"0","0","0","0",,,"0","6",,"0","LxA{-16}AyL AxL{-16}LyA",,"54017","F","X","1",
"9/23/2025 10:30 AM","W2430 MBLE SUP COC 2 PUERTAS 2 ENTREPAÑOS CARB2","I","DOOR R","758.8","301.6",,"2","2","0","0",,,"1","18",,"0","LxA{-3,2}AyL AxL[0,49475]LyA",,"54016","C","C","1","Frente"
"9/23/2025 10:30 AM","W2430 MBLE SUP COC 2 PUERTAS 2 ENTREPAÑOS CARB2","H","SHELF 2","578.6","266.7",,"0","0","2","2",,,"0.45","15",,"0","LxL{-31}LyL",,"54015","P","P","1","Caja"
"9/23/2025 10:30 AM","W2430 MBLE SUP COC 2 PUERTAS 2 ENTREPAÑOS CARB2","G","SHELF 1","578.6","266.7",,"0","0","2","2",,,"0.45","15",,"0","LxL{-31}LyL",,"54014","P","P","1","Caja"
"9/23/2025 10:30 AM","W2430 MBLE SUP COC 2 PUERTAS 2 ENTREPAÑOS CARB2","F","RAIL TRASERO","579.6","80",,"0","0","2","0",,,"0.45","15",,"0","LxL{-30}LyL",,"54013","P","P","1","Caja"
"9/23/2025 10:30 AM","W2430 MBLE SUP COC 2 PUERTAS 2 ENTREPAÑOS CARB2","E","RAIL TRASERO","579.6","80",,"0","0","2","0",,,"0.45","15",,"0","LxL{-30}LyL",,"54012","P","P","1","Caja"
"9/23/2025 10:30 AM","W2430 MBLE SUP COC 2 PUERTAS 2 ENTREPAÑOS CARB2","D","SIDE L - R16L","762","304.8",,"2","2","0","0",,,"0.45","15",,"0","LxA{0}AyL AxP{0}PyA",,"54011","B","C","1","Caja"
"9/23/2025 10:30 AM","W2430 MBLE SUP COC 2 PUERTAS 2 ENTREPAÑOS CARB2","C","SIDE R - R16L","762","304.8",,"2","2","0","0",,,"0.45","15",,"0","LxA{0}AyL AxP{0}PyA",,"54010","B","C","1","Caja"
"9/23/2025 10:30 AM","W2430 MBLE SUP COC 2 PUERTAS 2 ENTREPAÑOS CARB2","B","TAPA - R16L","579.6","304.8",,"2","0","0","0",,,"0.45","15",,"0","LxL{-30}LyL AxP{0}PyA",,"54009","B","C","1","Caja"
"9/23/2025 10:30 AM","W2430 MBLE SUP COC 2 PUERTAS 2 ENTREPAÑOS CARB2","A","BASE - R16L","579.6","304.8",,"2","0","0","0",,,"0.45","15",,"0","LxL{-30}LyL AxP{0}PyA",,"54008","B","C","1","Caja"
"9/23/2025 10:22 AM","UW30 3/436 MBLE SUP COC 2 PUERTAS 3 ENTREPAÑOS OPEN SHELF CARB2","L","BACKING","898.4","765.05",,"0","0","0","0",,,"0","6",,"0","LxA{-16}AyL AxL{-16}LyA",,"54007","F","X","1",
"9/23/2025 10:22 AM","UW30 3/436 MBLE SUP COC 2 PUERTAS 3 ENTREPAÑOS OPEN SHELF CARB2","K","DOOR L","715.22","387.32",,"2","2",,,,,"1","18",,"0","LxA{-199,18}AyL AxL[0,495902]LyA",,"54006","C","C","1","Frente"
"9/23/2025 10:22 AM","UW30 3/436 MBLE SUP COC 2 PUERTAS 3 ENTREPAÑOS OPEN SHELF CARB2","J","DOOR R","715.22","387.32",,"2","2","0","0",,,"1","18",,"0","LxA{-199,18}AyL AxL[0,495902]LyA",,"54005","C","C","1","Frente"
"9/23/2025 10:22 AM","UW30 3/436 MBLE SUP COC 2 PUERTAS 3 ENTREPAÑOS OPEN SHELF CARB2","I","SHELF 2","750.05","266.7",,"0","0","2","2",,,"0.45","15",,"0","LxL{-31}LyL",,"54004","P","P","1","Caja"
"9/23/2025 10:22 AM","UW30 3/436 MBLE SUP COC 2 PUERTAS 3 ENTREPAÑOS OPEN SHELF CARB2","H","SHELF 1","750.05","266.7",,"0","0","2","2",,,"0.45","15",,"0","LxL{-31}LyL",,"54003","P","P","1","Caja"
"9/23/2025 10:22 AM","UW30 3/436 MBLE SUP COC 2 PUERTAS 3 ENTREPAÑOS OPEN SHELF CARB2","G","SHELF 0","751.05","281.8",,"2",,"0","0",,,"0.45","15",,"0","LxL{-30}LyL",,"54002","P","C","1","Caja"
"9/23/2025 10:22 AM","UW30 3/436 MBLE SUP COC 2 PUERTAS 3 ENTREPAÑOS OPEN SHELF CARB2","F","RAIL TRASERO","751.05","80",,"0","0","2","0",,,"0.45","15",,"0","LxL{-30}LyL",,"54001","P","P","1","Caja"
"9/23/2025 10:22 AM","UW30 3/436 MBLE SUP COC 2 PUERTAS 3 ENTREPAÑOS OPEN SHELF CARB2","E","RAIL TRASERO","751.05","80",,"0","0","2","0",,,"0.45","15",,"0","LxL{-30}LyL",,"54000","P","P","1","Caja"
"9/23/2025 10:22 AM","UW30 3/436 MBLE SUP COC 2 PUERTAS 3 ENTREPAÑOS OPEN SHELF CARB2","D","SIDE L - R16L","914.4","304.8",,"2","2","0","0",,,"0.45","15",,"0","LxA{0}AyL AxP{0}PyA",,"53999","B","C","1","Caja"
"9/23/2025 10:22 AM","UW30 3/436 MBLE SUP COC 2 PUERTAS 3 ENTREPAÑOS OPEN SHELF CARB2","C","SIDE R - R16L","914.4","304.8",,"2","2","0","0",,,"0.45","15",,"0","LxA{0}AyL AxP{0}PyA",,"53998","B","C","1","Caja"
"9/23/2025 10:22 AM","UW30 3/436 MBLE SUP COC 2 PUERTAS 3 ENTREPAÑOS OPEN SHELF CARB2","B","TAPA - R16L","751.05","304.8",,"2","0","0","0",,,"0.45","15",,"0","LxL{-30}LyL AxP{0}PyA",,"53997","B","C","1","Caja"
"9/23/2025 10:22 AM","UW30 3/436 MBLE SUP COC 2 PUERTAS 3 ENTREPAÑOS OPEN SHELF CARB2","A","BASE - R16L","751.05","304.8",,"2","0","0","0",,,"0.45","15",,"0","LxL{-30}LyL AxP{0}PyA",,"53996","B","C","1","Caja"
"9/23/2025 10:10 AM","UW24 3/436 MBLE SUP COC 2 PUERTAS 3 ENTREPAÑOS OPEN SHELF CARB2","L","BACKING","898.4","612.65",,"0","0","0","0",,,"0","6",,"0","LxA{-16}AyL AxL{-16}LyA",,"53983","F","X","1",
"9/23/2025 10:10 AM","UW24 3/436 MBLE SUP COC 2 PUERTAS 3 ENTREPAÑOS OPEN SHELF CARB2","K","DOOR L","715.22","311.12",,"2","2",,,,,"1","18",,"0","LxA{-199,18}AyL AxL[0,49490]LyA",,"53982","C","C","1","Frente"
"9/23/2025 10:10 AM","UW24 3/436 MBLE SUP COC 2 PUERTAS 3 ENTREPAÑOS OPEN SHELF CARB2","J","DOOR R","715.22","311.12",,"2","2","0","0",,,"1","18",,"0","LxA{-199,18}AyL AxL[0,49490]LyA",,"53981","C","C","1","Frente"
"9/23/2025 10:10 AM","UW24 3/436 MBLE SUP COC 2 PUERTAS 3 ENTREPAÑOS OPEN SHELF CARB2","I","SHELF 2","597.65","266.7",,"0","0","2","2",,,"0.45","15",,"0","LxL{-31}LyL",,"53980","P","P","1","Caja"
"9/23/2025 10:10 AM","UW24 3/436 MBLE SUP COC 2 PUERTAS 3 ENTREPAÑOS OPEN SHELF CARB2","H","SHELF 1","597.65","266.7",,"0","0","2","2",,,"0.45","15",,"0","LxL{-31}LyL",,"53979","P","P","1","Caja"
"9/23/2025 10:10 AM","UW24 3/436 MBLE SUP COC 2 PUERTAS 3 ENTREPAÑOS OPEN SHELF CARB2","G","SHELF 0","598.65","281.8",,"2",,"0","0",,,"0.45","15",,"0","LxL{-30}LyL",,"53978","B","C","1","Caja"
"9/23/2025 10:10 AM","UW24 3/436 MBLE SUP COC 2 PUERTAS 3 ENTREPAÑOS OPEN SHELF CARB2","F","RAIL TRASERO","598.65","80",,"0","0","2","0",,,"0.45","15",,"0","LxL{-30}LyL",,"53977","P","P","1","Caja"
"9/23/2025 10:10 AM","UW24 3/436 MBLE SUP COC 2 PUERTAS 3 ENTREPAÑOS OPEN SHELF CARB2","E","RAIL TRASERO","598.65","80",,"0","0","2","0",,,"0.45","15",,"0","LxL{-30}LyL",,"53976","P","P","1","Caja"
"9/23/2025 10:10 AM","UW24 3/436 MBLE SUP COC 2 PUERTAS 3 ENTREPAÑOS OPEN SHELF CARB2","D","SIDE L - R16L","914.4","304.8",,"2","2","0","0",,,"0.45","15",,"0","LxA{0}AyL AxP{0}PyA",,"53975","B","C","1","Caja"
"9/23/2025 10:10 AM","UW24 3/436 MBLE SUP COC 2 PUERTAS 3 ENTREPAÑOS OPEN SHELF CARB2","C","SIDE R - R16L","914.4","304.8",,"2","2","0","0",,,"0.45","15",,"0","LxA{0}AyL AxP{0}PyA",,"53974","B","C","1","Caja"
"9/23/2025 10:10 AM","UW24 3/436 MBLE SUP COC 2 PUERTAS 3 ENTREPAÑOS OPEN SHELF CARB2","B","TAPA - R16L","598.65","304.8",,"2","0","0","0",,,"0.45","15",,"0","LxL{-30}LyL AxP{0}PyA",,"53973","B","C","1","Caja"
"9/23/2025 10:10 AM","UW24 3/436 MBLE SUP COC 2 PUERTAS 3 ENTREPAÑOS OPEN SHELF CARB2","A","BASE - R16L","598.65","304.8",,"2","0","0","0",,,"0.45","15",,"0","LxL{-30}LyL AxP{0}PyA",,"53972","B","C","1","Caja"
"9/22/2025 11:18 AM","HRJ S909033 MBLE SUP COC 2 PUERTA 2 ENTREPAÑOS","J","PUERTA IZQ","915.85","446.8",,"2","2","0","0",,,"1","15",,"0","LxA{+15,85}AyL AxL[0,49644]LyA",,"53971","C","C","1","Frente"
"9/22/2025 11:18 AM","HRJ S909033 MBLE SUP COC 2 PUERTA 2 ENTREPAÑOS","K","FONDO","884","884",,"0","0","0","0",,,"0","6",,"0","LxA{-16}AyL AxL{-16}LyA",,"53970","F","X","1",
"9/22/2025 11:18 AM","HRJ S909033 MBLE SUP COC 2 PUERTA 2 ENTREPAÑOS","I","PUERTA DER","915.85","446.8",,"2","2","0","0",,,"1","15",,"0","LxA{+15,85}AyL AxL[0,49644]LyA",,"53969","C","C","1","Frente"
"9/22/2025 11:18 AM","HRJ S909033 MBLE SUP COC 2 PUERTA 2 ENTREPAÑOS","H","ENTREPAÑO 2","869","291.9",,"2","2","0","0",,,"0.45","15",,"0","LxL{-31}LyL AxP{-38,1}PyA",,"53968","C","C","1","Caja"
"9/22/2025 11:18 AM","HRJ S909033 MBLE SUP COC 2 PUERTA 2 ENTREPAÑOS","G","ENTREPAÑO 1","869","291.9",,"2","2","0","0",,,"0.45","15",,"0","LxL{-31}LyL AxP{-38,1}PyA",,"53967","C","C","1","Caja"
"9/22/2025 11:18 AM","HRJ S909033 MBLE SUP COC 2 PUERTA 2 ENTREPAÑOS","F","REF TRAS","870","80",,"2","0","0","0",,,"0.45","15",,"0","LxL{-30}LyL",,"53966","C","C","1","Caja"
"9/22/2025 11:18 AM","HRJ S909033 MBLE SUP COC 2 PUERTA 2 ENTREPAÑOS","E","REF TRAS","870","80",,"2","0","0","0",,,"0.45","15",,"0","LxL{-30}LyL",,"53965","C","C","1","Caja"
"9/22/2025 11:18 AM","HRJ S909033 MBLE SUP COC 2 PUERTA 2 ENTREPAÑOS","D","LAT IZQ - R16L","900","330",,"2","2","0","0",,,"0.45","15",,"0","LxA{0}AyL AxP{0}PyA",,"53964","C","C","1","Caja"
"9/22/2025 11:18 AM","HRJ S909033 MBLE SUP COC 2 PUERTA 2 ENTREPAÑOS","C","LAT DER - R16L","900","330",,"2","2","0","0",,,"0.45","15",,"0","LxA{0}AyL AxP{0}PyA",,"53963","C","C","1","Caja"
"9/22/2025 11:18 AM","HRJ S909033 MBLE SUP COC 2 PUERTA 2 ENTREPAÑOS","B","TAPA - R16L","870","330",,"2","0","0","0",,,"0.45","15",,"0","LxL{-30}LyL AxP{0}PyA",,"53962","C","C","1","Caja"
"9/22/2025 11:18 AM","HRJ S909033 MBLE SUP COC 2 PUERTA 2 ENTREPAÑOS","A","BASE - R16L","870","330",,"2","0","0","0",,,"0.45","15",,"0","LxL{-30}LyL AxP{0}PyA",,"53961","C","C","1","Caja"
"9/19/2025 12:10 AM","HRJ ALTH67240-1P-2C Z10 MBL ALACENA COC 2 PUERTA 3 GAVETAS 2 ENTREPAÑOS","V","PUERTA I","565.85","666.8",,"2","2","0","0",,,"1","15",,"0","AxL{-3,2}LyA",,"53960","C","C","1","Frente"
"9/19/2025 12:10 AM","HRJ ALTH67240-1P-2C Z10 MBL ALACENA COC 2 PUERTA 3 GAVETAS 2 ENTREPAÑOS","K","SHELF3","639","530.9",,"2","2","0","0",,,"0.45","15",,"0","LxL{-31}LyL AxP{-39,1}PyA",,"53959","C","C","1",
"9/19/2025 12:10 AM","HRJ ALTH67240-1P-2C Z10 MBL ALACENA COC 2 PUERTA 3 GAVETAS 2 ENTREPAÑOS","T","FRENTE GAV INF","362.5","666.8",,"2","2","0","0",,,"1","15",,"0","AxL{-3,2}LyA",,"53958","C","C","1","Frente"
"9/19/2025 12:10 AM","HRJ ALTH67240-1P-2C Z10 MBL ALACENA COC 2 PUERTA 3 GAVETAS 2 ENTREPAÑOS","S","FRENTE GAV CENT","179.65","666.8",,"2","2","0","0",,,"1","15",,"0","AxL{-3,2}LyA",,"53957","C","C","1","Frente"
"9/19/2025 12:10 AM","HRJ ALTH67240-1P-2C Z10 MBL ALACENA COC 2 PUERTA 3 GAVETAS 2 ENTREPAÑOS","Q","FONDO GAV INF","565","492",,"0","0","2","0",,,"0.45","15",,"0","LxL{-105}LyL",,"53956","C","C","1","Caja"
"9/19/2025 12:10 AM","HRJ ALTH67240-1P-2C Z10 MBL ALACENA COC 2 PUERTA 3 GAVETAS 2 ENTREPAÑOS","P","FONDO GAV CENT","565","492",,"0","0","2","0",,,"0.45","15",,"0","LxL{-105}LyL",,"53955","C","C","1","Caja"
"9/19/2025 12:10 AM","HRJ ALTH67240-1P-2C Z10 MBL ALACENA COC 2 PUERTA 3 GAVETAS 2 ENTREPAÑOS","N","TRASERO GAV INF","553","183",,"0","0","1","2",,,"0.45","15",,"0","LxL{-117}LyL",,"53954","C","C","1","Caja"
"9/19/2025 12:10 AM","HRJ ALTH67240-1P-2C Z10 MBL ALACENA COC 2 PUERTA 3 GAVETAS 2 ENTREPAÑOS","M","TRASERO GAV CENT","553","68",,"0","0","1","0",,,"0.45","15",,"0","LxL{-117}LyL",,"53953","C","C","1","Caja"
"9/19/2025 12:10 AM","HRJ ALTH67240-1P-2C Z10 MBL ALACENA COC 2 PUERTA 3 GAVETAS 2 ENTREPAÑOS","R","FRENTE GAV SUP","179.65","666.8",,"2","2","0","0",,,"1","15",,"0","AxL{-3,2}LyA",,"53952","C","C","1","Frente"
"9/19/2025 12:10 AM","HRJ ALTH67240-1P-2C Z10 MBL ALACENA COC 2 PUERTA 3 GAVETAS 2 ENTREPAÑOS","O","FONDO GAV SUP","565","492",,"0","0","2","0",,,"0.45","15",,"0","LxL{-105}LyL",,"53951","C","C","1","Caja"
"9/19/2025 12:10 AM","HRJ ALTH67240-1P-2C Z10 MBL ALACENA COC 2 PUERTA 3 GAVETAS 2 ENTREPAÑOS","W","BACKING","2,298","654",,,,,,,,"0","6",,"0","LxA{-102}AyL AxL{-16}LyA",,"53950","F","X","1","Sin asignar"
"9/19/2025 12:10 AM","HRJ ALTH67240-1P-2C Z10 MBL ALACENA COC 2 PUERTA 3 GAVETAS 2 ENTREPAÑOS","L","TRASERO GAV SUP","553","68",,"0","0","1","0",,,"0.45","15",,"0","LxL{-117}LyL",,"53949","C","C","1","Caja"
"9/19/2025 12:10 AM","HRJ ALTH67240-1P-2C Z10 MBL ALACENA COC 2 PUERTA 3 GAVETAS 2 ENTREPAÑOS","U","PUERTA D","565.85","666.8",,"2","2","0","0",,,"1","15",,"0","AxL{-3,2}LyA",,"53948","C","C","1","Frente"
"9/19/2025 12:10 AM","HRJ ALTH67240-1P-2C Z10 MBL ALACENA COC 2 PUERTA 3 GAVETAS 2 ENTREPAÑOS","J","SHELF2","639","530.9",,"2","2","0","0",,,"0.45","15",,"0","LxL{-31}LyL AxP{-39,1}PyA",,"53947","C","C","1","Caja"
"9/19/2025 12:10 AM","HRJ ALTH67240-1P-2C Z10 MBL ALACENA COC 2 PUERTA 3 GAVETAS 2 ENTREPAÑOS","I","SHELF1","640","546",,"2","2","0","0",,,"0.45","15",,"0","LxL{-30}LyL AxP{-24}PyA",,"53946","C","C","1","Caja"
"9/19/2025 12:10 AM","HRJ ALTH67240-1P-2C Z10 MBL ALACENA COC 2 PUERTA 3 GAVETAS 2 ENTREPAÑOS","H","SHELF0","640","546",,"2",,"0",,,,"0.45","15",,"0","LxL{-30}LyL AxP{-24}PyA",,"53945","C","C","1","Caja"
"9/19/2025 12:10 AM","HRJ ALTH67240-1P-2C Z10 MBL ALACENA COC 2 PUERTA 3 GAVETAS 2 ENTREPAÑOS","G","RAIL TRASERO","640","80",,"2",,"0",,,,"0.45","15",,"0","LxL{-30}LyL",,"53944","C","C","1","Caja"
"9/19/2025 12:10 AM","HRJ ALTH67240-1P-2C Z10 MBL ALACENA COC 2 PUERTA 3 GAVETAS 2 ENTREPAÑOS","F","RAIL TRASERO","640","80",,"2",,"2",,,,"0.45","15",,"0","LxL{-30}LyL",,"53943","C","C","1","Caja"
"9/19/2025 12:10 AM","HRJ ALTH67240-1P-2C Z10 MBL ALACENA COC 2 PUERTA 3 GAVETAS 2 ENTREPAÑOS","E","RAIL TRASERO","640","80",,"2",,"0",,,,"0.45","15",,"0","LxL{-30}LyL",,"53942","C","C","1","Caja"
"9/19/2025 12:10 AM","HRJ ALTH67240-1P-2C Z10 MBL ALACENA COC 2 PUERTA 3 GAVETAS 2 ENTREPAÑOS","D","SIDE L R16L","2,300","570",,"2","2",,,,,"0.45","15",,"0","LxA{-100}AyL AxP{0}PyA",,"53941","C","C","1","Caja"
"9/19/2025 12:10 AM","HRJ ALTH67240-1P-2C Z10 MBL ALACENA COC 2 PUERTA 3 GAVETAS 2 ENTREPAÑOS","C","SIDE R R16L","2,300","570",,"2","2",,,,,"0.45","15",,"0","LxA{-100}AyL AxP{0}PyA",,"53940","C","C","1","Caja"
"9/19/2025 12:10 AM","HRJ ALTH67240-1P-2C Z10 MBL ALACENA COC 2 PUERTA 3 GAVETAS 2 ENTREPAÑOS","B","TAPA","640","546",,"2",,,,,,"0.45","15",,"0","LxL{-30}LyL AxP{-24}PyA",,"53939","C","C","1","Caja"
"9/19/2025 12:10 AM","HRJ ALTH67240-1P-2C Z10 MBL ALACENA COC 2 PUERTA 3 GAVETAS 2 ENTREPAÑOS","A","BASE","640","546",,"2",,,,,,"0.45","15",,"0","LxL{-30}LyL AxP{-24}PyA",,"53938","C","C","1","Caja"
"9/19/2025 12:05 AM","HRJ ALTH53240-1P-2C Z10 MBL ALACENA COC 1 PUERTA 3 GAVETAS 2 ENTREPAÑOS","K","SHELF3","499","530.9",,"2","2","0","0",,,"0.45","15",,"0","LxL{-31}LyL AxP{-39,1}PyA",,"53937","C","C","1",
"9/19/2025 12:05 AM","HRJ ALTH53240-1P-2C Z10 MBL ALACENA COC 1 PUERTA 3 GAVETAS 2 ENTREPAÑOS","T","FRENTE GAV INF","362.5","526.8",,"2","2","0","0",,,"1","15",,"0","AxL{-3,2}LyA",,"53936","C","C","1","Frente"
"9/19/2025 12:05 AM","HRJ ALTH53240-1P-2C Z10 MBL ALACENA COC 1 PUERTA 3 GAVETAS 2 ENTREPAÑOS","S","FRENTE GAV CENT","179.65","526.8",,"2","2","0","0",,,"1","15",,"0","AxL{-3,2}LyA",,"53935","C","C","1","Frente"
"9/19/2025 12:05 AM","HRJ ALTH53240-1P-2C Z10 MBL ALACENA COC 1 PUERTA 3 GAVETAS 2 ENTREPAÑOS","Q","FONDO GAV INF","425","492",,"0","0","2","0",,,"0.45","15",,"0","LxL{-105}LyL",,"53934","C","C","1","Caja"
"9/19/2025 12:05 AM","HRJ ALTH53240-1P-2C Z10 MBL ALACENA COC 1 PUERTA 3 GAVETAS 2 ENTREPAÑOS","P","FONDO GAV CENT","425","492",,"0","0","2","0",,,"0.45","15",,"0","LxL{-105}LyL",,"53933","C","C","1","Caja"
"9/19/2025 12:05 AM","HRJ ALTH53240-1P-2C Z10 MBL ALACENA COC 1 PUERTA 3 GAVETAS 2 ENTREPAÑOS","N","TRASERO GAV INF","413","183",,"0","0","1","2",,,"0.45","15",,"0","LxL{-117}LyL",,"53932","C","C","1","Caja"
"9/19/2025 12:05 AM","HRJ ALTH53240-1P-2C Z10 MBL ALACENA COC 1 PUERTA 3 GAVETAS 2 ENTREPAÑOS","M","TRASERO GAV CENT","413","68",,"0","0","1","0",,,"0.45","15",,"0","LxL{-117}LyL",,"53931","C","C","1","Caja"
"9/19/2025 12:05 AM","HRJ ALTH53240-1P-2C Z10 MBL ALACENA COC 1 PUERTA 3 GAVETAS 2 ENTREPAÑOS","R","FRENTE GAV SUP","179.65","526.8",,"2","2","0","0",,,"1","15",,"0","AxL{-3,2}LyA",,"53930","C","C","1","Frente"
"9/19/2025 12:04 AM","HRJ ALTH53240-1P-2C Z10 MBL ALACENA COC 1 PUERTA 3 GAVETAS 2 ENTREPAÑOS","O","FONDO GAV SUP","425","492",,"0","0","2","0",,,"0.45","15",,"0","LxL{-105}LyL",,"53929","C","C","1","Caja"
"9/19/2025 12:04 AM","HRJ ALTH53240-1P-2C Z10 MBL ALACENA COC 1 PUERTA 3 GAVETAS 2 ENTREPAÑOS","V","BACKING","2,298","514",,,,,,,,"0","6",,"0","LxA{-102}AyL AxL{-16}LyA",,"53928","F","X","1","Sin asignar"
"9/19/2025 12:04 AM","HRJ ALTH53240-1P-2C Z10 MBL ALACENA COC 1 PUERTA 3 GAVETAS 2 ENTREPAÑOS","L","TRASERO GAV SUP","413","68",,"0","0","1","0",,,"0.45","15",,"0","LxL{-117}LyL",,"53927","C","C","1","Caja"
"9/19/2025 12:04 AM","HRJ ALTH53240-1P-2C Z10 MBL ALACENA COC 1 PUERTA 3 GAVETAS 2 ENTREPAÑOS","U","PUERTA","565.85","526.8",,"2","2","0","0",,,"1","15",,"0","AxL{-3,2}LyA",,"53926","C","C","1","Frente"
"9/19/2025 12:04 AM","HRJ ALTH53240-1P-2C Z10 MBL ALACENA COC 1 PUERTA 3 GAVETAS 2 ENTREPAÑOS","J","SHELF2","499","530.9",,"2","2","0","0",,,"0.45","15",,"0","LxL{-31}LyL AxP{-39,1}PyA",,"53925","C","C","1","Caja"
"9/19/2025 12:04 AM","HRJ ALTH53240-1P-2C Z10 MBL ALACENA COC 1 PUERTA 3 GAVETAS 2 ENTREPAÑOS","I","SHELF1","500","546",,"2","2","0","0",,,"0.45","15",,"0","LxL{-30}LyL AxP{-24}PyA",,"53924","C","C","1","Caja"
"9/19/2025 12:04 AM","HRJ ALTH53240-1P-2C Z10 MBL ALACENA COC 1 PUERTA 3 GAVETAS 2 ENTREPAÑOS","H","SHELF0","500","546",,"2",,"0",,,,"0.45","15",,"0","LxL{-30}LyL AxP{-24}PyA",,"53923","C","C","1","Caja"
"9/19/2025 12:04 AM","HRJ ALTH53240-1P-2C Z10 MBL ALACENA COC 1 PUERTA 3 GAVETAS 2 ENTREPAÑOS","G","RAIL TRASERO","500","80",,"2",,"0",,,,"0.45","15",,"0","LxL{-30}LyL",,"53922","C","C","1","Caja"
"9/19/2025 12:04 AM","HRJ ALTH53240-1P-2C Z10 MBL ALACENA COC 1 PUERTA 3 GAVETAS 2 ENTREPAÑOS","F","RAIL TRASERO","500","80",,"2",,"2",,,,"0.45","15",,"0","LxL{-30}LyL",,"53921","C","C","1","Caja"
"9/19/2025 12:04 AM","HRJ ALTH53240-1P-2C Z10 MBL ALACENA COC 1 PUERTA 3 GAVETAS 2 ENTREPAÑOS","E","RAIL TRASERO","500","80",,"2",,"0",,,,"0.45","15",,"0","LxL{-30}LyL",,"53920","C","C","1","Caja"
"9/19/2025 12:04 AM","HRJ ALTH53240-1P-2C Z10 MBL ALACENA COC 1 PUERTA 3 GAVETAS 2 ENTREPAÑOS","D","SIDE L R16L","2,300","570",,"2","2",,,,,"0.45","15",,"0","LxA{-100}AyL AxP{0}PyA",,"53919","C","C","1","Caja"
"9/19/2025 12:04 AM","HRJ ALTH53240-1P-2C Z10 MBL ALACENA COC 1 PUERTA 3 GAVETAS 2 ENTREPAÑOS","C","SIDE R R16L","2,300","570",,"2","2",,,,,"0.45","15",,"0","LxA{-100}AyL AxP{0}PyA",,"53918","C","C","1","Caja"
"9/19/2025 12:04 AM","HRJ ALTH53240-1P-2C Z10 MBL ALACENA COC 1 PUERTA 3 GAVETAS 2 ENTREPAÑOS","B","TAPA","500","546",,"2",,,,,,"0.45","15",,"0","LxL{-30}LyL AxP{-24}PyA",,"53917","C","C","1","Caja"
"9/19/2025 12:04 AM","HRJ ALTH53240-1P-2C Z10 MBL ALACENA COC 1 PUERTA 3 GAVETAS 2 ENTREPAÑOS","A","BASE","500","546",,"2",,,,,,"0.45","15",,"0","LxL{-30}LyL AxP{-24}PyA",,"53916","C","C","1","Caja"
"9/18/2025 11:41 PM","HRJ IC53-2P MBLE INF COC 3 GAVETAS 2 PEQUEÑAS","G","GOLA","500","80",,"2","0","0","0",,,"0.45","15",,"0","LxL{-30}LyL",,"53900","C","C","1","Caja"
"9/18/2025 11:41 PM","HRJ IC53-2P MBLE INF COC 3 GAVETAS 2 PEQUEÑAS","E","GOLA","500","80",,"2","0","0","0",,,"0.45","15",,"0","LxL{-30}LyL",,"53899","C","C","1","Caja"
"9/18/2025 11:41 PM","HRJ IC53-2P MBLE INF COC 3 GAVETAS 2 PEQUEÑAS","R","FRENTE GAVETA INF","362.5","526.8",,"2","2","0","0",,,"1","15",,"0","AxL{-3,2}LyA",,"53898","C","C","1","Frente"
"9/18/2025 11:41 PM","HRJ IC53-2P MBLE INF COC 3 GAVETAS 2 PEQUEÑAS","Q","FRENTE GAVETA CENTRAL","179.65","526.8",,"2","2","0","0",,,"1","15",,"0","AxL{-3,2}LyA",,"53897","C","C","1","Frente"
"9/18/2025 11:41 PM","HRJ IC53-2P MBLE INF COC 3 GAVETAS 2 PEQUEÑAS","P","FRENTE GAVETA SUP","179.65","526.8",,"2","2","0","0",,,"1","15",,"0","AxL{-3,2}LyA",,"53896","C","C","1","Frente"
"9/18/2025 11:41 PM","HRJ IC53-2P MBLE INF COC 3 GAVETAS 2 PEQUEÑAS","O","TRAS CAJON INF","413","183",,"1","2","0","0",,,"0.45","15",,"0","LxL{-117}LyL",,"53895","C","C","1","Caja"
"9/18/2025 11:41 PM","HRJ IC53-2P MBLE INF COC 3 GAVETAS 2 PEQUEÑAS","M","TRAS CAJON CENTRAL","413","68",,"1","0","0","0",,,"0.45","15",,"0","LxL{-117}LyL",,"53894","C","C","1","Caja"
"9/18/2025 11:41 PM","HRJ IC53-2P MBLE INF COC 3 GAVETAS 2 PEQUEÑAS","N","TRAS CAJON SUP","413","68",,"1","0","0","0",,,"0.45","15",,"0","LxL{-117}LyL",,"53893","C","C","1","Caja"
"9/18/2025 11:41 PM","HRJ IC53-2P MBLE INF COC 3 GAVETAS 2 PEQUEÑAS","L","FONDO GAV INF","425","492",,"2","0","0","0",,,"0.45","15",,"0","LxL{-105}LyL",,"53892","C","C","1","Caja"
"9/18/2025 11:41 PM","HRJ IC53-2P MBLE INF COC 3 GAVETAS 2 PEQUEÑAS","K","FONDO GAV CENTRAL","425","492",,"2","0","0","0",,,"0.45","15",,"0","LxL{-105}LyL",,"53891","C","C","1","Caja"
"9/18/2025 11:41 PM","HRJ IC53-2P MBLE INF COC 3 GAVETAS 2 PEQUEÑAS","J","FONDO GAV SUP","425","492",,"2","0","0","0",,,"0.45","15",,"0","LxL{-105}LyL",,"53890","C","C","1","Caja"
"9/18/2025 11:41 PM","HRJ IC53-2P MBLE INF COC 3 GAVETAS 2 PEQUEÑAS","I","RAIL TRASERO","500","80",,"2","0","0","0",,,"0.45","15",,"0","LxL{-30}LyL",,"53889","C","C","1","Caja"
"9/18/2025 11:41 PM","HRJ IC53-2P MBLE INF COC 3 GAVETAS 2 PEQUEÑAS","H","REF TRAS","500","80",,"2","0","0","0",,,"0.45","15",,"0","LxL{-30}LyL",,"53888","C","C","1","Caja"
"9/18/2025 11:41 PM","HRJ IC53-2P MBLE INF COC 3 GAVETAS 2 PEQUEÑAS","F","REF DEL","500","80",,"2","0","0","0",,,"0.45","15",,"0","LxL{-30}LyL",,"53887","C","C","1","Caja"
"9/18/2025 11:41 PM","HRJ IC53-2P MBLE INF COC 3 GAVETAS 2 PEQUEÑAS","D","REF DEL","500","80",,"2","0","0","0",,,"0.45","15",,"0","LxL{-30}LyL",,"53886","C","C","1","Caja"
"9/18/2025 11:41 PM","HRJ IC53-2P MBLE INF COC 3 GAVETAS 2 PEQUEÑAS","C","LAT IZQ","785","570",,"2","2","0","0",,,"0.45","15",,"0","LxA{0}AyL AxP{0}PyA",,"53885","C","C","1","Caja"
"9/18/2025 11:41 PM","HRJ IC53-2P MBLE INF COC 3 GAVETAS 2 PEQUEÑAS","B","LAT DER","785","570",,"2","2","0","0",,,"0.45","15",,"0","LxA{0}AyL AxP{0}PyA",,"53884","C","C","1","Caja"
"9/18/2025 11:41 PM","HRJ IC53-2P MBLE INF COC 3 GAVETAS 2 PEQUEÑAS","A","BASE","500","570",,"2","0","0","0",,,"0.45","15",,"0","LxL{-30}LyL AxP{0}PyA",,"53883","C","C","1","Caja"
"9/18/2025 11:40 PM","HRJ IC45-2P MBLE INF COC 3 GAVETAS 2 PEQUEÑAS","G","GOLA","420","80",,"2","0","0","0",,,"0.45","15",,"0","LxL{-30}LyL",,"53882","C","C","1","Caja"
"9/18/2025 11:40 PM","HRJ IC45-2P MBLE INF COC 3 GAVETAS 2 PEQUEÑAS","E","GOLA","420","80",,"2","0","0","0",,,"0.45","15",,"0","LxL{-30}LyL",,"53881","C","C","1","Caja"
"9/18/2025 11:40 PM","HRJ IC45-2P MBLE INF COC 3 GAVETAS 2 PEQUEÑAS","R","FRENTE GAVETA INF","362.5","446.8",,"2","2","0","0",,,"1","15",,"0","AxL{-3,2}LyA",,"53880","C","C","1","Frente"
"9/18/2025 11:40 PM","HRJ IC45-2P MBLE INF COC 3 GAVETAS 2 PEQUEÑAS","Q","FRENTE GAVETA CENTRAL","179.65","446.8",,"2","2","0","0",,,"1","15",,"0","AxL{-3,2}LyA",,"53879","C","C","1","Frente"
"9/18/2025 11:40 PM","HRJ IC45-2P MBLE INF COC 3 GAVETAS 2 PEQUEÑAS","P","FRENTE GAVETA SUP","179.65","446.8",,"2","2","0","0",,,"1","15",,"0","AxL{-3,2}LyA",,"53878","C","C","1","Frente"
"9/18/2025 11:40 PM","HRJ IC45-2P MBLE INF COC 3 GAVETAS 2 PEQUEÑAS","O","TRAS CAJON INF","333","183",,"1","2","0","0",,,"0.45","15",,"0","LxL{-117}LyL",,"53877","C","C","1","Caja"
"9/18/2025 11:40 PM","HRJ IC45-2P MBLE INF COC 3 GAVETAS 2 PEQUEÑAS","M","TRAS CAJON CENTRAL","333","68",,"1","0","0","0",,,"0.45","15",,"0","LxL{-117}LyL",,"53876","C","C","1","Caja"
"9/18/2025 11:40 PM","HRJ IC45-2P MBLE INF COC 3 GAVETAS 2 PEQUEÑAS","N","TRAS CAJON SUP","333","68",,"1","0","0","0",,,"0.45","15",,"0","LxL{-117}LyL",,"53875","C","C","1","Caja"
"9/18/2025 11:40 PM","HRJ IC45-2P MBLE INF COC 3 GAVETAS 2 PEQUEÑAS","L","FONDO GAV INF","345","492",,"2","0","0","0",,,"0.45","15",,"0","LxL{-105}LyL",,"53874","C","C","1","Caja"
"9/18/2025 11:40 PM","HRJ IC45-2P MBLE INF COC 3 GAVETAS 2 PEQUEÑAS","K","FONDO GAV CENTRAL","345","492",,"2","0","0","0",,,"0.45","15",,"0","LxL{-105}LyL",,"53873","C","C","1","Caja"
"9/18/2025 11:40 PM","HRJ IC45-2P MBLE INF COC 3 GAVETAS 2 PEQUEÑAS","J","FONDO GAV SUP","345","492",,"2","0","0","0",,,"0.45","15",,"0","LxL{-105}LyL",,"53872","C","C","1","Caja"
"9/18/2025 11:40 PM","HRJ IC45-2P MBLE INF COC 3 GAVETAS 2 PEQUEÑAS","I","RAIL TRASERO","420","80",,"2","0","0","0",,,"0.45","15",,"0","LxL{-30}LyL",,"53871","C","C","1","Caja"
"9/18/2025 11:40 PM","HRJ IC45-2P MBLE INF COC 3 GAVETAS 2 PEQUEÑAS","H","REF TRAS","420","80",,"2","0","0","0",,,"0.45","15",,"0","LxL{-30}LyL",,"53870","C","C","1","Caja"
"9/18/2025 11:40 PM","HRJ IC45-2P MBLE INF COC 3 GAVETAS 2 PEQUEÑAS","F","REF DEL","420","80",,"2","0","0","0",,,"0.45","15",,"0","LxL{-30}LyL",,"53869","C","C","1","Caja"
"9/18/2025 11:40 PM","HRJ IC45-2P MBLE INF COC 3 GAVETAS 2 PEQUEÑAS","D","REF DEL","420","80",,"2","0","0","0",,,"0.45","15",,"0","LxL{-30}LyL",,"53868","C","C","1","Caja"
"9/18/2025 11:40 PM","HRJ IC45-2P MBLE INF COC 3 GAVETAS 2 PEQUEÑAS","C","LAT IZQ","785","570",,"2","2","0","0",,,"0.45","15",,"0","LxA{0}AyL AxP{0}PyA",,"53867","C","C","1","Caja"
"9/18/2025 11:40 PM","HRJ IC45-2P MBLE INF COC 3 GAVETAS 2 PEQUEÑAS","B","LAT DER","785","570",,"2","2","0","0",,,"0.45","15",,"0","LxA{0}AyL AxP{0}PyA",,"53866","C","C","1","Caja"
"9/18/2025 11:40 PM","HRJ IC45-2P MBLE INF COC 3 GAVETAS 2 PEQUEÑAS","A","BASE","420","570",,"2","0","0","0",,,"0.45","15",,"0","LxL{-30}LyL AxP{0}PyA",,"53865","C","C","1","Caja"
"9/18/2025 11:38 PM","HRJ IC60-2P MBLE INF COC 3 GAVETAS 2 PEQUEÑAS","G","GOLA","570","80",,"2","0","0","0",,,"0.45","15",,"0","LxL{-30}LyL",,"53864","C","C","1","Caja"
"9/18/2025 11:38 PM","HRJ IC60-2P MBLE INF COC 3 GAVETAS 2 PEQUEÑAS","E","GOLA","570","80",,"2","0","0","0",,,"0.45","15",,"0","LxL{-30}LyL",,"53863","C","C","1","Caja"
"9/18/2025 11:38 PM","HRJ IC60-2P MBLE INF COC 3 GAVETAS 2 PEQUEÑAS","R","FRENTE GAVETA INF","362.5","596.8",,"2","2","0","0",,,"1","15",,"0","AxL{-3,2}LyA",,"53862","C","C","1","Frente"
"9/18/2025 11:38 PM","HRJ IC60-2P MBLE INF COC 3 GAVETAS 2 PEQUEÑAS","Q","FRENTE GAVETA CENTRAL","179.65","596.8",,"2","2","0","0",,,"1","15",,"0","AxL{-3,2}LyA",,"53861","C","C","1","Frente"
"9/18/2025 11:38 PM","HRJ IC60-2P MBLE INF COC 3 GAVETAS 2 PEQUEÑAS","P","FRENTE GAVETA SUP","179.65","596.8",,"2","2","0","0",,,"1","15",,"0","AxL{-3,2}LyA",,"53860","C","C","1","Frente"
"9/18/2025 11:38 PM","HRJ IC60-2P MBLE INF COC 3 GAVETAS 2 PEQUEÑAS","O","TRAS CAJON INF","483","183",,"1","2","0","0",,,"0.45","15",,"0","LxL{-117}LyL",,"53859","C","C","1","Caja"
"9/18/2025 11:38 PM","HRJ IC60-2P MBLE INF COC 3 GAVETAS 2 PEQUEÑAS","M","TRAS CAJON CENTRAL","483","68",,"1","0","0","0",,,"0.45","15",,"0","LxL{-117}LyL",,"53858","C","C","1","Caja"
"9/18/2025 11:38 PM","HRJ IC60-2P MBLE INF COC 3 GAVETAS 2 PEQUEÑAS","N","TRAS CAJON SUP","483","68",,"1","0","0","0",,,"0.45","15",,"0","LxL{-117}LyL",,"53857","C","C","1","Caja"
"9/18/2025 11:38 PM","HRJ IC60-2P MBLE INF COC 3 GAVETAS 2 PEQUEÑAS","L","FONDO GAV INF","495","492",,"2","0","0","0",,,"0.45","15",,"0","LxL{-105}LyL",,"53856","C","C","1","Caja"
"9/18/2025 11:38 PM","HRJ IC60-2P MBLE INF COC 3 GAVETAS 2 PEQUEÑAS","K","FONDO GAV CENTRAL","495","492",,"2","0","0","0",,,"0.45","15",,"0","LxL{-105}LyL",,"53855","C","C","1","Caja"
"9/18/2025 11:38 PM","HRJ IC60-2P MBLE INF COC 3 GAVETAS 2 PEQUEÑAS","J","FONDO GAV SUP","495","492",,"2","0","0","0",,,"0.45","15",,"0","LxL{-105}LyL",,"53854","C","C","1","Caja"
"9/18/2025 11:38 PM","HRJ IC60-2P MBLE INF COC 3 GAVETAS 2 PEQUEÑAS","I","RAIL TRASERO","570","80",,"2","0","0","0",,,"0.45","15",,"0","LxL{-30}LyL",,"53853","C","C","1","Caja"
"9/18/2025 11:38 PM","HRJ IC60-2P MBLE INF COC 3 GAVETAS 2 PEQUEÑAS","H","REF TRAS","570","80",,"2","0","0","0",,,"0.45","15",,"0","LxL{-30}LyL",,"53852","C","C","1","Caja"
"9/18/2025 11:38 PM","HRJ IC60-2P MBLE INF COC 3 GAVETAS 2 PEQUEÑAS","D","REF DEL","570","80",,"2","0","0","0",,,"0.45","15",,"0","LxL{-30}LyL",,"53850","C","C","1","Caja"
"9/18/2025 11:38 PM","HRJ IC60-2P MBLE INF COC 3 GAVETAS 2 PEQUEÑAS","F","REF DEL","570","80",,"2","0","0","0",,,"0.45","15",,"0","LxL{-30}LyL",,"53851","C","C","1","Caja"
"9/18/2025 11:38 PM","HRJ IC60-2P MBLE INF COC 3 GAVETAS 2 PEQUEÑAS","C","LAT IZQ","785","570",,"2","2","0","0",,,"0.45","15",,"0","LxA{0}AyL AxP{0}PyA",,"53849","C","C","1","Caja"
"9/18/2025 11:38 PM","HRJ IC60-2P MBLE INF COC 3 GAVETAS 2 PEQUEÑAS","B","LAT DER","785","570",,"2","2","0","0",,,"0.45","15",,"0","LxA{0}AyL AxP{0}PyA",,"53848","C","C","1","Caja"
"9/18/2025 11:38 PM","HRJ IC60-2P MBLE INF COC 3 GAVETAS 2 PEQUEÑAS","A","BASE","570","570",,"2","0","0","0",,,"0.45","15",,"0","LxL{-30}LyL AxP{0}PyA",,"53847","C","C","1","Caja"
"9/18/2025 11:37 PM","HRJ IC61-2P MBLE INF COC 3 GAVETAS 2 PEQUEÑAS","G","GOLA","580","80",,"2","0","0","0",,,"0.45","15",,"0","LxL{-30}LyL",,"53846","C","C","1","Caja"
"9/18/2025 11:37 PM","HRJ IC61-2P MBLE INF COC 3 GAVETAS 2 PEQUEÑAS","E","GOLA","580","80",,"2","0","0","0",,,"0.45","15",,"0","LxL{-30}LyL",,"53845","C","C","1","Caja"
"9/18/2025 11:37 PM","HRJ IC61-2P MBLE INF COC 3 GAVETAS 2 PEQUEÑAS","R","FRENTE GAVETA INF","362.5","606.8",,"2","2","0","0",,,"1","15",,"0","AxL{-3,2}LyA",,"53844","C","C","1","Frente"
"9/18/2025 11:37 PM","HRJ IC61-2P MBLE INF COC 3 GAVETAS 2 PEQUEÑAS","Q","FRENTE GAVETA CENTRAL","179.65","606.8",,"2","2","0","0",,,"1","15",,"0","AxL{-3,2}LyA",,"53843","C","C","1","Frente"
"9/18/2025 11:37 PM","HRJ IC61-2P MBLE INF COC 3 GAVETAS 2 PEQUEÑAS","P","FRENTE GAVETA SUP","179.65","606.8",,"2","2","0","0",,,"1","15",,"0","AxL{-3,2}LyA",,"53842","C","C","1","Frente"
"9/18/2025 11:37 PM","HRJ IC61-2P MBLE INF COC 3 GAVETAS 2 PEQUEÑAS","O","TRAS CAJON INF","493","183",,"1","2","0","0",,,"0.45","15",,"0","LxL{-117}LyL",,"53841","C","C","1","Caja"
"9/18/2025 11:37 PM","HRJ IC61-2P MBLE INF COC 3 GAVETAS 2 PEQUEÑAS","M","TRAS CAJON CENTRAL","493","68",,"1","0","0","0",,,"0.45","15",,"0","LxL{-117}LyL",,"53840","C","C","1","Caja"
"9/18/2025 11:37 PM","HRJ IC61-2P MBLE INF COC 3 GAVETAS 2 PEQUEÑAS","N","TRAS CAJON SUP","493","68",,"1","0","0","0",,,"0.45","15",,"0","LxL{-117}LyL",,"53839","C","C","1","Caja"
"9/18/2025 11:37 PM","HRJ IC61-2P MBLE INF COC 3 GAVETAS 2 PEQUEÑAS","L","FONDO GAV INF","505","492",,"2","0","0","0",,,"0.45","15",,"0","LxL{-105}LyL",,"53838","C","C","1","Caja"
"9/18/2025 11:37 PM","HRJ IC61-2P MBLE INF COC 3 GAVETAS 2 PEQUEÑAS","K","FONDO GAV CENTRAL","505","492",,"2","0","0","0",,,"0.45","15",,"0","LxL{-105}LyL",,"53837","C","C","1","Caja"
"9/18/2025 11:37 PM","HRJ IC61-2P MBLE INF COC 3 GAVETAS 2 PEQUEÑAS","J","FONDO GAV SUP","505","492",,"2","0","0","0",,,"0.45","15",,"0","LxL{-105}LyL",,"53836","C","C","1","Caja"
"9/18/2025 11:37 PM","HRJ IC61-2P MBLE INF COC 3 GAVETAS 2 PEQUEÑAS","I","RAIL TRASERO","580","80",,"2","0","0","0",,,"0.45","15",,"0","LxL{-30}LyL",,"53835","C","C","1","Caja"
"9/18/2025 11:37 PM","HRJ IC61-2P MBLE INF COC 3 GAVETAS 2 PEQUEÑAS","H","REF TRAS","580","80",,"2","0","0","0",,,"0.45","15",,"0","LxL{-30}LyL",,"53834","C","C","1","Caja"
"9/18/2025 11:37 PM","HRJ IC61-2P MBLE INF COC 3 GAVETAS 2 PEQUEÑAS","F","REF DEL","580","80",,"2","0","0","0",,,"0.45","15",,"0","LxL{-30}LyL",,"53833","C","C","1","Caja"
"9/18/2025 11:37 PM","HRJ IC61-2P MBLE INF COC 3 GAVETAS 2 PEQUEÑAS","D","REF DEL","580","80",,"2","0","0","0",,,"0.45","15",,"0","LxL{-30}LyL",,"53832","C","C","1","Caja"
"9/18/2025 11:37 PM","HRJ IC61-2P MBLE INF COC 3 GAVETAS 2 PEQUEÑAS","C","LAT IZQ","785","570",,"2","2","0","0",,,"0.45","15",,"0","LxA{0}AyL AxP{0}PyA",,"53831","C","C","1","Caja"
"9/18/2025 11:37 PM","HRJ IC61-2P MBLE INF COC 3 GAVETAS 2 PEQUEÑAS","B","LAT DER","785","570",,"2","2","0","0",,,"0.45","15",,"0","LxA{0}AyL AxP{0}PyA",,"53830","C","C","1","Caja"
"9/18/2025 11:37 PM","HRJ IC61-2P MBLE INF COC 3 GAVETAS 2 PEQUEÑAS","A","BASE","580","570",,"2","0","0","0",,,"0.45","15",,"0","LxL{-30}LyL AxP{0}PyA",,"53829","C","C","1","Caja"
"9/18/2025 11:32 PM","HRJ IC40-2P MBLE INF COC 3 GAVETAS 2 PEQUEÑAS","G","GOLA","370","80",,"2","0","0","0",,,"0.45","15",,"0","LxL{-30}LyL",,"53828","C","C","1","Caja"
"9/18/2025 11:32 PM","HRJ IC40-2P MBLE INF COC 3 GAVETAS 2 PEQUEÑAS","E","GOLA","370","80",,"2","0","0","0",,,"0.45","15",,"0","LxL{-30}LyL",,"53827","C","C","1","Caja"
"9/18/2025 11:32 PM","HRJ IC40-2P MBLE INF COC 3 GAVETAS 2 PEQUEÑAS","R","FRENTE GAVETA INF","362.5","396.8",,"2","2","0","0",,,"1","15",,"0","AxL{-3,2}LyA",,"53826","C","C","1","Frente"
"9/18/2025 11:32 PM","HRJ IC40-2P MBLE INF COC 3 GAVETAS 2 PEQUEÑAS","Q","FRENTE GAVETA CENTRAL","179.65","396.8",,"2","2","0","0",,,"1","15",,"0","AxL{-3,2}LyA",,"53825","C","C","1","Frente"
"9/18/2025 11:32 PM","HRJ IC40-2P MBLE INF COC 3 GAVETAS 2 PEQUEÑAS","P","FRENTE GAVETA SUP","179.65","396.8",,"2","2","0","0",,,"1","15",,"0","AxL{-3,2}LyA",,"53824","C","C","1","Frente"
"9/18/2025 11:32 PM","HRJ IC40-2P MBLE INF COC 3 GAVETAS 2 PEQUEÑAS","O","TRAS CAJON INF","283","183",,"1","2","0","0",,,"0.45","15",,"0","LxL{-117}LyL",,"53823","C","C","1","Caja"
